# beardifier compute golden (BeardProbe)
# affected -54 -84 -54 82 36 71
-70 -95 -70 0000000000000000
-70 -95 -63 0000000000000000
-70 -95 -56 0000000000000000
-70 -95 -49 0000000000000000
-70 -95 -42 0000000000000000
-70 -95 -35 0000000000000000
-70 -95 -28 0000000000000000
-70 -95 -21 0000000000000000
-70 -95 -14 0000000000000000
-70 -95 -7 0000000000000000
-70 -95 0 0000000000000000
-70 -95 7 0000000000000000
-70 -95 14 0000000000000000
-70 -95 21 0000000000000000
-70 -95 28 0000000000000000
-70 -95 35 0000000000000000
-70 -95 42 0000000000000000
-70 -95 49 0000000000000000
-70 -95 56 0000000000000000
-70 -95 63 0000000000000000
-70 -95 70 0000000000000000
-70 -95 77 0000000000000000
-70 -95 84 0000000000000000
-70 -95 91 0000000000000000
-70 -95 98 0000000000000000
-70 -92 -70 0000000000000000
-70 -92 -63 0000000000000000
-70 -92 -56 0000000000000000
-70 -92 -49 0000000000000000
-70 -92 -42 0000000000000000
-70 -92 -35 0000000000000000
-70 -92 -28 0000000000000000
-70 -92 -21 0000000000000000
-70 -92 -14 0000000000000000
-70 -92 -7 0000000000000000
-70 -92 0 0000000000000000
-70 -92 7 0000000000000000
-70 -92 14 0000000000000000
-70 -92 21 0000000000000000
-70 -92 28 0000000000000000
-70 -92 35 0000000000000000
-70 -92 42 0000000000000000
-70 -92 49 0000000000000000
-70 -92 56 0000000000000000
-70 -92 63 0000000000000000
-70 -92 70 0000000000000000
-70 -92 77 0000000000000000
-70 -92 84 0000000000000000
-70 -92 91 0000000000000000
-70 -92 98 0000000000000000
-70 -89 -70 0000000000000000
-70 -89 -63 0000000000000000
-70 -89 -56 0000000000000000
-70 -89 -49 0000000000000000
-70 -89 -42 0000000000000000
-70 -89 -35 0000000000000000
-70 -89 -28 0000000000000000
-70 -89 -21 0000000000000000
-70 -89 -14 0000000000000000
-70 -89 -7 0000000000000000
-70 -89 0 0000000000000000
-70 -89 7 0000000000000000
-70 -89 14 0000000000000000
-70 -89 21 0000000000000000
-70 -89 28 0000000000000000
-70 -89 35 0000000000000000
-70 -89 42 0000000000000000
-70 -89 49 0000000000000000
-70 -89 56 0000000000000000
-70 -89 63 0000000000000000
-70 -89 70 0000000000000000
-70 -89 77 0000000000000000
-70 -89 84 0000000000000000
-70 -89 91 0000000000000000
-70 -89 98 0000000000000000
-70 -86 -70 0000000000000000
-70 -86 -63 0000000000000000
-70 -86 -56 0000000000000000
-70 -86 -49 0000000000000000
-70 -86 -42 0000000000000000
-70 -86 -35 0000000000000000
-70 -86 -28 0000000000000000
-70 -86 -21 0000000000000000
-70 -86 -14 0000000000000000
-70 -86 -7 0000000000000000
-70 -86 0 0000000000000000
-70 -86 7 0000000000000000
-70 -86 14 0000000000000000
-70 -86 21 0000000000000000
-70 -86 28 0000000000000000
-70 -86 35 0000000000000000
-70 -86 42 0000000000000000
-70 -86 49 0000000000000000
-70 -86 56 0000000000000000
-70 -86 63 0000000000000000
-70 -86 70 0000000000000000
-70 -86 77 0000000000000000
-70 -86 84 0000000000000000
-70 -86 91 0000000000000000
-70 -86 98 0000000000000000
-70 -83 -70 0000000000000000
-70 -83 -63 0000000000000000
-70 -83 -56 0000000000000000
-70 -83 -49 0000000000000000
-70 -83 -42 0000000000000000
-70 -83 -35 0000000000000000
-70 -83 -28 0000000000000000
-70 -83 -21 0000000000000000
-70 -83 -14 0000000000000000
-70 -83 -7 0000000000000000
-70 -83 0 0000000000000000
-70 -83 7 0000000000000000
-70 -83 14 0000000000000000
-70 -83 21 0000000000000000
-70 -83 28 0000000000000000
-70 -83 35 0000000000000000
-70 -83 42 0000000000000000
-70 -83 49 0000000000000000
-70 -83 56 0000000000000000
-70 -83 63 0000000000000000
-70 -83 70 0000000000000000
-70 -83 77 0000000000000000
-70 -83 84 0000000000000000
-70 -83 91 0000000000000000
-70 -83 98 0000000000000000
-70 -80 -70 0000000000000000
-70 -80 -63 0000000000000000
-70 -80 -56 0000000000000000
-70 -80 -49 0000000000000000
-70 -80 -42 0000000000000000
-70 -80 -35 0000000000000000
-70 -80 -28 0000000000000000
-70 -80 -21 0000000000000000
-70 -80 -14 0000000000000000
-70 -80 -7 0000000000000000
-70 -80 0 0000000000000000
-70 -80 7 0000000000000000
-70 -80 14 0000000000000000
-70 -80 21 0000000000000000
-70 -80 28 0000000000000000
-70 -80 35 0000000000000000
-70 -80 42 0000000000000000
-70 -80 49 0000000000000000
-70 -80 56 0000000000000000
-70 -80 63 0000000000000000
-70 -80 70 0000000000000000
-70 -80 77 0000000000000000
-70 -80 84 0000000000000000
-70 -80 91 0000000000000000
-70 -80 98 0000000000000000
-70 -77 -70 0000000000000000
-70 -77 -63 0000000000000000
-70 -77 -56 0000000000000000
-70 -77 -49 0000000000000000
-70 -77 -42 0000000000000000
-70 -77 -35 0000000000000000
-70 -77 -28 0000000000000000
-70 -77 -21 0000000000000000
-70 -77 -14 0000000000000000
-70 -77 -7 0000000000000000
-70 -77 0 0000000000000000
-70 -77 7 0000000000000000
-70 -77 14 0000000000000000
-70 -77 21 0000000000000000
-70 -77 28 0000000000000000
-70 -77 35 0000000000000000
-70 -77 42 0000000000000000
-70 -77 49 0000000000000000
-70 -77 56 0000000000000000
-70 -77 63 0000000000000000
-70 -77 70 0000000000000000
-70 -77 77 0000000000000000
-70 -77 84 0000000000000000
-70 -77 91 0000000000000000
-70 -77 98 0000000000000000
-70 -74 -70 0000000000000000
-70 -74 -63 0000000000000000
-70 -74 -56 0000000000000000
-70 -74 -49 0000000000000000
-70 -74 -42 0000000000000000
-70 -74 -35 0000000000000000
-70 -74 -28 0000000000000000
-70 -74 -21 0000000000000000
-70 -74 -14 0000000000000000
-70 -74 -7 0000000000000000
-70 -74 0 0000000000000000
-70 -74 7 0000000000000000
-70 -74 14 0000000000000000
-70 -74 21 0000000000000000
-70 -74 28 0000000000000000
-70 -74 35 0000000000000000
-70 -74 42 0000000000000000
-70 -74 49 0000000000000000
-70 -74 56 0000000000000000
-70 -74 63 0000000000000000
-70 -74 70 0000000000000000
-70 -74 77 0000000000000000
-70 -74 84 0000000000000000
-70 -74 91 0000000000000000
-70 -74 98 0000000000000000
-70 -71 -70 0000000000000000
-70 -71 -63 0000000000000000
-70 -71 -56 0000000000000000
-70 -71 -49 0000000000000000
-70 -71 -42 0000000000000000
-70 -71 -35 0000000000000000
-70 -71 -28 0000000000000000
-70 -71 -21 0000000000000000
-70 -71 -14 0000000000000000
-70 -71 -7 0000000000000000
-70 -71 0 0000000000000000
-70 -71 7 0000000000000000
-70 -71 14 0000000000000000
-70 -71 21 0000000000000000
-70 -71 28 0000000000000000
-70 -71 35 0000000000000000
-70 -71 42 0000000000000000
-70 -71 49 0000000000000000
-70 -71 56 0000000000000000
-70 -71 63 0000000000000000
-70 -71 70 0000000000000000
-70 -71 77 0000000000000000
-70 -71 84 0000000000000000
-70 -71 91 0000000000000000
-70 -71 98 0000000000000000
-70 -68 -70 0000000000000000
-70 -68 -63 0000000000000000
-70 -68 -56 0000000000000000
-70 -68 -49 0000000000000000
-70 -68 -42 0000000000000000
-70 -68 -35 0000000000000000
-70 -68 -28 0000000000000000
-70 -68 -21 0000000000000000
-70 -68 -14 0000000000000000
-70 -68 -7 0000000000000000
-70 -68 0 0000000000000000
-70 -68 7 0000000000000000
-70 -68 14 0000000000000000
-70 -68 21 0000000000000000
-70 -68 28 0000000000000000
-70 -68 35 0000000000000000
-70 -68 42 0000000000000000
-70 -68 49 0000000000000000
-70 -68 56 0000000000000000
-70 -68 63 0000000000000000
-70 -68 70 0000000000000000
-70 -68 77 0000000000000000
-70 -68 84 0000000000000000
-70 -68 91 0000000000000000
-70 -68 98 0000000000000000
-70 -65 -70 0000000000000000
-70 -65 -63 0000000000000000
-70 -65 -56 0000000000000000
-70 -65 -49 0000000000000000
-70 -65 -42 0000000000000000
-70 -65 -35 0000000000000000
-70 -65 -28 0000000000000000
-70 -65 -21 0000000000000000
-70 -65 -14 0000000000000000
-70 -65 -7 0000000000000000
-70 -65 0 0000000000000000
-70 -65 7 0000000000000000
-70 -65 14 0000000000000000
-70 -65 21 0000000000000000
-70 -65 28 0000000000000000
-70 -65 35 0000000000000000
-70 -65 42 0000000000000000
-70 -65 49 0000000000000000
-70 -65 56 0000000000000000
-70 -65 63 0000000000000000
-70 -65 70 0000000000000000
-70 -65 77 0000000000000000
-70 -65 84 0000000000000000
-70 -65 91 0000000000000000
-70 -65 98 0000000000000000
-70 -62 -70 0000000000000000
-70 -62 -63 0000000000000000
-70 -62 -56 0000000000000000
-70 -62 -49 0000000000000000
-70 -62 -42 0000000000000000
-70 -62 -35 0000000000000000
-70 -62 -28 0000000000000000
-70 -62 -21 0000000000000000
-70 -62 -14 0000000000000000
-70 -62 -7 0000000000000000
-70 -62 0 0000000000000000
-70 -62 7 0000000000000000
-70 -62 14 0000000000000000
-70 -62 21 0000000000000000
-70 -62 28 0000000000000000
-70 -62 35 0000000000000000
-70 -62 42 0000000000000000
-70 -62 49 0000000000000000
-70 -62 56 0000000000000000
-70 -62 63 0000000000000000
-70 -62 70 0000000000000000
-70 -62 77 0000000000000000
-70 -62 84 0000000000000000
-70 -62 91 0000000000000000
-70 -62 98 0000000000000000
-70 -59 -70 0000000000000000
-70 -59 -63 0000000000000000
-70 -59 -56 0000000000000000
-70 -59 -49 0000000000000000
-70 -59 -42 0000000000000000
-70 -59 -35 0000000000000000
-70 -59 -28 0000000000000000
-70 -59 -21 0000000000000000
-70 -59 -14 0000000000000000
-70 -59 -7 0000000000000000
-70 -59 0 0000000000000000
-70 -59 7 0000000000000000
-70 -59 14 0000000000000000
-70 -59 21 0000000000000000
-70 -59 28 0000000000000000
-70 -59 35 0000000000000000
-70 -59 42 0000000000000000
-70 -59 49 0000000000000000
-70 -59 56 0000000000000000
-70 -59 63 0000000000000000
-70 -59 70 0000000000000000
-70 -59 77 0000000000000000
-70 -59 84 0000000000000000
-70 -59 91 0000000000000000
-70 -59 98 0000000000000000
-70 -56 -70 0000000000000000
-70 -56 -63 0000000000000000
-70 -56 -56 0000000000000000
-70 -56 -49 0000000000000000
-70 -56 -42 0000000000000000
-70 -56 -35 0000000000000000
-70 -56 -28 0000000000000000
-70 -56 -21 0000000000000000
-70 -56 -14 0000000000000000
-70 -56 -7 0000000000000000
-70 -56 0 0000000000000000
-70 -56 7 0000000000000000
-70 -56 14 0000000000000000
-70 -56 21 0000000000000000
-70 -56 28 0000000000000000
-70 -56 35 0000000000000000
-70 -56 42 0000000000000000
-70 -56 49 0000000000000000
-70 -56 56 0000000000000000
-70 -56 63 0000000000000000
-70 -56 70 0000000000000000
-70 -56 77 0000000000000000
-70 -56 84 0000000000000000
-70 -56 91 0000000000000000
-70 -56 98 0000000000000000
-70 -53 -70 0000000000000000
-70 -53 -63 0000000000000000
-70 -53 -56 0000000000000000
-70 -53 -49 0000000000000000
-70 -53 -42 0000000000000000
-70 -53 -35 0000000000000000
-70 -53 -28 0000000000000000
-70 -53 -21 0000000000000000
-70 -53 -14 0000000000000000
-70 -53 -7 0000000000000000
-70 -53 0 0000000000000000
-70 -53 7 0000000000000000
-70 -53 14 0000000000000000
-70 -53 21 0000000000000000
-70 -53 28 0000000000000000
-70 -53 35 0000000000000000
-70 -53 42 0000000000000000
-70 -53 49 0000000000000000
-70 -53 56 0000000000000000
-70 -53 63 0000000000000000
-70 -53 70 0000000000000000
-70 -53 77 0000000000000000
-70 -53 84 0000000000000000
-70 -53 91 0000000000000000
-70 -53 98 0000000000000000
-70 -50 -70 0000000000000000
-70 -50 -63 0000000000000000
-70 -50 -56 0000000000000000
-70 -50 -49 0000000000000000
-70 -50 -42 0000000000000000
-70 -50 -35 0000000000000000
-70 -50 -28 0000000000000000
-70 -50 -21 0000000000000000
-70 -50 -14 0000000000000000
-70 -50 -7 0000000000000000
-70 -50 0 0000000000000000
-70 -50 7 0000000000000000
-70 -50 14 0000000000000000
-70 -50 21 0000000000000000
-70 -50 28 0000000000000000
-70 -50 35 0000000000000000
-70 -50 42 0000000000000000
-70 -50 49 0000000000000000
-70 -50 56 0000000000000000
-70 -50 63 0000000000000000
-70 -50 70 0000000000000000
-70 -50 77 0000000000000000
-70 -50 84 0000000000000000
-70 -50 91 0000000000000000
-70 -50 98 0000000000000000
-70 -47 -70 0000000000000000
-70 -47 -63 0000000000000000
-70 -47 -56 0000000000000000
-70 -47 -49 0000000000000000
-70 -47 -42 0000000000000000
-70 -47 -35 0000000000000000
-70 -47 -28 0000000000000000
-70 -47 -21 0000000000000000
-70 -47 -14 0000000000000000
-70 -47 -7 0000000000000000
-70 -47 0 0000000000000000
-70 -47 7 0000000000000000
-70 -47 14 0000000000000000
-70 -47 21 0000000000000000
-70 -47 28 0000000000000000
-70 -47 35 0000000000000000
-70 -47 42 0000000000000000
-70 -47 49 0000000000000000
-70 -47 56 0000000000000000
-70 -47 63 0000000000000000
-70 -47 70 0000000000000000
-70 -47 77 0000000000000000
-70 -47 84 0000000000000000
-70 -47 91 0000000000000000
-70 -47 98 0000000000000000
-70 -44 -70 0000000000000000
-70 -44 -63 0000000000000000
-70 -44 -56 0000000000000000
-70 -44 -49 0000000000000000
-70 -44 -42 0000000000000000
-70 -44 -35 0000000000000000
-70 -44 -28 0000000000000000
-70 -44 -21 0000000000000000
-70 -44 -14 0000000000000000
-70 -44 -7 0000000000000000
-70 -44 0 0000000000000000
-70 -44 7 0000000000000000
-70 -44 14 0000000000000000
-70 -44 21 0000000000000000
-70 -44 28 0000000000000000
-70 -44 35 0000000000000000
-70 -44 42 0000000000000000
-70 -44 49 0000000000000000
-70 -44 56 0000000000000000
-70 -44 63 0000000000000000
-70 -44 70 0000000000000000
-70 -44 77 0000000000000000
-70 -44 84 0000000000000000
-70 -44 91 0000000000000000
-70 -44 98 0000000000000000
-70 -41 -70 0000000000000000
-70 -41 -63 0000000000000000
-70 -41 -56 0000000000000000
-70 -41 -49 0000000000000000
-70 -41 -42 0000000000000000
-70 -41 -35 0000000000000000
-70 -41 -28 0000000000000000
-70 -41 -21 0000000000000000
-70 -41 -14 0000000000000000
-70 -41 -7 0000000000000000
-70 -41 0 0000000000000000
-70 -41 7 0000000000000000
-70 -41 14 0000000000000000
-70 -41 21 0000000000000000
-70 -41 28 0000000000000000
-70 -41 35 0000000000000000
-70 -41 42 0000000000000000
-70 -41 49 0000000000000000
-70 -41 56 0000000000000000
-70 -41 63 0000000000000000
-70 -41 70 0000000000000000
-70 -41 77 0000000000000000
-70 -41 84 0000000000000000
-70 -41 91 0000000000000000
-70 -41 98 0000000000000000
-70 -38 -70 0000000000000000
-70 -38 -63 0000000000000000
-70 -38 -56 0000000000000000
-70 -38 -49 0000000000000000
-70 -38 -42 0000000000000000
-70 -38 -35 0000000000000000
-70 -38 -28 0000000000000000
-70 -38 -21 0000000000000000
-70 -38 -14 0000000000000000
-70 -38 -7 0000000000000000
-70 -38 0 0000000000000000
-70 -38 7 0000000000000000
-70 -38 14 0000000000000000
-70 -38 21 0000000000000000
-70 -38 28 0000000000000000
-70 -38 35 0000000000000000
-70 -38 42 0000000000000000
-70 -38 49 0000000000000000
-70 -38 56 0000000000000000
-70 -38 63 0000000000000000
-70 -38 70 0000000000000000
-70 -38 77 0000000000000000
-70 -38 84 0000000000000000
-70 -38 91 0000000000000000
-70 -38 98 0000000000000000
-70 -35 -70 0000000000000000
-70 -35 -63 0000000000000000
-70 -35 -56 0000000000000000
-70 -35 -49 0000000000000000
-70 -35 -42 0000000000000000
-70 -35 -35 0000000000000000
-70 -35 -28 0000000000000000
-70 -35 -21 0000000000000000
-70 -35 -14 0000000000000000
-70 -35 -7 0000000000000000
-70 -35 0 0000000000000000
-70 -35 7 0000000000000000
-70 -35 14 0000000000000000
-70 -35 21 0000000000000000
-70 -35 28 0000000000000000
-70 -35 35 0000000000000000
-70 -35 42 0000000000000000
-70 -35 49 0000000000000000
-70 -35 56 0000000000000000
-70 -35 63 0000000000000000
-70 -35 70 0000000000000000
-70 -35 77 0000000000000000
-70 -35 84 0000000000000000
-70 -35 91 0000000000000000
-70 -35 98 0000000000000000
-70 -32 -70 0000000000000000
-70 -32 -63 0000000000000000
-70 -32 -56 0000000000000000
-70 -32 -49 0000000000000000
-70 -32 -42 0000000000000000
-70 -32 -35 0000000000000000
-70 -32 -28 0000000000000000
-70 -32 -21 0000000000000000
-70 -32 -14 0000000000000000
-70 -32 -7 0000000000000000
-70 -32 0 0000000000000000
-70 -32 7 0000000000000000
-70 -32 14 0000000000000000
-70 -32 21 0000000000000000
-70 -32 28 0000000000000000
-70 -32 35 0000000000000000
-70 -32 42 0000000000000000
-70 -32 49 0000000000000000
-70 -32 56 0000000000000000
-70 -32 63 0000000000000000
-70 -32 70 0000000000000000
-70 -32 77 0000000000000000
-70 -32 84 0000000000000000
-70 -32 91 0000000000000000
-70 -32 98 0000000000000000
-70 -29 -70 0000000000000000
-70 -29 -63 0000000000000000
-70 -29 -56 0000000000000000
-70 -29 -49 0000000000000000
-70 -29 -42 0000000000000000
-70 -29 -35 0000000000000000
-70 -29 -28 0000000000000000
-70 -29 -21 0000000000000000
-70 -29 -14 0000000000000000
-70 -29 -7 0000000000000000
-70 -29 0 0000000000000000
-70 -29 7 0000000000000000
-70 -29 14 0000000000000000
-70 -29 21 0000000000000000
-70 -29 28 0000000000000000
-70 -29 35 0000000000000000
-70 -29 42 0000000000000000
-70 -29 49 0000000000000000
-70 -29 56 0000000000000000
-70 -29 63 0000000000000000
-70 -29 70 0000000000000000
-70 -29 77 0000000000000000
-70 -29 84 0000000000000000
-70 -29 91 0000000000000000
-70 -29 98 0000000000000000
-70 -26 -70 0000000000000000
-70 -26 -63 0000000000000000
-70 -26 -56 0000000000000000
-70 -26 -49 0000000000000000
-70 -26 -42 0000000000000000
-70 -26 -35 0000000000000000
-70 -26 -28 0000000000000000
-70 -26 -21 0000000000000000
-70 -26 -14 0000000000000000
-70 -26 -7 0000000000000000
-70 -26 0 0000000000000000
-70 -26 7 0000000000000000
-70 -26 14 0000000000000000
-70 -26 21 0000000000000000
-70 -26 28 0000000000000000
-70 -26 35 0000000000000000
-70 -26 42 0000000000000000
-70 -26 49 0000000000000000
-70 -26 56 0000000000000000
-70 -26 63 0000000000000000
-70 -26 70 0000000000000000
-70 -26 77 0000000000000000
-70 -26 84 0000000000000000
-70 -26 91 0000000000000000
-70 -26 98 0000000000000000
-70 -23 -70 0000000000000000
-70 -23 -63 0000000000000000
-70 -23 -56 0000000000000000
-70 -23 -49 0000000000000000
-70 -23 -42 0000000000000000
-70 -23 -35 0000000000000000
-70 -23 -28 0000000000000000
-70 -23 -21 0000000000000000
-70 -23 -14 0000000000000000
-70 -23 -7 0000000000000000
-70 -23 0 0000000000000000
-70 -23 7 0000000000000000
-70 -23 14 0000000000000000
-70 -23 21 0000000000000000
-70 -23 28 0000000000000000
-70 -23 35 0000000000000000
-70 -23 42 0000000000000000
-70 -23 49 0000000000000000
-70 -23 56 0000000000000000
-70 -23 63 0000000000000000
-70 -23 70 0000000000000000
-70 -23 77 0000000000000000
-70 -23 84 0000000000000000
-70 -23 91 0000000000000000
-70 -23 98 0000000000000000
-70 -20 -70 0000000000000000
-70 -20 -63 0000000000000000
-70 -20 -56 0000000000000000
-70 -20 -49 0000000000000000
-70 -20 -42 0000000000000000
-70 -20 -35 0000000000000000
-70 -20 -28 0000000000000000
-70 -20 -21 0000000000000000
-70 -20 -14 0000000000000000
-70 -20 -7 0000000000000000
-70 -20 0 0000000000000000
-70 -20 7 0000000000000000
-70 -20 14 0000000000000000
-70 -20 21 0000000000000000
-70 -20 28 0000000000000000
-70 -20 35 0000000000000000
-70 -20 42 0000000000000000
-70 -20 49 0000000000000000
-70 -20 56 0000000000000000
-70 -20 63 0000000000000000
-70 -20 70 0000000000000000
-70 -20 77 0000000000000000
-70 -20 84 0000000000000000
-70 -20 91 0000000000000000
-70 -20 98 0000000000000000
-70 -17 -70 0000000000000000
-70 -17 -63 0000000000000000
-70 -17 -56 0000000000000000
-70 -17 -49 0000000000000000
-70 -17 -42 0000000000000000
-70 -17 -35 0000000000000000
-70 -17 -28 0000000000000000
-70 -17 -21 0000000000000000
-70 -17 -14 0000000000000000
-70 -17 -7 0000000000000000
-70 -17 0 0000000000000000
-70 -17 7 0000000000000000
-70 -17 14 0000000000000000
-70 -17 21 0000000000000000
-70 -17 28 0000000000000000
-70 -17 35 0000000000000000
-70 -17 42 0000000000000000
-70 -17 49 0000000000000000
-70 -17 56 0000000000000000
-70 -17 63 0000000000000000
-70 -17 70 0000000000000000
-70 -17 77 0000000000000000
-70 -17 84 0000000000000000
-70 -17 91 0000000000000000
-70 -17 98 0000000000000000
-70 -14 -70 0000000000000000
-70 -14 -63 0000000000000000
-70 -14 -56 0000000000000000
-70 -14 -49 0000000000000000
-70 -14 -42 0000000000000000
-70 -14 -35 0000000000000000
-70 -14 -28 0000000000000000
-70 -14 -21 0000000000000000
-70 -14 -14 0000000000000000
-70 -14 -7 0000000000000000
-70 -14 0 0000000000000000
-70 -14 7 0000000000000000
-70 -14 14 0000000000000000
-70 -14 21 0000000000000000
-70 -14 28 0000000000000000
-70 -14 35 0000000000000000
-70 -14 42 0000000000000000
-70 -14 49 0000000000000000
-70 -14 56 0000000000000000
-70 -14 63 0000000000000000
-70 -14 70 0000000000000000
-70 -14 77 0000000000000000
-70 -14 84 0000000000000000
-70 -14 91 0000000000000000
-70 -14 98 0000000000000000
-70 -11 -70 0000000000000000
-70 -11 -63 0000000000000000
-70 -11 -56 0000000000000000
-70 -11 -49 0000000000000000
-70 -11 -42 0000000000000000
-70 -11 -35 0000000000000000
-70 -11 -28 0000000000000000
-70 -11 -21 0000000000000000
-70 -11 -14 0000000000000000
-70 -11 -7 0000000000000000
-70 -11 0 0000000000000000
-70 -11 7 0000000000000000
-70 -11 14 0000000000000000
-70 -11 21 0000000000000000
-70 -11 28 0000000000000000
-70 -11 35 0000000000000000
-70 -11 42 0000000000000000
-70 -11 49 0000000000000000
-70 -11 56 0000000000000000
-70 -11 63 0000000000000000
-70 -11 70 0000000000000000
-70 -11 77 0000000000000000
-70 -11 84 0000000000000000
-70 -11 91 0000000000000000
-70 -11 98 0000000000000000
-70 -8 -70 0000000000000000
-70 -8 -63 0000000000000000
-70 -8 -56 0000000000000000
-70 -8 -49 0000000000000000
-70 -8 -42 0000000000000000
-70 -8 -35 0000000000000000
-70 -8 -28 0000000000000000
-70 -8 -21 0000000000000000
-70 -8 -14 0000000000000000
-70 -8 -7 0000000000000000
-70 -8 0 0000000000000000
-70 -8 7 0000000000000000
-70 -8 14 0000000000000000
-70 -8 21 0000000000000000
-70 -8 28 0000000000000000
-70 -8 35 0000000000000000
-70 -8 42 0000000000000000
-70 -8 49 0000000000000000
-70 -8 56 0000000000000000
-70 -8 63 0000000000000000
-70 -8 70 0000000000000000
-70 -8 77 0000000000000000
-70 -8 84 0000000000000000
-70 -8 91 0000000000000000
-70 -8 98 0000000000000000
-70 -5 -70 0000000000000000
-70 -5 -63 0000000000000000
-70 -5 -56 0000000000000000
-70 -5 -49 0000000000000000
-70 -5 -42 0000000000000000
-70 -5 -35 0000000000000000
-70 -5 -28 0000000000000000
-70 -5 -21 0000000000000000
-70 -5 -14 0000000000000000
-70 -5 -7 0000000000000000
-70 -5 0 0000000000000000
-70 -5 7 0000000000000000
-70 -5 14 0000000000000000
-70 -5 21 0000000000000000
-70 -5 28 0000000000000000
-70 -5 35 0000000000000000
-70 -5 42 0000000000000000
-70 -5 49 0000000000000000
-70 -5 56 0000000000000000
-70 -5 63 0000000000000000
-70 -5 70 0000000000000000
-70 -5 77 0000000000000000
-70 -5 84 0000000000000000
-70 -5 91 0000000000000000
-70 -5 98 0000000000000000
-70 -2 -70 0000000000000000
-70 -2 -63 0000000000000000
-70 -2 -56 0000000000000000
-70 -2 -49 0000000000000000
-70 -2 -42 0000000000000000
-70 -2 -35 0000000000000000
-70 -2 -28 0000000000000000
-70 -2 -21 0000000000000000
-70 -2 -14 0000000000000000
-70 -2 -7 0000000000000000
-70 -2 0 0000000000000000
-70 -2 7 0000000000000000
-70 -2 14 0000000000000000
-70 -2 21 0000000000000000
-70 -2 28 0000000000000000
-70 -2 35 0000000000000000
-70 -2 42 0000000000000000
-70 -2 49 0000000000000000
-70 -2 56 0000000000000000
-70 -2 63 0000000000000000
-70 -2 70 0000000000000000
-70 -2 77 0000000000000000
-70 -2 84 0000000000000000
-70 -2 91 0000000000000000
-70 -2 98 0000000000000000
-70 1 -70 0000000000000000
-70 1 -63 0000000000000000
-70 1 -56 0000000000000000
-70 1 -49 0000000000000000
-70 1 -42 0000000000000000
-70 1 -35 0000000000000000
-70 1 -28 0000000000000000
-70 1 -21 0000000000000000
-70 1 -14 0000000000000000
-70 1 -7 0000000000000000
-70 1 0 0000000000000000
-70 1 7 0000000000000000
-70 1 14 0000000000000000
-70 1 21 0000000000000000
-70 1 28 0000000000000000
-70 1 35 0000000000000000
-70 1 42 0000000000000000
-70 1 49 0000000000000000
-70 1 56 0000000000000000
-70 1 63 0000000000000000
-70 1 70 0000000000000000
-70 1 77 0000000000000000
-70 1 84 0000000000000000
-70 1 91 0000000000000000
-70 1 98 0000000000000000
-70 4 -70 0000000000000000
-70 4 -63 0000000000000000
-70 4 -56 0000000000000000
-70 4 -49 0000000000000000
-70 4 -42 0000000000000000
-70 4 -35 0000000000000000
-70 4 -28 0000000000000000
-70 4 -21 0000000000000000
-70 4 -14 0000000000000000
-70 4 -7 0000000000000000
-70 4 0 0000000000000000
-70 4 7 0000000000000000
-70 4 14 0000000000000000
-70 4 21 0000000000000000
-70 4 28 0000000000000000
-70 4 35 0000000000000000
-70 4 42 0000000000000000
-70 4 49 0000000000000000
-70 4 56 0000000000000000
-70 4 63 0000000000000000
-70 4 70 0000000000000000
-70 4 77 0000000000000000
-70 4 84 0000000000000000
-70 4 91 0000000000000000
-70 4 98 0000000000000000
-70 7 -70 0000000000000000
-70 7 -63 0000000000000000
-70 7 -56 0000000000000000
-70 7 -49 0000000000000000
-70 7 -42 0000000000000000
-70 7 -35 0000000000000000
-70 7 -28 0000000000000000
-70 7 -21 0000000000000000
-70 7 -14 0000000000000000
-70 7 -7 0000000000000000
-70 7 0 0000000000000000
-70 7 7 0000000000000000
-70 7 14 0000000000000000
-70 7 21 0000000000000000
-70 7 28 0000000000000000
-70 7 35 0000000000000000
-70 7 42 0000000000000000
-70 7 49 0000000000000000
-70 7 56 0000000000000000
-70 7 63 0000000000000000
-70 7 70 0000000000000000
-70 7 77 0000000000000000
-70 7 84 0000000000000000
-70 7 91 0000000000000000
-70 7 98 0000000000000000
-70 10 -70 0000000000000000
-70 10 -63 0000000000000000
-70 10 -56 0000000000000000
-70 10 -49 0000000000000000
-70 10 -42 0000000000000000
-70 10 -35 0000000000000000
-70 10 -28 0000000000000000
-70 10 -21 0000000000000000
-70 10 -14 0000000000000000
-70 10 -7 0000000000000000
-70 10 0 0000000000000000
-70 10 7 0000000000000000
-70 10 14 0000000000000000
-70 10 21 0000000000000000
-70 10 28 0000000000000000
-70 10 35 0000000000000000
-70 10 42 0000000000000000
-70 10 49 0000000000000000
-70 10 56 0000000000000000
-70 10 63 0000000000000000
-70 10 70 0000000000000000
-70 10 77 0000000000000000
-70 10 84 0000000000000000
-70 10 91 0000000000000000
-70 10 98 0000000000000000
-70 13 -70 0000000000000000
-70 13 -63 0000000000000000
-70 13 -56 0000000000000000
-70 13 -49 0000000000000000
-70 13 -42 0000000000000000
-70 13 -35 0000000000000000
-70 13 -28 0000000000000000
-70 13 -21 0000000000000000
-70 13 -14 0000000000000000
-70 13 -7 0000000000000000
-70 13 0 0000000000000000
-70 13 7 0000000000000000
-70 13 14 0000000000000000
-70 13 21 0000000000000000
-70 13 28 0000000000000000
-70 13 35 0000000000000000
-70 13 42 0000000000000000
-70 13 49 0000000000000000
-70 13 56 0000000000000000
-70 13 63 0000000000000000
-70 13 70 0000000000000000
-70 13 77 0000000000000000
-70 13 84 0000000000000000
-70 13 91 0000000000000000
-70 13 98 0000000000000000
-70 16 -70 0000000000000000
-70 16 -63 0000000000000000
-70 16 -56 0000000000000000
-70 16 -49 0000000000000000
-70 16 -42 0000000000000000
-70 16 -35 0000000000000000
-70 16 -28 0000000000000000
-70 16 -21 0000000000000000
-70 16 -14 0000000000000000
-70 16 -7 0000000000000000
-70 16 0 0000000000000000
-70 16 7 0000000000000000
-70 16 14 0000000000000000
-70 16 21 0000000000000000
-70 16 28 0000000000000000
-70 16 35 0000000000000000
-70 16 42 0000000000000000
-70 16 49 0000000000000000
-70 16 56 0000000000000000
-70 16 63 0000000000000000
-70 16 70 0000000000000000
-70 16 77 0000000000000000
-70 16 84 0000000000000000
-70 16 91 0000000000000000
-70 16 98 0000000000000000
-70 19 -70 0000000000000000
-70 19 -63 0000000000000000
-70 19 -56 0000000000000000
-70 19 -49 0000000000000000
-70 19 -42 0000000000000000
-70 19 -35 0000000000000000
-70 19 -28 0000000000000000
-70 19 -21 0000000000000000
-70 19 -14 0000000000000000
-70 19 -7 0000000000000000
-70 19 0 0000000000000000
-70 19 7 0000000000000000
-70 19 14 0000000000000000
-70 19 21 0000000000000000
-70 19 28 0000000000000000
-70 19 35 0000000000000000
-70 19 42 0000000000000000
-70 19 49 0000000000000000
-70 19 56 0000000000000000
-70 19 63 0000000000000000
-70 19 70 0000000000000000
-70 19 77 0000000000000000
-70 19 84 0000000000000000
-70 19 91 0000000000000000
-70 19 98 0000000000000000
-70 22 -70 0000000000000000
-70 22 -63 0000000000000000
-70 22 -56 0000000000000000
-70 22 -49 0000000000000000
-70 22 -42 0000000000000000
-70 22 -35 0000000000000000
-70 22 -28 0000000000000000
-70 22 -21 0000000000000000
-70 22 -14 0000000000000000
-70 22 -7 0000000000000000
-70 22 0 0000000000000000
-70 22 7 0000000000000000
-70 22 14 0000000000000000
-70 22 21 0000000000000000
-70 22 28 0000000000000000
-70 22 35 0000000000000000
-70 22 42 0000000000000000
-70 22 49 0000000000000000
-70 22 56 0000000000000000
-70 22 63 0000000000000000
-70 22 70 0000000000000000
-70 22 77 0000000000000000
-70 22 84 0000000000000000
-70 22 91 0000000000000000
-70 22 98 0000000000000000
-70 25 -70 0000000000000000
-70 25 -63 0000000000000000
-70 25 -56 0000000000000000
-70 25 -49 0000000000000000
-70 25 -42 0000000000000000
-70 25 -35 0000000000000000
-70 25 -28 0000000000000000
-70 25 -21 0000000000000000
-70 25 -14 0000000000000000
-70 25 -7 0000000000000000
-70 25 0 0000000000000000
-70 25 7 0000000000000000
-70 25 14 0000000000000000
-70 25 21 0000000000000000
-70 25 28 0000000000000000
-70 25 35 0000000000000000
-70 25 42 0000000000000000
-70 25 49 0000000000000000
-70 25 56 0000000000000000
-70 25 63 0000000000000000
-70 25 70 0000000000000000
-70 25 77 0000000000000000
-70 25 84 0000000000000000
-70 25 91 0000000000000000
-70 25 98 0000000000000000
-70 28 -70 0000000000000000
-70 28 -63 0000000000000000
-70 28 -56 0000000000000000
-70 28 -49 0000000000000000
-70 28 -42 0000000000000000
-70 28 -35 0000000000000000
-70 28 -28 0000000000000000
-70 28 -21 0000000000000000
-70 28 -14 0000000000000000
-70 28 -7 0000000000000000
-70 28 0 0000000000000000
-70 28 7 0000000000000000
-70 28 14 0000000000000000
-70 28 21 0000000000000000
-70 28 28 0000000000000000
-70 28 35 0000000000000000
-70 28 42 0000000000000000
-70 28 49 0000000000000000
-70 28 56 0000000000000000
-70 28 63 0000000000000000
-70 28 70 0000000000000000
-70 28 77 0000000000000000
-70 28 84 0000000000000000
-70 28 91 0000000000000000
-70 28 98 0000000000000000
-70 31 -70 0000000000000000
-70 31 -63 0000000000000000
-70 31 -56 0000000000000000
-70 31 -49 0000000000000000
-70 31 -42 0000000000000000
-70 31 -35 0000000000000000
-70 31 -28 0000000000000000
-70 31 -21 0000000000000000
-70 31 -14 0000000000000000
-70 31 -7 0000000000000000
-70 31 0 0000000000000000
-70 31 7 0000000000000000
-70 31 14 0000000000000000
-70 31 21 0000000000000000
-70 31 28 0000000000000000
-70 31 35 0000000000000000
-70 31 42 0000000000000000
-70 31 49 0000000000000000
-70 31 56 0000000000000000
-70 31 63 0000000000000000
-70 31 70 0000000000000000
-70 31 77 0000000000000000
-70 31 84 0000000000000000
-70 31 91 0000000000000000
-70 31 98 0000000000000000
-70 34 -70 0000000000000000
-70 34 -63 0000000000000000
-70 34 -56 0000000000000000
-70 34 -49 0000000000000000
-70 34 -42 0000000000000000
-70 34 -35 0000000000000000
-70 34 -28 0000000000000000
-70 34 -21 0000000000000000
-70 34 -14 0000000000000000
-70 34 -7 0000000000000000
-70 34 0 0000000000000000
-70 34 7 0000000000000000
-70 34 14 0000000000000000
-70 34 21 0000000000000000
-70 34 28 0000000000000000
-70 34 35 0000000000000000
-70 34 42 0000000000000000
-70 34 49 0000000000000000
-70 34 56 0000000000000000
-70 34 63 0000000000000000
-70 34 70 0000000000000000
-70 34 77 0000000000000000
-70 34 84 0000000000000000
-70 34 91 0000000000000000
-70 34 98 0000000000000000
-70 37 -70 0000000000000000
-70 37 -63 0000000000000000
-70 37 -56 0000000000000000
-70 37 -49 0000000000000000
-70 37 -42 0000000000000000
-70 37 -35 0000000000000000
-70 37 -28 0000000000000000
-70 37 -21 0000000000000000
-70 37 -14 0000000000000000
-70 37 -7 0000000000000000
-70 37 0 0000000000000000
-70 37 7 0000000000000000
-70 37 14 0000000000000000
-70 37 21 0000000000000000
-70 37 28 0000000000000000
-70 37 35 0000000000000000
-70 37 42 0000000000000000
-70 37 49 0000000000000000
-70 37 56 0000000000000000
-70 37 63 0000000000000000
-70 37 70 0000000000000000
-70 37 77 0000000000000000
-70 37 84 0000000000000000
-70 37 91 0000000000000000
-70 37 98 0000000000000000
-70 40 -70 0000000000000000
-70 40 -63 0000000000000000
-70 40 -56 0000000000000000
-70 40 -49 0000000000000000
-70 40 -42 0000000000000000
-70 40 -35 0000000000000000
-70 40 -28 0000000000000000
-70 40 -21 0000000000000000
-70 40 -14 0000000000000000
-70 40 -7 0000000000000000
-70 40 0 0000000000000000
-70 40 7 0000000000000000
-70 40 14 0000000000000000
-70 40 21 0000000000000000
-70 40 28 0000000000000000
-70 40 35 0000000000000000
-70 40 42 0000000000000000
-70 40 49 0000000000000000
-70 40 56 0000000000000000
-70 40 63 0000000000000000
-70 40 70 0000000000000000
-70 40 77 0000000000000000
-70 40 84 0000000000000000
-70 40 91 0000000000000000
-70 40 98 0000000000000000
-70 43 -70 0000000000000000
-70 43 -63 0000000000000000
-70 43 -56 0000000000000000
-70 43 -49 0000000000000000
-70 43 -42 0000000000000000
-70 43 -35 0000000000000000
-70 43 -28 0000000000000000
-70 43 -21 0000000000000000
-70 43 -14 0000000000000000
-70 43 -7 0000000000000000
-70 43 0 0000000000000000
-70 43 7 0000000000000000
-70 43 14 0000000000000000
-70 43 21 0000000000000000
-70 43 28 0000000000000000
-70 43 35 0000000000000000
-70 43 42 0000000000000000
-70 43 49 0000000000000000
-70 43 56 0000000000000000
-70 43 63 0000000000000000
-70 43 70 0000000000000000
-70 43 77 0000000000000000
-70 43 84 0000000000000000
-70 43 91 0000000000000000
-70 43 98 0000000000000000
-63 -95 -70 0000000000000000
-63 -95 -63 0000000000000000
-63 -95 -56 0000000000000000
-63 -95 -49 0000000000000000
-63 -95 -42 0000000000000000
-63 -95 -35 0000000000000000
-63 -95 -28 0000000000000000
-63 -95 -21 0000000000000000
-63 -95 -14 0000000000000000
-63 -95 -7 0000000000000000
-63 -95 0 0000000000000000
-63 -95 7 0000000000000000
-63 -95 14 0000000000000000
-63 -95 21 0000000000000000
-63 -95 28 0000000000000000
-63 -95 35 0000000000000000
-63 -95 42 0000000000000000
-63 -95 49 0000000000000000
-63 -95 56 0000000000000000
-63 -95 63 0000000000000000
-63 -95 70 0000000000000000
-63 -95 77 0000000000000000
-63 -95 84 0000000000000000
-63 -95 91 0000000000000000
-63 -95 98 0000000000000000
-63 -92 -70 0000000000000000
-63 -92 -63 0000000000000000
-63 -92 -56 0000000000000000
-63 -92 -49 0000000000000000
-63 -92 -42 0000000000000000
-63 -92 -35 0000000000000000
-63 -92 -28 0000000000000000
-63 -92 -21 0000000000000000
-63 -92 -14 0000000000000000
-63 -92 -7 0000000000000000
-63 -92 0 0000000000000000
-63 -92 7 0000000000000000
-63 -92 14 0000000000000000
-63 -92 21 0000000000000000
-63 -92 28 0000000000000000
-63 -92 35 0000000000000000
-63 -92 42 0000000000000000
-63 -92 49 0000000000000000
-63 -92 56 0000000000000000
-63 -92 63 0000000000000000
-63 -92 70 0000000000000000
-63 -92 77 0000000000000000
-63 -92 84 0000000000000000
-63 -92 91 0000000000000000
-63 -92 98 0000000000000000
-63 -89 -70 0000000000000000
-63 -89 -63 0000000000000000
-63 -89 -56 0000000000000000
-63 -89 -49 0000000000000000
-63 -89 -42 0000000000000000
-63 -89 -35 0000000000000000
-63 -89 -28 0000000000000000
-63 -89 -21 0000000000000000
-63 -89 -14 0000000000000000
-63 -89 -7 0000000000000000
-63 -89 0 0000000000000000
-63 -89 7 0000000000000000
-63 -89 14 0000000000000000
-63 -89 21 0000000000000000
-63 -89 28 0000000000000000
-63 -89 35 0000000000000000
-63 -89 42 0000000000000000
-63 -89 49 0000000000000000
-63 -89 56 0000000000000000
-63 -89 63 0000000000000000
-63 -89 70 0000000000000000
-63 -89 77 0000000000000000
-63 -89 84 0000000000000000
-63 -89 91 0000000000000000
-63 -89 98 0000000000000000
-63 -86 -70 0000000000000000
-63 -86 -63 0000000000000000
-63 -86 -56 0000000000000000
-63 -86 -49 0000000000000000
-63 -86 -42 0000000000000000
-63 -86 -35 0000000000000000
-63 -86 -28 0000000000000000
-63 -86 -21 0000000000000000
-63 -86 -14 0000000000000000
-63 -86 -7 0000000000000000
-63 -86 0 0000000000000000
-63 -86 7 0000000000000000
-63 -86 14 0000000000000000
-63 -86 21 0000000000000000
-63 -86 28 0000000000000000
-63 -86 35 0000000000000000
-63 -86 42 0000000000000000
-63 -86 49 0000000000000000
-63 -86 56 0000000000000000
-63 -86 63 0000000000000000
-63 -86 70 0000000000000000
-63 -86 77 0000000000000000
-63 -86 84 0000000000000000
-63 -86 91 0000000000000000
-63 -86 98 0000000000000000
-63 -83 -70 0000000000000000
-63 -83 -63 0000000000000000
-63 -83 -56 0000000000000000
-63 -83 -49 0000000000000000
-63 -83 -42 0000000000000000
-63 -83 -35 0000000000000000
-63 -83 -28 0000000000000000
-63 -83 -21 0000000000000000
-63 -83 -14 0000000000000000
-63 -83 -7 0000000000000000
-63 -83 0 0000000000000000
-63 -83 7 0000000000000000
-63 -83 14 0000000000000000
-63 -83 21 0000000000000000
-63 -83 28 0000000000000000
-63 -83 35 0000000000000000
-63 -83 42 0000000000000000
-63 -83 49 0000000000000000
-63 -83 56 0000000000000000
-63 -83 63 0000000000000000
-63 -83 70 0000000000000000
-63 -83 77 0000000000000000
-63 -83 84 0000000000000000
-63 -83 91 0000000000000000
-63 -83 98 0000000000000000
-63 -80 -70 0000000000000000
-63 -80 -63 0000000000000000
-63 -80 -56 0000000000000000
-63 -80 -49 0000000000000000
-63 -80 -42 0000000000000000
-63 -80 -35 0000000000000000
-63 -80 -28 0000000000000000
-63 -80 -21 0000000000000000
-63 -80 -14 0000000000000000
-63 -80 -7 0000000000000000
-63 -80 0 0000000000000000
-63 -80 7 0000000000000000
-63 -80 14 0000000000000000
-63 -80 21 0000000000000000
-63 -80 28 0000000000000000
-63 -80 35 0000000000000000
-63 -80 42 0000000000000000
-63 -80 49 0000000000000000
-63 -80 56 0000000000000000
-63 -80 63 0000000000000000
-63 -80 70 0000000000000000
-63 -80 77 0000000000000000
-63 -80 84 0000000000000000
-63 -80 91 0000000000000000
-63 -80 98 0000000000000000
-63 -77 -70 0000000000000000
-63 -77 -63 0000000000000000
-63 -77 -56 0000000000000000
-63 -77 -49 0000000000000000
-63 -77 -42 0000000000000000
-63 -77 -35 0000000000000000
-63 -77 -28 0000000000000000
-63 -77 -21 0000000000000000
-63 -77 -14 0000000000000000
-63 -77 -7 0000000000000000
-63 -77 0 0000000000000000
-63 -77 7 0000000000000000
-63 -77 14 0000000000000000
-63 -77 21 0000000000000000
-63 -77 28 0000000000000000
-63 -77 35 0000000000000000
-63 -77 42 0000000000000000
-63 -77 49 0000000000000000
-63 -77 56 0000000000000000
-63 -77 63 0000000000000000
-63 -77 70 0000000000000000
-63 -77 77 0000000000000000
-63 -77 84 0000000000000000
-63 -77 91 0000000000000000
-63 -77 98 0000000000000000
-63 -74 -70 0000000000000000
-63 -74 -63 0000000000000000
-63 -74 -56 0000000000000000
-63 -74 -49 0000000000000000
-63 -74 -42 0000000000000000
-63 -74 -35 0000000000000000
-63 -74 -28 0000000000000000
-63 -74 -21 0000000000000000
-63 -74 -14 0000000000000000
-63 -74 -7 0000000000000000
-63 -74 0 0000000000000000
-63 -74 7 0000000000000000
-63 -74 14 0000000000000000
-63 -74 21 0000000000000000
-63 -74 28 0000000000000000
-63 -74 35 0000000000000000
-63 -74 42 0000000000000000
-63 -74 49 0000000000000000
-63 -74 56 0000000000000000
-63 -74 63 0000000000000000
-63 -74 70 0000000000000000
-63 -74 77 0000000000000000
-63 -74 84 0000000000000000
-63 -74 91 0000000000000000
-63 -74 98 0000000000000000
-63 -71 -70 0000000000000000
-63 -71 -63 0000000000000000
-63 -71 -56 0000000000000000
-63 -71 -49 0000000000000000
-63 -71 -42 0000000000000000
-63 -71 -35 0000000000000000
-63 -71 -28 0000000000000000
-63 -71 -21 0000000000000000
-63 -71 -14 0000000000000000
-63 -71 -7 0000000000000000
-63 -71 0 0000000000000000
-63 -71 7 0000000000000000
-63 -71 14 0000000000000000
-63 -71 21 0000000000000000
-63 -71 28 0000000000000000
-63 -71 35 0000000000000000
-63 -71 42 0000000000000000
-63 -71 49 0000000000000000
-63 -71 56 0000000000000000
-63 -71 63 0000000000000000
-63 -71 70 0000000000000000
-63 -71 77 0000000000000000
-63 -71 84 0000000000000000
-63 -71 91 0000000000000000
-63 -71 98 0000000000000000
-63 -68 -70 0000000000000000
-63 -68 -63 0000000000000000
-63 -68 -56 0000000000000000
-63 -68 -49 0000000000000000
-63 -68 -42 0000000000000000
-63 -68 -35 0000000000000000
-63 -68 -28 0000000000000000
-63 -68 -21 0000000000000000
-63 -68 -14 0000000000000000
-63 -68 -7 0000000000000000
-63 -68 0 0000000000000000
-63 -68 7 0000000000000000
-63 -68 14 0000000000000000
-63 -68 21 0000000000000000
-63 -68 28 0000000000000000
-63 -68 35 0000000000000000
-63 -68 42 0000000000000000
-63 -68 49 0000000000000000
-63 -68 56 0000000000000000
-63 -68 63 0000000000000000
-63 -68 70 0000000000000000
-63 -68 77 0000000000000000
-63 -68 84 0000000000000000
-63 -68 91 0000000000000000
-63 -68 98 0000000000000000
-63 -65 -70 0000000000000000
-63 -65 -63 0000000000000000
-63 -65 -56 0000000000000000
-63 -65 -49 0000000000000000
-63 -65 -42 0000000000000000
-63 -65 -35 0000000000000000
-63 -65 -28 0000000000000000
-63 -65 -21 0000000000000000
-63 -65 -14 0000000000000000
-63 -65 -7 0000000000000000
-63 -65 0 0000000000000000
-63 -65 7 0000000000000000
-63 -65 14 0000000000000000
-63 -65 21 0000000000000000
-63 -65 28 0000000000000000
-63 -65 35 0000000000000000
-63 -65 42 0000000000000000
-63 -65 49 0000000000000000
-63 -65 56 0000000000000000
-63 -65 63 0000000000000000
-63 -65 70 0000000000000000
-63 -65 77 0000000000000000
-63 -65 84 0000000000000000
-63 -65 91 0000000000000000
-63 -65 98 0000000000000000
-63 -62 -70 0000000000000000
-63 -62 -63 0000000000000000
-63 -62 -56 0000000000000000
-63 -62 -49 0000000000000000
-63 -62 -42 0000000000000000
-63 -62 -35 0000000000000000
-63 -62 -28 0000000000000000
-63 -62 -21 0000000000000000
-63 -62 -14 0000000000000000
-63 -62 -7 0000000000000000
-63 -62 0 0000000000000000
-63 -62 7 0000000000000000
-63 -62 14 0000000000000000
-63 -62 21 0000000000000000
-63 -62 28 0000000000000000
-63 -62 35 0000000000000000
-63 -62 42 0000000000000000
-63 -62 49 0000000000000000
-63 -62 56 0000000000000000
-63 -62 63 0000000000000000
-63 -62 70 0000000000000000
-63 -62 77 0000000000000000
-63 -62 84 0000000000000000
-63 -62 91 0000000000000000
-63 -62 98 0000000000000000
-63 -59 -70 0000000000000000
-63 -59 -63 0000000000000000
-63 -59 -56 0000000000000000
-63 -59 -49 0000000000000000
-63 -59 -42 0000000000000000
-63 -59 -35 0000000000000000
-63 -59 -28 0000000000000000
-63 -59 -21 0000000000000000
-63 -59 -14 0000000000000000
-63 -59 -7 0000000000000000
-63 -59 0 0000000000000000
-63 -59 7 0000000000000000
-63 -59 14 0000000000000000
-63 -59 21 0000000000000000
-63 -59 28 0000000000000000
-63 -59 35 0000000000000000
-63 -59 42 0000000000000000
-63 -59 49 0000000000000000
-63 -59 56 0000000000000000
-63 -59 63 0000000000000000
-63 -59 70 0000000000000000
-63 -59 77 0000000000000000
-63 -59 84 0000000000000000
-63 -59 91 0000000000000000
-63 -59 98 0000000000000000
-63 -56 -70 0000000000000000
-63 -56 -63 0000000000000000
-63 -56 -56 0000000000000000
-63 -56 -49 0000000000000000
-63 -56 -42 0000000000000000
-63 -56 -35 0000000000000000
-63 -56 -28 0000000000000000
-63 -56 -21 0000000000000000
-63 -56 -14 0000000000000000
-63 -56 -7 0000000000000000
-63 -56 0 0000000000000000
-63 -56 7 0000000000000000
-63 -56 14 0000000000000000
-63 -56 21 0000000000000000
-63 -56 28 0000000000000000
-63 -56 35 0000000000000000
-63 -56 42 0000000000000000
-63 -56 49 0000000000000000
-63 -56 56 0000000000000000
-63 -56 63 0000000000000000
-63 -56 70 0000000000000000
-63 -56 77 0000000000000000
-63 -56 84 0000000000000000
-63 -56 91 0000000000000000
-63 -56 98 0000000000000000
-63 -53 -70 0000000000000000
-63 -53 -63 0000000000000000
-63 -53 -56 0000000000000000
-63 -53 -49 0000000000000000
-63 -53 -42 0000000000000000
-63 -53 -35 0000000000000000
-63 -53 -28 0000000000000000
-63 -53 -21 0000000000000000
-63 -53 -14 0000000000000000
-63 -53 -7 0000000000000000
-63 -53 0 0000000000000000
-63 -53 7 0000000000000000
-63 -53 14 0000000000000000
-63 -53 21 0000000000000000
-63 -53 28 0000000000000000
-63 -53 35 0000000000000000
-63 -53 42 0000000000000000
-63 -53 49 0000000000000000
-63 -53 56 0000000000000000
-63 -53 63 0000000000000000
-63 -53 70 0000000000000000
-63 -53 77 0000000000000000
-63 -53 84 0000000000000000
-63 -53 91 0000000000000000
-63 -53 98 0000000000000000
-63 -50 -70 0000000000000000
-63 -50 -63 0000000000000000
-63 -50 -56 0000000000000000
-63 -50 -49 0000000000000000
-63 -50 -42 0000000000000000
-63 -50 -35 0000000000000000
-63 -50 -28 0000000000000000
-63 -50 -21 0000000000000000
-63 -50 -14 0000000000000000
-63 -50 -7 0000000000000000
-63 -50 0 0000000000000000
-63 -50 7 0000000000000000
-63 -50 14 0000000000000000
-63 -50 21 0000000000000000
-63 -50 28 0000000000000000
-63 -50 35 0000000000000000
-63 -50 42 0000000000000000
-63 -50 49 0000000000000000
-63 -50 56 0000000000000000
-63 -50 63 0000000000000000
-63 -50 70 0000000000000000
-63 -50 77 0000000000000000
-63 -50 84 0000000000000000
-63 -50 91 0000000000000000
-63 -50 98 0000000000000000
-63 -47 -70 0000000000000000
-63 -47 -63 0000000000000000
-63 -47 -56 0000000000000000
-63 -47 -49 0000000000000000
-63 -47 -42 0000000000000000
-63 -47 -35 0000000000000000
-63 -47 -28 0000000000000000
-63 -47 -21 0000000000000000
-63 -47 -14 0000000000000000
-63 -47 -7 0000000000000000
-63 -47 0 0000000000000000
-63 -47 7 0000000000000000
-63 -47 14 0000000000000000
-63 -47 21 0000000000000000
-63 -47 28 0000000000000000
-63 -47 35 0000000000000000
-63 -47 42 0000000000000000
-63 -47 49 0000000000000000
-63 -47 56 0000000000000000
-63 -47 63 0000000000000000
-63 -47 70 0000000000000000
-63 -47 77 0000000000000000
-63 -47 84 0000000000000000
-63 -47 91 0000000000000000
-63 -47 98 0000000000000000
-63 -44 -70 0000000000000000
-63 -44 -63 0000000000000000
-63 -44 -56 0000000000000000
-63 -44 -49 0000000000000000
-63 -44 -42 0000000000000000
-63 -44 -35 0000000000000000
-63 -44 -28 0000000000000000
-63 -44 -21 0000000000000000
-63 -44 -14 0000000000000000
-63 -44 -7 0000000000000000
-63 -44 0 0000000000000000
-63 -44 7 0000000000000000
-63 -44 14 0000000000000000
-63 -44 21 0000000000000000
-63 -44 28 0000000000000000
-63 -44 35 0000000000000000
-63 -44 42 0000000000000000
-63 -44 49 0000000000000000
-63 -44 56 0000000000000000
-63 -44 63 0000000000000000
-63 -44 70 0000000000000000
-63 -44 77 0000000000000000
-63 -44 84 0000000000000000
-63 -44 91 0000000000000000
-63 -44 98 0000000000000000
-63 -41 -70 0000000000000000
-63 -41 -63 0000000000000000
-63 -41 -56 0000000000000000
-63 -41 -49 0000000000000000
-63 -41 -42 0000000000000000
-63 -41 -35 0000000000000000
-63 -41 -28 0000000000000000
-63 -41 -21 0000000000000000
-63 -41 -14 0000000000000000
-63 -41 -7 0000000000000000
-63 -41 0 0000000000000000
-63 -41 7 0000000000000000
-63 -41 14 0000000000000000
-63 -41 21 0000000000000000
-63 -41 28 0000000000000000
-63 -41 35 0000000000000000
-63 -41 42 0000000000000000
-63 -41 49 0000000000000000
-63 -41 56 0000000000000000
-63 -41 63 0000000000000000
-63 -41 70 0000000000000000
-63 -41 77 0000000000000000
-63 -41 84 0000000000000000
-63 -41 91 0000000000000000
-63 -41 98 0000000000000000
-63 -38 -70 0000000000000000
-63 -38 -63 0000000000000000
-63 -38 -56 0000000000000000
-63 -38 -49 0000000000000000
-63 -38 -42 0000000000000000
-63 -38 -35 0000000000000000
-63 -38 -28 0000000000000000
-63 -38 -21 0000000000000000
-63 -38 -14 0000000000000000
-63 -38 -7 0000000000000000
-63 -38 0 0000000000000000
-63 -38 7 0000000000000000
-63 -38 14 0000000000000000
-63 -38 21 0000000000000000
-63 -38 28 0000000000000000
-63 -38 35 0000000000000000
-63 -38 42 0000000000000000
-63 -38 49 0000000000000000
-63 -38 56 0000000000000000
-63 -38 63 0000000000000000
-63 -38 70 0000000000000000
-63 -38 77 0000000000000000
-63 -38 84 0000000000000000
-63 -38 91 0000000000000000
-63 -38 98 0000000000000000
-63 -35 -70 0000000000000000
-63 -35 -63 0000000000000000
-63 -35 -56 0000000000000000
-63 -35 -49 0000000000000000
-63 -35 -42 0000000000000000
-63 -35 -35 0000000000000000
-63 -35 -28 0000000000000000
-63 -35 -21 0000000000000000
-63 -35 -14 0000000000000000
-63 -35 -7 0000000000000000
-63 -35 0 0000000000000000
-63 -35 7 0000000000000000
-63 -35 14 0000000000000000
-63 -35 21 0000000000000000
-63 -35 28 0000000000000000
-63 -35 35 0000000000000000
-63 -35 42 0000000000000000
-63 -35 49 0000000000000000
-63 -35 56 0000000000000000
-63 -35 63 0000000000000000
-63 -35 70 0000000000000000
-63 -35 77 0000000000000000
-63 -35 84 0000000000000000
-63 -35 91 0000000000000000
-63 -35 98 0000000000000000
-63 -32 -70 0000000000000000
-63 -32 -63 0000000000000000
-63 -32 -56 0000000000000000
-63 -32 -49 0000000000000000
-63 -32 -42 0000000000000000
-63 -32 -35 0000000000000000
-63 -32 -28 0000000000000000
-63 -32 -21 0000000000000000
-63 -32 -14 0000000000000000
-63 -32 -7 0000000000000000
-63 -32 0 0000000000000000
-63 -32 7 0000000000000000
-63 -32 14 0000000000000000
-63 -32 21 0000000000000000
-63 -32 28 0000000000000000
-63 -32 35 0000000000000000
-63 -32 42 0000000000000000
-63 -32 49 0000000000000000
-63 -32 56 0000000000000000
-63 -32 63 0000000000000000
-63 -32 70 0000000000000000
-63 -32 77 0000000000000000
-63 -32 84 0000000000000000
-63 -32 91 0000000000000000
-63 -32 98 0000000000000000
-63 -29 -70 0000000000000000
-63 -29 -63 0000000000000000
-63 -29 -56 0000000000000000
-63 -29 -49 0000000000000000
-63 -29 -42 0000000000000000
-63 -29 -35 0000000000000000
-63 -29 -28 0000000000000000
-63 -29 -21 0000000000000000
-63 -29 -14 0000000000000000
-63 -29 -7 0000000000000000
-63 -29 0 0000000000000000
-63 -29 7 0000000000000000
-63 -29 14 0000000000000000
-63 -29 21 0000000000000000
-63 -29 28 0000000000000000
-63 -29 35 0000000000000000
-63 -29 42 0000000000000000
-63 -29 49 0000000000000000
-63 -29 56 0000000000000000
-63 -29 63 0000000000000000
-63 -29 70 0000000000000000
-63 -29 77 0000000000000000
-63 -29 84 0000000000000000
-63 -29 91 0000000000000000
-63 -29 98 0000000000000000
-63 -26 -70 0000000000000000
-63 -26 -63 0000000000000000
-63 -26 -56 0000000000000000
-63 -26 -49 0000000000000000
-63 -26 -42 0000000000000000
-63 -26 -35 0000000000000000
-63 -26 -28 0000000000000000
-63 -26 -21 0000000000000000
-63 -26 -14 0000000000000000
-63 -26 -7 0000000000000000
-63 -26 0 0000000000000000
-63 -26 7 0000000000000000
-63 -26 14 0000000000000000
-63 -26 21 0000000000000000
-63 -26 28 0000000000000000
-63 -26 35 0000000000000000
-63 -26 42 0000000000000000
-63 -26 49 0000000000000000
-63 -26 56 0000000000000000
-63 -26 63 0000000000000000
-63 -26 70 0000000000000000
-63 -26 77 0000000000000000
-63 -26 84 0000000000000000
-63 -26 91 0000000000000000
-63 -26 98 0000000000000000
-63 -23 -70 0000000000000000
-63 -23 -63 0000000000000000
-63 -23 -56 0000000000000000
-63 -23 -49 0000000000000000
-63 -23 -42 0000000000000000
-63 -23 -35 0000000000000000
-63 -23 -28 0000000000000000
-63 -23 -21 0000000000000000
-63 -23 -14 0000000000000000
-63 -23 -7 0000000000000000
-63 -23 0 0000000000000000
-63 -23 7 0000000000000000
-63 -23 14 0000000000000000
-63 -23 21 0000000000000000
-63 -23 28 0000000000000000
-63 -23 35 0000000000000000
-63 -23 42 0000000000000000
-63 -23 49 0000000000000000
-63 -23 56 0000000000000000
-63 -23 63 0000000000000000
-63 -23 70 0000000000000000
-63 -23 77 0000000000000000
-63 -23 84 0000000000000000
-63 -23 91 0000000000000000
-63 -23 98 0000000000000000
-63 -20 -70 0000000000000000
-63 -20 -63 0000000000000000
-63 -20 -56 0000000000000000
-63 -20 -49 0000000000000000
-63 -20 -42 0000000000000000
-63 -20 -35 0000000000000000
-63 -20 -28 0000000000000000
-63 -20 -21 0000000000000000
-63 -20 -14 0000000000000000
-63 -20 -7 0000000000000000
-63 -20 0 0000000000000000
-63 -20 7 0000000000000000
-63 -20 14 0000000000000000
-63 -20 21 0000000000000000
-63 -20 28 0000000000000000
-63 -20 35 0000000000000000
-63 -20 42 0000000000000000
-63 -20 49 0000000000000000
-63 -20 56 0000000000000000
-63 -20 63 0000000000000000
-63 -20 70 0000000000000000
-63 -20 77 0000000000000000
-63 -20 84 0000000000000000
-63 -20 91 0000000000000000
-63 -20 98 0000000000000000
-63 -17 -70 0000000000000000
-63 -17 -63 0000000000000000
-63 -17 -56 0000000000000000
-63 -17 -49 0000000000000000
-63 -17 -42 0000000000000000
-63 -17 -35 0000000000000000
-63 -17 -28 0000000000000000
-63 -17 -21 0000000000000000
-63 -17 -14 0000000000000000
-63 -17 -7 0000000000000000
-63 -17 0 0000000000000000
-63 -17 7 0000000000000000
-63 -17 14 0000000000000000
-63 -17 21 0000000000000000
-63 -17 28 0000000000000000
-63 -17 35 0000000000000000
-63 -17 42 0000000000000000
-63 -17 49 0000000000000000
-63 -17 56 0000000000000000
-63 -17 63 0000000000000000
-63 -17 70 0000000000000000
-63 -17 77 0000000000000000
-63 -17 84 0000000000000000
-63 -17 91 0000000000000000
-63 -17 98 0000000000000000
-63 -14 -70 0000000000000000
-63 -14 -63 0000000000000000
-63 -14 -56 0000000000000000
-63 -14 -49 0000000000000000
-63 -14 -42 0000000000000000
-63 -14 -35 0000000000000000
-63 -14 -28 0000000000000000
-63 -14 -21 0000000000000000
-63 -14 -14 0000000000000000
-63 -14 -7 0000000000000000
-63 -14 0 0000000000000000
-63 -14 7 0000000000000000
-63 -14 14 0000000000000000
-63 -14 21 0000000000000000
-63 -14 28 0000000000000000
-63 -14 35 0000000000000000
-63 -14 42 0000000000000000
-63 -14 49 0000000000000000
-63 -14 56 0000000000000000
-63 -14 63 0000000000000000
-63 -14 70 0000000000000000
-63 -14 77 0000000000000000
-63 -14 84 0000000000000000
-63 -14 91 0000000000000000
-63 -14 98 0000000000000000
-63 -11 -70 0000000000000000
-63 -11 -63 0000000000000000
-63 -11 -56 0000000000000000
-63 -11 -49 0000000000000000
-63 -11 -42 0000000000000000
-63 -11 -35 0000000000000000
-63 -11 -28 0000000000000000
-63 -11 -21 0000000000000000
-63 -11 -14 0000000000000000
-63 -11 -7 0000000000000000
-63 -11 0 0000000000000000
-63 -11 7 0000000000000000
-63 -11 14 0000000000000000
-63 -11 21 0000000000000000
-63 -11 28 0000000000000000
-63 -11 35 0000000000000000
-63 -11 42 0000000000000000
-63 -11 49 0000000000000000
-63 -11 56 0000000000000000
-63 -11 63 0000000000000000
-63 -11 70 0000000000000000
-63 -11 77 0000000000000000
-63 -11 84 0000000000000000
-63 -11 91 0000000000000000
-63 -11 98 0000000000000000
-63 -8 -70 0000000000000000
-63 -8 -63 0000000000000000
-63 -8 -56 0000000000000000
-63 -8 -49 0000000000000000
-63 -8 -42 0000000000000000
-63 -8 -35 0000000000000000
-63 -8 -28 0000000000000000
-63 -8 -21 0000000000000000
-63 -8 -14 0000000000000000
-63 -8 -7 0000000000000000
-63 -8 0 0000000000000000
-63 -8 7 0000000000000000
-63 -8 14 0000000000000000
-63 -8 21 0000000000000000
-63 -8 28 0000000000000000
-63 -8 35 0000000000000000
-63 -8 42 0000000000000000
-63 -8 49 0000000000000000
-63 -8 56 0000000000000000
-63 -8 63 0000000000000000
-63 -8 70 0000000000000000
-63 -8 77 0000000000000000
-63 -8 84 0000000000000000
-63 -8 91 0000000000000000
-63 -8 98 0000000000000000
-63 -5 -70 0000000000000000
-63 -5 -63 0000000000000000
-63 -5 -56 0000000000000000
-63 -5 -49 0000000000000000
-63 -5 -42 0000000000000000
-63 -5 -35 0000000000000000
-63 -5 -28 0000000000000000
-63 -5 -21 0000000000000000
-63 -5 -14 0000000000000000
-63 -5 -7 0000000000000000
-63 -5 0 0000000000000000
-63 -5 7 0000000000000000
-63 -5 14 0000000000000000
-63 -5 21 0000000000000000
-63 -5 28 0000000000000000
-63 -5 35 0000000000000000
-63 -5 42 0000000000000000
-63 -5 49 0000000000000000
-63 -5 56 0000000000000000
-63 -5 63 0000000000000000
-63 -5 70 0000000000000000
-63 -5 77 0000000000000000
-63 -5 84 0000000000000000
-63 -5 91 0000000000000000
-63 -5 98 0000000000000000
-63 -2 -70 0000000000000000
-63 -2 -63 0000000000000000
-63 -2 -56 0000000000000000
-63 -2 -49 0000000000000000
-63 -2 -42 0000000000000000
-63 -2 -35 0000000000000000
-63 -2 -28 0000000000000000
-63 -2 -21 0000000000000000
-63 -2 -14 0000000000000000
-63 -2 -7 0000000000000000
-63 -2 0 0000000000000000
-63 -2 7 0000000000000000
-63 -2 14 0000000000000000
-63 -2 21 0000000000000000
-63 -2 28 0000000000000000
-63 -2 35 0000000000000000
-63 -2 42 0000000000000000
-63 -2 49 0000000000000000
-63 -2 56 0000000000000000
-63 -2 63 0000000000000000
-63 -2 70 0000000000000000
-63 -2 77 0000000000000000
-63 -2 84 0000000000000000
-63 -2 91 0000000000000000
-63 -2 98 0000000000000000
-63 1 -70 0000000000000000
-63 1 -63 0000000000000000
-63 1 -56 0000000000000000
-63 1 -49 0000000000000000
-63 1 -42 0000000000000000
-63 1 -35 0000000000000000
-63 1 -28 0000000000000000
-63 1 -21 0000000000000000
-63 1 -14 0000000000000000
-63 1 -7 0000000000000000
-63 1 0 0000000000000000
-63 1 7 0000000000000000
-63 1 14 0000000000000000
-63 1 21 0000000000000000
-63 1 28 0000000000000000
-63 1 35 0000000000000000
-63 1 42 0000000000000000
-63 1 49 0000000000000000
-63 1 56 0000000000000000
-63 1 63 0000000000000000
-63 1 70 0000000000000000
-63 1 77 0000000000000000
-63 1 84 0000000000000000
-63 1 91 0000000000000000
-63 1 98 0000000000000000
-63 4 -70 0000000000000000
-63 4 -63 0000000000000000
-63 4 -56 0000000000000000
-63 4 -49 0000000000000000
-63 4 -42 0000000000000000
-63 4 -35 0000000000000000
-63 4 -28 0000000000000000
-63 4 -21 0000000000000000
-63 4 -14 0000000000000000
-63 4 -7 0000000000000000
-63 4 0 0000000000000000
-63 4 7 0000000000000000
-63 4 14 0000000000000000
-63 4 21 0000000000000000
-63 4 28 0000000000000000
-63 4 35 0000000000000000
-63 4 42 0000000000000000
-63 4 49 0000000000000000
-63 4 56 0000000000000000
-63 4 63 0000000000000000
-63 4 70 0000000000000000
-63 4 77 0000000000000000
-63 4 84 0000000000000000
-63 4 91 0000000000000000
-63 4 98 0000000000000000
-63 7 -70 0000000000000000
-63 7 -63 0000000000000000
-63 7 -56 0000000000000000
-63 7 -49 0000000000000000
-63 7 -42 0000000000000000
-63 7 -35 0000000000000000
-63 7 -28 0000000000000000
-63 7 -21 0000000000000000
-63 7 -14 0000000000000000
-63 7 -7 0000000000000000
-63 7 0 0000000000000000
-63 7 7 0000000000000000
-63 7 14 0000000000000000
-63 7 21 0000000000000000
-63 7 28 0000000000000000
-63 7 35 0000000000000000
-63 7 42 0000000000000000
-63 7 49 0000000000000000
-63 7 56 0000000000000000
-63 7 63 0000000000000000
-63 7 70 0000000000000000
-63 7 77 0000000000000000
-63 7 84 0000000000000000
-63 7 91 0000000000000000
-63 7 98 0000000000000000
-63 10 -70 0000000000000000
-63 10 -63 0000000000000000
-63 10 -56 0000000000000000
-63 10 -49 0000000000000000
-63 10 -42 0000000000000000
-63 10 -35 0000000000000000
-63 10 -28 0000000000000000
-63 10 -21 0000000000000000
-63 10 -14 0000000000000000
-63 10 -7 0000000000000000
-63 10 0 0000000000000000
-63 10 7 0000000000000000
-63 10 14 0000000000000000
-63 10 21 0000000000000000
-63 10 28 0000000000000000
-63 10 35 0000000000000000
-63 10 42 0000000000000000
-63 10 49 0000000000000000
-63 10 56 0000000000000000
-63 10 63 0000000000000000
-63 10 70 0000000000000000
-63 10 77 0000000000000000
-63 10 84 0000000000000000
-63 10 91 0000000000000000
-63 10 98 0000000000000000
-63 13 -70 0000000000000000
-63 13 -63 0000000000000000
-63 13 -56 0000000000000000
-63 13 -49 0000000000000000
-63 13 -42 0000000000000000
-63 13 -35 0000000000000000
-63 13 -28 0000000000000000
-63 13 -21 0000000000000000
-63 13 -14 0000000000000000
-63 13 -7 0000000000000000
-63 13 0 0000000000000000
-63 13 7 0000000000000000
-63 13 14 0000000000000000
-63 13 21 0000000000000000
-63 13 28 0000000000000000
-63 13 35 0000000000000000
-63 13 42 0000000000000000
-63 13 49 0000000000000000
-63 13 56 0000000000000000
-63 13 63 0000000000000000
-63 13 70 0000000000000000
-63 13 77 0000000000000000
-63 13 84 0000000000000000
-63 13 91 0000000000000000
-63 13 98 0000000000000000
-63 16 -70 0000000000000000
-63 16 -63 0000000000000000
-63 16 -56 0000000000000000
-63 16 -49 0000000000000000
-63 16 -42 0000000000000000
-63 16 -35 0000000000000000
-63 16 -28 0000000000000000
-63 16 -21 0000000000000000
-63 16 -14 0000000000000000
-63 16 -7 0000000000000000
-63 16 0 0000000000000000
-63 16 7 0000000000000000
-63 16 14 0000000000000000
-63 16 21 0000000000000000
-63 16 28 0000000000000000
-63 16 35 0000000000000000
-63 16 42 0000000000000000
-63 16 49 0000000000000000
-63 16 56 0000000000000000
-63 16 63 0000000000000000
-63 16 70 0000000000000000
-63 16 77 0000000000000000
-63 16 84 0000000000000000
-63 16 91 0000000000000000
-63 16 98 0000000000000000
-63 19 -70 0000000000000000
-63 19 -63 0000000000000000
-63 19 -56 0000000000000000
-63 19 -49 0000000000000000
-63 19 -42 0000000000000000
-63 19 -35 0000000000000000
-63 19 -28 0000000000000000
-63 19 -21 0000000000000000
-63 19 -14 0000000000000000
-63 19 -7 0000000000000000
-63 19 0 0000000000000000
-63 19 7 0000000000000000
-63 19 14 0000000000000000
-63 19 21 0000000000000000
-63 19 28 0000000000000000
-63 19 35 0000000000000000
-63 19 42 0000000000000000
-63 19 49 0000000000000000
-63 19 56 0000000000000000
-63 19 63 0000000000000000
-63 19 70 0000000000000000
-63 19 77 0000000000000000
-63 19 84 0000000000000000
-63 19 91 0000000000000000
-63 19 98 0000000000000000
-63 22 -70 0000000000000000
-63 22 -63 0000000000000000
-63 22 -56 0000000000000000
-63 22 -49 0000000000000000
-63 22 -42 0000000000000000
-63 22 -35 0000000000000000
-63 22 -28 0000000000000000
-63 22 -21 0000000000000000
-63 22 -14 0000000000000000
-63 22 -7 0000000000000000
-63 22 0 0000000000000000
-63 22 7 0000000000000000
-63 22 14 0000000000000000
-63 22 21 0000000000000000
-63 22 28 0000000000000000
-63 22 35 0000000000000000
-63 22 42 0000000000000000
-63 22 49 0000000000000000
-63 22 56 0000000000000000
-63 22 63 0000000000000000
-63 22 70 0000000000000000
-63 22 77 0000000000000000
-63 22 84 0000000000000000
-63 22 91 0000000000000000
-63 22 98 0000000000000000
-63 25 -70 0000000000000000
-63 25 -63 0000000000000000
-63 25 -56 0000000000000000
-63 25 -49 0000000000000000
-63 25 -42 0000000000000000
-63 25 -35 0000000000000000
-63 25 -28 0000000000000000
-63 25 -21 0000000000000000
-63 25 -14 0000000000000000
-63 25 -7 0000000000000000
-63 25 0 0000000000000000
-63 25 7 0000000000000000
-63 25 14 0000000000000000
-63 25 21 0000000000000000
-63 25 28 0000000000000000
-63 25 35 0000000000000000
-63 25 42 0000000000000000
-63 25 49 0000000000000000
-63 25 56 0000000000000000
-63 25 63 0000000000000000
-63 25 70 0000000000000000
-63 25 77 0000000000000000
-63 25 84 0000000000000000
-63 25 91 0000000000000000
-63 25 98 0000000000000000
-63 28 -70 0000000000000000
-63 28 -63 0000000000000000
-63 28 -56 0000000000000000
-63 28 -49 0000000000000000
-63 28 -42 0000000000000000
-63 28 -35 0000000000000000
-63 28 -28 0000000000000000
-63 28 -21 0000000000000000
-63 28 -14 0000000000000000
-63 28 -7 0000000000000000
-63 28 0 0000000000000000
-63 28 7 0000000000000000
-63 28 14 0000000000000000
-63 28 21 0000000000000000
-63 28 28 0000000000000000
-63 28 35 0000000000000000
-63 28 42 0000000000000000
-63 28 49 0000000000000000
-63 28 56 0000000000000000
-63 28 63 0000000000000000
-63 28 70 0000000000000000
-63 28 77 0000000000000000
-63 28 84 0000000000000000
-63 28 91 0000000000000000
-63 28 98 0000000000000000
-63 31 -70 0000000000000000
-63 31 -63 0000000000000000
-63 31 -56 0000000000000000
-63 31 -49 0000000000000000
-63 31 -42 0000000000000000
-63 31 -35 0000000000000000
-63 31 -28 0000000000000000
-63 31 -21 0000000000000000
-63 31 -14 0000000000000000
-63 31 -7 0000000000000000
-63 31 0 0000000000000000
-63 31 7 0000000000000000
-63 31 14 0000000000000000
-63 31 21 0000000000000000
-63 31 28 0000000000000000
-63 31 35 0000000000000000
-63 31 42 0000000000000000
-63 31 49 0000000000000000
-63 31 56 0000000000000000
-63 31 63 0000000000000000
-63 31 70 0000000000000000
-63 31 77 0000000000000000
-63 31 84 0000000000000000
-63 31 91 0000000000000000
-63 31 98 0000000000000000
-63 34 -70 0000000000000000
-63 34 -63 0000000000000000
-63 34 -56 0000000000000000
-63 34 -49 0000000000000000
-63 34 -42 0000000000000000
-63 34 -35 0000000000000000
-63 34 -28 0000000000000000
-63 34 -21 0000000000000000
-63 34 -14 0000000000000000
-63 34 -7 0000000000000000
-63 34 0 0000000000000000
-63 34 7 0000000000000000
-63 34 14 0000000000000000
-63 34 21 0000000000000000
-63 34 28 0000000000000000
-63 34 35 0000000000000000
-63 34 42 0000000000000000
-63 34 49 0000000000000000
-63 34 56 0000000000000000
-63 34 63 0000000000000000
-63 34 70 0000000000000000
-63 34 77 0000000000000000
-63 34 84 0000000000000000
-63 34 91 0000000000000000
-63 34 98 0000000000000000
-63 37 -70 0000000000000000
-63 37 -63 0000000000000000
-63 37 -56 0000000000000000
-63 37 -49 0000000000000000
-63 37 -42 0000000000000000
-63 37 -35 0000000000000000
-63 37 -28 0000000000000000
-63 37 -21 0000000000000000
-63 37 -14 0000000000000000
-63 37 -7 0000000000000000
-63 37 0 0000000000000000
-63 37 7 0000000000000000
-63 37 14 0000000000000000
-63 37 21 0000000000000000
-63 37 28 0000000000000000
-63 37 35 0000000000000000
-63 37 42 0000000000000000
-63 37 49 0000000000000000
-63 37 56 0000000000000000
-63 37 63 0000000000000000
-63 37 70 0000000000000000
-63 37 77 0000000000000000
-63 37 84 0000000000000000
-63 37 91 0000000000000000
-63 37 98 0000000000000000
-63 40 -70 0000000000000000
-63 40 -63 0000000000000000
-63 40 -56 0000000000000000
-63 40 -49 0000000000000000
-63 40 -42 0000000000000000
-63 40 -35 0000000000000000
-63 40 -28 0000000000000000
-63 40 -21 0000000000000000
-63 40 -14 0000000000000000
-63 40 -7 0000000000000000
-63 40 0 0000000000000000
-63 40 7 0000000000000000
-63 40 14 0000000000000000
-63 40 21 0000000000000000
-63 40 28 0000000000000000
-63 40 35 0000000000000000
-63 40 42 0000000000000000
-63 40 49 0000000000000000
-63 40 56 0000000000000000
-63 40 63 0000000000000000
-63 40 70 0000000000000000
-63 40 77 0000000000000000
-63 40 84 0000000000000000
-63 40 91 0000000000000000
-63 40 98 0000000000000000
-63 43 -70 0000000000000000
-63 43 -63 0000000000000000
-63 43 -56 0000000000000000
-63 43 -49 0000000000000000
-63 43 -42 0000000000000000
-63 43 -35 0000000000000000
-63 43 -28 0000000000000000
-63 43 -21 0000000000000000
-63 43 -14 0000000000000000
-63 43 -7 0000000000000000
-63 43 0 0000000000000000
-63 43 7 0000000000000000
-63 43 14 0000000000000000
-63 43 21 0000000000000000
-63 43 28 0000000000000000
-63 43 35 0000000000000000
-63 43 42 0000000000000000
-63 43 49 0000000000000000
-63 43 56 0000000000000000
-63 43 63 0000000000000000
-63 43 70 0000000000000000
-63 43 77 0000000000000000
-63 43 84 0000000000000000
-63 43 91 0000000000000000
-63 43 98 0000000000000000
-56 -95 -70 0000000000000000
-56 -95 -63 0000000000000000
-56 -95 -56 0000000000000000
-56 -95 -49 0000000000000000
-56 -95 -42 0000000000000000
-56 -95 -35 0000000000000000
-56 -95 -28 0000000000000000
-56 -95 -21 0000000000000000
-56 -95 -14 0000000000000000
-56 -95 -7 0000000000000000
-56 -95 0 0000000000000000
-56 -95 7 0000000000000000
-56 -95 14 0000000000000000
-56 -95 21 0000000000000000
-56 -95 28 0000000000000000
-56 -95 35 0000000000000000
-56 -95 42 0000000000000000
-56 -95 49 0000000000000000
-56 -95 56 0000000000000000
-56 -95 63 0000000000000000
-56 -95 70 0000000000000000
-56 -95 77 0000000000000000
-56 -95 84 0000000000000000
-56 -95 91 0000000000000000
-56 -95 98 0000000000000000
-56 -92 -70 0000000000000000
-56 -92 -63 0000000000000000
-56 -92 -56 0000000000000000
-56 -92 -49 0000000000000000
-56 -92 -42 0000000000000000
-56 -92 -35 0000000000000000
-56 -92 -28 0000000000000000
-56 -92 -21 0000000000000000
-56 -92 -14 0000000000000000
-56 -92 -7 0000000000000000
-56 -92 0 0000000000000000
-56 -92 7 0000000000000000
-56 -92 14 0000000000000000
-56 -92 21 0000000000000000
-56 -92 28 0000000000000000
-56 -92 35 0000000000000000
-56 -92 42 0000000000000000
-56 -92 49 0000000000000000
-56 -92 56 0000000000000000
-56 -92 63 0000000000000000
-56 -92 70 0000000000000000
-56 -92 77 0000000000000000
-56 -92 84 0000000000000000
-56 -92 91 0000000000000000
-56 -92 98 0000000000000000
-56 -89 -70 0000000000000000
-56 -89 -63 0000000000000000
-56 -89 -56 0000000000000000
-56 -89 -49 0000000000000000
-56 -89 -42 0000000000000000
-56 -89 -35 0000000000000000
-56 -89 -28 0000000000000000
-56 -89 -21 0000000000000000
-56 -89 -14 0000000000000000
-56 -89 -7 0000000000000000
-56 -89 0 0000000000000000
-56 -89 7 0000000000000000
-56 -89 14 0000000000000000
-56 -89 21 0000000000000000
-56 -89 28 0000000000000000
-56 -89 35 0000000000000000
-56 -89 42 0000000000000000
-56 -89 49 0000000000000000
-56 -89 56 0000000000000000
-56 -89 63 0000000000000000
-56 -89 70 0000000000000000
-56 -89 77 0000000000000000
-56 -89 84 0000000000000000
-56 -89 91 0000000000000000
-56 -89 98 0000000000000000
-56 -86 -70 0000000000000000
-56 -86 -63 0000000000000000
-56 -86 -56 0000000000000000
-56 -86 -49 0000000000000000
-56 -86 -42 0000000000000000
-56 -86 -35 0000000000000000
-56 -86 -28 0000000000000000
-56 -86 -21 0000000000000000
-56 -86 -14 0000000000000000
-56 -86 -7 0000000000000000
-56 -86 0 0000000000000000
-56 -86 7 0000000000000000
-56 -86 14 0000000000000000
-56 -86 21 0000000000000000
-56 -86 28 0000000000000000
-56 -86 35 0000000000000000
-56 -86 42 0000000000000000
-56 -86 49 0000000000000000
-56 -86 56 0000000000000000
-56 -86 63 0000000000000000
-56 -86 70 0000000000000000
-56 -86 77 0000000000000000
-56 -86 84 0000000000000000
-56 -86 91 0000000000000000
-56 -86 98 0000000000000000
-56 -83 -70 0000000000000000
-56 -83 -63 0000000000000000
-56 -83 -56 0000000000000000
-56 -83 -49 0000000000000000
-56 -83 -42 0000000000000000
-56 -83 -35 0000000000000000
-56 -83 -28 0000000000000000
-56 -83 -21 0000000000000000
-56 -83 -14 0000000000000000
-56 -83 -7 0000000000000000
-56 -83 0 0000000000000000
-56 -83 7 0000000000000000
-56 -83 14 0000000000000000
-56 -83 21 0000000000000000
-56 -83 28 0000000000000000
-56 -83 35 0000000000000000
-56 -83 42 0000000000000000
-56 -83 49 0000000000000000
-56 -83 56 0000000000000000
-56 -83 63 0000000000000000
-56 -83 70 0000000000000000
-56 -83 77 0000000000000000
-56 -83 84 0000000000000000
-56 -83 91 0000000000000000
-56 -83 98 0000000000000000
-56 -80 -70 0000000000000000
-56 -80 -63 0000000000000000
-56 -80 -56 0000000000000000
-56 -80 -49 0000000000000000
-56 -80 -42 0000000000000000
-56 -80 -35 0000000000000000
-56 -80 -28 0000000000000000
-56 -80 -21 0000000000000000
-56 -80 -14 0000000000000000
-56 -80 -7 0000000000000000
-56 -80 0 0000000000000000
-56 -80 7 0000000000000000
-56 -80 14 0000000000000000
-56 -80 21 0000000000000000
-56 -80 28 0000000000000000
-56 -80 35 0000000000000000
-56 -80 42 0000000000000000
-56 -80 49 0000000000000000
-56 -80 56 0000000000000000
-56 -80 63 0000000000000000
-56 -80 70 0000000000000000
-56 -80 77 0000000000000000
-56 -80 84 0000000000000000
-56 -80 91 0000000000000000
-56 -80 98 0000000000000000
-56 -77 -70 0000000000000000
-56 -77 -63 0000000000000000
-56 -77 -56 0000000000000000
-56 -77 -49 0000000000000000
-56 -77 -42 0000000000000000
-56 -77 -35 0000000000000000
-56 -77 -28 0000000000000000
-56 -77 -21 0000000000000000
-56 -77 -14 0000000000000000
-56 -77 -7 0000000000000000
-56 -77 0 0000000000000000
-56 -77 7 0000000000000000
-56 -77 14 0000000000000000
-56 -77 21 0000000000000000
-56 -77 28 0000000000000000
-56 -77 35 0000000000000000
-56 -77 42 0000000000000000
-56 -77 49 0000000000000000
-56 -77 56 0000000000000000
-56 -77 63 0000000000000000
-56 -77 70 0000000000000000
-56 -77 77 0000000000000000
-56 -77 84 0000000000000000
-56 -77 91 0000000000000000
-56 -77 98 0000000000000000
-56 -74 -70 0000000000000000
-56 -74 -63 0000000000000000
-56 -74 -56 0000000000000000
-56 -74 -49 0000000000000000
-56 -74 -42 0000000000000000
-56 -74 -35 0000000000000000
-56 -74 -28 0000000000000000
-56 -74 -21 0000000000000000
-56 -74 -14 0000000000000000
-56 -74 -7 0000000000000000
-56 -74 0 0000000000000000
-56 -74 7 0000000000000000
-56 -74 14 0000000000000000
-56 -74 21 0000000000000000
-56 -74 28 0000000000000000
-56 -74 35 0000000000000000
-56 -74 42 0000000000000000
-56 -74 49 0000000000000000
-56 -74 56 0000000000000000
-56 -74 63 0000000000000000
-56 -74 70 0000000000000000
-56 -74 77 0000000000000000
-56 -74 84 0000000000000000
-56 -74 91 0000000000000000
-56 -74 98 0000000000000000
-56 -71 -70 0000000000000000
-56 -71 -63 0000000000000000
-56 -71 -56 0000000000000000
-56 -71 -49 0000000000000000
-56 -71 -42 0000000000000000
-56 -71 -35 0000000000000000
-56 -71 -28 0000000000000000
-56 -71 -21 0000000000000000
-56 -71 -14 0000000000000000
-56 -71 -7 0000000000000000
-56 -71 0 0000000000000000
-56 -71 7 0000000000000000
-56 -71 14 0000000000000000
-56 -71 21 0000000000000000
-56 -71 28 0000000000000000
-56 -71 35 0000000000000000
-56 -71 42 0000000000000000
-56 -71 49 0000000000000000
-56 -71 56 0000000000000000
-56 -71 63 0000000000000000
-56 -71 70 0000000000000000
-56 -71 77 0000000000000000
-56 -71 84 0000000000000000
-56 -71 91 0000000000000000
-56 -71 98 0000000000000000
-56 -68 -70 0000000000000000
-56 -68 -63 0000000000000000
-56 -68 -56 0000000000000000
-56 -68 -49 0000000000000000
-56 -68 -42 0000000000000000
-56 -68 -35 0000000000000000
-56 -68 -28 0000000000000000
-56 -68 -21 0000000000000000
-56 -68 -14 0000000000000000
-56 -68 -7 0000000000000000
-56 -68 0 0000000000000000
-56 -68 7 0000000000000000
-56 -68 14 0000000000000000
-56 -68 21 0000000000000000
-56 -68 28 0000000000000000
-56 -68 35 0000000000000000
-56 -68 42 0000000000000000
-56 -68 49 0000000000000000
-56 -68 56 0000000000000000
-56 -68 63 0000000000000000
-56 -68 70 0000000000000000
-56 -68 77 0000000000000000
-56 -68 84 0000000000000000
-56 -68 91 0000000000000000
-56 -68 98 0000000000000000
-56 -65 -70 0000000000000000
-56 -65 -63 0000000000000000
-56 -65 -56 0000000000000000
-56 -65 -49 0000000000000000
-56 -65 -42 0000000000000000
-56 -65 -35 0000000000000000
-56 -65 -28 0000000000000000
-56 -65 -21 0000000000000000
-56 -65 -14 0000000000000000
-56 -65 -7 0000000000000000
-56 -65 0 0000000000000000
-56 -65 7 0000000000000000
-56 -65 14 0000000000000000
-56 -65 21 0000000000000000
-56 -65 28 0000000000000000
-56 -65 35 0000000000000000
-56 -65 42 0000000000000000
-56 -65 49 0000000000000000
-56 -65 56 0000000000000000
-56 -65 63 0000000000000000
-56 -65 70 0000000000000000
-56 -65 77 0000000000000000
-56 -65 84 0000000000000000
-56 -65 91 0000000000000000
-56 -65 98 0000000000000000
-56 -62 -70 0000000000000000
-56 -62 -63 0000000000000000
-56 -62 -56 0000000000000000
-56 -62 -49 0000000000000000
-56 -62 -42 0000000000000000
-56 -62 -35 0000000000000000
-56 -62 -28 0000000000000000
-56 -62 -21 0000000000000000
-56 -62 -14 0000000000000000
-56 -62 -7 0000000000000000
-56 -62 0 0000000000000000
-56 -62 7 0000000000000000
-56 -62 14 0000000000000000
-56 -62 21 0000000000000000
-56 -62 28 0000000000000000
-56 -62 35 0000000000000000
-56 -62 42 0000000000000000
-56 -62 49 0000000000000000
-56 -62 56 0000000000000000
-56 -62 63 0000000000000000
-56 -62 70 0000000000000000
-56 -62 77 0000000000000000
-56 -62 84 0000000000000000
-56 -62 91 0000000000000000
-56 -62 98 0000000000000000
-56 -59 -70 0000000000000000
-56 -59 -63 0000000000000000
-56 -59 -56 0000000000000000
-56 -59 -49 0000000000000000
-56 -59 -42 0000000000000000
-56 -59 -35 0000000000000000
-56 -59 -28 0000000000000000
-56 -59 -21 0000000000000000
-56 -59 -14 0000000000000000
-56 -59 -7 0000000000000000
-56 -59 0 0000000000000000
-56 -59 7 0000000000000000
-56 -59 14 0000000000000000
-56 -59 21 0000000000000000
-56 -59 28 0000000000000000
-56 -59 35 0000000000000000
-56 -59 42 0000000000000000
-56 -59 49 0000000000000000
-56 -59 56 0000000000000000
-56 -59 63 0000000000000000
-56 -59 70 0000000000000000
-56 -59 77 0000000000000000
-56 -59 84 0000000000000000
-56 -59 91 0000000000000000
-56 -59 98 0000000000000000
-56 -56 -70 0000000000000000
-56 -56 -63 0000000000000000
-56 -56 -56 0000000000000000
-56 -56 -49 0000000000000000
-56 -56 -42 0000000000000000
-56 -56 -35 0000000000000000
-56 -56 -28 0000000000000000
-56 -56 -21 0000000000000000
-56 -56 -14 0000000000000000
-56 -56 -7 0000000000000000
-56 -56 0 0000000000000000
-56 -56 7 0000000000000000
-56 -56 14 0000000000000000
-56 -56 21 0000000000000000
-56 -56 28 0000000000000000
-56 -56 35 0000000000000000
-56 -56 42 0000000000000000
-56 -56 49 0000000000000000
-56 -56 56 0000000000000000
-56 -56 63 0000000000000000
-56 -56 70 0000000000000000
-56 -56 77 0000000000000000
-56 -56 84 0000000000000000
-56 -56 91 0000000000000000
-56 -56 98 0000000000000000
-56 -53 -70 0000000000000000
-56 -53 -63 0000000000000000
-56 -53 -56 0000000000000000
-56 -53 -49 0000000000000000
-56 -53 -42 0000000000000000
-56 -53 -35 0000000000000000
-56 -53 -28 0000000000000000
-56 -53 -21 0000000000000000
-56 -53 -14 0000000000000000
-56 -53 -7 0000000000000000
-56 -53 0 0000000000000000
-56 -53 7 0000000000000000
-56 -53 14 0000000000000000
-56 -53 21 0000000000000000
-56 -53 28 0000000000000000
-56 -53 35 0000000000000000
-56 -53 42 0000000000000000
-56 -53 49 0000000000000000
-56 -53 56 0000000000000000
-56 -53 63 0000000000000000
-56 -53 70 0000000000000000
-56 -53 77 0000000000000000
-56 -53 84 0000000000000000
-56 -53 91 0000000000000000
-56 -53 98 0000000000000000
-56 -50 -70 0000000000000000
-56 -50 -63 0000000000000000
-56 -50 -56 0000000000000000
-56 -50 -49 0000000000000000
-56 -50 -42 0000000000000000
-56 -50 -35 0000000000000000
-56 -50 -28 0000000000000000
-56 -50 -21 0000000000000000
-56 -50 -14 0000000000000000
-56 -50 -7 0000000000000000
-56 -50 0 0000000000000000
-56 -50 7 0000000000000000
-56 -50 14 0000000000000000
-56 -50 21 0000000000000000
-56 -50 28 0000000000000000
-56 -50 35 0000000000000000
-56 -50 42 0000000000000000
-56 -50 49 0000000000000000
-56 -50 56 0000000000000000
-56 -50 63 0000000000000000
-56 -50 70 0000000000000000
-56 -50 77 0000000000000000
-56 -50 84 0000000000000000
-56 -50 91 0000000000000000
-56 -50 98 0000000000000000
-56 -47 -70 0000000000000000
-56 -47 -63 0000000000000000
-56 -47 -56 0000000000000000
-56 -47 -49 0000000000000000
-56 -47 -42 0000000000000000
-56 -47 -35 0000000000000000
-56 -47 -28 0000000000000000
-56 -47 -21 0000000000000000
-56 -47 -14 0000000000000000
-56 -47 -7 0000000000000000
-56 -47 0 0000000000000000
-56 -47 7 0000000000000000
-56 -47 14 0000000000000000
-56 -47 21 0000000000000000
-56 -47 28 0000000000000000
-56 -47 35 0000000000000000
-56 -47 42 0000000000000000
-56 -47 49 0000000000000000
-56 -47 56 0000000000000000
-56 -47 63 0000000000000000
-56 -47 70 0000000000000000
-56 -47 77 0000000000000000
-56 -47 84 0000000000000000
-56 -47 91 0000000000000000
-56 -47 98 0000000000000000
-56 -44 -70 0000000000000000
-56 -44 -63 0000000000000000
-56 -44 -56 0000000000000000
-56 -44 -49 0000000000000000
-56 -44 -42 0000000000000000
-56 -44 -35 0000000000000000
-56 -44 -28 0000000000000000
-56 -44 -21 0000000000000000
-56 -44 -14 0000000000000000
-56 -44 -7 0000000000000000
-56 -44 0 0000000000000000
-56 -44 7 0000000000000000
-56 -44 14 0000000000000000
-56 -44 21 0000000000000000
-56 -44 28 0000000000000000
-56 -44 35 0000000000000000
-56 -44 42 0000000000000000
-56 -44 49 0000000000000000
-56 -44 56 0000000000000000
-56 -44 63 0000000000000000
-56 -44 70 0000000000000000
-56 -44 77 0000000000000000
-56 -44 84 0000000000000000
-56 -44 91 0000000000000000
-56 -44 98 0000000000000000
-56 -41 -70 0000000000000000
-56 -41 -63 0000000000000000
-56 -41 -56 0000000000000000
-56 -41 -49 0000000000000000
-56 -41 -42 0000000000000000
-56 -41 -35 0000000000000000
-56 -41 -28 0000000000000000
-56 -41 -21 0000000000000000
-56 -41 -14 0000000000000000
-56 -41 -7 0000000000000000
-56 -41 0 0000000000000000
-56 -41 7 0000000000000000
-56 -41 14 0000000000000000
-56 -41 21 0000000000000000
-56 -41 28 0000000000000000
-56 -41 35 0000000000000000
-56 -41 42 0000000000000000
-56 -41 49 0000000000000000
-56 -41 56 0000000000000000
-56 -41 63 0000000000000000
-56 -41 70 0000000000000000
-56 -41 77 0000000000000000
-56 -41 84 0000000000000000
-56 -41 91 0000000000000000
-56 -41 98 0000000000000000
-56 -38 -70 0000000000000000
-56 -38 -63 0000000000000000
-56 -38 -56 0000000000000000
-56 -38 -49 0000000000000000
-56 -38 -42 0000000000000000
-56 -38 -35 0000000000000000
-56 -38 -28 0000000000000000
-56 -38 -21 0000000000000000
-56 -38 -14 0000000000000000
-56 -38 -7 0000000000000000
-56 -38 0 0000000000000000
-56 -38 7 0000000000000000
-56 -38 14 0000000000000000
-56 -38 21 0000000000000000
-56 -38 28 0000000000000000
-56 -38 35 0000000000000000
-56 -38 42 0000000000000000
-56 -38 49 0000000000000000
-56 -38 56 0000000000000000
-56 -38 63 0000000000000000
-56 -38 70 0000000000000000
-56 -38 77 0000000000000000
-56 -38 84 0000000000000000
-56 -38 91 0000000000000000
-56 -38 98 0000000000000000
-56 -35 -70 0000000000000000
-56 -35 -63 0000000000000000
-56 -35 -56 0000000000000000
-56 -35 -49 0000000000000000
-56 -35 -42 0000000000000000
-56 -35 -35 0000000000000000
-56 -35 -28 0000000000000000
-56 -35 -21 0000000000000000
-56 -35 -14 0000000000000000
-56 -35 -7 0000000000000000
-56 -35 0 0000000000000000
-56 -35 7 0000000000000000
-56 -35 14 0000000000000000
-56 -35 21 0000000000000000
-56 -35 28 0000000000000000
-56 -35 35 0000000000000000
-56 -35 42 0000000000000000
-56 -35 49 0000000000000000
-56 -35 56 0000000000000000
-56 -35 63 0000000000000000
-56 -35 70 0000000000000000
-56 -35 77 0000000000000000
-56 -35 84 0000000000000000
-56 -35 91 0000000000000000
-56 -35 98 0000000000000000
-56 -32 -70 0000000000000000
-56 -32 -63 0000000000000000
-56 -32 -56 0000000000000000
-56 -32 -49 0000000000000000
-56 -32 -42 0000000000000000
-56 -32 -35 0000000000000000
-56 -32 -28 0000000000000000
-56 -32 -21 0000000000000000
-56 -32 -14 0000000000000000
-56 -32 -7 0000000000000000
-56 -32 0 0000000000000000
-56 -32 7 0000000000000000
-56 -32 14 0000000000000000
-56 -32 21 0000000000000000
-56 -32 28 0000000000000000
-56 -32 35 0000000000000000
-56 -32 42 0000000000000000
-56 -32 49 0000000000000000
-56 -32 56 0000000000000000
-56 -32 63 0000000000000000
-56 -32 70 0000000000000000
-56 -32 77 0000000000000000
-56 -32 84 0000000000000000
-56 -32 91 0000000000000000
-56 -32 98 0000000000000000
-56 -29 -70 0000000000000000
-56 -29 -63 0000000000000000
-56 -29 -56 0000000000000000
-56 -29 -49 0000000000000000
-56 -29 -42 0000000000000000
-56 -29 -35 0000000000000000
-56 -29 -28 0000000000000000
-56 -29 -21 0000000000000000
-56 -29 -14 0000000000000000
-56 -29 -7 0000000000000000
-56 -29 0 0000000000000000
-56 -29 7 0000000000000000
-56 -29 14 0000000000000000
-56 -29 21 0000000000000000
-56 -29 28 0000000000000000
-56 -29 35 0000000000000000
-56 -29 42 0000000000000000
-56 -29 49 0000000000000000
-56 -29 56 0000000000000000
-56 -29 63 0000000000000000
-56 -29 70 0000000000000000
-56 -29 77 0000000000000000
-56 -29 84 0000000000000000
-56 -29 91 0000000000000000
-56 -29 98 0000000000000000
-56 -26 -70 0000000000000000
-56 -26 -63 0000000000000000
-56 -26 -56 0000000000000000
-56 -26 -49 0000000000000000
-56 -26 -42 0000000000000000
-56 -26 -35 0000000000000000
-56 -26 -28 0000000000000000
-56 -26 -21 0000000000000000
-56 -26 -14 0000000000000000
-56 -26 -7 0000000000000000
-56 -26 0 0000000000000000
-56 -26 7 0000000000000000
-56 -26 14 0000000000000000
-56 -26 21 0000000000000000
-56 -26 28 0000000000000000
-56 -26 35 0000000000000000
-56 -26 42 0000000000000000
-56 -26 49 0000000000000000
-56 -26 56 0000000000000000
-56 -26 63 0000000000000000
-56 -26 70 0000000000000000
-56 -26 77 0000000000000000
-56 -26 84 0000000000000000
-56 -26 91 0000000000000000
-56 -26 98 0000000000000000
-56 -23 -70 0000000000000000
-56 -23 -63 0000000000000000
-56 -23 -56 0000000000000000
-56 -23 -49 0000000000000000
-56 -23 -42 0000000000000000
-56 -23 -35 0000000000000000
-56 -23 -28 0000000000000000
-56 -23 -21 0000000000000000
-56 -23 -14 0000000000000000
-56 -23 -7 0000000000000000
-56 -23 0 0000000000000000
-56 -23 7 0000000000000000
-56 -23 14 0000000000000000
-56 -23 21 0000000000000000
-56 -23 28 0000000000000000
-56 -23 35 0000000000000000
-56 -23 42 0000000000000000
-56 -23 49 0000000000000000
-56 -23 56 0000000000000000
-56 -23 63 0000000000000000
-56 -23 70 0000000000000000
-56 -23 77 0000000000000000
-56 -23 84 0000000000000000
-56 -23 91 0000000000000000
-56 -23 98 0000000000000000
-56 -20 -70 0000000000000000
-56 -20 -63 0000000000000000
-56 -20 -56 0000000000000000
-56 -20 -49 0000000000000000
-56 -20 -42 0000000000000000
-56 -20 -35 0000000000000000
-56 -20 -28 0000000000000000
-56 -20 -21 0000000000000000
-56 -20 -14 0000000000000000
-56 -20 -7 0000000000000000
-56 -20 0 0000000000000000
-56 -20 7 0000000000000000
-56 -20 14 0000000000000000
-56 -20 21 0000000000000000
-56 -20 28 0000000000000000
-56 -20 35 0000000000000000
-56 -20 42 0000000000000000
-56 -20 49 0000000000000000
-56 -20 56 0000000000000000
-56 -20 63 0000000000000000
-56 -20 70 0000000000000000
-56 -20 77 0000000000000000
-56 -20 84 0000000000000000
-56 -20 91 0000000000000000
-56 -20 98 0000000000000000
-56 -17 -70 0000000000000000
-56 -17 -63 0000000000000000
-56 -17 -56 0000000000000000
-56 -17 -49 0000000000000000
-56 -17 -42 0000000000000000
-56 -17 -35 0000000000000000
-56 -17 -28 0000000000000000
-56 -17 -21 0000000000000000
-56 -17 -14 0000000000000000
-56 -17 -7 0000000000000000
-56 -17 0 0000000000000000
-56 -17 7 0000000000000000
-56 -17 14 0000000000000000
-56 -17 21 0000000000000000
-56 -17 28 0000000000000000
-56 -17 35 0000000000000000
-56 -17 42 0000000000000000
-56 -17 49 0000000000000000
-56 -17 56 0000000000000000
-56 -17 63 0000000000000000
-56 -17 70 0000000000000000
-56 -17 77 0000000000000000
-56 -17 84 0000000000000000
-56 -17 91 0000000000000000
-56 -17 98 0000000000000000
-56 -14 -70 0000000000000000
-56 -14 -63 0000000000000000
-56 -14 -56 0000000000000000
-56 -14 -49 0000000000000000
-56 -14 -42 0000000000000000
-56 -14 -35 0000000000000000
-56 -14 -28 0000000000000000
-56 -14 -21 0000000000000000
-56 -14 -14 0000000000000000
-56 -14 -7 0000000000000000
-56 -14 0 0000000000000000
-56 -14 7 0000000000000000
-56 -14 14 0000000000000000
-56 -14 21 0000000000000000
-56 -14 28 0000000000000000
-56 -14 35 0000000000000000
-56 -14 42 0000000000000000
-56 -14 49 0000000000000000
-56 -14 56 0000000000000000
-56 -14 63 0000000000000000
-56 -14 70 0000000000000000
-56 -14 77 0000000000000000
-56 -14 84 0000000000000000
-56 -14 91 0000000000000000
-56 -14 98 0000000000000000
-56 -11 -70 0000000000000000
-56 -11 -63 0000000000000000
-56 -11 -56 0000000000000000
-56 -11 -49 0000000000000000
-56 -11 -42 0000000000000000
-56 -11 -35 0000000000000000
-56 -11 -28 0000000000000000
-56 -11 -21 0000000000000000
-56 -11 -14 0000000000000000
-56 -11 -7 0000000000000000
-56 -11 0 0000000000000000
-56 -11 7 0000000000000000
-56 -11 14 0000000000000000
-56 -11 21 0000000000000000
-56 -11 28 0000000000000000
-56 -11 35 0000000000000000
-56 -11 42 0000000000000000
-56 -11 49 0000000000000000
-56 -11 56 0000000000000000
-56 -11 63 0000000000000000
-56 -11 70 0000000000000000
-56 -11 77 0000000000000000
-56 -11 84 0000000000000000
-56 -11 91 0000000000000000
-56 -11 98 0000000000000000
-56 -8 -70 0000000000000000
-56 -8 -63 0000000000000000
-56 -8 -56 0000000000000000
-56 -8 -49 0000000000000000
-56 -8 -42 0000000000000000
-56 -8 -35 0000000000000000
-56 -8 -28 0000000000000000
-56 -8 -21 0000000000000000
-56 -8 -14 0000000000000000
-56 -8 -7 0000000000000000
-56 -8 0 0000000000000000
-56 -8 7 0000000000000000
-56 -8 14 0000000000000000
-56 -8 21 0000000000000000
-56 -8 28 0000000000000000
-56 -8 35 0000000000000000
-56 -8 42 0000000000000000
-56 -8 49 0000000000000000
-56 -8 56 0000000000000000
-56 -8 63 0000000000000000
-56 -8 70 0000000000000000
-56 -8 77 0000000000000000
-56 -8 84 0000000000000000
-56 -8 91 0000000000000000
-56 -8 98 0000000000000000
-56 -5 -70 0000000000000000
-56 -5 -63 0000000000000000
-56 -5 -56 0000000000000000
-56 -5 -49 0000000000000000
-56 -5 -42 0000000000000000
-56 -5 -35 0000000000000000
-56 -5 -28 0000000000000000
-56 -5 -21 0000000000000000
-56 -5 -14 0000000000000000
-56 -5 -7 0000000000000000
-56 -5 0 0000000000000000
-56 -5 7 0000000000000000
-56 -5 14 0000000000000000
-56 -5 21 0000000000000000
-56 -5 28 0000000000000000
-56 -5 35 0000000000000000
-56 -5 42 0000000000000000
-56 -5 49 0000000000000000
-56 -5 56 0000000000000000
-56 -5 63 0000000000000000
-56 -5 70 0000000000000000
-56 -5 77 0000000000000000
-56 -5 84 0000000000000000
-56 -5 91 0000000000000000
-56 -5 98 0000000000000000
-56 -2 -70 0000000000000000
-56 -2 -63 0000000000000000
-56 -2 -56 0000000000000000
-56 -2 -49 0000000000000000
-56 -2 -42 0000000000000000
-56 -2 -35 0000000000000000
-56 -2 -28 0000000000000000
-56 -2 -21 0000000000000000
-56 -2 -14 0000000000000000
-56 -2 -7 0000000000000000
-56 -2 0 0000000000000000
-56 -2 7 0000000000000000
-56 -2 14 0000000000000000
-56 -2 21 0000000000000000
-56 -2 28 0000000000000000
-56 -2 35 0000000000000000
-56 -2 42 0000000000000000
-56 -2 49 0000000000000000
-56 -2 56 0000000000000000
-56 -2 63 0000000000000000
-56 -2 70 0000000000000000
-56 -2 77 0000000000000000
-56 -2 84 0000000000000000
-56 -2 91 0000000000000000
-56 -2 98 0000000000000000
-56 1 -70 0000000000000000
-56 1 -63 0000000000000000
-56 1 -56 0000000000000000
-56 1 -49 0000000000000000
-56 1 -42 0000000000000000
-56 1 -35 0000000000000000
-56 1 -28 0000000000000000
-56 1 -21 0000000000000000
-56 1 -14 0000000000000000
-56 1 -7 0000000000000000
-56 1 0 0000000000000000
-56 1 7 0000000000000000
-56 1 14 0000000000000000
-56 1 21 0000000000000000
-56 1 28 0000000000000000
-56 1 35 0000000000000000
-56 1 42 0000000000000000
-56 1 49 0000000000000000
-56 1 56 0000000000000000
-56 1 63 0000000000000000
-56 1 70 0000000000000000
-56 1 77 0000000000000000
-56 1 84 0000000000000000
-56 1 91 0000000000000000
-56 1 98 0000000000000000
-56 4 -70 0000000000000000
-56 4 -63 0000000000000000
-56 4 -56 0000000000000000
-56 4 -49 0000000000000000
-56 4 -42 0000000000000000
-56 4 -35 0000000000000000
-56 4 -28 0000000000000000
-56 4 -21 0000000000000000
-56 4 -14 0000000000000000
-56 4 -7 0000000000000000
-56 4 0 0000000000000000
-56 4 7 0000000000000000
-56 4 14 0000000000000000
-56 4 21 0000000000000000
-56 4 28 0000000000000000
-56 4 35 0000000000000000
-56 4 42 0000000000000000
-56 4 49 0000000000000000
-56 4 56 0000000000000000
-56 4 63 0000000000000000
-56 4 70 0000000000000000
-56 4 77 0000000000000000
-56 4 84 0000000000000000
-56 4 91 0000000000000000
-56 4 98 0000000000000000
-56 7 -70 0000000000000000
-56 7 -63 0000000000000000
-56 7 -56 0000000000000000
-56 7 -49 0000000000000000
-56 7 -42 0000000000000000
-56 7 -35 0000000000000000
-56 7 -28 0000000000000000
-56 7 -21 0000000000000000
-56 7 -14 0000000000000000
-56 7 -7 0000000000000000
-56 7 0 0000000000000000
-56 7 7 0000000000000000
-56 7 14 0000000000000000
-56 7 21 0000000000000000
-56 7 28 0000000000000000
-56 7 35 0000000000000000
-56 7 42 0000000000000000
-56 7 49 0000000000000000
-56 7 56 0000000000000000
-56 7 63 0000000000000000
-56 7 70 0000000000000000
-56 7 77 0000000000000000
-56 7 84 0000000000000000
-56 7 91 0000000000000000
-56 7 98 0000000000000000
-56 10 -70 0000000000000000
-56 10 -63 0000000000000000
-56 10 -56 0000000000000000
-56 10 -49 0000000000000000
-56 10 -42 0000000000000000
-56 10 -35 0000000000000000
-56 10 -28 0000000000000000
-56 10 -21 0000000000000000
-56 10 -14 0000000000000000
-56 10 -7 0000000000000000
-56 10 0 0000000000000000
-56 10 7 0000000000000000
-56 10 14 0000000000000000
-56 10 21 0000000000000000
-56 10 28 0000000000000000
-56 10 35 0000000000000000
-56 10 42 0000000000000000
-56 10 49 0000000000000000
-56 10 56 0000000000000000
-56 10 63 0000000000000000
-56 10 70 0000000000000000
-56 10 77 0000000000000000
-56 10 84 0000000000000000
-56 10 91 0000000000000000
-56 10 98 0000000000000000
-56 13 -70 0000000000000000
-56 13 -63 0000000000000000
-56 13 -56 0000000000000000
-56 13 -49 0000000000000000
-56 13 -42 0000000000000000
-56 13 -35 0000000000000000
-56 13 -28 0000000000000000
-56 13 -21 0000000000000000
-56 13 -14 0000000000000000
-56 13 -7 0000000000000000
-56 13 0 0000000000000000
-56 13 7 0000000000000000
-56 13 14 0000000000000000
-56 13 21 0000000000000000
-56 13 28 0000000000000000
-56 13 35 0000000000000000
-56 13 42 0000000000000000
-56 13 49 0000000000000000
-56 13 56 0000000000000000
-56 13 63 0000000000000000
-56 13 70 0000000000000000
-56 13 77 0000000000000000
-56 13 84 0000000000000000
-56 13 91 0000000000000000
-56 13 98 0000000000000000
-56 16 -70 0000000000000000
-56 16 -63 0000000000000000
-56 16 -56 0000000000000000
-56 16 -49 0000000000000000
-56 16 -42 0000000000000000
-56 16 -35 0000000000000000
-56 16 -28 0000000000000000
-56 16 -21 0000000000000000
-56 16 -14 0000000000000000
-56 16 -7 0000000000000000
-56 16 0 0000000000000000
-56 16 7 0000000000000000
-56 16 14 0000000000000000
-56 16 21 0000000000000000
-56 16 28 0000000000000000
-56 16 35 0000000000000000
-56 16 42 0000000000000000
-56 16 49 0000000000000000
-56 16 56 0000000000000000
-56 16 63 0000000000000000
-56 16 70 0000000000000000
-56 16 77 0000000000000000
-56 16 84 0000000000000000
-56 16 91 0000000000000000
-56 16 98 0000000000000000
-56 19 -70 0000000000000000
-56 19 -63 0000000000000000
-56 19 -56 0000000000000000
-56 19 -49 0000000000000000
-56 19 -42 0000000000000000
-56 19 -35 0000000000000000
-56 19 -28 0000000000000000
-56 19 -21 0000000000000000
-56 19 -14 0000000000000000
-56 19 -7 0000000000000000
-56 19 0 0000000000000000
-56 19 7 0000000000000000
-56 19 14 0000000000000000
-56 19 21 0000000000000000
-56 19 28 0000000000000000
-56 19 35 0000000000000000
-56 19 42 0000000000000000
-56 19 49 0000000000000000
-56 19 56 0000000000000000
-56 19 63 0000000000000000
-56 19 70 0000000000000000
-56 19 77 0000000000000000
-56 19 84 0000000000000000
-56 19 91 0000000000000000
-56 19 98 0000000000000000
-56 22 -70 0000000000000000
-56 22 -63 0000000000000000
-56 22 -56 0000000000000000
-56 22 -49 0000000000000000
-56 22 -42 0000000000000000
-56 22 -35 0000000000000000
-56 22 -28 0000000000000000
-56 22 -21 0000000000000000
-56 22 -14 0000000000000000
-56 22 -7 0000000000000000
-56 22 0 0000000000000000
-56 22 7 0000000000000000
-56 22 14 0000000000000000
-56 22 21 0000000000000000
-56 22 28 0000000000000000
-56 22 35 0000000000000000
-56 22 42 0000000000000000
-56 22 49 0000000000000000
-56 22 56 0000000000000000
-56 22 63 0000000000000000
-56 22 70 0000000000000000
-56 22 77 0000000000000000
-56 22 84 0000000000000000
-56 22 91 0000000000000000
-56 22 98 0000000000000000
-56 25 -70 0000000000000000
-56 25 -63 0000000000000000
-56 25 -56 0000000000000000
-56 25 -49 0000000000000000
-56 25 -42 0000000000000000
-56 25 -35 0000000000000000
-56 25 -28 0000000000000000
-56 25 -21 0000000000000000
-56 25 -14 0000000000000000
-56 25 -7 0000000000000000
-56 25 0 0000000000000000
-56 25 7 0000000000000000
-56 25 14 0000000000000000
-56 25 21 0000000000000000
-56 25 28 0000000000000000
-56 25 35 0000000000000000
-56 25 42 0000000000000000
-56 25 49 0000000000000000
-56 25 56 0000000000000000
-56 25 63 0000000000000000
-56 25 70 0000000000000000
-56 25 77 0000000000000000
-56 25 84 0000000000000000
-56 25 91 0000000000000000
-56 25 98 0000000000000000
-56 28 -70 0000000000000000
-56 28 -63 0000000000000000
-56 28 -56 0000000000000000
-56 28 -49 0000000000000000
-56 28 -42 0000000000000000
-56 28 -35 0000000000000000
-56 28 -28 0000000000000000
-56 28 -21 0000000000000000
-56 28 -14 0000000000000000
-56 28 -7 0000000000000000
-56 28 0 0000000000000000
-56 28 7 0000000000000000
-56 28 14 0000000000000000
-56 28 21 0000000000000000
-56 28 28 0000000000000000
-56 28 35 0000000000000000
-56 28 42 0000000000000000
-56 28 49 0000000000000000
-56 28 56 0000000000000000
-56 28 63 0000000000000000
-56 28 70 0000000000000000
-56 28 77 0000000000000000
-56 28 84 0000000000000000
-56 28 91 0000000000000000
-56 28 98 0000000000000000
-56 31 -70 0000000000000000
-56 31 -63 0000000000000000
-56 31 -56 0000000000000000
-56 31 -49 0000000000000000
-56 31 -42 0000000000000000
-56 31 -35 0000000000000000
-56 31 -28 0000000000000000
-56 31 -21 0000000000000000
-56 31 -14 0000000000000000
-56 31 -7 0000000000000000
-56 31 0 0000000000000000
-56 31 7 0000000000000000
-56 31 14 0000000000000000
-56 31 21 0000000000000000
-56 31 28 0000000000000000
-56 31 35 0000000000000000
-56 31 42 0000000000000000
-56 31 49 0000000000000000
-56 31 56 0000000000000000
-56 31 63 0000000000000000
-56 31 70 0000000000000000
-56 31 77 0000000000000000
-56 31 84 0000000000000000
-56 31 91 0000000000000000
-56 31 98 0000000000000000
-56 34 -70 0000000000000000
-56 34 -63 0000000000000000
-56 34 -56 0000000000000000
-56 34 -49 0000000000000000
-56 34 -42 0000000000000000
-56 34 -35 0000000000000000
-56 34 -28 0000000000000000
-56 34 -21 0000000000000000
-56 34 -14 0000000000000000
-56 34 -7 0000000000000000
-56 34 0 0000000000000000
-56 34 7 0000000000000000
-56 34 14 0000000000000000
-56 34 21 0000000000000000
-56 34 28 0000000000000000
-56 34 35 0000000000000000
-56 34 42 0000000000000000
-56 34 49 0000000000000000
-56 34 56 0000000000000000
-56 34 63 0000000000000000
-56 34 70 0000000000000000
-56 34 77 0000000000000000
-56 34 84 0000000000000000
-56 34 91 0000000000000000
-56 34 98 0000000000000000
-56 37 -70 0000000000000000
-56 37 -63 0000000000000000
-56 37 -56 0000000000000000
-56 37 -49 0000000000000000
-56 37 -42 0000000000000000
-56 37 -35 0000000000000000
-56 37 -28 0000000000000000
-56 37 -21 0000000000000000
-56 37 -14 0000000000000000
-56 37 -7 0000000000000000
-56 37 0 0000000000000000
-56 37 7 0000000000000000
-56 37 14 0000000000000000
-56 37 21 0000000000000000
-56 37 28 0000000000000000
-56 37 35 0000000000000000
-56 37 42 0000000000000000
-56 37 49 0000000000000000
-56 37 56 0000000000000000
-56 37 63 0000000000000000
-56 37 70 0000000000000000
-56 37 77 0000000000000000
-56 37 84 0000000000000000
-56 37 91 0000000000000000
-56 37 98 0000000000000000
-56 40 -70 0000000000000000
-56 40 -63 0000000000000000
-56 40 -56 0000000000000000
-56 40 -49 0000000000000000
-56 40 -42 0000000000000000
-56 40 -35 0000000000000000
-56 40 -28 0000000000000000
-56 40 -21 0000000000000000
-56 40 -14 0000000000000000
-56 40 -7 0000000000000000
-56 40 0 0000000000000000
-56 40 7 0000000000000000
-56 40 14 0000000000000000
-56 40 21 0000000000000000
-56 40 28 0000000000000000
-56 40 35 0000000000000000
-56 40 42 0000000000000000
-56 40 49 0000000000000000
-56 40 56 0000000000000000
-56 40 63 0000000000000000
-56 40 70 0000000000000000
-56 40 77 0000000000000000
-56 40 84 0000000000000000
-56 40 91 0000000000000000
-56 40 98 0000000000000000
-56 43 -70 0000000000000000
-56 43 -63 0000000000000000
-56 43 -56 0000000000000000
-56 43 -49 0000000000000000
-56 43 -42 0000000000000000
-56 43 -35 0000000000000000
-56 43 -28 0000000000000000
-56 43 -21 0000000000000000
-56 43 -14 0000000000000000
-56 43 -7 0000000000000000
-56 43 0 0000000000000000
-56 43 7 0000000000000000
-56 43 14 0000000000000000
-56 43 21 0000000000000000
-56 43 28 0000000000000000
-56 43 35 0000000000000000
-56 43 42 0000000000000000
-56 43 49 0000000000000000
-56 43 56 0000000000000000
-56 43 63 0000000000000000
-56 43 70 0000000000000000
-56 43 77 0000000000000000
-56 43 84 0000000000000000
-56 43 91 0000000000000000
-56 43 98 0000000000000000
-49 -95 -70 0000000000000000
-49 -95 -63 0000000000000000
-49 -95 -56 0000000000000000
-49 -95 -49 0000000000000000
-49 -95 -42 0000000000000000
-49 -95 -35 0000000000000000
-49 -95 -28 0000000000000000
-49 -95 -21 0000000000000000
-49 -95 -14 0000000000000000
-49 -95 -7 0000000000000000
-49 -95 0 0000000000000000
-49 -95 7 0000000000000000
-49 -95 14 0000000000000000
-49 -95 21 0000000000000000
-49 -95 28 0000000000000000
-49 -95 35 0000000000000000
-49 -95 42 0000000000000000
-49 -95 49 0000000000000000
-49 -95 56 0000000000000000
-49 -95 63 0000000000000000
-49 -95 70 0000000000000000
-49 -95 77 0000000000000000
-49 -95 84 0000000000000000
-49 -95 91 0000000000000000
-49 -95 98 0000000000000000
-49 -92 -70 0000000000000000
-49 -92 -63 0000000000000000
-49 -92 -56 0000000000000000
-49 -92 -49 0000000000000000
-49 -92 -42 0000000000000000
-49 -92 -35 0000000000000000
-49 -92 -28 0000000000000000
-49 -92 -21 0000000000000000
-49 -92 -14 0000000000000000
-49 -92 -7 0000000000000000
-49 -92 0 0000000000000000
-49 -92 7 0000000000000000
-49 -92 14 0000000000000000
-49 -92 21 0000000000000000
-49 -92 28 0000000000000000
-49 -92 35 0000000000000000
-49 -92 42 0000000000000000
-49 -92 49 0000000000000000
-49 -92 56 0000000000000000
-49 -92 63 0000000000000000
-49 -92 70 0000000000000000
-49 -92 77 0000000000000000
-49 -92 84 0000000000000000
-49 -92 91 0000000000000000
-49 -92 98 0000000000000000
-49 -89 -70 0000000000000000
-49 -89 -63 0000000000000000
-49 -89 -56 0000000000000000
-49 -89 -49 0000000000000000
-49 -89 -42 0000000000000000
-49 -89 -35 0000000000000000
-49 -89 -28 0000000000000000
-49 -89 -21 0000000000000000
-49 -89 -14 0000000000000000
-49 -89 -7 0000000000000000
-49 -89 0 0000000000000000
-49 -89 7 0000000000000000
-49 -89 14 0000000000000000
-49 -89 21 0000000000000000
-49 -89 28 0000000000000000
-49 -89 35 0000000000000000
-49 -89 42 0000000000000000
-49 -89 49 0000000000000000
-49 -89 56 0000000000000000
-49 -89 63 0000000000000000
-49 -89 70 0000000000000000
-49 -89 77 0000000000000000
-49 -89 84 0000000000000000
-49 -89 91 0000000000000000
-49 -89 98 0000000000000000
-49 -86 -70 0000000000000000
-49 -86 -63 0000000000000000
-49 -86 -56 0000000000000000
-49 -86 -49 0000000000000000
-49 -86 -42 0000000000000000
-49 -86 -35 0000000000000000
-49 -86 -28 0000000000000000
-49 -86 -21 0000000000000000
-49 -86 -14 0000000000000000
-49 -86 -7 0000000000000000
-49 -86 0 0000000000000000
-49 -86 7 0000000000000000
-49 -86 14 0000000000000000
-49 -86 21 0000000000000000
-49 -86 28 0000000000000000
-49 -86 35 0000000000000000
-49 -86 42 0000000000000000
-49 -86 49 0000000000000000
-49 -86 56 0000000000000000
-49 -86 63 0000000000000000
-49 -86 70 0000000000000000
-49 -86 77 0000000000000000
-49 -86 84 0000000000000000
-49 -86 91 0000000000000000
-49 -86 98 0000000000000000
-49 -83 -70 0000000000000000
-49 -83 -63 0000000000000000
-49 -83 -56 0000000000000000
-49 -83 -49 0000000000000000
-49 -83 -42 0000000000000000
-49 -83 -35 0000000000000000
-49 -83 -28 0000000000000000
-49 -83 -21 0000000000000000
-49 -83 -14 0000000000000000
-49 -83 -7 0000000000000000
-49 -83 0 0000000000000000
-49 -83 7 0000000000000000
-49 -83 14 0000000000000000
-49 -83 21 0000000000000000
-49 -83 28 0000000000000000
-49 -83 35 0000000000000000
-49 -83 42 0000000000000000
-49 -83 49 0000000000000000
-49 -83 56 0000000000000000
-49 -83 63 0000000000000000
-49 -83 70 0000000000000000
-49 -83 77 0000000000000000
-49 -83 84 0000000000000000
-49 -83 91 0000000000000000
-49 -83 98 0000000000000000
-49 -80 -70 0000000000000000
-49 -80 -63 0000000000000000
-49 -80 -56 0000000000000000
-49 -80 -49 0000000000000000
-49 -80 -42 0000000000000000
-49 -80 -35 0000000000000000
-49 -80 -28 0000000000000000
-49 -80 -21 0000000000000000
-49 -80 -14 0000000000000000
-49 -80 -7 0000000000000000
-49 -80 0 0000000000000000
-49 -80 7 0000000000000000
-49 -80 14 0000000000000000
-49 -80 21 0000000000000000
-49 -80 28 0000000000000000
-49 -80 35 0000000000000000
-49 -80 42 0000000000000000
-49 -80 49 0000000000000000
-49 -80 56 0000000000000000
-49 -80 63 0000000000000000
-49 -80 70 0000000000000000
-49 -80 77 0000000000000000
-49 -80 84 0000000000000000
-49 -80 91 0000000000000000
-49 -80 98 0000000000000000
-49 -77 -70 0000000000000000
-49 -77 -63 0000000000000000
-49 -77 -56 0000000000000000
-49 -77 -49 0000000000000000
-49 -77 -42 0000000000000000
-49 -77 -35 0000000000000000
-49 -77 -28 0000000000000000
-49 -77 -21 0000000000000000
-49 -77 -14 0000000000000000
-49 -77 -7 0000000000000000
-49 -77 0 0000000000000000
-49 -77 7 0000000000000000
-49 -77 14 0000000000000000
-49 -77 21 0000000000000000
-49 -77 28 0000000000000000
-49 -77 35 0000000000000000
-49 -77 42 0000000000000000
-49 -77 49 0000000000000000
-49 -77 56 0000000000000000
-49 -77 63 0000000000000000
-49 -77 70 0000000000000000
-49 -77 77 0000000000000000
-49 -77 84 0000000000000000
-49 -77 91 0000000000000000
-49 -77 98 0000000000000000
-49 -74 -70 0000000000000000
-49 -74 -63 0000000000000000
-49 -74 -56 0000000000000000
-49 -74 -49 0000000000000000
-49 -74 -42 0000000000000000
-49 -74 -35 0000000000000000
-49 -74 -28 0000000000000000
-49 -74 -21 0000000000000000
-49 -74 -14 0000000000000000
-49 -74 -7 0000000000000000
-49 -74 0 0000000000000000
-49 -74 7 0000000000000000
-49 -74 14 0000000000000000
-49 -74 21 0000000000000000
-49 -74 28 0000000000000000
-49 -74 35 0000000000000000
-49 -74 42 0000000000000000
-49 -74 49 0000000000000000
-49 -74 56 0000000000000000
-49 -74 63 0000000000000000
-49 -74 70 0000000000000000
-49 -74 77 0000000000000000
-49 -74 84 0000000000000000
-49 -74 91 0000000000000000
-49 -74 98 0000000000000000
-49 -71 -70 0000000000000000
-49 -71 -63 0000000000000000
-49 -71 -56 0000000000000000
-49 -71 -49 0000000000000000
-49 -71 -42 0000000000000000
-49 -71 -35 0000000000000000
-49 -71 -28 0000000000000000
-49 -71 -21 0000000000000000
-49 -71 -14 0000000000000000
-49 -71 -7 0000000000000000
-49 -71 0 0000000000000000
-49 -71 7 0000000000000000
-49 -71 14 0000000000000000
-49 -71 21 0000000000000000
-49 -71 28 0000000000000000
-49 -71 35 0000000000000000
-49 -71 42 0000000000000000
-49 -71 49 0000000000000000
-49 -71 56 0000000000000000
-49 -71 63 0000000000000000
-49 -71 70 0000000000000000
-49 -71 77 0000000000000000
-49 -71 84 0000000000000000
-49 -71 91 0000000000000000
-49 -71 98 0000000000000000
-49 -68 -70 0000000000000000
-49 -68 -63 0000000000000000
-49 -68 -56 0000000000000000
-49 -68 -49 0000000000000000
-49 -68 -42 0000000000000000
-49 -68 -35 0000000000000000
-49 -68 -28 0000000000000000
-49 -68 -21 0000000000000000
-49 -68 -14 0000000000000000
-49 -68 -7 0000000000000000
-49 -68 0 0000000000000000
-49 -68 7 0000000000000000
-49 -68 14 0000000000000000
-49 -68 21 0000000000000000
-49 -68 28 0000000000000000
-49 -68 35 0000000000000000
-49 -68 42 0000000000000000
-49 -68 49 0000000000000000
-49 -68 56 0000000000000000
-49 -68 63 0000000000000000
-49 -68 70 0000000000000000
-49 -68 77 0000000000000000
-49 -68 84 0000000000000000
-49 -68 91 0000000000000000
-49 -68 98 0000000000000000
-49 -65 -70 0000000000000000
-49 -65 -63 0000000000000000
-49 -65 -56 0000000000000000
-49 -65 -49 0000000000000000
-49 -65 -42 0000000000000000
-49 -65 -35 0000000000000000
-49 -65 -28 0000000000000000
-49 -65 -21 0000000000000000
-49 -65 -14 0000000000000000
-49 -65 -7 0000000000000000
-49 -65 0 0000000000000000
-49 -65 7 0000000000000000
-49 -65 14 0000000000000000
-49 -65 21 0000000000000000
-49 -65 28 0000000000000000
-49 -65 35 0000000000000000
-49 -65 42 0000000000000000
-49 -65 49 0000000000000000
-49 -65 56 0000000000000000
-49 -65 63 0000000000000000
-49 -65 70 0000000000000000
-49 -65 77 0000000000000000
-49 -65 84 0000000000000000
-49 -65 91 0000000000000000
-49 -65 98 0000000000000000
-49 -62 -70 0000000000000000
-49 -62 -63 0000000000000000
-49 -62 -56 0000000000000000
-49 -62 -49 0000000000000000
-49 -62 -42 0000000000000000
-49 -62 -35 0000000000000000
-49 -62 -28 0000000000000000
-49 -62 -21 0000000000000000
-49 -62 -14 0000000000000000
-49 -62 -7 0000000000000000
-49 -62 0 0000000000000000
-49 -62 7 0000000000000000
-49 -62 14 0000000000000000
-49 -62 21 0000000000000000
-49 -62 28 0000000000000000
-49 -62 35 0000000000000000
-49 -62 42 0000000000000000
-49 -62 49 0000000000000000
-49 -62 56 0000000000000000
-49 -62 63 0000000000000000
-49 -62 70 0000000000000000
-49 -62 77 0000000000000000
-49 -62 84 0000000000000000
-49 -62 91 0000000000000000
-49 -62 98 0000000000000000
-49 -59 -70 0000000000000000
-49 -59 -63 0000000000000000
-49 -59 -56 0000000000000000
-49 -59 -49 0000000000000000
-49 -59 -42 0000000000000000
-49 -59 -35 0000000000000000
-49 -59 -28 0000000000000000
-49 -59 -21 0000000000000000
-49 -59 -14 0000000000000000
-49 -59 -7 0000000000000000
-49 -59 0 0000000000000000
-49 -59 7 0000000000000000
-49 -59 14 0000000000000000
-49 -59 21 0000000000000000
-49 -59 28 0000000000000000
-49 -59 35 0000000000000000
-49 -59 42 0000000000000000
-49 -59 49 0000000000000000
-49 -59 56 0000000000000000
-49 -59 63 0000000000000000
-49 -59 70 0000000000000000
-49 -59 77 0000000000000000
-49 -59 84 0000000000000000
-49 -59 91 0000000000000000
-49 -59 98 0000000000000000
-49 -56 -70 0000000000000000
-49 -56 -63 0000000000000000
-49 -56 -56 0000000000000000
-49 -56 -49 0000000000000000
-49 -56 -42 0000000000000000
-49 -56 -35 0000000000000000
-49 -56 -28 0000000000000000
-49 -56 -21 0000000000000000
-49 -56 -14 0000000000000000
-49 -56 -7 0000000000000000
-49 -56 0 0000000000000000
-49 -56 7 0000000000000000
-49 -56 14 0000000000000000
-49 -56 21 0000000000000000
-49 -56 28 0000000000000000
-49 -56 35 0000000000000000
-49 -56 42 0000000000000000
-49 -56 49 0000000000000000
-49 -56 56 0000000000000000
-49 -56 63 0000000000000000
-49 -56 70 0000000000000000
-49 -56 77 0000000000000000
-49 -56 84 0000000000000000
-49 -56 91 0000000000000000
-49 -56 98 0000000000000000
-49 -53 -70 0000000000000000
-49 -53 -63 0000000000000000
-49 -53 -56 0000000000000000
-49 -53 -49 0000000000000000
-49 -53 -42 0000000000000000
-49 -53 -35 0000000000000000
-49 -53 -28 0000000000000000
-49 -53 -21 0000000000000000
-49 -53 -14 0000000000000000
-49 -53 -7 0000000000000000
-49 -53 0 0000000000000000
-49 -53 7 0000000000000000
-49 -53 14 0000000000000000
-49 -53 21 0000000000000000
-49 -53 28 0000000000000000
-49 -53 35 0000000000000000
-49 -53 42 0000000000000000
-49 -53 49 0000000000000000
-49 -53 56 0000000000000000
-49 -53 63 0000000000000000
-49 -53 70 0000000000000000
-49 -53 77 0000000000000000
-49 -53 84 0000000000000000
-49 -53 91 0000000000000000
-49 -53 98 0000000000000000
-49 -50 -70 0000000000000000
-49 -50 -63 0000000000000000
-49 -50 -56 0000000000000000
-49 -50 -49 0000000000000000
-49 -50 -42 0000000000000000
-49 -50 -35 0000000000000000
-49 -50 -28 0000000000000000
-49 -50 -21 0000000000000000
-49 -50 -14 0000000000000000
-49 -50 -7 0000000000000000
-49 -50 0 0000000000000000
-49 -50 7 0000000000000000
-49 -50 14 0000000000000000
-49 -50 21 0000000000000000
-49 -50 28 0000000000000000
-49 -50 35 0000000000000000
-49 -50 42 0000000000000000
-49 -50 49 0000000000000000
-49 -50 56 0000000000000000
-49 -50 63 0000000000000000
-49 -50 70 0000000000000000
-49 -50 77 0000000000000000
-49 -50 84 0000000000000000
-49 -50 91 0000000000000000
-49 -50 98 0000000000000000
-49 -47 -70 0000000000000000
-49 -47 -63 0000000000000000
-49 -47 -56 0000000000000000
-49 -47 -49 0000000000000000
-49 -47 -42 0000000000000000
-49 -47 -35 0000000000000000
-49 -47 -28 0000000000000000
-49 -47 -21 0000000000000000
-49 -47 -14 0000000000000000
-49 -47 -7 0000000000000000
-49 -47 0 0000000000000000
-49 -47 7 0000000000000000
-49 -47 14 0000000000000000
-49 -47 21 0000000000000000
-49 -47 28 0000000000000000
-49 -47 35 0000000000000000
-49 -47 42 0000000000000000
-49 -47 49 0000000000000000
-49 -47 56 0000000000000000
-49 -47 63 0000000000000000
-49 -47 70 0000000000000000
-49 -47 77 0000000000000000
-49 -47 84 0000000000000000
-49 -47 91 0000000000000000
-49 -47 98 0000000000000000
-49 -44 -70 0000000000000000
-49 -44 -63 0000000000000000
-49 -44 -56 0000000000000000
-49 -44 -49 0000000000000000
-49 -44 -42 0000000000000000
-49 -44 -35 0000000000000000
-49 -44 -28 0000000000000000
-49 -44 -21 0000000000000000
-49 -44 -14 0000000000000000
-49 -44 -7 0000000000000000
-49 -44 0 0000000000000000
-49 -44 7 0000000000000000
-49 -44 14 0000000000000000
-49 -44 21 0000000000000000
-49 -44 28 0000000000000000
-49 -44 35 0000000000000000
-49 -44 42 0000000000000000
-49 -44 49 0000000000000000
-49 -44 56 0000000000000000
-49 -44 63 0000000000000000
-49 -44 70 0000000000000000
-49 -44 77 0000000000000000
-49 -44 84 0000000000000000
-49 -44 91 0000000000000000
-49 -44 98 0000000000000000
-49 -41 -70 0000000000000000
-49 -41 -63 0000000000000000
-49 -41 -56 0000000000000000
-49 -41 -49 0000000000000000
-49 -41 -42 0000000000000000
-49 -41 -35 0000000000000000
-49 -41 -28 0000000000000000
-49 -41 -21 0000000000000000
-49 -41 -14 0000000000000000
-49 -41 -7 0000000000000000
-49 -41 0 0000000000000000
-49 -41 7 0000000000000000
-49 -41 14 0000000000000000
-49 -41 21 0000000000000000
-49 -41 28 0000000000000000
-49 -41 35 0000000000000000
-49 -41 42 0000000000000000
-49 -41 49 0000000000000000
-49 -41 56 0000000000000000
-49 -41 63 0000000000000000
-49 -41 70 0000000000000000
-49 -41 77 0000000000000000
-49 -41 84 0000000000000000
-49 -41 91 0000000000000000
-49 -41 98 0000000000000000
-49 -38 -70 0000000000000000
-49 -38 -63 0000000000000000
-49 -38 -56 0000000000000000
-49 -38 -49 0000000000000000
-49 -38 -42 0000000000000000
-49 -38 -35 0000000000000000
-49 -38 -28 0000000000000000
-49 -38 -21 0000000000000000
-49 -38 -14 0000000000000000
-49 -38 -7 0000000000000000
-49 -38 0 0000000000000000
-49 -38 7 0000000000000000
-49 -38 14 0000000000000000
-49 -38 21 0000000000000000
-49 -38 28 0000000000000000
-49 -38 35 0000000000000000
-49 -38 42 0000000000000000
-49 -38 49 0000000000000000
-49 -38 56 0000000000000000
-49 -38 63 0000000000000000
-49 -38 70 0000000000000000
-49 -38 77 0000000000000000
-49 -38 84 0000000000000000
-49 -38 91 0000000000000000
-49 -38 98 0000000000000000
-49 -35 -70 0000000000000000
-49 -35 -63 0000000000000000
-49 -35 -56 0000000000000000
-49 -35 -49 0000000000000000
-49 -35 -42 0000000000000000
-49 -35 -35 0000000000000000
-49 -35 -28 0000000000000000
-49 -35 -21 0000000000000000
-49 -35 -14 0000000000000000
-49 -35 -7 0000000000000000
-49 -35 0 0000000000000000
-49 -35 7 0000000000000000
-49 -35 14 0000000000000000
-49 -35 21 0000000000000000
-49 -35 28 0000000000000000
-49 -35 35 0000000000000000
-49 -35 42 0000000000000000
-49 -35 49 0000000000000000
-49 -35 56 0000000000000000
-49 -35 63 0000000000000000
-49 -35 70 0000000000000000
-49 -35 77 0000000000000000
-49 -35 84 0000000000000000
-49 -35 91 0000000000000000
-49 -35 98 0000000000000000
-49 -32 -70 0000000000000000
-49 -32 -63 0000000000000000
-49 -32 -56 0000000000000000
-49 -32 -49 0000000000000000
-49 -32 -42 0000000000000000
-49 -32 -35 0000000000000000
-49 -32 -28 0000000000000000
-49 -32 -21 0000000000000000
-49 -32 -14 0000000000000000
-49 -32 -7 0000000000000000
-49 -32 0 0000000000000000
-49 -32 7 0000000000000000
-49 -32 14 0000000000000000
-49 -32 21 0000000000000000
-49 -32 28 0000000000000000
-49 -32 35 0000000000000000
-49 -32 42 0000000000000000
-49 -32 49 0000000000000000
-49 -32 56 0000000000000000
-49 -32 63 0000000000000000
-49 -32 70 0000000000000000
-49 -32 77 0000000000000000
-49 -32 84 0000000000000000
-49 -32 91 0000000000000000
-49 -32 98 0000000000000000
-49 -29 -70 0000000000000000
-49 -29 -63 0000000000000000
-49 -29 -56 0000000000000000
-49 -29 -49 0000000000000000
-49 -29 -42 0000000000000000
-49 -29 -35 0000000000000000
-49 -29 -28 0000000000000000
-49 -29 -21 0000000000000000
-49 -29 -14 0000000000000000
-49 -29 -7 0000000000000000
-49 -29 0 0000000000000000
-49 -29 7 0000000000000000
-49 -29 14 0000000000000000
-49 -29 21 0000000000000000
-49 -29 28 0000000000000000
-49 -29 35 0000000000000000
-49 -29 42 0000000000000000
-49 -29 49 0000000000000000
-49 -29 56 0000000000000000
-49 -29 63 0000000000000000
-49 -29 70 0000000000000000
-49 -29 77 0000000000000000
-49 -29 84 0000000000000000
-49 -29 91 0000000000000000
-49 -29 98 0000000000000000
-49 -26 -70 0000000000000000
-49 -26 -63 0000000000000000
-49 -26 -56 0000000000000000
-49 -26 -49 0000000000000000
-49 -26 -42 0000000000000000
-49 -26 -35 0000000000000000
-49 -26 -28 0000000000000000
-49 -26 -21 0000000000000000
-49 -26 -14 0000000000000000
-49 -26 -7 0000000000000000
-49 -26 0 0000000000000000
-49 -26 7 0000000000000000
-49 -26 14 0000000000000000
-49 -26 21 0000000000000000
-49 -26 28 0000000000000000
-49 -26 35 0000000000000000
-49 -26 42 0000000000000000
-49 -26 49 0000000000000000
-49 -26 56 0000000000000000
-49 -26 63 0000000000000000
-49 -26 70 0000000000000000
-49 -26 77 0000000000000000
-49 -26 84 0000000000000000
-49 -26 91 0000000000000000
-49 -26 98 0000000000000000
-49 -23 -70 0000000000000000
-49 -23 -63 0000000000000000
-49 -23 -56 0000000000000000
-49 -23 -49 0000000000000000
-49 -23 -42 0000000000000000
-49 -23 -35 0000000000000000
-49 -23 -28 0000000000000000
-49 -23 -21 0000000000000000
-49 -23 -14 0000000000000000
-49 -23 -7 0000000000000000
-49 -23 0 0000000000000000
-49 -23 7 0000000000000000
-49 -23 14 0000000000000000
-49 -23 21 0000000000000000
-49 -23 28 0000000000000000
-49 -23 35 0000000000000000
-49 -23 42 0000000000000000
-49 -23 49 0000000000000000
-49 -23 56 0000000000000000
-49 -23 63 0000000000000000
-49 -23 70 0000000000000000
-49 -23 77 0000000000000000
-49 -23 84 0000000000000000
-49 -23 91 0000000000000000
-49 -23 98 0000000000000000
-49 -20 -70 0000000000000000
-49 -20 -63 0000000000000000
-49 -20 -56 0000000000000000
-49 -20 -49 0000000000000000
-49 -20 -42 0000000000000000
-49 -20 -35 0000000000000000
-49 -20 -28 0000000000000000
-49 -20 -21 0000000000000000
-49 -20 -14 0000000000000000
-49 -20 -7 0000000000000000
-49 -20 0 0000000000000000
-49 -20 7 0000000000000000
-49 -20 14 0000000000000000
-49 -20 21 0000000000000000
-49 -20 28 0000000000000000
-49 -20 35 0000000000000000
-49 -20 42 0000000000000000
-49 -20 49 0000000000000000
-49 -20 56 0000000000000000
-49 -20 63 0000000000000000
-49 -20 70 0000000000000000
-49 -20 77 0000000000000000
-49 -20 84 0000000000000000
-49 -20 91 0000000000000000
-49 -20 98 0000000000000000
-49 -17 -70 0000000000000000
-49 -17 -63 0000000000000000
-49 -17 -56 0000000000000000
-49 -17 -49 0000000000000000
-49 -17 -42 0000000000000000
-49 -17 -35 0000000000000000
-49 -17 -28 0000000000000000
-49 -17 -21 0000000000000000
-49 -17 -14 0000000000000000
-49 -17 -7 0000000000000000
-49 -17 0 0000000000000000
-49 -17 7 0000000000000000
-49 -17 14 0000000000000000
-49 -17 21 0000000000000000
-49 -17 28 0000000000000000
-49 -17 35 0000000000000000
-49 -17 42 0000000000000000
-49 -17 49 0000000000000000
-49 -17 56 0000000000000000
-49 -17 63 0000000000000000
-49 -17 70 0000000000000000
-49 -17 77 0000000000000000
-49 -17 84 0000000000000000
-49 -17 91 0000000000000000
-49 -17 98 0000000000000000
-49 -14 -70 0000000000000000
-49 -14 -63 0000000000000000
-49 -14 -56 0000000000000000
-49 -14 -49 0000000000000000
-49 -14 -42 0000000000000000
-49 -14 -35 0000000000000000
-49 -14 -28 0000000000000000
-49 -14 -21 0000000000000000
-49 -14 -14 0000000000000000
-49 -14 -7 0000000000000000
-49 -14 0 0000000000000000
-49 -14 7 0000000000000000
-49 -14 14 0000000000000000
-49 -14 21 0000000000000000
-49 -14 28 0000000000000000
-49 -14 35 0000000000000000
-49 -14 42 0000000000000000
-49 -14 49 0000000000000000
-49 -14 56 0000000000000000
-49 -14 63 0000000000000000
-49 -14 70 0000000000000000
-49 -14 77 0000000000000000
-49 -14 84 0000000000000000
-49 -14 91 0000000000000000
-49 -14 98 0000000000000000
-49 -11 -70 0000000000000000
-49 -11 -63 0000000000000000
-49 -11 -56 0000000000000000
-49 -11 -49 0000000000000000
-49 -11 -42 0000000000000000
-49 -11 -35 0000000000000000
-49 -11 -28 0000000000000000
-49 -11 -21 0000000000000000
-49 -11 -14 0000000000000000
-49 -11 -7 0000000000000000
-49 -11 0 0000000000000000
-49 -11 7 0000000000000000
-49 -11 14 0000000000000000
-49 -11 21 0000000000000000
-49 -11 28 0000000000000000
-49 -11 35 0000000000000000
-49 -11 42 0000000000000000
-49 -11 49 0000000000000000
-49 -11 56 0000000000000000
-49 -11 63 0000000000000000
-49 -11 70 0000000000000000
-49 -11 77 0000000000000000
-49 -11 84 0000000000000000
-49 -11 91 0000000000000000
-49 -11 98 0000000000000000
-49 -8 -70 0000000000000000
-49 -8 -63 0000000000000000
-49 -8 -56 0000000000000000
-49 -8 -49 0000000000000000
-49 -8 -42 0000000000000000
-49 -8 -35 0000000000000000
-49 -8 -28 0000000000000000
-49 -8 -21 0000000000000000
-49 -8 -14 0000000000000000
-49 -8 -7 0000000000000000
-49 -8 0 0000000000000000
-49 -8 7 0000000000000000
-49 -8 14 0000000000000000
-49 -8 21 0000000000000000
-49 -8 28 0000000000000000
-49 -8 35 0000000000000000
-49 -8 42 0000000000000000
-49 -8 49 0000000000000000
-49 -8 56 0000000000000000
-49 -8 63 0000000000000000
-49 -8 70 0000000000000000
-49 -8 77 0000000000000000
-49 -8 84 0000000000000000
-49 -8 91 0000000000000000
-49 -8 98 0000000000000000
-49 -5 -70 0000000000000000
-49 -5 -63 0000000000000000
-49 -5 -56 0000000000000000
-49 -5 -49 0000000000000000
-49 -5 -42 0000000000000000
-49 -5 -35 0000000000000000
-49 -5 -28 0000000000000000
-49 -5 -21 0000000000000000
-49 -5 -14 0000000000000000
-49 -5 -7 0000000000000000
-49 -5 0 0000000000000000
-49 -5 7 0000000000000000
-49 -5 14 0000000000000000
-49 -5 21 0000000000000000
-49 -5 28 0000000000000000
-49 -5 35 0000000000000000
-49 -5 42 0000000000000000
-49 -5 49 0000000000000000
-49 -5 56 0000000000000000
-49 -5 63 0000000000000000
-49 -5 70 0000000000000000
-49 -5 77 0000000000000000
-49 -5 84 0000000000000000
-49 -5 91 0000000000000000
-49 -5 98 0000000000000000
-49 -2 -70 0000000000000000
-49 -2 -63 0000000000000000
-49 -2 -56 0000000000000000
-49 -2 -49 0000000000000000
-49 -2 -42 0000000000000000
-49 -2 -35 0000000000000000
-49 -2 -28 0000000000000000
-49 -2 -21 0000000000000000
-49 -2 -14 0000000000000000
-49 -2 -7 0000000000000000
-49 -2 0 0000000000000000
-49 -2 7 0000000000000000
-49 -2 14 0000000000000000
-49 -2 21 0000000000000000
-49 -2 28 0000000000000000
-49 -2 35 0000000000000000
-49 -2 42 0000000000000000
-49 -2 49 0000000000000000
-49 -2 56 0000000000000000
-49 -2 63 0000000000000000
-49 -2 70 0000000000000000
-49 -2 77 0000000000000000
-49 -2 84 0000000000000000
-49 -2 91 0000000000000000
-49 -2 98 0000000000000000
-49 1 -70 0000000000000000
-49 1 -63 0000000000000000
-49 1 -56 0000000000000000
-49 1 -49 0000000000000000
-49 1 -42 0000000000000000
-49 1 -35 0000000000000000
-49 1 -28 0000000000000000
-49 1 -21 0000000000000000
-49 1 -14 0000000000000000
-49 1 -7 0000000000000000
-49 1 0 0000000000000000
-49 1 7 0000000000000000
-49 1 14 0000000000000000
-49 1 21 0000000000000000
-49 1 28 0000000000000000
-49 1 35 0000000000000000
-49 1 42 0000000000000000
-49 1 49 0000000000000000
-49 1 56 0000000000000000
-49 1 63 0000000000000000
-49 1 70 0000000000000000
-49 1 77 0000000000000000
-49 1 84 0000000000000000
-49 1 91 0000000000000000
-49 1 98 0000000000000000
-49 4 -70 0000000000000000
-49 4 -63 0000000000000000
-49 4 -56 0000000000000000
-49 4 -49 0000000000000000
-49 4 -42 0000000000000000
-49 4 -35 0000000000000000
-49 4 -28 0000000000000000
-49 4 -21 0000000000000000
-49 4 -14 0000000000000000
-49 4 -7 0000000000000000
-49 4 0 0000000000000000
-49 4 7 0000000000000000
-49 4 14 0000000000000000
-49 4 21 0000000000000000
-49 4 28 0000000000000000
-49 4 35 0000000000000000
-49 4 42 0000000000000000
-49 4 49 0000000000000000
-49 4 56 0000000000000000
-49 4 63 0000000000000000
-49 4 70 0000000000000000
-49 4 77 0000000000000000
-49 4 84 0000000000000000
-49 4 91 0000000000000000
-49 4 98 0000000000000000
-49 7 -70 0000000000000000
-49 7 -63 0000000000000000
-49 7 -56 0000000000000000
-49 7 -49 0000000000000000
-49 7 -42 0000000000000000
-49 7 -35 0000000000000000
-49 7 -28 0000000000000000
-49 7 -21 0000000000000000
-49 7 -14 0000000000000000
-49 7 -7 0000000000000000
-49 7 0 0000000000000000
-49 7 7 0000000000000000
-49 7 14 0000000000000000
-49 7 21 0000000000000000
-49 7 28 0000000000000000
-49 7 35 0000000000000000
-49 7 42 0000000000000000
-49 7 49 0000000000000000
-49 7 56 0000000000000000
-49 7 63 0000000000000000
-49 7 70 0000000000000000
-49 7 77 0000000000000000
-49 7 84 0000000000000000
-49 7 91 0000000000000000
-49 7 98 0000000000000000
-49 10 -70 0000000000000000
-49 10 -63 0000000000000000
-49 10 -56 0000000000000000
-49 10 -49 0000000000000000
-49 10 -42 0000000000000000
-49 10 -35 0000000000000000
-49 10 -28 0000000000000000
-49 10 -21 0000000000000000
-49 10 -14 0000000000000000
-49 10 -7 0000000000000000
-49 10 0 0000000000000000
-49 10 7 0000000000000000
-49 10 14 0000000000000000
-49 10 21 0000000000000000
-49 10 28 0000000000000000
-49 10 35 0000000000000000
-49 10 42 0000000000000000
-49 10 49 0000000000000000
-49 10 56 0000000000000000
-49 10 63 0000000000000000
-49 10 70 0000000000000000
-49 10 77 0000000000000000
-49 10 84 0000000000000000
-49 10 91 0000000000000000
-49 10 98 0000000000000000
-49 13 -70 0000000000000000
-49 13 -63 0000000000000000
-49 13 -56 0000000000000000
-49 13 -49 0000000000000000
-49 13 -42 0000000000000000
-49 13 -35 0000000000000000
-49 13 -28 0000000000000000
-49 13 -21 0000000000000000
-49 13 -14 0000000000000000
-49 13 -7 0000000000000000
-49 13 0 0000000000000000
-49 13 7 0000000000000000
-49 13 14 0000000000000000
-49 13 21 0000000000000000
-49 13 28 0000000000000000
-49 13 35 0000000000000000
-49 13 42 0000000000000000
-49 13 49 0000000000000000
-49 13 56 0000000000000000
-49 13 63 0000000000000000
-49 13 70 0000000000000000
-49 13 77 0000000000000000
-49 13 84 0000000000000000
-49 13 91 0000000000000000
-49 13 98 0000000000000000
-49 16 -70 0000000000000000
-49 16 -63 0000000000000000
-49 16 -56 0000000000000000
-49 16 -49 0000000000000000
-49 16 -42 0000000000000000
-49 16 -35 0000000000000000
-49 16 -28 0000000000000000
-49 16 -21 0000000000000000
-49 16 -14 0000000000000000
-49 16 -7 0000000000000000
-49 16 0 0000000000000000
-49 16 7 0000000000000000
-49 16 14 0000000000000000
-49 16 21 0000000000000000
-49 16 28 0000000000000000
-49 16 35 0000000000000000
-49 16 42 0000000000000000
-49 16 49 0000000000000000
-49 16 56 0000000000000000
-49 16 63 0000000000000000
-49 16 70 0000000000000000
-49 16 77 0000000000000000
-49 16 84 0000000000000000
-49 16 91 0000000000000000
-49 16 98 0000000000000000
-49 19 -70 0000000000000000
-49 19 -63 0000000000000000
-49 19 -56 0000000000000000
-49 19 -49 0000000000000000
-49 19 -42 0000000000000000
-49 19 -35 0000000000000000
-49 19 -28 0000000000000000
-49 19 -21 0000000000000000
-49 19 -14 0000000000000000
-49 19 -7 0000000000000000
-49 19 0 0000000000000000
-49 19 7 0000000000000000
-49 19 14 0000000000000000
-49 19 21 0000000000000000
-49 19 28 0000000000000000
-49 19 35 0000000000000000
-49 19 42 0000000000000000
-49 19 49 0000000000000000
-49 19 56 0000000000000000
-49 19 63 0000000000000000
-49 19 70 0000000000000000
-49 19 77 0000000000000000
-49 19 84 0000000000000000
-49 19 91 0000000000000000
-49 19 98 0000000000000000
-49 22 -70 0000000000000000
-49 22 -63 0000000000000000
-49 22 -56 0000000000000000
-49 22 -49 0000000000000000
-49 22 -42 0000000000000000
-49 22 -35 0000000000000000
-49 22 -28 0000000000000000
-49 22 -21 0000000000000000
-49 22 -14 0000000000000000
-49 22 -7 0000000000000000
-49 22 0 0000000000000000
-49 22 7 0000000000000000
-49 22 14 0000000000000000
-49 22 21 0000000000000000
-49 22 28 0000000000000000
-49 22 35 0000000000000000
-49 22 42 0000000000000000
-49 22 49 0000000000000000
-49 22 56 0000000000000000
-49 22 63 0000000000000000
-49 22 70 0000000000000000
-49 22 77 0000000000000000
-49 22 84 0000000000000000
-49 22 91 0000000000000000
-49 22 98 0000000000000000
-49 25 -70 0000000000000000
-49 25 -63 0000000000000000
-49 25 -56 0000000000000000
-49 25 -49 0000000000000000
-49 25 -42 0000000000000000
-49 25 -35 0000000000000000
-49 25 -28 0000000000000000
-49 25 -21 0000000000000000
-49 25 -14 0000000000000000
-49 25 -7 0000000000000000
-49 25 0 0000000000000000
-49 25 7 0000000000000000
-49 25 14 0000000000000000
-49 25 21 0000000000000000
-49 25 28 0000000000000000
-49 25 35 0000000000000000
-49 25 42 0000000000000000
-49 25 49 0000000000000000
-49 25 56 0000000000000000
-49 25 63 0000000000000000
-49 25 70 0000000000000000
-49 25 77 0000000000000000
-49 25 84 0000000000000000
-49 25 91 0000000000000000
-49 25 98 0000000000000000
-49 28 -70 0000000000000000
-49 28 -63 0000000000000000
-49 28 -56 0000000000000000
-49 28 -49 0000000000000000
-49 28 -42 0000000000000000
-49 28 -35 0000000000000000
-49 28 -28 0000000000000000
-49 28 -21 0000000000000000
-49 28 -14 0000000000000000
-49 28 -7 0000000000000000
-49 28 0 0000000000000000
-49 28 7 0000000000000000
-49 28 14 0000000000000000
-49 28 21 0000000000000000
-49 28 28 0000000000000000
-49 28 35 0000000000000000
-49 28 42 0000000000000000
-49 28 49 0000000000000000
-49 28 56 0000000000000000
-49 28 63 0000000000000000
-49 28 70 0000000000000000
-49 28 77 0000000000000000
-49 28 84 0000000000000000
-49 28 91 0000000000000000
-49 28 98 0000000000000000
-49 31 -70 0000000000000000
-49 31 -63 0000000000000000
-49 31 -56 0000000000000000
-49 31 -49 0000000000000000
-49 31 -42 0000000000000000
-49 31 -35 0000000000000000
-49 31 -28 0000000000000000
-49 31 -21 0000000000000000
-49 31 -14 0000000000000000
-49 31 -7 0000000000000000
-49 31 0 0000000000000000
-49 31 7 0000000000000000
-49 31 14 0000000000000000
-49 31 21 0000000000000000
-49 31 28 0000000000000000
-49 31 35 0000000000000000
-49 31 42 0000000000000000
-49 31 49 0000000000000000
-49 31 56 0000000000000000
-49 31 63 0000000000000000
-49 31 70 0000000000000000
-49 31 77 0000000000000000
-49 31 84 0000000000000000
-49 31 91 0000000000000000
-49 31 98 0000000000000000
-49 34 -70 0000000000000000
-49 34 -63 0000000000000000
-49 34 -56 0000000000000000
-49 34 -49 0000000000000000
-49 34 -42 0000000000000000
-49 34 -35 0000000000000000
-49 34 -28 0000000000000000
-49 34 -21 0000000000000000
-49 34 -14 0000000000000000
-49 34 -7 0000000000000000
-49 34 0 0000000000000000
-49 34 7 0000000000000000
-49 34 14 0000000000000000
-49 34 21 0000000000000000
-49 34 28 0000000000000000
-49 34 35 0000000000000000
-49 34 42 0000000000000000
-49 34 49 0000000000000000
-49 34 56 0000000000000000
-49 34 63 0000000000000000
-49 34 70 0000000000000000
-49 34 77 0000000000000000
-49 34 84 0000000000000000
-49 34 91 0000000000000000
-49 34 98 0000000000000000
-49 37 -70 0000000000000000
-49 37 -63 0000000000000000
-49 37 -56 0000000000000000
-49 37 -49 0000000000000000
-49 37 -42 0000000000000000
-49 37 -35 0000000000000000
-49 37 -28 0000000000000000
-49 37 -21 0000000000000000
-49 37 -14 0000000000000000
-49 37 -7 0000000000000000
-49 37 0 0000000000000000
-49 37 7 0000000000000000
-49 37 14 0000000000000000
-49 37 21 0000000000000000
-49 37 28 0000000000000000
-49 37 35 0000000000000000
-49 37 42 0000000000000000
-49 37 49 0000000000000000
-49 37 56 0000000000000000
-49 37 63 0000000000000000
-49 37 70 0000000000000000
-49 37 77 0000000000000000
-49 37 84 0000000000000000
-49 37 91 0000000000000000
-49 37 98 0000000000000000
-49 40 -70 0000000000000000
-49 40 -63 0000000000000000
-49 40 -56 0000000000000000
-49 40 -49 0000000000000000
-49 40 -42 0000000000000000
-49 40 -35 0000000000000000
-49 40 -28 0000000000000000
-49 40 -21 0000000000000000
-49 40 -14 0000000000000000
-49 40 -7 0000000000000000
-49 40 0 0000000000000000
-49 40 7 0000000000000000
-49 40 14 0000000000000000
-49 40 21 0000000000000000
-49 40 28 0000000000000000
-49 40 35 0000000000000000
-49 40 42 0000000000000000
-49 40 49 0000000000000000
-49 40 56 0000000000000000
-49 40 63 0000000000000000
-49 40 70 0000000000000000
-49 40 77 0000000000000000
-49 40 84 0000000000000000
-49 40 91 0000000000000000
-49 40 98 0000000000000000
-49 43 -70 0000000000000000
-49 43 -63 0000000000000000
-49 43 -56 0000000000000000
-49 43 -49 0000000000000000
-49 43 -42 0000000000000000
-49 43 -35 0000000000000000
-49 43 -28 0000000000000000
-49 43 -21 0000000000000000
-49 43 -14 0000000000000000
-49 43 -7 0000000000000000
-49 43 0 0000000000000000
-49 43 7 0000000000000000
-49 43 14 0000000000000000
-49 43 21 0000000000000000
-49 43 28 0000000000000000
-49 43 35 0000000000000000
-49 43 42 0000000000000000
-49 43 49 0000000000000000
-49 43 56 0000000000000000
-49 43 63 0000000000000000
-49 43 70 0000000000000000
-49 43 77 0000000000000000
-49 43 84 0000000000000000
-49 43 91 0000000000000000
-49 43 98 0000000000000000
-42 -95 -70 0000000000000000
-42 -95 -63 0000000000000000
-42 -95 -56 0000000000000000
-42 -95 -49 0000000000000000
-42 -95 -42 0000000000000000
-42 -95 -35 0000000000000000
-42 -95 -28 0000000000000000
-42 -95 -21 0000000000000000
-42 -95 -14 0000000000000000
-42 -95 -7 0000000000000000
-42 -95 0 0000000000000000
-42 -95 7 0000000000000000
-42 -95 14 0000000000000000
-42 -95 21 0000000000000000
-42 -95 28 0000000000000000
-42 -95 35 0000000000000000
-42 -95 42 0000000000000000
-42 -95 49 0000000000000000
-42 -95 56 0000000000000000
-42 -95 63 0000000000000000
-42 -95 70 0000000000000000
-42 -95 77 0000000000000000
-42 -95 84 0000000000000000
-42 -95 91 0000000000000000
-42 -95 98 0000000000000000
-42 -92 -70 0000000000000000
-42 -92 -63 0000000000000000
-42 -92 -56 0000000000000000
-42 -92 -49 0000000000000000
-42 -92 -42 0000000000000000
-42 -92 -35 0000000000000000
-42 -92 -28 0000000000000000
-42 -92 -21 0000000000000000
-42 -92 -14 0000000000000000
-42 -92 -7 0000000000000000
-42 -92 0 0000000000000000
-42 -92 7 0000000000000000
-42 -92 14 0000000000000000
-42 -92 21 0000000000000000
-42 -92 28 0000000000000000
-42 -92 35 0000000000000000
-42 -92 42 0000000000000000
-42 -92 49 0000000000000000
-42 -92 56 0000000000000000
-42 -92 63 0000000000000000
-42 -92 70 0000000000000000
-42 -92 77 0000000000000000
-42 -92 84 0000000000000000
-42 -92 91 0000000000000000
-42 -92 98 0000000000000000
-42 -89 -70 0000000000000000
-42 -89 -63 0000000000000000
-42 -89 -56 0000000000000000
-42 -89 -49 0000000000000000
-42 -89 -42 0000000000000000
-42 -89 -35 0000000000000000
-42 -89 -28 0000000000000000
-42 -89 -21 0000000000000000
-42 -89 -14 0000000000000000
-42 -89 -7 0000000000000000
-42 -89 0 0000000000000000
-42 -89 7 0000000000000000
-42 -89 14 0000000000000000
-42 -89 21 0000000000000000
-42 -89 28 0000000000000000
-42 -89 35 0000000000000000
-42 -89 42 0000000000000000
-42 -89 49 0000000000000000
-42 -89 56 0000000000000000
-42 -89 63 0000000000000000
-42 -89 70 0000000000000000
-42 -89 77 0000000000000000
-42 -89 84 0000000000000000
-42 -89 91 0000000000000000
-42 -89 98 0000000000000000
-42 -86 -70 0000000000000000
-42 -86 -63 0000000000000000
-42 -86 -56 0000000000000000
-42 -86 -49 0000000000000000
-42 -86 -42 0000000000000000
-42 -86 -35 0000000000000000
-42 -86 -28 0000000000000000
-42 -86 -21 0000000000000000
-42 -86 -14 0000000000000000
-42 -86 -7 0000000000000000
-42 -86 0 0000000000000000
-42 -86 7 0000000000000000
-42 -86 14 0000000000000000
-42 -86 21 0000000000000000
-42 -86 28 0000000000000000
-42 -86 35 0000000000000000
-42 -86 42 0000000000000000
-42 -86 49 0000000000000000
-42 -86 56 0000000000000000
-42 -86 63 0000000000000000
-42 -86 70 0000000000000000
-42 -86 77 0000000000000000
-42 -86 84 0000000000000000
-42 -86 91 0000000000000000
-42 -86 98 0000000000000000
-42 -83 -70 0000000000000000
-42 -83 -63 0000000000000000
-42 -83 -56 0000000000000000
-42 -83 -49 0000000000000000
-42 -83 -42 0000000000000000
-42 -83 -35 0000000000000000
-42 -83 -28 0000000000000000
-42 -83 -21 0000000000000000
-42 -83 -14 0000000000000000
-42 -83 -7 0000000000000000
-42 -83 0 0000000000000000
-42 -83 7 0000000000000000
-42 -83 14 0000000000000000
-42 -83 21 0000000000000000
-42 -83 28 0000000000000000
-42 -83 35 0000000000000000
-42 -83 42 0000000000000000
-42 -83 49 0000000000000000
-42 -83 56 0000000000000000
-42 -83 63 0000000000000000
-42 -83 70 0000000000000000
-42 -83 77 0000000000000000
-42 -83 84 0000000000000000
-42 -83 91 0000000000000000
-42 -83 98 0000000000000000
-42 -80 -70 0000000000000000
-42 -80 -63 0000000000000000
-42 -80 -56 0000000000000000
-42 -80 -49 0000000000000000
-42 -80 -42 0000000000000000
-42 -80 -35 0000000000000000
-42 -80 -28 0000000000000000
-42 -80 -21 0000000000000000
-42 -80 -14 0000000000000000
-42 -80 -7 0000000000000000
-42 -80 0 0000000000000000
-42 -80 7 0000000000000000
-42 -80 14 0000000000000000
-42 -80 21 0000000000000000
-42 -80 28 0000000000000000
-42 -80 35 0000000000000000
-42 -80 42 0000000000000000
-42 -80 49 0000000000000000
-42 -80 56 0000000000000000
-42 -80 63 0000000000000000
-42 -80 70 0000000000000000
-42 -80 77 0000000000000000
-42 -80 84 0000000000000000
-42 -80 91 0000000000000000
-42 -80 98 0000000000000000
-42 -77 -70 0000000000000000
-42 -77 -63 0000000000000000
-42 -77 -56 0000000000000000
-42 -77 -49 0000000000000000
-42 -77 -42 0000000000000000
-42 -77 -35 0000000000000000
-42 -77 -28 0000000000000000
-42 -77 -21 0000000000000000
-42 -77 -14 0000000000000000
-42 -77 -7 0000000000000000
-42 -77 0 0000000000000000
-42 -77 7 0000000000000000
-42 -77 14 0000000000000000
-42 -77 21 0000000000000000
-42 -77 28 0000000000000000
-42 -77 35 0000000000000000
-42 -77 42 0000000000000000
-42 -77 49 0000000000000000
-42 -77 56 0000000000000000
-42 -77 63 0000000000000000
-42 -77 70 0000000000000000
-42 -77 77 0000000000000000
-42 -77 84 0000000000000000
-42 -77 91 0000000000000000
-42 -77 98 0000000000000000
-42 -74 -70 0000000000000000
-42 -74 -63 0000000000000000
-42 -74 -56 0000000000000000
-42 -74 -49 0000000000000000
-42 -74 -42 0000000000000000
-42 -74 -35 0000000000000000
-42 -74 -28 0000000000000000
-42 -74 -21 0000000000000000
-42 -74 -14 0000000000000000
-42 -74 -7 0000000000000000
-42 -74 0 0000000000000000
-42 -74 7 0000000000000000
-42 -74 14 0000000000000000
-42 -74 21 0000000000000000
-42 -74 28 0000000000000000
-42 -74 35 0000000000000000
-42 -74 42 0000000000000000
-42 -74 49 0000000000000000
-42 -74 56 0000000000000000
-42 -74 63 0000000000000000
-42 -74 70 0000000000000000
-42 -74 77 0000000000000000
-42 -74 84 0000000000000000
-42 -74 91 0000000000000000
-42 -74 98 0000000000000000
-42 -71 -70 0000000000000000
-42 -71 -63 0000000000000000
-42 -71 -56 0000000000000000
-42 -71 -49 0000000000000000
-42 -71 -42 0000000000000000
-42 -71 -35 0000000000000000
-42 -71 -28 0000000000000000
-42 -71 -21 0000000000000000
-42 -71 -14 0000000000000000
-42 -71 -7 0000000000000000
-42 -71 0 0000000000000000
-42 -71 7 0000000000000000
-42 -71 14 0000000000000000
-42 -71 21 0000000000000000
-42 -71 28 0000000000000000
-42 -71 35 0000000000000000
-42 -71 42 0000000000000000
-42 -71 49 0000000000000000
-42 -71 56 0000000000000000
-42 -71 63 0000000000000000
-42 -71 70 0000000000000000
-42 -71 77 0000000000000000
-42 -71 84 0000000000000000
-42 -71 91 0000000000000000
-42 -71 98 0000000000000000
-42 -68 -70 0000000000000000
-42 -68 -63 0000000000000000
-42 -68 -56 0000000000000000
-42 -68 -49 0000000000000000
-42 -68 -42 0000000000000000
-42 -68 -35 0000000000000000
-42 -68 -28 0000000000000000
-42 -68 -21 0000000000000000
-42 -68 -14 0000000000000000
-42 -68 -7 0000000000000000
-42 -68 0 0000000000000000
-42 -68 7 0000000000000000
-42 -68 14 0000000000000000
-42 -68 21 0000000000000000
-42 -68 28 0000000000000000
-42 -68 35 0000000000000000
-42 -68 42 0000000000000000
-42 -68 49 0000000000000000
-42 -68 56 0000000000000000
-42 -68 63 0000000000000000
-42 -68 70 0000000000000000
-42 -68 77 0000000000000000
-42 -68 84 0000000000000000
-42 -68 91 0000000000000000
-42 -68 98 0000000000000000
-42 -65 -70 0000000000000000
-42 -65 -63 0000000000000000
-42 -65 -56 0000000000000000
-42 -65 -49 0000000000000000
-42 -65 -42 0000000000000000
-42 -65 -35 0000000000000000
-42 -65 -28 0000000000000000
-42 -65 -21 0000000000000000
-42 -65 -14 0000000000000000
-42 -65 -7 0000000000000000
-42 -65 0 0000000000000000
-42 -65 7 0000000000000000
-42 -65 14 0000000000000000
-42 -65 21 0000000000000000
-42 -65 28 0000000000000000
-42 -65 35 0000000000000000
-42 -65 42 0000000000000000
-42 -65 49 0000000000000000
-42 -65 56 0000000000000000
-42 -65 63 0000000000000000
-42 -65 70 0000000000000000
-42 -65 77 0000000000000000
-42 -65 84 0000000000000000
-42 -65 91 0000000000000000
-42 -65 98 0000000000000000
-42 -62 -70 0000000000000000
-42 -62 -63 0000000000000000
-42 -62 -56 0000000000000000
-42 -62 -49 0000000000000000
-42 -62 -42 0000000000000000
-42 -62 -35 0000000000000000
-42 -62 -28 0000000000000000
-42 -62 -21 0000000000000000
-42 -62 -14 0000000000000000
-42 -62 -7 0000000000000000
-42 -62 0 0000000000000000
-42 -62 7 0000000000000000
-42 -62 14 0000000000000000
-42 -62 21 0000000000000000
-42 -62 28 0000000000000000
-42 -62 35 0000000000000000
-42 -62 42 0000000000000000
-42 -62 49 0000000000000000
-42 -62 56 0000000000000000
-42 -62 63 0000000000000000
-42 -62 70 0000000000000000
-42 -62 77 0000000000000000
-42 -62 84 0000000000000000
-42 -62 91 0000000000000000
-42 -62 98 0000000000000000
-42 -59 -70 0000000000000000
-42 -59 -63 0000000000000000
-42 -59 -56 0000000000000000
-42 -59 -49 0000000000000000
-42 -59 -42 0000000000000000
-42 -59 -35 0000000000000000
-42 -59 -28 0000000000000000
-42 -59 -21 0000000000000000
-42 -59 -14 0000000000000000
-42 -59 -7 0000000000000000
-42 -59 0 0000000000000000
-42 -59 7 0000000000000000
-42 -59 14 0000000000000000
-42 -59 21 0000000000000000
-42 -59 28 0000000000000000
-42 -59 35 0000000000000000
-42 -59 42 0000000000000000
-42 -59 49 0000000000000000
-42 -59 56 0000000000000000
-42 -59 63 0000000000000000
-42 -59 70 0000000000000000
-42 -59 77 0000000000000000
-42 -59 84 0000000000000000
-42 -59 91 0000000000000000
-42 -59 98 0000000000000000
-42 -56 -70 0000000000000000
-42 -56 -63 0000000000000000
-42 -56 -56 0000000000000000
-42 -56 -49 0000000000000000
-42 -56 -42 0000000000000000
-42 -56 -35 0000000000000000
-42 -56 -28 0000000000000000
-42 -56 -21 0000000000000000
-42 -56 -14 0000000000000000
-42 -56 -7 0000000000000000
-42 -56 0 0000000000000000
-42 -56 7 0000000000000000
-42 -56 14 0000000000000000
-42 -56 21 0000000000000000
-42 -56 28 0000000000000000
-42 -56 35 0000000000000000
-42 -56 42 0000000000000000
-42 -56 49 0000000000000000
-42 -56 56 0000000000000000
-42 -56 63 0000000000000000
-42 -56 70 0000000000000000
-42 -56 77 0000000000000000
-42 -56 84 0000000000000000
-42 -56 91 0000000000000000
-42 -56 98 0000000000000000
-42 -53 -70 0000000000000000
-42 -53 -63 0000000000000000
-42 -53 -56 0000000000000000
-42 -53 -49 0000000000000000
-42 -53 -42 0000000000000000
-42 -53 -35 0000000000000000
-42 -53 -28 0000000000000000
-42 -53 -21 0000000000000000
-42 -53 -14 0000000000000000
-42 -53 -7 0000000000000000
-42 -53 0 0000000000000000
-42 -53 7 0000000000000000
-42 -53 14 0000000000000000
-42 -53 21 0000000000000000
-42 -53 28 0000000000000000
-42 -53 35 0000000000000000
-42 -53 42 0000000000000000
-42 -53 49 0000000000000000
-42 -53 56 0000000000000000
-42 -53 63 0000000000000000
-42 -53 70 0000000000000000
-42 -53 77 0000000000000000
-42 -53 84 0000000000000000
-42 -53 91 0000000000000000
-42 -53 98 0000000000000000
-42 -50 -70 0000000000000000
-42 -50 -63 0000000000000000
-42 -50 -56 0000000000000000
-42 -50 -49 0000000000000000
-42 -50 -42 0000000000000000
-42 -50 -35 0000000000000000
-42 -50 -28 0000000000000000
-42 -50 -21 0000000000000000
-42 -50 -14 0000000000000000
-42 -50 -7 0000000000000000
-42 -50 0 0000000000000000
-42 -50 7 0000000000000000
-42 -50 14 0000000000000000
-42 -50 21 0000000000000000
-42 -50 28 0000000000000000
-42 -50 35 0000000000000000
-42 -50 42 0000000000000000
-42 -50 49 0000000000000000
-42 -50 56 0000000000000000
-42 -50 63 0000000000000000
-42 -50 70 0000000000000000
-42 -50 77 0000000000000000
-42 -50 84 0000000000000000
-42 -50 91 0000000000000000
-42 -50 98 0000000000000000
-42 -47 -70 0000000000000000
-42 -47 -63 0000000000000000
-42 -47 -56 0000000000000000
-42 -47 -49 0000000000000000
-42 -47 -42 0000000000000000
-42 -47 -35 0000000000000000
-42 -47 -28 0000000000000000
-42 -47 -21 0000000000000000
-42 -47 -14 0000000000000000
-42 -47 -7 0000000000000000
-42 -47 0 0000000000000000
-42 -47 7 0000000000000000
-42 -47 14 0000000000000000
-42 -47 21 0000000000000000
-42 -47 28 0000000000000000
-42 -47 35 0000000000000000
-42 -47 42 0000000000000000
-42 -47 49 0000000000000000
-42 -47 56 0000000000000000
-42 -47 63 0000000000000000
-42 -47 70 0000000000000000
-42 -47 77 0000000000000000
-42 -47 84 0000000000000000
-42 -47 91 0000000000000000
-42 -47 98 0000000000000000
-42 -44 -70 0000000000000000
-42 -44 -63 0000000000000000
-42 -44 -56 0000000000000000
-42 -44 -49 0000000000000000
-42 -44 -42 0000000000000000
-42 -44 -35 0000000000000000
-42 -44 -28 0000000000000000
-42 -44 -21 0000000000000000
-42 -44 -14 0000000000000000
-42 -44 -7 0000000000000000
-42 -44 0 0000000000000000
-42 -44 7 0000000000000000
-42 -44 14 0000000000000000
-42 -44 21 0000000000000000
-42 -44 28 0000000000000000
-42 -44 35 0000000000000000
-42 -44 42 0000000000000000
-42 -44 49 0000000000000000
-42 -44 56 0000000000000000
-42 -44 63 0000000000000000
-42 -44 70 0000000000000000
-42 -44 77 0000000000000000
-42 -44 84 0000000000000000
-42 -44 91 0000000000000000
-42 -44 98 0000000000000000
-42 -41 -70 0000000000000000
-42 -41 -63 0000000000000000
-42 -41 -56 0000000000000000
-42 -41 -49 0000000000000000
-42 -41 -42 0000000000000000
-42 -41 -35 0000000000000000
-42 -41 -28 0000000000000000
-42 -41 -21 0000000000000000
-42 -41 -14 0000000000000000
-42 -41 -7 0000000000000000
-42 -41 0 0000000000000000
-42 -41 7 0000000000000000
-42 -41 14 0000000000000000
-42 -41 21 0000000000000000
-42 -41 28 0000000000000000
-42 -41 35 0000000000000000
-42 -41 42 0000000000000000
-42 -41 49 0000000000000000
-42 -41 56 0000000000000000
-42 -41 63 0000000000000000
-42 -41 70 0000000000000000
-42 -41 77 0000000000000000
-42 -41 84 0000000000000000
-42 -41 91 0000000000000000
-42 -41 98 0000000000000000
-42 -38 -70 0000000000000000
-42 -38 -63 0000000000000000
-42 -38 -56 0000000000000000
-42 -38 -49 0000000000000000
-42 -38 -42 0000000000000000
-42 -38 -35 0000000000000000
-42 -38 -28 0000000000000000
-42 -38 -21 0000000000000000
-42 -38 -14 0000000000000000
-42 -38 -7 0000000000000000
-42 -38 0 0000000000000000
-42 -38 7 0000000000000000
-42 -38 14 0000000000000000
-42 -38 21 0000000000000000
-42 -38 28 0000000000000000
-42 -38 35 0000000000000000
-42 -38 42 0000000000000000
-42 -38 49 0000000000000000
-42 -38 56 0000000000000000
-42 -38 63 0000000000000000
-42 -38 70 0000000000000000
-42 -38 77 0000000000000000
-42 -38 84 0000000000000000
-42 -38 91 0000000000000000
-42 -38 98 0000000000000000
-42 -35 -70 0000000000000000
-42 -35 -63 0000000000000000
-42 -35 -56 0000000000000000
-42 -35 -49 0000000000000000
-42 -35 -42 0000000000000000
-42 -35 -35 0000000000000000
-42 -35 -28 0000000000000000
-42 -35 -21 0000000000000000
-42 -35 -14 0000000000000000
-42 -35 -7 0000000000000000
-42 -35 0 0000000000000000
-42 -35 7 0000000000000000
-42 -35 14 0000000000000000
-42 -35 21 0000000000000000
-42 -35 28 0000000000000000
-42 -35 35 0000000000000000
-42 -35 42 0000000000000000
-42 -35 49 0000000000000000
-42 -35 56 0000000000000000
-42 -35 63 0000000000000000
-42 -35 70 0000000000000000
-42 -35 77 0000000000000000
-42 -35 84 0000000000000000
-42 -35 91 0000000000000000
-42 -35 98 0000000000000000
-42 -32 -70 0000000000000000
-42 -32 -63 0000000000000000
-42 -32 -56 0000000000000000
-42 -32 -49 0000000000000000
-42 -32 -42 0000000000000000
-42 -32 -35 0000000000000000
-42 -32 -28 0000000000000000
-42 -32 -21 0000000000000000
-42 -32 -14 0000000000000000
-42 -32 -7 0000000000000000
-42 -32 0 0000000000000000
-42 -32 7 0000000000000000
-42 -32 14 0000000000000000
-42 -32 21 0000000000000000
-42 -32 28 0000000000000000
-42 -32 35 0000000000000000
-42 -32 42 0000000000000000
-42 -32 49 0000000000000000
-42 -32 56 0000000000000000
-42 -32 63 0000000000000000
-42 -32 70 0000000000000000
-42 -32 77 0000000000000000
-42 -32 84 0000000000000000
-42 -32 91 0000000000000000
-42 -32 98 0000000000000000
-42 -29 -70 0000000000000000
-42 -29 -63 0000000000000000
-42 -29 -56 0000000000000000
-42 -29 -49 0000000000000000
-42 -29 -42 0000000000000000
-42 -29 -35 0000000000000000
-42 -29 -28 0000000000000000
-42 -29 -21 0000000000000000
-42 -29 -14 0000000000000000
-42 -29 -7 0000000000000000
-42 -29 0 0000000000000000
-42 -29 7 0000000000000000
-42 -29 14 0000000000000000
-42 -29 21 0000000000000000
-42 -29 28 0000000000000000
-42 -29 35 0000000000000000
-42 -29 42 0000000000000000
-42 -29 49 0000000000000000
-42 -29 56 0000000000000000
-42 -29 63 0000000000000000
-42 -29 70 0000000000000000
-42 -29 77 0000000000000000
-42 -29 84 0000000000000000
-42 -29 91 0000000000000000
-42 -29 98 0000000000000000
-42 -26 -70 0000000000000000
-42 -26 -63 0000000000000000
-42 -26 -56 0000000000000000
-42 -26 -49 0000000000000000
-42 -26 -42 0000000000000000
-42 -26 -35 0000000000000000
-42 -26 -28 0000000000000000
-42 -26 -21 0000000000000000
-42 -26 -14 0000000000000000
-42 -26 -7 0000000000000000
-42 -26 0 0000000000000000
-42 -26 7 0000000000000000
-42 -26 14 0000000000000000
-42 -26 21 0000000000000000
-42 -26 28 0000000000000000
-42 -26 35 0000000000000000
-42 -26 42 0000000000000000
-42 -26 49 0000000000000000
-42 -26 56 0000000000000000
-42 -26 63 0000000000000000
-42 -26 70 0000000000000000
-42 -26 77 0000000000000000
-42 -26 84 0000000000000000
-42 -26 91 0000000000000000
-42 -26 98 0000000000000000
-42 -23 -70 0000000000000000
-42 -23 -63 0000000000000000
-42 -23 -56 0000000000000000
-42 -23 -49 0000000000000000
-42 -23 -42 0000000000000000
-42 -23 -35 0000000000000000
-42 -23 -28 0000000000000000
-42 -23 -21 0000000000000000
-42 -23 -14 0000000000000000
-42 -23 -7 0000000000000000
-42 -23 0 0000000000000000
-42 -23 7 0000000000000000
-42 -23 14 0000000000000000
-42 -23 21 0000000000000000
-42 -23 28 0000000000000000
-42 -23 35 0000000000000000
-42 -23 42 0000000000000000
-42 -23 49 0000000000000000
-42 -23 56 0000000000000000
-42 -23 63 0000000000000000
-42 -23 70 0000000000000000
-42 -23 77 0000000000000000
-42 -23 84 0000000000000000
-42 -23 91 0000000000000000
-42 -23 98 0000000000000000
-42 -20 -70 0000000000000000
-42 -20 -63 0000000000000000
-42 -20 -56 0000000000000000
-42 -20 -49 0000000000000000
-42 -20 -42 0000000000000000
-42 -20 -35 0000000000000000
-42 -20 -28 0000000000000000
-42 -20 -21 0000000000000000
-42 -20 -14 0000000000000000
-42 -20 -7 0000000000000000
-42 -20 0 0000000000000000
-42 -20 7 0000000000000000
-42 -20 14 0000000000000000
-42 -20 21 0000000000000000
-42 -20 28 0000000000000000
-42 -20 35 0000000000000000
-42 -20 42 0000000000000000
-42 -20 49 0000000000000000
-42 -20 56 0000000000000000
-42 -20 63 0000000000000000
-42 -20 70 0000000000000000
-42 -20 77 0000000000000000
-42 -20 84 0000000000000000
-42 -20 91 0000000000000000
-42 -20 98 0000000000000000
-42 -17 -70 0000000000000000
-42 -17 -63 0000000000000000
-42 -17 -56 0000000000000000
-42 -17 -49 0000000000000000
-42 -17 -42 0000000000000000
-42 -17 -35 0000000000000000
-42 -17 -28 0000000000000000
-42 -17 -21 0000000000000000
-42 -17 -14 0000000000000000
-42 -17 -7 0000000000000000
-42 -17 0 0000000000000000
-42 -17 7 0000000000000000
-42 -17 14 0000000000000000
-42 -17 21 0000000000000000
-42 -17 28 0000000000000000
-42 -17 35 0000000000000000
-42 -17 42 0000000000000000
-42 -17 49 0000000000000000
-42 -17 56 0000000000000000
-42 -17 63 0000000000000000
-42 -17 70 0000000000000000
-42 -17 77 0000000000000000
-42 -17 84 0000000000000000
-42 -17 91 0000000000000000
-42 -17 98 0000000000000000
-42 -14 -70 0000000000000000
-42 -14 -63 0000000000000000
-42 -14 -56 0000000000000000
-42 -14 -49 0000000000000000
-42 -14 -42 0000000000000000
-42 -14 -35 0000000000000000
-42 -14 -28 0000000000000000
-42 -14 -21 0000000000000000
-42 -14 -14 0000000000000000
-42 -14 -7 0000000000000000
-42 -14 0 0000000000000000
-42 -14 7 0000000000000000
-42 -14 14 0000000000000000
-42 -14 21 0000000000000000
-42 -14 28 0000000000000000
-42 -14 35 0000000000000000
-42 -14 42 0000000000000000
-42 -14 49 0000000000000000
-42 -14 56 0000000000000000
-42 -14 63 0000000000000000
-42 -14 70 0000000000000000
-42 -14 77 0000000000000000
-42 -14 84 0000000000000000
-42 -14 91 0000000000000000
-42 -14 98 0000000000000000
-42 -11 -70 0000000000000000
-42 -11 -63 0000000000000000
-42 -11 -56 0000000000000000
-42 -11 -49 0000000000000000
-42 -11 -42 0000000000000000
-42 -11 -35 0000000000000000
-42 -11 -28 0000000000000000
-42 -11 -21 0000000000000000
-42 -11 -14 0000000000000000
-42 -11 -7 0000000000000000
-42 -11 0 0000000000000000
-42 -11 7 0000000000000000
-42 -11 14 0000000000000000
-42 -11 21 0000000000000000
-42 -11 28 0000000000000000
-42 -11 35 0000000000000000
-42 -11 42 0000000000000000
-42 -11 49 0000000000000000
-42 -11 56 0000000000000000
-42 -11 63 0000000000000000
-42 -11 70 0000000000000000
-42 -11 77 0000000000000000
-42 -11 84 0000000000000000
-42 -11 91 0000000000000000
-42 -11 98 0000000000000000
-42 -8 -70 0000000000000000
-42 -8 -63 0000000000000000
-42 -8 -56 0000000000000000
-42 -8 -49 0000000000000000
-42 -8 -42 0000000000000000
-42 -8 -35 0000000000000000
-42 -8 -28 0000000000000000
-42 -8 -21 0000000000000000
-42 -8 -14 0000000000000000
-42 -8 -7 0000000000000000
-42 -8 0 0000000000000000
-42 -8 7 0000000000000000
-42 -8 14 0000000000000000
-42 -8 21 0000000000000000
-42 -8 28 0000000000000000
-42 -8 35 0000000000000000
-42 -8 42 0000000000000000
-42 -8 49 0000000000000000
-42 -8 56 0000000000000000
-42 -8 63 0000000000000000
-42 -8 70 0000000000000000
-42 -8 77 0000000000000000
-42 -8 84 0000000000000000
-42 -8 91 0000000000000000
-42 -8 98 0000000000000000
-42 -5 -70 0000000000000000
-42 -5 -63 0000000000000000
-42 -5 -56 0000000000000000
-42 -5 -49 0000000000000000
-42 -5 -42 0000000000000000
-42 -5 -35 0000000000000000
-42 -5 -28 0000000000000000
-42 -5 -21 0000000000000000
-42 -5 -14 0000000000000000
-42 -5 -7 0000000000000000
-42 -5 0 0000000000000000
-42 -5 7 0000000000000000
-42 -5 14 0000000000000000
-42 -5 21 0000000000000000
-42 -5 28 0000000000000000
-42 -5 35 0000000000000000
-42 -5 42 0000000000000000
-42 -5 49 0000000000000000
-42 -5 56 0000000000000000
-42 -5 63 0000000000000000
-42 -5 70 0000000000000000
-42 -5 77 0000000000000000
-42 -5 84 0000000000000000
-42 -5 91 0000000000000000
-42 -5 98 0000000000000000
-42 -2 -70 0000000000000000
-42 -2 -63 0000000000000000
-42 -2 -56 0000000000000000
-42 -2 -49 0000000000000000
-42 -2 -42 0000000000000000
-42 -2 -35 0000000000000000
-42 -2 -28 0000000000000000
-42 -2 -21 0000000000000000
-42 -2 -14 0000000000000000
-42 -2 -7 0000000000000000
-42 -2 0 0000000000000000
-42 -2 7 0000000000000000
-42 -2 14 0000000000000000
-42 -2 21 0000000000000000
-42 -2 28 0000000000000000
-42 -2 35 0000000000000000
-42 -2 42 0000000000000000
-42 -2 49 0000000000000000
-42 -2 56 0000000000000000
-42 -2 63 0000000000000000
-42 -2 70 0000000000000000
-42 -2 77 0000000000000000
-42 -2 84 0000000000000000
-42 -2 91 0000000000000000
-42 -2 98 0000000000000000
-42 1 -70 0000000000000000
-42 1 -63 0000000000000000
-42 1 -56 0000000000000000
-42 1 -49 0000000000000000
-42 1 -42 0000000000000000
-42 1 -35 0000000000000000
-42 1 -28 0000000000000000
-42 1 -21 0000000000000000
-42 1 -14 0000000000000000
-42 1 -7 0000000000000000
-42 1 0 0000000000000000
-42 1 7 0000000000000000
-42 1 14 0000000000000000
-42 1 21 0000000000000000
-42 1 28 0000000000000000
-42 1 35 0000000000000000
-42 1 42 0000000000000000
-42 1 49 0000000000000000
-42 1 56 0000000000000000
-42 1 63 0000000000000000
-42 1 70 0000000000000000
-42 1 77 0000000000000000
-42 1 84 0000000000000000
-42 1 91 0000000000000000
-42 1 98 0000000000000000
-42 4 -70 0000000000000000
-42 4 -63 0000000000000000
-42 4 -56 0000000000000000
-42 4 -49 0000000000000000
-42 4 -42 0000000000000000
-42 4 -35 0000000000000000
-42 4 -28 0000000000000000
-42 4 -21 0000000000000000
-42 4 -14 0000000000000000
-42 4 -7 0000000000000000
-42 4 0 0000000000000000
-42 4 7 0000000000000000
-42 4 14 0000000000000000
-42 4 21 0000000000000000
-42 4 28 0000000000000000
-42 4 35 0000000000000000
-42 4 42 0000000000000000
-42 4 49 0000000000000000
-42 4 56 0000000000000000
-42 4 63 0000000000000000
-42 4 70 0000000000000000
-42 4 77 0000000000000000
-42 4 84 0000000000000000
-42 4 91 0000000000000000
-42 4 98 0000000000000000
-42 7 -70 0000000000000000
-42 7 -63 0000000000000000
-42 7 -56 0000000000000000
-42 7 -49 0000000000000000
-42 7 -42 0000000000000000
-42 7 -35 0000000000000000
-42 7 -28 0000000000000000
-42 7 -21 0000000000000000
-42 7 -14 0000000000000000
-42 7 -7 0000000000000000
-42 7 0 0000000000000000
-42 7 7 0000000000000000
-42 7 14 0000000000000000
-42 7 21 0000000000000000
-42 7 28 0000000000000000
-42 7 35 0000000000000000
-42 7 42 0000000000000000
-42 7 49 0000000000000000
-42 7 56 0000000000000000
-42 7 63 0000000000000000
-42 7 70 0000000000000000
-42 7 77 0000000000000000
-42 7 84 0000000000000000
-42 7 91 0000000000000000
-42 7 98 0000000000000000
-42 10 -70 0000000000000000
-42 10 -63 0000000000000000
-42 10 -56 0000000000000000
-42 10 -49 0000000000000000
-42 10 -42 0000000000000000
-42 10 -35 0000000000000000
-42 10 -28 0000000000000000
-42 10 -21 0000000000000000
-42 10 -14 0000000000000000
-42 10 -7 0000000000000000
-42 10 0 0000000000000000
-42 10 7 0000000000000000
-42 10 14 0000000000000000
-42 10 21 0000000000000000
-42 10 28 0000000000000000
-42 10 35 0000000000000000
-42 10 42 0000000000000000
-42 10 49 0000000000000000
-42 10 56 0000000000000000
-42 10 63 0000000000000000
-42 10 70 0000000000000000
-42 10 77 0000000000000000
-42 10 84 0000000000000000
-42 10 91 0000000000000000
-42 10 98 0000000000000000
-42 13 -70 0000000000000000
-42 13 -63 0000000000000000
-42 13 -56 0000000000000000
-42 13 -49 0000000000000000
-42 13 -42 0000000000000000
-42 13 -35 0000000000000000
-42 13 -28 0000000000000000
-42 13 -21 0000000000000000
-42 13 -14 0000000000000000
-42 13 -7 0000000000000000
-42 13 0 0000000000000000
-42 13 7 0000000000000000
-42 13 14 0000000000000000
-42 13 21 0000000000000000
-42 13 28 0000000000000000
-42 13 35 0000000000000000
-42 13 42 0000000000000000
-42 13 49 0000000000000000
-42 13 56 0000000000000000
-42 13 63 0000000000000000
-42 13 70 0000000000000000
-42 13 77 0000000000000000
-42 13 84 0000000000000000
-42 13 91 0000000000000000
-42 13 98 0000000000000000
-42 16 -70 0000000000000000
-42 16 -63 0000000000000000
-42 16 -56 0000000000000000
-42 16 -49 0000000000000000
-42 16 -42 0000000000000000
-42 16 -35 0000000000000000
-42 16 -28 0000000000000000
-42 16 -21 0000000000000000
-42 16 -14 0000000000000000
-42 16 -7 0000000000000000
-42 16 0 0000000000000000
-42 16 7 0000000000000000
-42 16 14 0000000000000000
-42 16 21 0000000000000000
-42 16 28 0000000000000000
-42 16 35 0000000000000000
-42 16 42 0000000000000000
-42 16 49 0000000000000000
-42 16 56 0000000000000000
-42 16 63 0000000000000000
-42 16 70 0000000000000000
-42 16 77 0000000000000000
-42 16 84 0000000000000000
-42 16 91 0000000000000000
-42 16 98 0000000000000000
-42 19 -70 0000000000000000
-42 19 -63 0000000000000000
-42 19 -56 0000000000000000
-42 19 -49 0000000000000000
-42 19 -42 0000000000000000
-42 19 -35 0000000000000000
-42 19 -28 0000000000000000
-42 19 -21 0000000000000000
-42 19 -14 0000000000000000
-42 19 -7 0000000000000000
-42 19 0 0000000000000000
-42 19 7 0000000000000000
-42 19 14 0000000000000000
-42 19 21 0000000000000000
-42 19 28 0000000000000000
-42 19 35 0000000000000000
-42 19 42 0000000000000000
-42 19 49 0000000000000000
-42 19 56 0000000000000000
-42 19 63 0000000000000000
-42 19 70 0000000000000000
-42 19 77 0000000000000000
-42 19 84 0000000000000000
-42 19 91 0000000000000000
-42 19 98 0000000000000000
-42 22 -70 0000000000000000
-42 22 -63 0000000000000000
-42 22 -56 0000000000000000
-42 22 -49 0000000000000000
-42 22 -42 0000000000000000
-42 22 -35 0000000000000000
-42 22 -28 0000000000000000
-42 22 -21 0000000000000000
-42 22 -14 0000000000000000
-42 22 -7 0000000000000000
-42 22 0 0000000000000000
-42 22 7 0000000000000000
-42 22 14 0000000000000000
-42 22 21 0000000000000000
-42 22 28 0000000000000000
-42 22 35 0000000000000000
-42 22 42 0000000000000000
-42 22 49 0000000000000000
-42 22 56 0000000000000000
-42 22 63 0000000000000000
-42 22 70 0000000000000000
-42 22 77 0000000000000000
-42 22 84 0000000000000000
-42 22 91 0000000000000000
-42 22 98 0000000000000000
-42 25 -70 0000000000000000
-42 25 -63 0000000000000000
-42 25 -56 0000000000000000
-42 25 -49 0000000000000000
-42 25 -42 0000000000000000
-42 25 -35 0000000000000000
-42 25 -28 0000000000000000
-42 25 -21 0000000000000000
-42 25 -14 0000000000000000
-42 25 -7 0000000000000000
-42 25 0 0000000000000000
-42 25 7 0000000000000000
-42 25 14 0000000000000000
-42 25 21 0000000000000000
-42 25 28 0000000000000000
-42 25 35 0000000000000000
-42 25 42 0000000000000000
-42 25 49 0000000000000000
-42 25 56 0000000000000000
-42 25 63 0000000000000000
-42 25 70 0000000000000000
-42 25 77 0000000000000000
-42 25 84 0000000000000000
-42 25 91 0000000000000000
-42 25 98 0000000000000000
-42 28 -70 0000000000000000
-42 28 -63 0000000000000000
-42 28 -56 0000000000000000
-42 28 -49 0000000000000000
-42 28 -42 0000000000000000
-42 28 -35 0000000000000000
-42 28 -28 0000000000000000
-42 28 -21 0000000000000000
-42 28 -14 0000000000000000
-42 28 -7 0000000000000000
-42 28 0 0000000000000000
-42 28 7 0000000000000000
-42 28 14 0000000000000000
-42 28 21 0000000000000000
-42 28 28 0000000000000000
-42 28 35 0000000000000000
-42 28 42 0000000000000000
-42 28 49 0000000000000000
-42 28 56 0000000000000000
-42 28 63 0000000000000000
-42 28 70 0000000000000000
-42 28 77 0000000000000000
-42 28 84 0000000000000000
-42 28 91 0000000000000000
-42 28 98 0000000000000000
-42 31 -70 0000000000000000
-42 31 -63 0000000000000000
-42 31 -56 0000000000000000
-42 31 -49 0000000000000000
-42 31 -42 0000000000000000
-42 31 -35 0000000000000000
-42 31 -28 0000000000000000
-42 31 -21 0000000000000000
-42 31 -14 0000000000000000
-42 31 -7 0000000000000000
-42 31 0 0000000000000000
-42 31 7 0000000000000000
-42 31 14 0000000000000000
-42 31 21 0000000000000000
-42 31 28 0000000000000000
-42 31 35 0000000000000000
-42 31 42 0000000000000000
-42 31 49 0000000000000000
-42 31 56 0000000000000000
-42 31 63 0000000000000000
-42 31 70 0000000000000000
-42 31 77 0000000000000000
-42 31 84 0000000000000000
-42 31 91 0000000000000000
-42 31 98 0000000000000000
-42 34 -70 0000000000000000
-42 34 -63 0000000000000000
-42 34 -56 0000000000000000
-42 34 -49 0000000000000000
-42 34 -42 0000000000000000
-42 34 -35 0000000000000000
-42 34 -28 0000000000000000
-42 34 -21 0000000000000000
-42 34 -14 0000000000000000
-42 34 -7 0000000000000000
-42 34 0 0000000000000000
-42 34 7 0000000000000000
-42 34 14 0000000000000000
-42 34 21 0000000000000000
-42 34 28 0000000000000000
-42 34 35 0000000000000000
-42 34 42 0000000000000000
-42 34 49 0000000000000000
-42 34 56 0000000000000000
-42 34 63 0000000000000000
-42 34 70 0000000000000000
-42 34 77 0000000000000000
-42 34 84 0000000000000000
-42 34 91 0000000000000000
-42 34 98 0000000000000000
-42 37 -70 0000000000000000
-42 37 -63 0000000000000000
-42 37 -56 0000000000000000
-42 37 -49 0000000000000000
-42 37 -42 0000000000000000
-42 37 -35 0000000000000000
-42 37 -28 0000000000000000
-42 37 -21 0000000000000000
-42 37 -14 0000000000000000
-42 37 -7 0000000000000000
-42 37 0 0000000000000000
-42 37 7 0000000000000000
-42 37 14 0000000000000000
-42 37 21 0000000000000000
-42 37 28 0000000000000000
-42 37 35 0000000000000000
-42 37 42 0000000000000000
-42 37 49 0000000000000000
-42 37 56 0000000000000000
-42 37 63 0000000000000000
-42 37 70 0000000000000000
-42 37 77 0000000000000000
-42 37 84 0000000000000000
-42 37 91 0000000000000000
-42 37 98 0000000000000000
-42 40 -70 0000000000000000
-42 40 -63 0000000000000000
-42 40 -56 0000000000000000
-42 40 -49 0000000000000000
-42 40 -42 0000000000000000
-42 40 -35 0000000000000000
-42 40 -28 0000000000000000
-42 40 -21 0000000000000000
-42 40 -14 0000000000000000
-42 40 -7 0000000000000000
-42 40 0 0000000000000000
-42 40 7 0000000000000000
-42 40 14 0000000000000000
-42 40 21 0000000000000000
-42 40 28 0000000000000000
-42 40 35 0000000000000000
-42 40 42 0000000000000000
-42 40 49 0000000000000000
-42 40 56 0000000000000000
-42 40 63 0000000000000000
-42 40 70 0000000000000000
-42 40 77 0000000000000000
-42 40 84 0000000000000000
-42 40 91 0000000000000000
-42 40 98 0000000000000000
-42 43 -70 0000000000000000
-42 43 -63 0000000000000000
-42 43 -56 0000000000000000
-42 43 -49 0000000000000000
-42 43 -42 0000000000000000
-42 43 -35 0000000000000000
-42 43 -28 0000000000000000
-42 43 -21 0000000000000000
-42 43 -14 0000000000000000
-42 43 -7 0000000000000000
-42 43 0 0000000000000000
-42 43 7 0000000000000000
-42 43 14 0000000000000000
-42 43 21 0000000000000000
-42 43 28 0000000000000000
-42 43 35 0000000000000000
-42 43 42 0000000000000000
-42 43 49 0000000000000000
-42 43 56 0000000000000000
-42 43 63 0000000000000000
-42 43 70 0000000000000000
-42 43 77 0000000000000000
-42 43 84 0000000000000000
-42 43 91 0000000000000000
-42 43 98 0000000000000000
-35 -95 -70 0000000000000000
-35 -95 -63 0000000000000000
-35 -95 -56 0000000000000000
-35 -95 -49 0000000000000000
-35 -95 -42 0000000000000000
-35 -95 -35 0000000000000000
-35 -95 -28 0000000000000000
-35 -95 -21 0000000000000000
-35 -95 -14 0000000000000000
-35 -95 -7 0000000000000000
-35 -95 0 0000000000000000
-35 -95 7 0000000000000000
-35 -95 14 0000000000000000
-35 -95 21 0000000000000000
-35 -95 28 0000000000000000
-35 -95 35 0000000000000000
-35 -95 42 0000000000000000
-35 -95 49 0000000000000000
-35 -95 56 0000000000000000
-35 -95 63 0000000000000000
-35 -95 70 0000000000000000
-35 -95 77 0000000000000000
-35 -95 84 0000000000000000
-35 -95 91 0000000000000000
-35 -95 98 0000000000000000
-35 -92 -70 0000000000000000
-35 -92 -63 0000000000000000
-35 -92 -56 0000000000000000
-35 -92 -49 0000000000000000
-35 -92 -42 0000000000000000
-35 -92 -35 0000000000000000
-35 -92 -28 0000000000000000
-35 -92 -21 0000000000000000
-35 -92 -14 0000000000000000
-35 -92 -7 0000000000000000
-35 -92 0 0000000000000000
-35 -92 7 0000000000000000
-35 -92 14 0000000000000000
-35 -92 21 0000000000000000
-35 -92 28 0000000000000000
-35 -92 35 0000000000000000
-35 -92 42 0000000000000000
-35 -92 49 0000000000000000
-35 -92 56 0000000000000000
-35 -92 63 0000000000000000
-35 -92 70 0000000000000000
-35 -92 77 0000000000000000
-35 -92 84 0000000000000000
-35 -92 91 0000000000000000
-35 -92 98 0000000000000000
-35 -89 -70 0000000000000000
-35 -89 -63 0000000000000000
-35 -89 -56 0000000000000000
-35 -89 -49 0000000000000000
-35 -89 -42 0000000000000000
-35 -89 -35 0000000000000000
-35 -89 -28 0000000000000000
-35 -89 -21 0000000000000000
-35 -89 -14 0000000000000000
-35 -89 -7 0000000000000000
-35 -89 0 0000000000000000
-35 -89 7 0000000000000000
-35 -89 14 0000000000000000
-35 -89 21 0000000000000000
-35 -89 28 0000000000000000
-35 -89 35 0000000000000000
-35 -89 42 0000000000000000
-35 -89 49 0000000000000000
-35 -89 56 0000000000000000
-35 -89 63 0000000000000000
-35 -89 70 0000000000000000
-35 -89 77 0000000000000000
-35 -89 84 0000000000000000
-35 -89 91 0000000000000000
-35 -89 98 0000000000000000
-35 -86 -70 0000000000000000
-35 -86 -63 0000000000000000
-35 -86 -56 0000000000000000
-35 -86 -49 0000000000000000
-35 -86 -42 0000000000000000
-35 -86 -35 0000000000000000
-35 -86 -28 0000000000000000
-35 -86 -21 0000000000000000
-35 -86 -14 0000000000000000
-35 -86 -7 0000000000000000
-35 -86 0 0000000000000000
-35 -86 7 0000000000000000
-35 -86 14 0000000000000000
-35 -86 21 0000000000000000
-35 -86 28 0000000000000000
-35 -86 35 0000000000000000
-35 -86 42 0000000000000000
-35 -86 49 0000000000000000
-35 -86 56 0000000000000000
-35 -86 63 0000000000000000
-35 -86 70 0000000000000000
-35 -86 77 0000000000000000
-35 -86 84 0000000000000000
-35 -86 91 0000000000000000
-35 -86 98 0000000000000000
-35 -83 -70 0000000000000000
-35 -83 -63 0000000000000000
-35 -83 -56 0000000000000000
-35 -83 -49 0000000000000000
-35 -83 -42 0000000000000000
-35 -83 -35 0000000000000000
-35 -83 -28 0000000000000000
-35 -83 -21 0000000000000000
-35 -83 -14 0000000000000000
-35 -83 -7 0000000000000000
-35 -83 0 0000000000000000
-35 -83 7 0000000000000000
-35 -83 14 0000000000000000
-35 -83 21 0000000000000000
-35 -83 28 0000000000000000
-35 -83 35 0000000000000000
-35 -83 42 0000000000000000
-35 -83 49 0000000000000000
-35 -83 56 0000000000000000
-35 -83 63 0000000000000000
-35 -83 70 0000000000000000
-35 -83 77 0000000000000000
-35 -83 84 0000000000000000
-35 -83 91 0000000000000000
-35 -83 98 0000000000000000
-35 -80 -70 0000000000000000
-35 -80 -63 0000000000000000
-35 -80 -56 0000000000000000
-35 -80 -49 0000000000000000
-35 -80 -42 0000000000000000
-35 -80 -35 0000000000000000
-35 -80 -28 0000000000000000
-35 -80 -21 0000000000000000
-35 -80 -14 0000000000000000
-35 -80 -7 0000000000000000
-35 -80 0 0000000000000000
-35 -80 7 0000000000000000
-35 -80 14 0000000000000000
-35 -80 21 0000000000000000
-35 -80 28 0000000000000000
-35 -80 35 0000000000000000
-35 -80 42 0000000000000000
-35 -80 49 0000000000000000
-35 -80 56 0000000000000000
-35 -80 63 0000000000000000
-35 -80 70 0000000000000000
-35 -80 77 0000000000000000
-35 -80 84 0000000000000000
-35 -80 91 0000000000000000
-35 -80 98 0000000000000000
-35 -77 -70 0000000000000000
-35 -77 -63 0000000000000000
-35 -77 -56 0000000000000000
-35 -77 -49 0000000000000000
-35 -77 -42 0000000000000000
-35 -77 -35 0000000000000000
-35 -77 -28 0000000000000000
-35 -77 -21 0000000000000000
-35 -77 -14 0000000000000000
-35 -77 -7 0000000000000000
-35 -77 0 0000000000000000
-35 -77 7 0000000000000000
-35 -77 14 0000000000000000
-35 -77 21 0000000000000000
-35 -77 28 0000000000000000
-35 -77 35 0000000000000000
-35 -77 42 0000000000000000
-35 -77 49 0000000000000000
-35 -77 56 0000000000000000
-35 -77 63 0000000000000000
-35 -77 70 0000000000000000
-35 -77 77 0000000000000000
-35 -77 84 0000000000000000
-35 -77 91 0000000000000000
-35 -77 98 0000000000000000
-35 -74 -70 0000000000000000
-35 -74 -63 0000000000000000
-35 -74 -56 0000000000000000
-35 -74 -49 0000000000000000
-35 -74 -42 0000000000000000
-35 -74 -35 0000000000000000
-35 -74 -28 0000000000000000
-35 -74 -21 0000000000000000
-35 -74 -14 0000000000000000
-35 -74 -7 0000000000000000
-35 -74 0 0000000000000000
-35 -74 7 0000000000000000
-35 -74 14 0000000000000000
-35 -74 21 0000000000000000
-35 -74 28 0000000000000000
-35 -74 35 0000000000000000
-35 -74 42 0000000000000000
-35 -74 49 0000000000000000
-35 -74 56 0000000000000000
-35 -74 63 0000000000000000
-35 -74 70 0000000000000000
-35 -74 77 0000000000000000
-35 -74 84 0000000000000000
-35 -74 91 0000000000000000
-35 -74 98 0000000000000000
-35 -71 -70 0000000000000000
-35 -71 -63 0000000000000000
-35 -71 -56 0000000000000000
-35 -71 -49 0000000000000000
-35 -71 -42 0000000000000000
-35 -71 -35 0000000000000000
-35 -71 -28 0000000000000000
-35 -71 -21 0000000000000000
-35 -71 -14 0000000000000000
-35 -71 -7 0000000000000000
-35 -71 0 0000000000000000
-35 -71 7 0000000000000000
-35 -71 14 0000000000000000
-35 -71 21 0000000000000000
-35 -71 28 0000000000000000
-35 -71 35 0000000000000000
-35 -71 42 0000000000000000
-35 -71 49 0000000000000000
-35 -71 56 0000000000000000
-35 -71 63 0000000000000000
-35 -71 70 0000000000000000
-35 -71 77 0000000000000000
-35 -71 84 0000000000000000
-35 -71 91 0000000000000000
-35 -71 98 0000000000000000
-35 -68 -70 0000000000000000
-35 -68 -63 0000000000000000
-35 -68 -56 0000000000000000
-35 -68 -49 0000000000000000
-35 -68 -42 0000000000000000
-35 -68 -35 0000000000000000
-35 -68 -28 0000000000000000
-35 -68 -21 0000000000000000
-35 -68 -14 0000000000000000
-35 -68 -7 0000000000000000
-35 -68 0 0000000000000000
-35 -68 7 0000000000000000
-35 -68 14 3dd71a38333e1dd0
-35 -68 21 3e735641759feeb7
-35 -68 28 3e8b4170530376c4
-35 -68 35 3e8b4170530376c4
-35 -68 42 3e8b4170530376c4
-35 -68 49 3e659dd749266132
-35 -68 56 0000000000000000
-35 -68 63 0000000000000000
-35 -68 70 0000000000000000
-35 -68 77 0000000000000000
-35 -68 84 0000000000000000
-35 -68 91 0000000000000000
-35 -68 98 0000000000000000
-35 -65 -70 0000000000000000
-35 -65 -63 0000000000000000
-35 -65 -56 0000000000000000
-35 -65 -49 0000000000000000
-35 -65 -42 0000000000000000
-35 -65 -35 0000000000000000
-35 -65 -28 0000000000000000
-35 -65 -21 0000000000000000
-35 -65 -14 0000000000000000
-35 -65 -7 0000000000000000
-35 -65 0 0000000000000000
-35 -65 7 0000000000000000
-35 -65 14 3e27fd541c8e4942
-35 -65 21 3ec50c6ce7e25b6d
-35 -65 28 3ede0de580a886c2
-35 -65 35 3ede0de580a886c2
-35 -65 42 3ede0de580a886c2
-35 -65 49 3eb75fc7a5532a6c
-35 -65 56 0000000000000000
-35 -65 63 0000000000000000
-35 -65 70 0000000000000000
-35 -65 77 0000000000000000
-35 -65 84 0000000000000000
-35 -65 91 0000000000000000
-35 -65 98 0000000000000000
-35 -62 -70 0000000000000000
-35 -62 -63 0000000000000000
-35 -62 -56 0000000000000000
-35 -62 -49 0000000000000000
-35 -62 -42 0000000000000000
-35 -62 -35 0000000000000000
-35 -62 -28 0000000000000000
-35 -62 -21 0000000000000000
-35 -62 -14 0000000000000000
-35 -62 -7 0000000000000000
-35 -62 0 0000000000000000
-35 -62 7 0000000000000000
-35 -62 14 3e5aa0a5a587f230
-35 -62 21 3ef8811f08d46810
-35 -62 28 3f11b4935342e13d
-35 -62 35 3f11b4935342e13d
-35 -62 42 3f11b4935342e13d
-35 -62 49 3eeb0f31070f745a
-35 -62 56 0000000000000000
-35 -62 63 0000000000000000
-35 -62 70 0000000000000000
-35 -62 77 0000000000000000
-35 -62 84 0000000000000000
-35 -62 91 0000000000000000
-35 -62 98 0000000000000000
-35 -59 -70 0000000000000000
-35 -59 -63 0000000000000000
-35 -59 -56 0000000000000000
-35 -59 -49 0000000000000000
-35 -59 -42 0000000000000000
-35 -59 -35 0000000000000000
-35 -59 -28 0000000000000000
-35 -59 -21 0000000000000000
-35 -59 -14 0000000000000000
-35 -59 -7 0000000000000000
-35 -59 0 0000000000000000
-35 -59 7 0000000000000000
-35 -59 14 3e64a9bdaee9c027
-35 -59 21 3f03a1a57bfbd244
-35 -59 28 3f1cb9d4e83bb62a
-35 -59 35 3f1cb9d4e83bb62a
-35 -59 42 3f1cb9d4e83bb62a
-35 -59 49 3ef58f2b1dd13ae2
-35 -59 56 0000000000000000
-35 -59 63 0000000000000000
-35 -59 70 0000000000000000
-35 -59 77 0000000000000000
-35 -59 84 0000000000000000
-35 -59 91 0000000000000000
-35 -59 98 0000000000000000
-35 -56 -70 0000000000000000
-35 -56 -63 0000000000000000
-35 -56 -56 0000000000000000
-35 -56 -49 0000000000000000
-35 -56 -42 0000000000000000
-35 -56 -35 0000000000000000
-35 -56 -28 0000000000000000
-35 -56 -21 0000000000000000
-35 -56 -14 0000000000000000
-35 -56 -7 0000000000000000
-35 -56 0 0000000000000000
-35 -56 7 0000000000000000
-35 -56 14 be6e1086fcd6495c
-35 -56 21 bf0c9045d030633c
-35 -56 28 bf24e5e1765dc19c
-35 -56 35 bf24e5e1765dc19c
-35 -56 42 bf24e5e1765dc19c
-35 -56 49 beff5e57b4498f1a
-35 -56 56 0000000000000000
-35 -56 63 0000000000000000
-35 -56 70 0000000000000000
-35 -56 77 0000000000000000
-35 -56 84 0000000000000000
-35 -56 91 0000000000000000
-35 -56 98 0000000000000000
-35 -53 -70 0000000000000000
-35 -53 -63 0000000000000000
-35 -53 -56 0000000000000000
-35 -53 -49 0000000000000000
-35 -53 -42 0000000000000000
-35 -53 -35 0000000000000000
-35 -53 -28 0000000000000000
-35 -53 -21 0000000000000000
-35 -53 -14 0000000000000000
-35 -53 -7 0000000000000000
-35 -53 0 0000000000000000
-35 -53 7 0000000000000000
-35 -53 14 be85b443e55530ae
-35 -53 21 bf23f93c7edd5337
-35 -53 28 bf3cdd06a9c99997
-35 -53 35 bf3cdd06a9c99997
-35 -53 42 bf3cdd06a9c99997
-35 -53 49 bf160e5edabf7293
-35 -53 56 0000000000000000
-35 -53 63 0000000000000000
-35 -53 70 0000000000000000
-35 -53 77 0000000000000000
-35 -53 84 0000000000000000
-35 -53 91 0000000000000000
-35 -53 98 0000000000000000
-35 -50 -70 0000000000000000
-35 -50 -63 0000000000000000
-35 -50 -56 0000000000000000
-35 -50 -49 0000000000000000
-35 -50 -42 0000000000000000
-35 -50 -35 0000000000000000
-35 -50 -28 0000000000000000
-35 -50 -21 0000000000000000
-35 -50 -14 0000000000000000
-35 -50 -7 0000000000000000
-35 -50 0 0000000000000000
-35 -50 7 0000000000000000
-35 -50 14 be90def17fd369e4
-35 -50 21 bf2d9aea7b94d1ff
-35 -50 28 bf4522ccf32458df
-35 -50 35 bf4522ccf32458df
-35 -50 42 bf4522ccf32458df
-35 -50 49 bf20702556b97896
-35 -50 56 0000000000000000
-35 -50 63 0000000000000000
-35 -50 70 0000000000000000
-35 -50 77 0000000000000000
-35 -50 84 0000000000000000
-35 -50 91 0000000000000000
-35 -50 98 0000000000000000
-35 -47 -70 0000000000000000
-35 -47 -63 0000000000000000
-35 -47 -56 0000000000000000
-35 -47 -49 0000000000000000
-35 -47 -42 0000000000000000
-35 -47 -35 0000000000000000
-35 -47 -28 0000000000000000
-35 -47 -21 0000000000000000
-35 -47 -14 0000000000000000
-35 -47 -7 0000000000000000
-35 -47 0 0000000000000000
-35 -47 7 0000000000000000
-35 -47 14 be9596b6a4cfc2d6
-35 -47 21 bf3211e8f15de105
-35 -47 28 bf49784514e7b10c
-35 -47 35 bf49784514e7b10c
-35 -47 42 bf49784514e7b10c
-35 -47 49 bf243341f58d472a
-35 -47 56 0000000000000000
-35 -47 63 0000000000000000
-35 -47 70 0000000000000000
-35 -47 77 0000000000000000
-35 -47 84 0000000000000000
-35 -47 91 0000000000000000
-35 -47 98 0000000000000000
-35 -44 -70 0000000000000000
-35 -44 -63 0000000000000000
-35 -44 -56 0000000000000000
-35 -44 -49 0000000000000000
-35 -44 -42 0000000000000000
-35 -44 -35 0000000000000000
-35 -44 -28 0000000000000000
-35 -44 -21 0000000000000000
-35 -44 -14 0000000000000000
-35 -44 -7 0000000000000000
-35 -44 0 0000000000000000
-35 -44 7 0000000000000000
-35 -44 14 be963b41a00796c9
-35 -44 21 bf31db27b9720c69
-35 -44 28 bf48f51fe9990764
-35 -44 35 bf48f51fe9990764
-35 -44 42 bf48f51fe9990764
-35 -44 49 bf240b628c9c9060
-35 -44 56 0000000000000000
-35 -44 63 0000000000000000
-35 -44 70 0000000000000000
-35 -44 77 0000000000000000
-35 -44 84 0000000000000000
-35 -44 91 0000000000000000
-35 -44 98 0000000000000000
-35 -41 -70 0000000000000000
-35 -41 -63 0000000000000000
-35 -41 -56 0000000000000000
-35 -41 -49 0000000000000000
-35 -41 -42 0000000000000000
-35 -41 -35 0000000000000000
-35 -41 -28 0000000000000000
-35 -41 -21 0000000000000000
-35 -41 -14 0000000000000000
-35 -41 -7 0000000000000000
-35 -41 0 0000000000000000
-35 -41 7 0000000000000000
-35 -41 14 be7fdcf5b7218bf8
-35 -41 21 bf18db0457446d6a
-35 -41 28 bf313e435070b971
-35 -41 35 bf313e435070b971
-35 -41 42 bf313e435070b971
-35 -41 49 bf0c021fa5fec03c
-35 -41 56 0000000000000000
-35 -41 63 0000000000000000
-35 -41 70 0000000000000000
-35 -41 77 0000000000000000
-35 -41 84 0000000000000000
-35 -41 91 0000000000000000
-35 -41 98 0000000000000000
-35 -38 -70 0000000000000000
-35 -38 -63 0000000000000000
-35 -38 -56 0000000000000000
-35 -38 -49 0000000000000000
-35 -38 -42 0000000000000000
-35 -38 -35 0000000000000000
-35 -38 -28 0000000000000000
-35 -38 -21 0000000000000000
-35 -38 -14 0000000000000000
-35 -38 -7 0000000000000000
-35 -38 0 0000000000000000
-35 -38 7 0000000000000000
-35 -38 14 be4cceac72f1538f
-35 -38 21 bee5e35f263d7942
-35 -38 28 befe3d268f195d2a
-35 -38 35 befe3d268f195d2a
-35 -38 42 befe3d268f195d2a
-35 -38 49 bed8b8473ba4bab3
-35 -38 56 0000000000000000
-35 -38 63 0000000000000000
-35 -38 70 0000000000000000
-35 -38 77 0000000000000000
-35 -38 84 0000000000000000
-35 -38 91 0000000000000000
-35 -38 98 0000000000000000
-35 -35 -70 0000000000000000
-35 -35 -63 0000000000000000
-35 -35 -56 0000000000000000
-35 -35 -49 0000000000000000
-35 -35 -42 0000000000000000
-35 -35 -35 0000000000000000
-35 -35 -28 0000000000000000
-35 -35 -21 0000000000000000
-35 -35 -14 0000000000000000
-35 -35 -7 0000000000000000
-35 -35 0 0000000000000000
-35 -35 7 0000000000000000
-35 -35 14 be008788f1eaaa2b
-35 -35 21 be98bc87999f1ec1
-35 -35 28 beb108078cad1747
-35 -35 35 beb108078cad1747
-35 -35 42 beb108078cad1747
-35 -35 49 be8bfc58b95b6a4a
-35 -35 56 0000000000000000
-35 -35 63 0000000000000000
-35 -35 70 0000000000000000
-35 -35 77 0000000000000000
-35 -35 84 0000000000000000
-35 -35 91 0000000000000000
-35 -35 98 0000000000000000
-35 -32 -70 0000000000000000
-35 -32 -63 0000000000000000
-35 -32 -56 0000000000000000
-35 -32 -49 0000000000000000
-35 -32 -42 0000000000000000
-35 -32 -35 0000000000000000
-35 -32 -28 0000000000000000
-35 -32 -21 0000000000000000
-35 -32 -14 0000000000000000
-35 -32 -7 0000000000000000
-35 -32 0 0000000000000000
-35 -32 7 0000000000000000
-35 -32 14 0000000000000000
-35 -32 21 0000000000000000
-35 -32 28 0000000000000000
-35 -32 35 0000000000000000
-35 -32 42 0000000000000000
-35 -32 49 0000000000000000
-35 -32 56 0000000000000000
-35 -32 63 0000000000000000
-35 -32 70 0000000000000000
-35 -32 77 0000000000000000
-35 -32 84 0000000000000000
-35 -32 91 0000000000000000
-35 -32 98 0000000000000000
-35 -29 -70 0000000000000000
-35 -29 -63 0000000000000000
-35 -29 -56 0000000000000000
-35 -29 -49 0000000000000000
-35 -29 -42 0000000000000000
-35 -29 -35 0000000000000000
-35 -29 -28 0000000000000000
-35 -29 -21 0000000000000000
-35 -29 -14 0000000000000000
-35 -29 -7 0000000000000000
-35 -29 0 0000000000000000
-35 -29 7 0000000000000000
-35 -29 14 0000000000000000
-35 -29 21 0000000000000000
-35 -29 28 0000000000000000
-35 -29 35 0000000000000000
-35 -29 42 0000000000000000
-35 -29 49 0000000000000000
-35 -29 56 0000000000000000
-35 -29 63 0000000000000000
-35 -29 70 0000000000000000
-35 -29 77 0000000000000000
-35 -29 84 0000000000000000
-35 -29 91 0000000000000000
-35 -29 98 0000000000000000
-35 -26 -70 0000000000000000
-35 -26 -63 0000000000000000
-35 -26 -56 0000000000000000
-35 -26 -49 0000000000000000
-35 -26 -42 0000000000000000
-35 -26 -35 0000000000000000
-35 -26 -28 0000000000000000
-35 -26 -21 0000000000000000
-35 -26 -14 0000000000000000
-35 -26 -7 0000000000000000
-35 -26 0 0000000000000000
-35 -26 7 0000000000000000
-35 -26 14 0000000000000000
-35 -26 21 0000000000000000
-35 -26 28 0000000000000000
-35 -26 35 0000000000000000
-35 -26 42 0000000000000000
-35 -26 49 0000000000000000
-35 -26 56 0000000000000000
-35 -26 63 0000000000000000
-35 -26 70 0000000000000000
-35 -26 77 0000000000000000
-35 -26 84 0000000000000000
-35 -26 91 0000000000000000
-35 -26 98 0000000000000000
-35 -23 -70 0000000000000000
-35 -23 -63 0000000000000000
-35 -23 -56 0000000000000000
-35 -23 -49 0000000000000000
-35 -23 -42 0000000000000000
-35 -23 -35 0000000000000000
-35 -23 -28 0000000000000000
-35 -23 -21 0000000000000000
-35 -23 -14 0000000000000000
-35 -23 -7 0000000000000000
-35 -23 0 0000000000000000
-35 -23 7 0000000000000000
-35 -23 14 0000000000000000
-35 -23 21 0000000000000000
-35 -23 28 0000000000000000
-35 -23 35 0000000000000000
-35 -23 42 0000000000000000
-35 -23 49 0000000000000000
-35 -23 56 0000000000000000
-35 -23 63 0000000000000000
-35 -23 70 0000000000000000
-35 -23 77 0000000000000000
-35 -23 84 0000000000000000
-35 -23 91 0000000000000000
-35 -23 98 0000000000000000
-35 -20 -70 0000000000000000
-35 -20 -63 0000000000000000
-35 -20 -56 0000000000000000
-35 -20 -49 0000000000000000
-35 -20 -42 0000000000000000
-35 -20 -35 0000000000000000
-35 -20 -28 0000000000000000
-35 -20 -21 0000000000000000
-35 -20 -14 0000000000000000
-35 -20 -7 0000000000000000
-35 -20 0 0000000000000000
-35 -20 7 0000000000000000
-35 -20 14 0000000000000000
-35 -20 21 0000000000000000
-35 -20 28 0000000000000000
-35 -20 35 0000000000000000
-35 -20 42 0000000000000000
-35 -20 49 0000000000000000
-35 -20 56 0000000000000000
-35 -20 63 0000000000000000
-35 -20 70 0000000000000000
-35 -20 77 0000000000000000
-35 -20 84 0000000000000000
-35 -20 91 0000000000000000
-35 -20 98 0000000000000000
-35 -17 -70 0000000000000000
-35 -17 -63 0000000000000000
-35 -17 -56 0000000000000000
-35 -17 -49 0000000000000000
-35 -17 -42 0000000000000000
-35 -17 -35 0000000000000000
-35 -17 -28 0000000000000000
-35 -17 -21 0000000000000000
-35 -17 -14 0000000000000000
-35 -17 -7 0000000000000000
-35 -17 0 0000000000000000
-35 -17 7 0000000000000000
-35 -17 14 0000000000000000
-35 -17 21 0000000000000000
-35 -17 28 0000000000000000
-35 -17 35 0000000000000000
-35 -17 42 0000000000000000
-35 -17 49 0000000000000000
-35 -17 56 0000000000000000
-35 -17 63 0000000000000000
-35 -17 70 0000000000000000
-35 -17 77 0000000000000000
-35 -17 84 0000000000000000
-35 -17 91 0000000000000000
-35 -17 98 0000000000000000
-35 -14 -70 0000000000000000
-35 -14 -63 0000000000000000
-35 -14 -56 0000000000000000
-35 -14 -49 0000000000000000
-35 -14 -42 0000000000000000
-35 -14 -35 0000000000000000
-35 -14 -28 0000000000000000
-35 -14 -21 0000000000000000
-35 -14 -14 0000000000000000
-35 -14 -7 0000000000000000
-35 -14 0 0000000000000000
-35 -14 7 0000000000000000
-35 -14 14 0000000000000000
-35 -14 21 0000000000000000
-35 -14 28 0000000000000000
-35 -14 35 0000000000000000
-35 -14 42 0000000000000000
-35 -14 49 0000000000000000
-35 -14 56 0000000000000000
-35 -14 63 0000000000000000
-35 -14 70 0000000000000000
-35 -14 77 0000000000000000
-35 -14 84 0000000000000000
-35 -14 91 0000000000000000
-35 -14 98 0000000000000000
-35 -11 -70 0000000000000000
-35 -11 -63 0000000000000000
-35 -11 -56 0000000000000000
-35 -11 -49 0000000000000000
-35 -11 -42 0000000000000000
-35 -11 -35 0000000000000000
-35 -11 -28 0000000000000000
-35 -11 -21 0000000000000000
-35 -11 -14 0000000000000000
-35 -11 -7 0000000000000000
-35 -11 0 0000000000000000
-35 -11 7 0000000000000000
-35 -11 14 0000000000000000
-35 -11 21 0000000000000000
-35 -11 28 0000000000000000
-35 -11 35 0000000000000000
-35 -11 42 0000000000000000
-35 -11 49 0000000000000000
-35 -11 56 0000000000000000
-35 -11 63 0000000000000000
-35 -11 70 0000000000000000
-35 -11 77 0000000000000000
-35 -11 84 0000000000000000
-35 -11 91 0000000000000000
-35 -11 98 0000000000000000
-35 -8 -70 0000000000000000
-35 -8 -63 0000000000000000
-35 -8 -56 0000000000000000
-35 -8 -49 0000000000000000
-35 -8 -42 0000000000000000
-35 -8 -35 0000000000000000
-35 -8 -28 0000000000000000
-35 -8 -21 0000000000000000
-35 -8 -14 0000000000000000
-35 -8 -7 0000000000000000
-35 -8 0 0000000000000000
-35 -8 7 0000000000000000
-35 -8 14 0000000000000000
-35 -8 21 0000000000000000
-35 -8 28 0000000000000000
-35 -8 35 0000000000000000
-35 -8 42 0000000000000000
-35 -8 49 0000000000000000
-35 -8 56 0000000000000000
-35 -8 63 0000000000000000
-35 -8 70 0000000000000000
-35 -8 77 0000000000000000
-35 -8 84 0000000000000000
-35 -8 91 0000000000000000
-35 -8 98 0000000000000000
-35 -5 -70 0000000000000000
-35 -5 -63 0000000000000000
-35 -5 -56 0000000000000000
-35 -5 -49 0000000000000000
-35 -5 -42 0000000000000000
-35 -5 -35 0000000000000000
-35 -5 -28 0000000000000000
-35 -5 -21 0000000000000000
-35 -5 -14 0000000000000000
-35 -5 -7 0000000000000000
-35 -5 0 0000000000000000
-35 -5 7 0000000000000000
-35 -5 14 0000000000000000
-35 -5 21 0000000000000000
-35 -5 28 0000000000000000
-35 -5 35 0000000000000000
-35 -5 42 0000000000000000
-35 -5 49 0000000000000000
-35 -5 56 0000000000000000
-35 -5 63 0000000000000000
-35 -5 70 0000000000000000
-35 -5 77 0000000000000000
-35 -5 84 0000000000000000
-35 -5 91 0000000000000000
-35 -5 98 0000000000000000
-35 -2 -70 0000000000000000
-35 -2 -63 0000000000000000
-35 -2 -56 0000000000000000
-35 -2 -49 0000000000000000
-35 -2 -42 0000000000000000
-35 -2 -35 0000000000000000
-35 -2 -28 3fba3ba3ce4c4088
-35 -2 -21 3fba3ba3ce4c4088
-35 -2 -14 3fba3ba3ce4c4088
-35 -2 -7 0000000000000000
-35 -2 0 0000000000000000
-35 -2 7 0000000000000000
-35 -2 14 0000000000000000
-35 -2 21 0000000000000000
-35 -2 28 0000000000000000
-35 -2 35 0000000000000000
-35 -2 42 0000000000000000
-35 -2 49 0000000000000000
-35 -2 56 0000000000000000
-35 -2 63 0000000000000000
-35 -2 70 0000000000000000
-35 -2 77 0000000000000000
-35 -2 84 0000000000000000
-35 -2 91 0000000000000000
-35 -2 98 0000000000000000
-35 1 -70 0000000000000000
-35 1 -63 0000000000000000
-35 1 -56 0000000000000000
-35 1 -49 0000000000000000
-35 1 -42 0000000000000000
-35 1 -35 0000000000000000
-35 1 -28 3fc4cd23bf4475ac
-35 1 -21 3fc4cd23bf4475ac
-35 1 -14 3fc4cd23bf4475ac
-35 1 -7 0000000000000000
-35 1 0 0000000000000000
-35 1 7 0000000000000000
-35 1 14 0000000000000000
-35 1 21 0000000000000000
-35 1 28 0000000000000000
-35 1 35 0000000000000000
-35 1 42 0000000000000000
-35 1 49 0000000000000000
-35 1 56 0000000000000000
-35 1 63 0000000000000000
-35 1 70 0000000000000000
-35 1 77 0000000000000000
-35 1 84 0000000000000000
-35 1 91 0000000000000000
-35 1 98 0000000000000000
-35 4 -70 0000000000000000
-35 4 -63 0000000000000000
-35 4 -56 0000000000000000
-35 4 -49 0000000000000000
-35 4 -42 0000000000000000
-35 4 -35 0000000000000000
-35 4 -28 3fc3388e04f4558c
-35 4 -21 3fc3388e04f4558c
-35 4 -14 3fc3388e04f4558c
-35 4 -7 0000000000000000
-35 4 0 0000000000000000
-35 4 7 0000000000000000
-35 4 14 0000000000000000
-35 4 21 0000000000000000
-35 4 28 0000000000000000
-35 4 35 0000000000000000
-35 4 42 0000000000000000
-35 4 49 0000000000000000
-35 4 56 0000000000000000
-35 4 63 0000000000000000
-35 4 70 0000000000000000
-35 4 77 0000000000000000
-35 4 84 0000000000000000
-35 4 91 0000000000000000
-35 4 98 0000000000000000
-35 7 -70 0000000000000000
-35 7 -63 0000000000000000
-35 7 -56 0000000000000000
-35 7 -49 0000000000000000
-35 7 -42 0000000000000000
-35 7 -35 0000000000000000
-35 7 -28 3fb17c6fe56b41e8
-35 7 -21 3fb17c6fe56b41e8
-35 7 -14 3fb17c6fe56b41e8
-35 7 -7 0000000000000000
-35 7 0 0000000000000000
-35 7 7 0000000000000000
-35 7 14 0000000000000000
-35 7 21 0000000000000000
-35 7 28 0000000000000000
-35 7 35 0000000000000000
-35 7 42 0000000000000000
-35 7 49 0000000000000000
-35 7 56 0000000000000000
-35 7 63 0000000000000000
-35 7 70 0000000000000000
-35 7 77 0000000000000000
-35 7 84 0000000000000000
-35 7 91 0000000000000000
-35 7 98 0000000000000000
-35 10 -70 0000000000000000
-35 10 -63 0000000000000000
-35 10 -56 0000000000000000
-35 10 -49 0000000000000000
-35 10 -42 0000000000000000
-35 10 -35 0000000000000000
-35 10 -28 0000000000000000
-35 10 -21 0000000000000000
-35 10 -14 0000000000000000
-35 10 -7 0000000000000000
-35 10 0 0000000000000000
-35 10 7 0000000000000000
-35 10 14 0000000000000000
-35 10 21 0000000000000000
-35 10 28 0000000000000000
-35 10 35 0000000000000000
-35 10 42 0000000000000000
-35 10 49 0000000000000000
-35 10 56 0000000000000000
-35 10 63 0000000000000000
-35 10 70 0000000000000000
-35 10 77 0000000000000000
-35 10 84 0000000000000000
-35 10 91 0000000000000000
-35 10 98 0000000000000000
-35 13 -70 0000000000000000
-35 13 -63 0000000000000000
-35 13 -56 0000000000000000
-35 13 -49 0000000000000000
-35 13 -42 0000000000000000
-35 13 -35 0000000000000000
-35 13 -28 0000000000000000
-35 13 -21 0000000000000000
-35 13 -14 0000000000000000
-35 13 -7 0000000000000000
-35 13 0 0000000000000000
-35 13 7 0000000000000000
-35 13 14 0000000000000000
-35 13 21 0000000000000000
-35 13 28 0000000000000000
-35 13 35 0000000000000000
-35 13 42 0000000000000000
-35 13 49 0000000000000000
-35 13 56 0000000000000000
-35 13 63 0000000000000000
-35 13 70 0000000000000000
-35 13 77 0000000000000000
-35 13 84 0000000000000000
-35 13 91 0000000000000000
-35 13 98 0000000000000000
-35 16 -70 0000000000000000
-35 16 -63 0000000000000000
-35 16 -56 0000000000000000
-35 16 -49 0000000000000000
-35 16 -42 0000000000000000
-35 16 -35 0000000000000000
-35 16 -28 0000000000000000
-35 16 -21 0000000000000000
-35 16 -14 0000000000000000
-35 16 -7 0000000000000000
-35 16 0 0000000000000000
-35 16 7 0000000000000000
-35 16 14 0000000000000000
-35 16 21 0000000000000000
-35 16 28 0000000000000000
-35 16 35 0000000000000000
-35 16 42 0000000000000000
-35 16 49 0000000000000000
-35 16 56 0000000000000000
-35 16 63 0000000000000000
-35 16 70 0000000000000000
-35 16 77 0000000000000000
-35 16 84 0000000000000000
-35 16 91 0000000000000000
-35 16 98 0000000000000000
-35 19 -70 0000000000000000
-35 19 -63 0000000000000000
-35 19 -56 0000000000000000
-35 19 -49 0000000000000000
-35 19 -42 0000000000000000
-35 19 -35 0000000000000000
-35 19 -28 0000000000000000
-35 19 -21 0000000000000000
-35 19 -14 0000000000000000
-35 19 -7 0000000000000000
-35 19 0 0000000000000000
-35 19 7 0000000000000000
-35 19 14 0000000000000000
-35 19 21 0000000000000000
-35 19 28 0000000000000000
-35 19 35 0000000000000000
-35 19 42 0000000000000000
-35 19 49 0000000000000000
-35 19 56 0000000000000000
-35 19 63 0000000000000000
-35 19 70 0000000000000000
-35 19 77 0000000000000000
-35 19 84 0000000000000000
-35 19 91 0000000000000000
-35 19 98 0000000000000000
-35 22 -70 0000000000000000
-35 22 -63 0000000000000000
-35 22 -56 0000000000000000
-35 22 -49 0000000000000000
-35 22 -42 0000000000000000
-35 22 -35 0000000000000000
-35 22 -28 0000000000000000
-35 22 -21 0000000000000000
-35 22 -14 0000000000000000
-35 22 -7 0000000000000000
-35 22 0 0000000000000000
-35 22 7 0000000000000000
-35 22 14 0000000000000000
-35 22 21 0000000000000000
-35 22 28 0000000000000000
-35 22 35 0000000000000000
-35 22 42 0000000000000000
-35 22 49 0000000000000000
-35 22 56 0000000000000000
-35 22 63 0000000000000000
-35 22 70 0000000000000000
-35 22 77 0000000000000000
-35 22 84 0000000000000000
-35 22 91 0000000000000000
-35 22 98 0000000000000000
-35 25 -70 0000000000000000
-35 25 -63 0000000000000000
-35 25 -56 0000000000000000
-35 25 -49 0000000000000000
-35 25 -42 0000000000000000
-35 25 -35 0000000000000000
-35 25 -28 0000000000000000
-35 25 -21 0000000000000000
-35 25 -14 0000000000000000
-35 25 -7 0000000000000000
-35 25 0 0000000000000000
-35 25 7 0000000000000000
-35 25 14 0000000000000000
-35 25 21 0000000000000000
-35 25 28 0000000000000000
-35 25 35 0000000000000000
-35 25 42 0000000000000000
-35 25 49 0000000000000000
-35 25 56 0000000000000000
-35 25 63 0000000000000000
-35 25 70 0000000000000000
-35 25 77 0000000000000000
-35 25 84 0000000000000000
-35 25 91 0000000000000000
-35 25 98 0000000000000000
-35 28 -70 0000000000000000
-35 28 -63 0000000000000000
-35 28 -56 0000000000000000
-35 28 -49 0000000000000000
-35 28 -42 0000000000000000
-35 28 -35 0000000000000000
-35 28 -28 0000000000000000
-35 28 -21 0000000000000000
-35 28 -14 0000000000000000
-35 28 -7 0000000000000000
-35 28 0 0000000000000000
-35 28 7 0000000000000000
-35 28 14 0000000000000000
-35 28 21 0000000000000000
-35 28 28 0000000000000000
-35 28 35 0000000000000000
-35 28 42 0000000000000000
-35 28 49 0000000000000000
-35 28 56 0000000000000000
-35 28 63 0000000000000000
-35 28 70 0000000000000000
-35 28 77 0000000000000000
-35 28 84 0000000000000000
-35 28 91 0000000000000000
-35 28 98 0000000000000000
-35 31 -70 0000000000000000
-35 31 -63 0000000000000000
-35 31 -56 0000000000000000
-35 31 -49 0000000000000000
-35 31 -42 0000000000000000
-35 31 -35 0000000000000000
-35 31 -28 0000000000000000
-35 31 -21 0000000000000000
-35 31 -14 0000000000000000
-35 31 -7 0000000000000000
-35 31 0 0000000000000000
-35 31 7 0000000000000000
-35 31 14 0000000000000000
-35 31 21 0000000000000000
-35 31 28 0000000000000000
-35 31 35 0000000000000000
-35 31 42 0000000000000000
-35 31 49 0000000000000000
-35 31 56 0000000000000000
-35 31 63 0000000000000000
-35 31 70 0000000000000000
-35 31 77 0000000000000000
-35 31 84 0000000000000000
-35 31 91 0000000000000000
-35 31 98 0000000000000000
-35 34 -70 0000000000000000
-35 34 -63 0000000000000000
-35 34 -56 0000000000000000
-35 34 -49 0000000000000000
-35 34 -42 0000000000000000
-35 34 -35 0000000000000000
-35 34 -28 0000000000000000
-35 34 -21 0000000000000000
-35 34 -14 0000000000000000
-35 34 -7 0000000000000000
-35 34 0 0000000000000000
-35 34 7 0000000000000000
-35 34 14 0000000000000000
-35 34 21 0000000000000000
-35 34 28 0000000000000000
-35 34 35 0000000000000000
-35 34 42 0000000000000000
-35 34 49 0000000000000000
-35 34 56 0000000000000000
-35 34 63 0000000000000000
-35 34 70 0000000000000000
-35 34 77 0000000000000000
-35 34 84 0000000000000000
-35 34 91 0000000000000000
-35 34 98 0000000000000000
-35 37 -70 0000000000000000
-35 37 -63 0000000000000000
-35 37 -56 0000000000000000
-35 37 -49 0000000000000000
-35 37 -42 0000000000000000
-35 37 -35 0000000000000000
-35 37 -28 0000000000000000
-35 37 -21 0000000000000000
-35 37 -14 0000000000000000
-35 37 -7 0000000000000000
-35 37 0 0000000000000000
-35 37 7 0000000000000000
-35 37 14 0000000000000000
-35 37 21 0000000000000000
-35 37 28 0000000000000000
-35 37 35 0000000000000000
-35 37 42 0000000000000000
-35 37 49 0000000000000000
-35 37 56 0000000000000000
-35 37 63 0000000000000000
-35 37 70 0000000000000000
-35 37 77 0000000000000000
-35 37 84 0000000000000000
-35 37 91 0000000000000000
-35 37 98 0000000000000000
-35 40 -70 0000000000000000
-35 40 -63 0000000000000000
-35 40 -56 0000000000000000
-35 40 -49 0000000000000000
-35 40 -42 0000000000000000
-35 40 -35 0000000000000000
-35 40 -28 0000000000000000
-35 40 -21 0000000000000000
-35 40 -14 0000000000000000
-35 40 -7 0000000000000000
-35 40 0 0000000000000000
-35 40 7 0000000000000000
-35 40 14 0000000000000000
-35 40 21 0000000000000000
-35 40 28 0000000000000000
-35 40 35 0000000000000000
-35 40 42 0000000000000000
-35 40 49 0000000000000000
-35 40 56 0000000000000000
-35 40 63 0000000000000000
-35 40 70 0000000000000000
-35 40 77 0000000000000000
-35 40 84 0000000000000000
-35 40 91 0000000000000000
-35 40 98 0000000000000000
-35 43 -70 0000000000000000
-35 43 -63 0000000000000000
-35 43 -56 0000000000000000
-35 43 -49 0000000000000000
-35 43 -42 0000000000000000
-35 43 -35 0000000000000000
-35 43 -28 0000000000000000
-35 43 -21 0000000000000000
-35 43 -14 0000000000000000
-35 43 -7 0000000000000000
-35 43 0 0000000000000000
-35 43 7 0000000000000000
-35 43 14 0000000000000000
-35 43 21 0000000000000000
-35 43 28 0000000000000000
-35 43 35 0000000000000000
-35 43 42 0000000000000000
-35 43 49 0000000000000000
-35 43 56 0000000000000000
-35 43 63 0000000000000000
-35 43 70 0000000000000000
-35 43 77 0000000000000000
-35 43 84 0000000000000000
-35 43 91 0000000000000000
-35 43 98 0000000000000000
-28 -95 -70 0000000000000000
-28 -95 -63 0000000000000000
-28 -95 -56 0000000000000000
-28 -95 -49 0000000000000000
-28 -95 -42 0000000000000000
-28 -95 -35 0000000000000000
-28 -95 -28 0000000000000000
-28 -95 -21 0000000000000000
-28 -95 -14 0000000000000000
-28 -95 -7 0000000000000000
-28 -95 0 0000000000000000
-28 -95 7 0000000000000000
-28 -95 14 0000000000000000
-28 -95 21 0000000000000000
-28 -95 28 0000000000000000
-28 -95 35 0000000000000000
-28 -95 42 0000000000000000
-28 -95 49 0000000000000000
-28 -95 56 0000000000000000
-28 -95 63 0000000000000000
-28 -95 70 0000000000000000
-28 -95 77 0000000000000000
-28 -95 84 0000000000000000
-28 -95 91 0000000000000000
-28 -95 98 0000000000000000
-28 -92 -70 0000000000000000
-28 -92 -63 0000000000000000
-28 -92 -56 0000000000000000
-28 -92 -49 0000000000000000
-28 -92 -42 0000000000000000
-28 -92 -35 0000000000000000
-28 -92 -28 0000000000000000
-28 -92 -21 0000000000000000
-28 -92 -14 0000000000000000
-28 -92 -7 0000000000000000
-28 -92 0 0000000000000000
-28 -92 7 0000000000000000
-28 -92 14 0000000000000000
-28 -92 21 0000000000000000
-28 -92 28 0000000000000000
-28 -92 35 0000000000000000
-28 -92 42 0000000000000000
-28 -92 49 0000000000000000
-28 -92 56 0000000000000000
-28 -92 63 0000000000000000
-28 -92 70 0000000000000000
-28 -92 77 0000000000000000
-28 -92 84 0000000000000000
-28 -92 91 0000000000000000
-28 -92 98 0000000000000000
-28 -89 -70 0000000000000000
-28 -89 -63 0000000000000000
-28 -89 -56 0000000000000000
-28 -89 -49 0000000000000000
-28 -89 -42 0000000000000000
-28 -89 -35 0000000000000000
-28 -89 -28 0000000000000000
-28 -89 -21 0000000000000000
-28 -89 -14 0000000000000000
-28 -89 -7 0000000000000000
-28 -89 0 0000000000000000
-28 -89 7 0000000000000000
-28 -89 14 0000000000000000
-28 -89 21 0000000000000000
-28 -89 28 0000000000000000
-28 -89 35 0000000000000000
-28 -89 42 0000000000000000
-28 -89 49 0000000000000000
-28 -89 56 0000000000000000
-28 -89 63 0000000000000000
-28 -89 70 0000000000000000
-28 -89 77 0000000000000000
-28 -89 84 0000000000000000
-28 -89 91 0000000000000000
-28 -89 98 0000000000000000
-28 -86 -70 0000000000000000
-28 -86 -63 0000000000000000
-28 -86 -56 0000000000000000
-28 -86 -49 0000000000000000
-28 -86 -42 0000000000000000
-28 -86 -35 0000000000000000
-28 -86 -28 0000000000000000
-28 -86 -21 0000000000000000
-28 -86 -14 0000000000000000
-28 -86 -7 0000000000000000
-28 -86 0 0000000000000000
-28 -86 7 0000000000000000
-28 -86 14 0000000000000000
-28 -86 21 0000000000000000
-28 -86 28 0000000000000000
-28 -86 35 0000000000000000
-28 -86 42 0000000000000000
-28 -86 49 0000000000000000
-28 -86 56 0000000000000000
-28 -86 63 0000000000000000
-28 -86 70 0000000000000000
-28 -86 77 0000000000000000
-28 -86 84 0000000000000000
-28 -86 91 0000000000000000
-28 -86 98 0000000000000000
-28 -83 -70 0000000000000000
-28 -83 -63 0000000000000000
-28 -83 -56 0000000000000000
-28 -83 -49 0000000000000000
-28 -83 -42 0000000000000000
-28 -83 -35 0000000000000000
-28 -83 -28 0000000000000000
-28 -83 -21 0000000000000000
-28 -83 -14 0000000000000000
-28 -83 -7 0000000000000000
-28 -83 0 0000000000000000
-28 -83 7 0000000000000000
-28 -83 14 0000000000000000
-28 -83 21 0000000000000000
-28 -83 28 0000000000000000
-28 -83 35 0000000000000000
-28 -83 42 0000000000000000
-28 -83 49 0000000000000000
-28 -83 56 0000000000000000
-28 -83 63 0000000000000000
-28 -83 70 0000000000000000
-28 -83 77 0000000000000000
-28 -83 84 0000000000000000
-28 -83 91 0000000000000000
-28 -83 98 0000000000000000
-28 -80 -70 0000000000000000
-28 -80 -63 0000000000000000
-28 -80 -56 0000000000000000
-28 -80 -49 0000000000000000
-28 -80 -42 0000000000000000
-28 -80 -35 0000000000000000
-28 -80 -28 0000000000000000
-28 -80 -21 0000000000000000
-28 -80 -14 0000000000000000
-28 -80 -7 0000000000000000
-28 -80 0 0000000000000000
-28 -80 7 0000000000000000
-28 -80 14 0000000000000000
-28 -80 21 0000000000000000
-28 -80 28 0000000000000000
-28 -80 35 0000000000000000
-28 -80 42 0000000000000000
-28 -80 49 0000000000000000
-28 -80 56 0000000000000000
-28 -80 63 0000000000000000
-28 -80 70 0000000000000000
-28 -80 77 0000000000000000
-28 -80 84 0000000000000000
-28 -80 91 0000000000000000
-28 -80 98 0000000000000000
-28 -77 -70 0000000000000000
-28 -77 -63 0000000000000000
-28 -77 -56 0000000000000000
-28 -77 -49 0000000000000000
-28 -77 -42 0000000000000000
-28 -77 -35 0000000000000000
-28 -77 -28 0000000000000000
-28 -77 -21 0000000000000000
-28 -77 -14 0000000000000000
-28 -77 -7 0000000000000000
-28 -77 0 0000000000000000
-28 -77 7 0000000000000000
-28 -77 14 0000000000000000
-28 -77 21 0000000000000000
-28 -77 28 0000000000000000
-28 -77 35 0000000000000000
-28 -77 42 0000000000000000
-28 -77 49 0000000000000000
-28 -77 56 0000000000000000
-28 -77 63 0000000000000000
-28 -77 70 0000000000000000
-28 -77 77 0000000000000000
-28 -77 84 0000000000000000
-28 -77 91 0000000000000000
-28 -77 98 0000000000000000
-28 -74 -70 0000000000000000
-28 -74 -63 0000000000000000
-28 -74 -56 0000000000000000
-28 -74 -49 0000000000000000
-28 -74 -42 0000000000000000
-28 -74 -35 0000000000000000
-28 -74 -28 0000000000000000
-28 -74 -21 0000000000000000
-28 -74 -14 0000000000000000
-28 -74 -7 0000000000000000
-28 -74 0 0000000000000000
-28 -74 7 0000000000000000
-28 -74 14 0000000000000000
-28 -74 21 0000000000000000
-28 -74 28 0000000000000000
-28 -74 35 0000000000000000
-28 -74 42 0000000000000000
-28 -74 49 0000000000000000
-28 -74 56 0000000000000000
-28 -74 63 0000000000000000
-28 -74 70 0000000000000000
-28 -74 77 0000000000000000
-28 -74 84 0000000000000000
-28 -74 91 0000000000000000
-28 -74 98 0000000000000000
-28 -71 -70 0000000000000000
-28 -71 -63 0000000000000000
-28 -71 -56 0000000000000000
-28 -71 -49 0000000000000000
-28 -71 -42 0000000000000000
-28 -71 -35 0000000000000000
-28 -71 -28 0000000000000000
-28 -71 -21 0000000000000000
-28 -71 -14 0000000000000000
-28 -71 -7 0000000000000000
-28 -71 0 0000000000000000
-28 -71 7 0000000000000000
-28 -71 14 0000000000000000
-28 -71 21 0000000000000000
-28 -71 28 0000000000000000
-28 -71 35 0000000000000000
-28 -71 42 0000000000000000
-28 -71 49 0000000000000000
-28 -71 56 0000000000000000
-28 -71 63 0000000000000000
-28 -71 70 0000000000000000
-28 -71 77 0000000000000000
-28 -71 84 0000000000000000
-28 -71 91 0000000000000000
-28 -71 98 0000000000000000
-28 -68 -70 0000000000000000
-28 -68 -63 0000000000000000
-28 -68 -56 0000000000000000
-28 -68 -49 0000000000000000
-28 -68 -42 0000000000000000
-28 -68 -35 0000000000000000
-28 -68 -28 0000000000000000
-28 -68 -21 0000000000000000
-28 -68 -14 0000000000000000
-28 -68 -7 0000000000000000
-28 -68 0 0000000000000000
-28 -68 7 0000000000000000
-28 -68 14 3e5f4e1bbbd3177c
-28 -68 21 3efcda870e309e48
-28 -68 28 3f14dc46ad193c24
-28 -68 35 3f14dc46ad193c24
-28 -68 42 3f14dc46ad193c24
-28 -68 49 3eefdb5fe47d7b54
-28 -68 56 0000000000000000
-28 -68 63 0000000000000000
-28 -68 70 0000000000000000
-28 -68 77 0000000000000000
-28 -68 84 0000000000000000
-28 -68 91 0000000000000000
-28 -68 98 0000000000000000
-28 -65 -70 0000000000000000
-28 -65 -63 0000000000000000
-28 -65 -56 0000000000000000
-28 -65 -49 0000000000000000
-28 -65 -42 0000000000000000
-28 -65 -35 0000000000000000
-28 -65 -28 0000000000000000
-28 -65 -21 0000000000000000
-28 -65 -14 0000000000000000
-28 -65 -7 0000000000000000
-28 -65 0 0000000000000000
-28 -65 7 0000000000000000
-28 -65 14 3eb0ddda2607f1ff
-28 -65 21 3f51a5d70eca2d5b
-28 -65 28 3f6acd610fba363f
-28 -65 35 3f6acd610fba363f
-28 -65 42 3f6acd610fba363f
-28 -65 49 3f431682375796c4
-28 -65 56 0000000000000000
-28 -65 63 0000000000000000
-28 -65 70 0000000000000000
-28 -65 77 0000000000000000
-28 -65 84 0000000000000000
-28 -65 91 0000000000000000
-28 -65 98 0000000000000000
-28 -62 -70 0000000000000000
-28 -62 -63 0000000000000000
-28 -62 -56 0000000000000000
-28 -62 -49 0000000000000000
-28 -62 -42 0000000000000000
-28 -62 -35 0000000000000000
-28 -62 -28 0000000000000000
-28 -62 -21 0000000000000000
-28 -62 -14 0000000000000000
-28 -62 -7 0000000000000000
-28 -62 0 0000000000000000
-28 -62 7 0000000000000000
-28 -62 14 3ee37753d836c030
-28 -62 21 3f888069406d2bb4
-28 -62 28 3fa4b59a197faa22
-28 -62 35 3fa4b59a197faa22
-28 -62 42 3fa4b59a197faa22
-28 -62 49 3f797cb234b61bd1
-28 -62 56 0000000000000000
-28 -62 63 0000000000000000
-28 -62 70 0000000000000000
-28 -62 77 0000000000000000
-28 -62 84 0000000000000000
-28 -62 91 0000000000000000
-28 -62 98 0000000000000000
-28 -59 -70 0000000000000000
-28 -59 -63 0000000000000000
-28 -59 -56 0000000000000000
-28 -59 -49 0000000000000000
-28 -59 -42 0000000000000000
-28 -59 -35 0000000000000000
-28 -59 -28 0000000000000000
-28 -59 -21 0000000000000000
-28 -59 -14 0000000000000000
-28 -59 -7 0000000000000000
-28 -59 0 0000000000000000
-28 -59 7 0000000000000000
-28 -59 14 3eeef6e1a631dea4
-28 -59 21 3f979b7b7fe09300
-28 -59 28 3fb8f1b968b4f8fe
-28 -59 35 3fb8f1b968b4f8fe
-28 -59 42 3fb8f1b968b4f8fe
-28 -59 49 3f8752bf5413b681
-28 -59 56 0000000000000000
-28 -59 63 0000000000000000
-28 -59 70 0000000000000000
-28 -59 77 0000000000000000
-28 -59 84 0000000000000000
-28 -59 91 0000000000000000
-28 -59 98 0000000000000000
-28 -56 -70 0000000000000000
-28 -56 -63 0000000000000000
-28 -56 -56 0000000000000000
-28 -56 -49 0000000000000000
-28 -56 -42 0000000000000000
-28 -56 -35 0000000000000000
-28 -56 -28 0000000000000000
-28 -56 -21 0000000000000000
-28 -56 -14 0000000000000000
-28 -56 -7 0000000000000000
-28 -56 0 0000000000000000
-28 -56 7 0000000000000000
-28 -56 14 bef686c5bbc292d4
-28 -56 21 bfa12c9b8579c712
-28 -56 28 bfc225963b58e3cb
-28 -56 35 bfc225963b58e3cb
-28 -56 42 bfc225963b58e3cb
-28 -56 49 bf90f7b16fcfca52
-28 -56 56 0000000000000000
-28 -56 63 0000000000000000
-28 -56 70 0000000000000000
-28 -56 77 0000000000000000
-28 -56 84 0000000000000000
-28 -56 91 0000000000000000
-28 -56 98 0000000000000000
-28 -53 -70 0000000000000000
-28 -53 -63 0000000000000000
-28 -53 -56 0000000000000000
-28 -53 -49 0000000000000000
-28 -53 -42 0000000000000000
-28 -53 -35 0000000000000000
-28 -53 -28 0000000000000000
-28 -53 -21 0000000000000000
-28 -53 -14 0000000000000000
-28 -53 -7 0000000000000000
-28 -53 0 0000000000000000
-28 -53 7 0000000000000000
-28 -53 14 bf0fbbd827378605
-28 -53 21 bfb3f8a840af9527
-28 -53 28 bfd0e1593665daeb
-28 -53 35 bfd0e1593665daeb
-28 -53 42 bfd0e1593665daeb
-28 -53 49 bfa4c64ba0206ed4
-28 -53 56 0000000000000000
-28 -53 63 0000000000000000
-28 -53 70 0000000000000000
-28 -53 77 0000000000000000
-28 -53 84 0000000000000000
-28 -53 91 0000000000000000
-28 -53 98 0000000000000000
-28 -50 -70 0000000000000000
-28 -50 -63 0000000000000000
-28 -50 -56 0000000000000000
-28 -50 -49 0000000000000000
-28 -50 -42 0000000000000000
-28 -50 -35 0000000000000000
-28 -50 -28 0000000000000000
-28 -50 -21 0000000000000000
-28 -50 -14 0000000000000000
-28 -50 -7 0000000000000000
-28 -50 0 0000000000000000
-28 -50 7 0000000000000000
-28 -50 14 bf17b9229d64f0ed
-28 -50 21 bfb8d26c084a52cb
-28 -50 28 bfd2d9534f3dbeeb
-28 -50 35 bfd2d9534f3dbeeb
-28 -50 42 bfd2d9534f3dbeeb
-28 -50 49 bfaad8f5e4906cfd
-28 -50 56 0000000000000000
-28 -50 63 0000000000000000
-28 -50 70 0000000000000000
-28 -50 77 0000000000000000
-28 -50 84 0000000000000000
-28 -50 91 0000000000000000
-28 -50 98 0000000000000000
-28 -47 -70 0000000000000000
-28 -47 -63 0000000000000000
-28 -47 -56 0000000000000000
-28 -47 -49 0000000000000000
-28 -47 -42 0000000000000000
-28 -47 -35 0000000000000000
-28 -47 -28 0000000000000000
-28 -47 -21 0000000000000000
-28 -47 -14 0000000000000000
-28 -47 -7 0000000000000000
-28 -47 0 0000000000000000
-28 -47 7 0000000000000000
-28 -47 14 bf1d41040fbb4545
-28 -47 21 bfbaf68dfcbf6862
-28 -47 28 bfd37e60136f6dae
-28 -47 35 bfd37e60136f6dae
-28 -47 42 bfd37e60136f6dae
-28 -47 49 bfadc506997a1e34
-28 -47 56 0000000000000000
-28 -47 63 0000000000000000
-28 -47 70 0000000000000000
-28 -47 77 0000000000000000
-28 -47 84 0000000000000000
-28 -47 91 0000000000000000
-28 -47 98 0000000000000000
-28 -44 -70 0000000000000000
-28 -44 -63 0000000000000000
-28 -44 -56 0000000000000000
-28 -44 -49 0000000000000000
-28 -44 -42 0000000000000000
-28 -44 -35 0000000000000000
-28 -44 -28 0000000000000000
-28 -44 -21 0000000000000000
-28 -44 -14 0000000000000000
-28 -44 -7 0000000000000000
-28 -44 0 0000000000000000
-28 -44 7 0000000000000000
-28 -44 14 bf1d17800530dd70
-28 -44 21 bfb8b10334dca219
-28 -44 28 bfd178b2ca2b2b46
-28 -44 35 bfd178b2ca2b2b46
-28 -44 42 bfd178b2ca2b2b46
-28 -44 49 bfab8c2f4961732d
-28 -44 56 0000000000000000
-28 -44 63 0000000000000000
-28 -44 70 0000000000000000
-28 -44 77 0000000000000000
-28 -44 84 0000000000000000
-28 -44 91 0000000000000000
-28 -44 98 0000000000000000
-28 -41 -70 0000000000000000
-28 -41 -63 0000000000000000
-28 -41 -56 0000000000000000
-28 -41 -49 0000000000000000
-28 -41 -42 0000000000000000
-28 -41 -35 0000000000000000
-28 -41 -28 0000000000000000
-28 -41 -21 0000000000000000
-28 -41 -14 0000000000000000
-28 -41 -7 0000000000000000
-28 -41 0 0000000000000000
-28 -41 7 0000000000000000
-28 -41 14 bf045db3263d0cc1
-28 -41 21 bfa05d9c3c246eb2
-28 -41 28 bfb6e06f0a27c72c
-28 -41 35 bfb6e06f0a27c72c
-28 -41 42 bfb6e06f0a27c72c
-28 -41 49 bf925ed24b09710b
-28 -41 56 0000000000000000
-28 -41 63 0000000000000000
-28 -41 70 0000000000000000
-28 -41 77 0000000000000000
-28 -41 84 0000000000000000
-28 -41 91 0000000000000000
-28 -41 98 0000000000000000
-28 -38 -70 0000000000000000
-28 -38 -63 0000000000000000
-28 -38 -56 0000000000000000
-28 -38 -49 0000000000000000
-28 -38 -42 0000000000000000
-28 -38 -35 0000000000000000
-28 -38 -28 0000000000000000
-28 -38 -21 0000000000000000
-28 -38 -14 0000000000000000
-28 -38 -7 0000000000000000
-28 -38 0 0000000000000000
-28 -38 7 0000000000000000
-28 -38 14 bed1ff143fca8638
-28 -38 21 bf6bf69869803230
-28 -38 28 bf8361ca17d1edd3
-28 -38 35 bf8361ca17d1edd3
-28 -38 42 bf8361ca17d1edd3
-28 -38 49 bf5f860432edb530
-28 -38 56 0000000000000000
-28 -38 63 0000000000000000
-28 -38 70 0000000000000000
-28 -38 77 0000000000000000
-28 -38 84 0000000000000000
-28 -38 91 0000000000000000
-28 -38 98 0000000000000000
-28 -35 -70 0000000000000000
-28 -35 -63 0000000000000000
-28 -35 -56 0000000000000000
-28 -35 -49 0000000000000000
-28 -35 -42 0000000000000000
-28 -35 -35 0000000000000000
-28 -35 -28 0000000000000000
-28 -35 -21 0000000000000000
-28 -35 -14 0000000000000000
-28 -35 -7 0000000000000000
-28 -35 0 0000000000000000
-28 -35 7 0000000000000000
-28 -35 14 be8464bc8278513c
-28 -35 21 bf1ed68b07d71987
-28 -35 28 bf354454062a3376
-28 -35 35 bf354454062a3376
-28 -35 42 bf354454062a3376
-28 -35 49 bf116db40ee423a3
-28 -35 56 0000000000000000
-28 -35 63 0000000000000000
-28 -35 70 0000000000000000
-28 -35 77 0000000000000000
-28 -35 84 0000000000000000
-28 -35 91 0000000000000000
-28 -35 98 0000000000000000
-28 -32 -70 0000000000000000
-28 -32 -63 0000000000000000
-28 -32 -56 0000000000000000
-28 -32 -49 0000000000000000
-28 -32 -42 0000000000000000
-28 -32 -35 0000000000000000
-28 -32 -28 0000000000000000
-28 -32 -21 0000000000000000
-28 -32 -14 0000000000000000
-28 -32 -7 0000000000000000
-28 -32 0 0000000000000000
-28 -32 7 0000000000000000
-28 -32 14 0000000000000000
-28 -32 21 0000000000000000
-28 -32 28 0000000000000000
-28 -32 35 0000000000000000
-28 -32 42 0000000000000000
-28 -32 49 0000000000000000
-28 -32 56 0000000000000000
-28 -32 63 0000000000000000
-28 -32 70 0000000000000000
-28 -32 77 0000000000000000
-28 -32 84 0000000000000000
-28 -32 91 0000000000000000
-28 -32 98 0000000000000000
-28 -29 -70 0000000000000000
-28 -29 -63 0000000000000000
-28 -29 -56 0000000000000000
-28 -29 -49 0000000000000000
-28 -29 -42 0000000000000000
-28 -29 -35 0000000000000000
-28 -29 -28 0000000000000000
-28 -29 -21 0000000000000000
-28 -29 -14 0000000000000000
-28 -29 -7 0000000000000000
-28 -29 0 0000000000000000
-28 -29 7 0000000000000000
-28 -29 14 0000000000000000
-28 -29 21 0000000000000000
-28 -29 28 0000000000000000
-28 -29 35 0000000000000000
-28 -29 42 0000000000000000
-28 -29 49 0000000000000000
-28 -29 56 0000000000000000
-28 -29 63 0000000000000000
-28 -29 70 0000000000000000
-28 -29 77 0000000000000000
-28 -29 84 0000000000000000
-28 -29 91 0000000000000000
-28 -29 98 0000000000000000
-28 -26 -70 0000000000000000
-28 -26 -63 0000000000000000
-28 -26 -56 0000000000000000
-28 -26 -49 0000000000000000
-28 -26 -42 0000000000000000
-28 -26 -35 0000000000000000
-28 -26 -28 0000000000000000
-28 -26 -21 0000000000000000
-28 -26 -14 0000000000000000
-28 -26 -7 0000000000000000
-28 -26 0 0000000000000000
-28 -26 7 0000000000000000
-28 -26 14 0000000000000000
-28 -26 21 0000000000000000
-28 -26 28 0000000000000000
-28 -26 35 0000000000000000
-28 -26 42 0000000000000000
-28 -26 49 0000000000000000
-28 -26 56 0000000000000000
-28 -26 63 0000000000000000
-28 -26 70 0000000000000000
-28 -26 77 0000000000000000
-28 -26 84 0000000000000000
-28 -26 91 0000000000000000
-28 -26 98 0000000000000000
-28 -23 -70 0000000000000000
-28 -23 -63 0000000000000000
-28 -23 -56 0000000000000000
-28 -23 -49 0000000000000000
-28 -23 -42 0000000000000000
-28 -23 -35 0000000000000000
-28 -23 -28 0000000000000000
-28 -23 -21 0000000000000000
-28 -23 -14 0000000000000000
-28 -23 -7 0000000000000000
-28 -23 0 0000000000000000
-28 -23 7 0000000000000000
-28 -23 14 0000000000000000
-28 -23 21 0000000000000000
-28 -23 28 0000000000000000
-28 -23 35 0000000000000000
-28 -23 42 0000000000000000
-28 -23 49 0000000000000000
-28 -23 56 0000000000000000
-28 -23 63 0000000000000000
-28 -23 70 0000000000000000
-28 -23 77 0000000000000000
-28 -23 84 0000000000000000
-28 -23 91 0000000000000000
-28 -23 98 0000000000000000
-28 -20 -70 0000000000000000
-28 -20 -63 0000000000000000
-28 -20 -56 0000000000000000
-28 -20 -49 0000000000000000
-28 -20 -42 0000000000000000
-28 -20 -35 0000000000000000
-28 -20 -28 0000000000000000
-28 -20 -21 0000000000000000
-28 -20 -14 0000000000000000
-28 -20 -7 0000000000000000
-28 -20 0 0000000000000000
-28 -20 7 0000000000000000
-28 -20 14 0000000000000000
-28 -20 21 0000000000000000
-28 -20 28 0000000000000000
-28 -20 35 0000000000000000
-28 -20 42 0000000000000000
-28 -20 49 0000000000000000
-28 -20 56 0000000000000000
-28 -20 63 0000000000000000
-28 -20 70 0000000000000000
-28 -20 77 0000000000000000
-28 -20 84 0000000000000000
-28 -20 91 0000000000000000
-28 -20 98 0000000000000000
-28 -17 -70 0000000000000000
-28 -17 -63 0000000000000000
-28 -17 -56 0000000000000000
-28 -17 -49 0000000000000000
-28 -17 -42 0000000000000000
-28 -17 -35 0000000000000000
-28 -17 -28 0000000000000000
-28 -17 -21 0000000000000000
-28 -17 -14 0000000000000000
-28 -17 -7 0000000000000000
-28 -17 0 0000000000000000
-28 -17 7 0000000000000000
-28 -17 14 0000000000000000
-28 -17 21 0000000000000000
-28 -17 28 0000000000000000
-28 -17 35 0000000000000000
-28 -17 42 0000000000000000
-28 -17 49 0000000000000000
-28 -17 56 0000000000000000
-28 -17 63 0000000000000000
-28 -17 70 0000000000000000
-28 -17 77 0000000000000000
-28 -17 84 0000000000000000
-28 -17 91 0000000000000000
-28 -17 98 0000000000000000
-28 -14 -70 0000000000000000
-28 -14 -63 0000000000000000
-28 -14 -56 0000000000000000
-28 -14 -49 0000000000000000
-28 -14 -42 0000000000000000
-28 -14 -35 0000000000000000
-28 -14 -28 0000000000000000
-28 -14 -21 0000000000000000
-28 -14 -14 0000000000000000
-28 -14 -7 0000000000000000
-28 -14 0 0000000000000000
-28 -14 7 0000000000000000
-28 -14 14 0000000000000000
-28 -14 21 0000000000000000
-28 -14 28 0000000000000000
-28 -14 35 0000000000000000
-28 -14 42 0000000000000000
-28 -14 49 0000000000000000
-28 -14 56 0000000000000000
-28 -14 63 0000000000000000
-28 -14 70 0000000000000000
-28 -14 77 0000000000000000
-28 -14 84 0000000000000000
-28 -14 91 0000000000000000
-28 -14 98 0000000000000000
-28 -11 -70 0000000000000000
-28 -11 -63 0000000000000000
-28 -11 -56 0000000000000000
-28 -11 -49 0000000000000000
-28 -11 -42 0000000000000000
-28 -11 -35 0000000000000000
-28 -11 -28 0000000000000000
-28 -11 -21 0000000000000000
-28 -11 -14 0000000000000000
-28 -11 -7 0000000000000000
-28 -11 0 0000000000000000
-28 -11 7 0000000000000000
-28 -11 14 0000000000000000
-28 -11 21 0000000000000000
-28 -11 28 0000000000000000
-28 -11 35 0000000000000000
-28 -11 42 0000000000000000
-28 -11 49 0000000000000000
-28 -11 56 0000000000000000
-28 -11 63 0000000000000000
-28 -11 70 0000000000000000
-28 -11 77 0000000000000000
-28 -11 84 0000000000000000
-28 -11 91 0000000000000000
-28 -11 98 0000000000000000
-28 -8 -70 0000000000000000
-28 -8 -63 0000000000000000
-28 -8 -56 0000000000000000
-28 -8 -49 0000000000000000
-28 -8 -42 0000000000000000
-28 -8 -35 0000000000000000
-28 -8 -28 3fc5555555555554
-28 -8 -21 3fc5555555555554
-28 -8 -14 3fc5555555555554
-28 -8 -7 0000000000000000
-28 -8 0 0000000000000000
-28 -8 7 0000000000000000
-28 -8 14 0000000000000000
-28 -8 21 0000000000000000
-28 -8 28 0000000000000000
-28 -8 35 0000000000000000
-28 -8 42 0000000000000000
-28 -8 49 0000000000000000
-28 -8 56 0000000000000000
-28 -8 63 0000000000000000
-28 -8 70 0000000000000000
-28 -8 77 0000000000000000
-28 -8 84 0000000000000000
-28 -8 91 0000000000000000
-28 -8 98 0000000000000000
-28 -5 -70 0000000000000000
-28 -5 -63 0000000000000000
-28 -5 -56 0000000000000000
-28 -5 -49 0000000000000000
-28 -5 -42 0000000000000000
-28 -5 -35 0000000000000000
-28 -5 -28 3fdaaaaaaaaaaaaa
-28 -5 -21 3fdaaaaaaaaaaaaa
-28 -5 -14 3fdaaaaaaaaaaaaa
-28 -5 -7 0000000000000000
-28 -5 0 0000000000000000
-28 -5 7 0000000000000000
-28 -5 14 0000000000000000
-28 -5 21 0000000000000000
-28 -5 28 0000000000000000
-28 -5 35 0000000000000000
-28 -5 42 0000000000000000
-28 -5 49 0000000000000000
-28 -5 56 0000000000000000
-28 -5 63 0000000000000000
-28 -5 70 0000000000000000
-28 -5 77 0000000000000000
-28 -5 84 0000000000000000
-28 -5 91 0000000000000000
-28 -5 98 0000000000000000
-28 -2 -70 0000000000000000
-28 -2 -63 0000000000000000
-28 -2 -56 0000000000000000
-28 -2 -49 0000000000000000
-28 -2 -42 0000000000000000
-28 -2 -35 3fba3ba3ce4c4088
-28 -2 -28 3fe5555555555556
-28 -2 -21 3fe5555555555556
-28 -2 -14 3fe5555555555556
-28 -2 -7 3fba3ba3ce4c4088
-28 -2 0 0000000000000000
-28 -2 7 0000000000000000
-28 -2 14 0000000000000000
-28 -2 21 0000000000000000
-28 -2 28 0000000000000000
-28 -2 35 0000000000000000
-28 -2 42 0000000000000000
-28 -2 49 0000000000000000
-28 -2 56 0000000000000000
-28 -2 63 0000000000000000
-28 -2 70 0000000000000000
-28 -2 77 0000000000000000
-28 -2 84 0000000000000000
-28 -2 91 0000000000000000
-28 -2 98 0000000000000000
-28 1 -70 0000000000000000
-28 1 -63 0000000000000000
-28 1 -56 0000000000000000
-28 1 -49 0000000000000000
-28 1 -42 0000000000000000
-28 1 -35 3fc4cd23bf4475ac
-28 1 -28 3fed555555555555
-28 1 -21 3fed555555555555
-28 1 -14 3fed555555555555
-28 1 -7 3fc4cd23bf4475ac
-28 1 0 0000000000000000
-28 1 7 0000000000000000
-28 1 14 0000000000000000
-28 1 21 0000000000000000
-28 1 28 0000000000000000
-28 1 35 0000000000000000
-28 1 42 0000000000000000
-28 1 49 0000000000000000
-28 1 56 0000000000000000
-28 1 63 0000000000000000
-28 1 70 0000000000000000
-28 1 77 0000000000000000
-28 1 84 0000000000000000
-28 1 91 0000000000000000
-28 1 98 0000000000000000
-28 4 -70 0000000000000000
-28 4 -63 0000000000000000
-28 4 -56 0000000000000000
-28 4 -49 0000000000000000
-28 4 -42 0000000000000000
-28 4 -35 3fc3388e04f4558c
-28 4 -28 3feaaaaaaaaaaaab
-28 4 -21 3feaaaaaaaaaaaab
-28 4 -14 3feaaaaaaaaaaaab
-28 4 -7 3fc3388e04f4558c
-28 4 0 0000000000000000
-28 4 7 0000000000000000
-28 4 14 0000000000000000
-28 4 21 0000000000000000
-28 4 28 0000000000000000
-28 4 35 0000000000000000
-28 4 42 0000000000000000
-28 4 49 0000000000000000
-28 4 56 0000000000000000
-28 4 63 0000000000000000
-28 4 70 0000000000000000
-28 4 77 0000000000000000
-28 4 84 0000000000000000
-28 4 91 0000000000000000
-28 4 98 0000000000000000
-28 7 -70 0000000000000000
-28 7 -63 0000000000000000
-28 7 -56 0000000000000000
-28 7 -49 0000000000000000
-28 7 -42 0000000000000000
-28 7 -35 3fb17c6fe56b41e8
-28 7 -28 3fe2aaaaaaaaaaaa
-28 7 -21 3fe2aaaaaaaaaaaa
-28 7 -14 3fe2aaaaaaaaaaaa
-28 7 -7 3fb17c6fe56b41e8
-28 7 0 0000000000000000
-28 7 7 0000000000000000
-28 7 14 0000000000000000
-28 7 21 0000000000000000
-28 7 28 0000000000000000
-28 7 35 0000000000000000
-28 7 42 0000000000000000
-28 7 49 0000000000000000
-28 7 56 0000000000000000
-28 7 63 0000000000000000
-28 7 70 0000000000000000
-28 7 77 0000000000000000
-28 7 84 0000000000000000
-28 7 91 0000000000000000
-28 7 98 0000000000000000
-28 10 -70 0000000000000000
-28 10 -63 0000000000000000
-28 10 -56 0000000000000000
-28 10 -49 0000000000000000
-28 10 -42 0000000000000000
-28 10 -35 0000000000000000
-28 10 -28 3fd5555555555556
-28 10 -21 3fd5555555555556
-28 10 -14 3fd5555555555556
-28 10 -7 0000000000000000
-28 10 0 0000000000000000
-28 10 7 0000000000000000
-28 10 14 0000000000000000
-28 10 21 0000000000000000
-28 10 28 0000000000000000
-28 10 35 0000000000000000
-28 10 42 0000000000000000
-28 10 49 0000000000000000
-28 10 56 0000000000000000
-28 10 63 0000000000000000
-28 10 70 0000000000000000
-28 10 77 0000000000000000
-28 10 84 0000000000000000
-28 10 91 0000000000000000
-28 10 98 0000000000000000
-28 13 -70 0000000000000000
-28 13 -63 0000000000000000
-28 13 -56 0000000000000000
-28 13 -49 0000000000000000
-28 13 -42 0000000000000000
-28 13 -35 0000000000000000
-28 13 -28 3fb5555555555558
-28 13 -21 3fb5555555555558
-28 13 -14 3fb5555555555558
-28 13 -7 0000000000000000
-28 13 0 0000000000000000
-28 13 7 0000000000000000
-28 13 14 0000000000000000
-28 13 21 0000000000000000
-28 13 28 0000000000000000
-28 13 35 0000000000000000
-28 13 42 0000000000000000
-28 13 49 0000000000000000
-28 13 56 0000000000000000
-28 13 63 0000000000000000
-28 13 70 0000000000000000
-28 13 77 0000000000000000
-28 13 84 0000000000000000
-28 13 91 0000000000000000
-28 13 98 0000000000000000
-28 16 -70 0000000000000000
-28 16 -63 0000000000000000
-28 16 -56 0000000000000000
-28 16 -49 0000000000000000
-28 16 -42 0000000000000000
-28 16 -35 0000000000000000
-28 16 -28 0000000000000000
-28 16 -21 0000000000000000
-28 16 -14 0000000000000000
-28 16 -7 0000000000000000
-28 16 0 0000000000000000
-28 16 7 0000000000000000
-28 16 14 0000000000000000
-28 16 21 0000000000000000
-28 16 28 0000000000000000
-28 16 35 0000000000000000
-28 16 42 0000000000000000
-28 16 49 0000000000000000
-28 16 56 0000000000000000
-28 16 63 0000000000000000
-28 16 70 0000000000000000
-28 16 77 0000000000000000
-28 16 84 0000000000000000
-28 16 91 0000000000000000
-28 16 98 0000000000000000
-28 19 -70 0000000000000000
-28 19 -63 0000000000000000
-28 19 -56 0000000000000000
-28 19 -49 0000000000000000
-28 19 -42 0000000000000000
-28 19 -35 0000000000000000
-28 19 -28 0000000000000000
-28 19 -21 0000000000000000
-28 19 -14 0000000000000000
-28 19 -7 0000000000000000
-28 19 0 0000000000000000
-28 19 7 0000000000000000
-28 19 14 0000000000000000
-28 19 21 0000000000000000
-28 19 28 0000000000000000
-28 19 35 0000000000000000
-28 19 42 0000000000000000
-28 19 49 0000000000000000
-28 19 56 0000000000000000
-28 19 63 0000000000000000
-28 19 70 0000000000000000
-28 19 77 0000000000000000
-28 19 84 0000000000000000
-28 19 91 0000000000000000
-28 19 98 0000000000000000
-28 22 -70 0000000000000000
-28 22 -63 0000000000000000
-28 22 -56 0000000000000000
-28 22 -49 0000000000000000
-28 22 -42 0000000000000000
-28 22 -35 0000000000000000
-28 22 -28 0000000000000000
-28 22 -21 0000000000000000
-28 22 -14 0000000000000000
-28 22 -7 0000000000000000
-28 22 0 0000000000000000
-28 22 7 0000000000000000
-28 22 14 0000000000000000
-28 22 21 0000000000000000
-28 22 28 0000000000000000
-28 22 35 0000000000000000
-28 22 42 0000000000000000
-28 22 49 0000000000000000
-28 22 56 0000000000000000
-28 22 63 0000000000000000
-28 22 70 0000000000000000
-28 22 77 0000000000000000
-28 22 84 0000000000000000
-28 22 91 0000000000000000
-28 22 98 0000000000000000
-28 25 -70 0000000000000000
-28 25 -63 0000000000000000
-28 25 -56 0000000000000000
-28 25 -49 0000000000000000
-28 25 -42 0000000000000000
-28 25 -35 0000000000000000
-28 25 -28 0000000000000000
-28 25 -21 0000000000000000
-28 25 -14 0000000000000000
-28 25 -7 0000000000000000
-28 25 0 0000000000000000
-28 25 7 0000000000000000
-28 25 14 0000000000000000
-28 25 21 0000000000000000
-28 25 28 0000000000000000
-28 25 35 0000000000000000
-28 25 42 0000000000000000
-28 25 49 0000000000000000
-28 25 56 0000000000000000
-28 25 63 0000000000000000
-28 25 70 0000000000000000
-28 25 77 0000000000000000
-28 25 84 0000000000000000
-28 25 91 0000000000000000
-28 25 98 0000000000000000
-28 28 -70 0000000000000000
-28 28 -63 0000000000000000
-28 28 -56 0000000000000000
-28 28 -49 0000000000000000
-28 28 -42 0000000000000000
-28 28 -35 0000000000000000
-28 28 -28 0000000000000000
-28 28 -21 0000000000000000
-28 28 -14 0000000000000000
-28 28 -7 0000000000000000
-28 28 0 0000000000000000
-28 28 7 0000000000000000
-28 28 14 0000000000000000
-28 28 21 0000000000000000
-28 28 28 0000000000000000
-28 28 35 0000000000000000
-28 28 42 0000000000000000
-28 28 49 0000000000000000
-28 28 56 0000000000000000
-28 28 63 0000000000000000
-28 28 70 0000000000000000
-28 28 77 0000000000000000
-28 28 84 0000000000000000
-28 28 91 0000000000000000
-28 28 98 0000000000000000
-28 31 -70 0000000000000000
-28 31 -63 0000000000000000
-28 31 -56 0000000000000000
-28 31 -49 0000000000000000
-28 31 -42 0000000000000000
-28 31 -35 0000000000000000
-28 31 -28 0000000000000000
-28 31 -21 0000000000000000
-28 31 -14 0000000000000000
-28 31 -7 0000000000000000
-28 31 0 0000000000000000
-28 31 7 0000000000000000
-28 31 14 0000000000000000
-28 31 21 0000000000000000
-28 31 28 0000000000000000
-28 31 35 0000000000000000
-28 31 42 0000000000000000
-28 31 49 0000000000000000
-28 31 56 0000000000000000
-28 31 63 0000000000000000
-28 31 70 0000000000000000
-28 31 77 0000000000000000
-28 31 84 0000000000000000
-28 31 91 0000000000000000
-28 31 98 0000000000000000
-28 34 -70 0000000000000000
-28 34 -63 0000000000000000
-28 34 -56 0000000000000000
-28 34 -49 0000000000000000
-28 34 -42 0000000000000000
-28 34 -35 0000000000000000
-28 34 -28 0000000000000000
-28 34 -21 0000000000000000
-28 34 -14 0000000000000000
-28 34 -7 0000000000000000
-28 34 0 0000000000000000
-28 34 7 0000000000000000
-28 34 14 0000000000000000
-28 34 21 0000000000000000
-28 34 28 0000000000000000
-28 34 35 0000000000000000
-28 34 42 0000000000000000
-28 34 49 0000000000000000
-28 34 56 0000000000000000
-28 34 63 0000000000000000
-28 34 70 0000000000000000
-28 34 77 0000000000000000
-28 34 84 0000000000000000
-28 34 91 0000000000000000
-28 34 98 0000000000000000
-28 37 -70 0000000000000000
-28 37 -63 0000000000000000
-28 37 -56 0000000000000000
-28 37 -49 0000000000000000
-28 37 -42 0000000000000000
-28 37 -35 0000000000000000
-28 37 -28 0000000000000000
-28 37 -21 0000000000000000
-28 37 -14 0000000000000000
-28 37 -7 0000000000000000
-28 37 0 0000000000000000
-28 37 7 0000000000000000
-28 37 14 0000000000000000
-28 37 21 0000000000000000
-28 37 28 0000000000000000
-28 37 35 0000000000000000
-28 37 42 0000000000000000
-28 37 49 0000000000000000
-28 37 56 0000000000000000
-28 37 63 0000000000000000
-28 37 70 0000000000000000
-28 37 77 0000000000000000
-28 37 84 0000000000000000
-28 37 91 0000000000000000
-28 37 98 0000000000000000
-28 40 -70 0000000000000000
-28 40 -63 0000000000000000
-28 40 -56 0000000000000000
-28 40 -49 0000000000000000
-28 40 -42 0000000000000000
-28 40 -35 0000000000000000
-28 40 -28 0000000000000000
-28 40 -21 0000000000000000
-28 40 -14 0000000000000000
-28 40 -7 0000000000000000
-28 40 0 0000000000000000
-28 40 7 0000000000000000
-28 40 14 0000000000000000
-28 40 21 0000000000000000
-28 40 28 0000000000000000
-28 40 35 0000000000000000
-28 40 42 0000000000000000
-28 40 49 0000000000000000
-28 40 56 0000000000000000
-28 40 63 0000000000000000
-28 40 70 0000000000000000
-28 40 77 0000000000000000
-28 40 84 0000000000000000
-28 40 91 0000000000000000
-28 40 98 0000000000000000
-28 43 -70 0000000000000000
-28 43 -63 0000000000000000
-28 43 -56 0000000000000000
-28 43 -49 0000000000000000
-28 43 -42 0000000000000000
-28 43 -35 0000000000000000
-28 43 -28 0000000000000000
-28 43 -21 0000000000000000
-28 43 -14 0000000000000000
-28 43 -7 0000000000000000
-28 43 0 0000000000000000
-28 43 7 0000000000000000
-28 43 14 0000000000000000
-28 43 21 0000000000000000
-28 43 28 0000000000000000
-28 43 35 0000000000000000
-28 43 42 0000000000000000
-28 43 49 0000000000000000
-28 43 56 0000000000000000
-28 43 63 0000000000000000
-28 43 70 0000000000000000
-28 43 77 0000000000000000
-28 43 84 0000000000000000
-28 43 91 0000000000000000
-28 43 98 0000000000000000
-21 -95 -70 0000000000000000
-21 -95 -63 0000000000000000
-21 -95 -56 0000000000000000
-21 -95 -49 0000000000000000
-21 -95 -42 0000000000000000
-21 -95 -35 0000000000000000
-21 -95 -28 0000000000000000
-21 -95 -21 0000000000000000
-21 -95 -14 0000000000000000
-21 -95 -7 0000000000000000
-21 -95 0 0000000000000000
-21 -95 7 0000000000000000
-21 -95 14 0000000000000000
-21 -95 21 0000000000000000
-21 -95 28 0000000000000000
-21 -95 35 0000000000000000
-21 -95 42 0000000000000000
-21 -95 49 0000000000000000
-21 -95 56 0000000000000000
-21 -95 63 0000000000000000
-21 -95 70 0000000000000000
-21 -95 77 0000000000000000
-21 -95 84 0000000000000000
-21 -95 91 0000000000000000
-21 -95 98 0000000000000000
-21 -92 -70 0000000000000000
-21 -92 -63 0000000000000000
-21 -92 -56 0000000000000000
-21 -92 -49 0000000000000000
-21 -92 -42 0000000000000000
-21 -92 -35 0000000000000000
-21 -92 -28 0000000000000000
-21 -92 -21 0000000000000000
-21 -92 -14 0000000000000000
-21 -92 -7 0000000000000000
-21 -92 0 0000000000000000
-21 -92 7 0000000000000000
-21 -92 14 0000000000000000
-21 -92 21 0000000000000000
-21 -92 28 0000000000000000
-21 -92 35 0000000000000000
-21 -92 42 0000000000000000
-21 -92 49 0000000000000000
-21 -92 56 0000000000000000
-21 -92 63 0000000000000000
-21 -92 70 0000000000000000
-21 -92 77 0000000000000000
-21 -92 84 0000000000000000
-21 -92 91 0000000000000000
-21 -92 98 0000000000000000
-21 -89 -70 0000000000000000
-21 -89 -63 0000000000000000
-21 -89 -56 0000000000000000
-21 -89 -49 0000000000000000
-21 -89 -42 0000000000000000
-21 -89 -35 0000000000000000
-21 -89 -28 0000000000000000
-21 -89 -21 0000000000000000
-21 -89 -14 0000000000000000
-21 -89 -7 0000000000000000
-21 -89 0 0000000000000000
-21 -89 7 0000000000000000
-21 -89 14 0000000000000000
-21 -89 21 0000000000000000
-21 -89 28 0000000000000000
-21 -89 35 0000000000000000
-21 -89 42 0000000000000000
-21 -89 49 0000000000000000
-21 -89 56 0000000000000000
-21 -89 63 0000000000000000
-21 -89 70 0000000000000000
-21 -89 77 0000000000000000
-21 -89 84 0000000000000000
-21 -89 91 0000000000000000
-21 -89 98 0000000000000000
-21 -86 -70 0000000000000000
-21 -86 -63 0000000000000000
-21 -86 -56 0000000000000000
-21 -86 -49 0000000000000000
-21 -86 -42 0000000000000000
-21 -86 -35 0000000000000000
-21 -86 -28 0000000000000000
-21 -86 -21 0000000000000000
-21 -86 -14 0000000000000000
-21 -86 -7 0000000000000000
-21 -86 0 0000000000000000
-21 -86 7 0000000000000000
-21 -86 14 0000000000000000
-21 -86 21 0000000000000000
-21 -86 28 0000000000000000
-21 -86 35 0000000000000000
-21 -86 42 0000000000000000
-21 -86 49 0000000000000000
-21 -86 56 0000000000000000
-21 -86 63 0000000000000000
-21 -86 70 0000000000000000
-21 -86 77 0000000000000000
-21 -86 84 0000000000000000
-21 -86 91 0000000000000000
-21 -86 98 0000000000000000
-21 -83 -70 0000000000000000
-21 -83 -63 0000000000000000
-21 -83 -56 0000000000000000
-21 -83 -49 0000000000000000
-21 -83 -42 0000000000000000
-21 -83 -35 0000000000000000
-21 -83 -28 0000000000000000
-21 -83 -21 0000000000000000
-21 -83 -14 0000000000000000
-21 -83 -7 0000000000000000
-21 -83 0 0000000000000000
-21 -83 7 0000000000000000
-21 -83 14 0000000000000000
-21 -83 21 0000000000000000
-21 -83 28 0000000000000000
-21 -83 35 0000000000000000
-21 -83 42 0000000000000000
-21 -83 49 0000000000000000
-21 -83 56 0000000000000000
-21 -83 63 0000000000000000
-21 -83 70 0000000000000000
-21 -83 77 0000000000000000
-21 -83 84 0000000000000000
-21 -83 91 0000000000000000
-21 -83 98 0000000000000000
-21 -80 -70 0000000000000000
-21 -80 -63 0000000000000000
-21 -80 -56 0000000000000000
-21 -80 -49 0000000000000000
-21 -80 -42 0000000000000000
-21 -80 -35 0000000000000000
-21 -80 -28 0000000000000000
-21 -80 -21 0000000000000000
-21 -80 -14 0000000000000000
-21 -80 -7 0000000000000000
-21 -80 0 0000000000000000
-21 -80 7 0000000000000000
-21 -80 14 0000000000000000
-21 -80 21 0000000000000000
-21 -80 28 0000000000000000
-21 -80 35 0000000000000000
-21 -80 42 0000000000000000
-21 -80 49 0000000000000000
-21 -80 56 0000000000000000
-21 -80 63 0000000000000000
-21 -80 70 0000000000000000
-21 -80 77 0000000000000000
-21 -80 84 0000000000000000
-21 -80 91 0000000000000000
-21 -80 98 0000000000000000
-21 -77 -70 0000000000000000
-21 -77 -63 0000000000000000
-21 -77 -56 0000000000000000
-21 -77 -49 0000000000000000
-21 -77 -42 0000000000000000
-21 -77 -35 0000000000000000
-21 -77 -28 0000000000000000
-21 -77 -21 0000000000000000
-21 -77 -14 0000000000000000
-21 -77 -7 0000000000000000
-21 -77 0 0000000000000000
-21 -77 7 0000000000000000
-21 -77 14 0000000000000000
-21 -77 21 0000000000000000
-21 -77 28 0000000000000000
-21 -77 35 0000000000000000
-21 -77 42 0000000000000000
-21 -77 49 0000000000000000
-21 -77 56 0000000000000000
-21 -77 63 0000000000000000
-21 -77 70 0000000000000000
-21 -77 77 0000000000000000
-21 -77 84 0000000000000000
-21 -77 91 0000000000000000
-21 -77 98 0000000000000000
-21 -74 -70 0000000000000000
-21 -74 -63 0000000000000000
-21 -74 -56 0000000000000000
-21 -74 -49 0000000000000000
-21 -74 -42 0000000000000000
-21 -74 -35 0000000000000000
-21 -74 -28 0000000000000000
-21 -74 -21 0000000000000000
-21 -74 -14 0000000000000000
-21 -74 -7 0000000000000000
-21 -74 0 0000000000000000
-21 -74 7 0000000000000000
-21 -74 14 0000000000000000
-21 -74 21 0000000000000000
-21 -74 28 0000000000000000
-21 -74 35 0000000000000000
-21 -74 42 0000000000000000
-21 -74 49 0000000000000000
-21 -74 56 0000000000000000
-21 -74 63 0000000000000000
-21 -74 70 0000000000000000
-21 -74 77 0000000000000000
-21 -74 84 0000000000000000
-21 -74 91 0000000000000000
-21 -74 98 0000000000000000
-21 -71 -70 0000000000000000
-21 -71 -63 0000000000000000
-21 -71 -56 0000000000000000
-21 -71 -49 0000000000000000
-21 -71 -42 0000000000000000
-21 -71 -35 0000000000000000
-21 -71 -28 0000000000000000
-21 -71 -21 0000000000000000
-21 -71 -14 0000000000000000
-21 -71 -7 0000000000000000
-21 -71 0 0000000000000000
-21 -71 7 0000000000000000
-21 -71 14 0000000000000000
-21 -71 21 0000000000000000
-21 -71 28 0000000000000000
-21 -71 35 0000000000000000
-21 -71 42 0000000000000000
-21 -71 49 0000000000000000
-21 -71 56 0000000000000000
-21 -71 63 0000000000000000
-21 -71 70 0000000000000000
-21 -71 77 0000000000000000
-21 -71 84 0000000000000000
-21 -71 91 0000000000000000
-21 -71 98 0000000000000000
-21 -68 -70 0000000000000000
-21 -68 -63 0000000000000000
-21 -68 -56 0000000000000000
-21 -68 -49 0000000000000000
-21 -68 -42 0000000000000000
-21 -68 -35 0000000000000000
-21 -68 -28 0000000000000000
-21 -68 -21 0000000000000000
-21 -68 -14 0000000000000000
-21 -68 -7 0000000000000000
-21 -68 0 0000000000000000
-21 -68 7 0000000000000000
-21 -68 14 3e6bfdc3bb27fc2a
-21 -68 21 3f0a2e3e917a4c7a
-21 -68 28 3f2311e07775f486
-21 -68 35 3f2311e07775f486
-21 -68 42 3f2311e07775f486
-21 -68 49 3efcda870e309e48
-21 -68 56 0000000000000000
-21 -68 63 0000000000000000
-21 -68 70 0000000000000000
-21 -68 77 0000000000000000
-21 -68 84 0000000000000000
-21 -68 91 0000000000000000
-21 -68 98 0000000000000000
-21 -65 -70 0000000000000000
-21 -65 -63 0000000000000000
-21 -65 -56 0000000000000000
-21 -65 -49 0000000000000000
-21 -65 -42 0000000000000000
-21 -65 -35 0000000000000000
-21 -65 -28 0000000000000000
-21 -65 -21 0000000000000000
-21 -65 -14 0000000000000000
-21 -65 -7 0000000000000000
-21 -65 0 0000000000000000
-21 -65 7 0000000000000000
-21 -65 14 3ebe5ad376619da2
-21 -65 21 3f606ea0cf65efa1
-21 -65 28 3f794e88a605c808
-21 -65 35 3f794e88a605c808
-21 -65 42 3f794e88a605c808
-21 -65 49 3f51a5d70eca2d5b
-21 -65 56 0000000000000000
-21 -65 63 0000000000000000
-21 -65 70 0000000000000000
-21 -65 77 0000000000000000
-21 -65 84 0000000000000000
-21 -65 91 0000000000000000
-21 -65 98 0000000000000000
-21 -62 -70 0000000000000000
-21 -62 -63 0000000000000000
-21 -62 -56 0000000000000000
-21 -62 -49 0000000000000000
-21 -62 -42 0000000000000000
-21 -62 -35 0000000000000000
-21 -62 -28 0000000000000000
-21 -62 -21 0000000000000000
-21 -62 -14 0000000000000000
-21 -62 -7 0000000000000000
-21 -62 0 0000000000000000
-21 -62 7 0000000000000000
-21 -62 14 3ef19d2c17b2cfea
-21 -62 21 3f980b723a9c9f44
-21 -62 28 3fb5d36afcc24118
-21 -62 35 3fb5d36afcc24118
-21 -62 42 3fb5d36afcc24118
-21 -62 49 3f888069406d2bb4
-21 -62 56 0000000000000000
-21 -62 63 0000000000000000
-21 -62 70 0000000000000000
-21 -62 77 0000000000000000
-21 -62 84 0000000000000000
-21 -62 91 0000000000000000
-21 -62 98 0000000000000000
-21 -59 -70 0000000000000000
-21 -59 -63 0000000000000000
-21 -59 -56 0000000000000000
-21 -59 -49 0000000000000000
-21 -59 -42 0000000000000000
-21 -59 -35 0000000000000000
-21 -59 -28 0000000000000000
-21 -59 -21 0000000000000000
-21 -59 -14 0000000000000000
-21 -59 -7 0000000000000000
-21 -59 0 0000000000000000
-21 -59 7 0000000000000000
-21 -59 14 3efc20d96927fecf
-21 -59 21 3fa9485d30e7dd88
-21 -59 28 3fd87e85f5211e0b
-21 -59 35 3fd87e85f5211e0b
-21 -59 42 3fd87e85f5211e0b
-21 -59 49 3f979b7b7fe09300
-21 -59 56 0000000000000000
-21 -59 63 0000000000000000
-21 -59 70 0000000000000000
-21 -59 77 0000000000000000
-21 -59 84 0000000000000000
-21 -59 91 0000000000000000
-21 -59 98 0000000000000000
-21 -56 -70 0000000000000000
-21 -56 -63 0000000000000000
-21 -56 -56 0000000000000000
-21 -56 -49 0000000000000000
-21 -56 -42 0000000000000000
-21 -56 -35 0000000000000000
-21 -56 -28 0000000000000000
-21 -56 -21 0000000000000000
-21 -56 -14 0000000000000000
-21 -56 -7 0000000000000000
-21 -56 0 0000000000000000
-21 -56 7 0000000000000000
-21 -56 14 bf047696498adf44
-21 -56 21 bfb2649df909eab2
-21 -56 28 bfe1d1c75b3598bc
-21 -56 35 bfe1d1c75b3598bc
-21 -56 42 bfe1d1c75b3598bc
-21 -56 49 bfa12c9b8579c712
-21 -56 56 0000000000000000
-21 -56 63 0000000000000000
-21 -56 70 0000000000000000
-21 -56 77 0000000000000000
-21 -56 84 0000000000000000
-21 -56 91 0000000000000000
-21 -56 98 0000000000000000
-21 -53 -70 0000000000000000
-21 -53 -63 0000000000000000
-21 -53 -56 0000000000000000
-21 -53 -49 0000000000000000
-21 -53 -42 0000000000000000
-21 -53 -35 0000000000000000
-21 -53 -28 0000000000000000
-21 -53 -21 0000000000000000
-21 -53 -14 0000000000000000
-21 -53 -7 0000000000000000
-21 -53 0 0000000000000000
-21 -53 7 0000000000000000
-21 -53 14 bf1cb6dfe2b650ef
-21 -53 21 bfc39951a0a414d2
-21 -53 28 bfe1ca514f44c481
-21 -53 35 bfe1ca514f44c481
-21 -53 42 bfe1ca514f44c481
-21 -53 49 bfb3f8a840af9527
-21 -53 56 0000000000000000
-21 -53 63 0000000000000000
-21 -53 70 0000000000000000
-21 -53 77 0000000000000000
-21 -53 84 0000000000000000
-21 -53 91 0000000000000000
-21 -53 98 0000000000000000
-21 -50 -70 0000000000000000
-21 -50 -63 0000000000000000
-21 -50 -56 0000000000000000
-21 -50 -49 0000000000000000
-21 -50 -42 0000000000000000
-21 -50 -35 0000000000000000
-21 -50 -28 0000000000000000
-21 -50 -21 0000000000000000
-21 -50 -14 0000000000000000
-21 -50 -7 0000000000000000
-21 -50 0 0000000000000000
-21 -50 7 0000000000000000
-21 -50 14 bf2558e6fd596683
-21 -50 21 bfc71cb2762741e1
-21 -50 28 bfe1cc15fee613fe
-21 -50 35 bfe1cc15fee613fe
-21 -50 42 bfe1cc15fee613fe
-21 -50 49 bfb8d26c084a52cb
-21 -50 56 0000000000000000
-21 -50 63 0000000000000000
-21 -50 70 0000000000000000
-21 -50 77 0000000000000000
-21 -50 84 0000000000000000
-21 -50 91 0000000000000000
-21 -50 98 0000000000000000
-21 -47 -70 0000000000000000
-21 -47 -63 0000000000000000
-21 -47 -56 0000000000000000
-21 -47 -49 0000000000000000
-21 -47 -42 0000000000000000
-21 -47 -35 0000000000000000
-21 -47 -28 0000000000000000
-21 -47 -21 0000000000000000
-21 -47 -14 0000000000000000
-21 -47 -7 0000000000000000
-21 -47 0 0000000000000000
-21 -47 7 0000000000000000
-21 -47 14 bf2a2841b5f91570
-21 -47 21 bfc8771b37dcfbc2
-21 -47 28 bfe1d202ca88796f
-21 -47 35 bfe1d202ca88796f
-21 -47 42 bfe1d202ca88796f
-21 -47 49 bfbaf68dfcbf6862
-21 -47 56 0000000000000000
-21 -47 63 0000000000000000
-21 -47 70 0000000000000000
-21 -47 77 0000000000000000
-21 -47 84 0000000000000000
-21 -47 91 0000000000000000
-21 -47 98 0000000000000000
-21 -44 -70 0000000000000000
-21 -44 -63 0000000000000000
-21 -44 -56 0000000000000000
-21 -44 -49 0000000000000000
-21 -44 -42 0000000000000000
-21 -44 -35 0000000000000000
-21 -44 -28 0000000000000000
-21 -44 -21 0000000000000000
-21 -44 -14 0000000000000000
-21 -44 -7 0000000000000000
-21 -44 0 0000000000000000
-21 -44 7 0000000000000000
-21 -44 14 bf29e89bdf904dbc
-21 -44 21 bfc627cf76120ae1
-21 -44 28 bfdf6bc7cf309d24
-21 -44 35 bfdf6bc7cf309d24
-21 -44 42 bfdf6bc7cf309d24
-21 -44 49 bfb8b10334dca219
-21 -44 56 0000000000000000
-21 -44 63 0000000000000000
-21 -44 70 0000000000000000
-21 -44 77 0000000000000000
-21 -44 84 0000000000000000
-21 -44 91 0000000000000000
-21 -44 98 0000000000000000
-21 -41 -70 0000000000000000
-21 -41 -63 0000000000000000
-21 -41 -56 0000000000000000
-21 -41 -49 0000000000000000
-21 -41 -42 0000000000000000
-21 -41 -35 0000000000000000
-21 -41 -28 0000000000000000
-21 -41 -21 0000000000000000
-21 -41 -14 0000000000000000
-21 -41 -7 0000000000000000
-21 -41 0 0000000000000000
-21 -41 7 0000000000000000
-21 -41 14 bf121231c81ca67f
-21 -41 21 bfad2c8eeefb05a0
-21 -41 28 bfc468cea6ed3f44
-21 -41 35 bfc468cea6ed3f44
-21 -41 42 bfc468cea6ed3f44
-21 -41 49 bfa05d9c3c246eb2
-21 -41 56 0000000000000000
-21 -41 63 0000000000000000
-21 -41 70 0000000000000000
-21 -41 77 0000000000000000
-21 -41 84 0000000000000000
-21 -41 91 0000000000000000
-21 -41 98 0000000000000000
-21 -38 -70 0000000000000000
-21 -38 -63 0000000000000000
-21 -38 -56 0000000000000000
-21 -38 -49 0000000000000000
-21 -38 -42 0000000000000000
-21 -38 -35 0000000000000000
-21 -38 -28 0000000000000000
-21 -38 -21 0000000000000000
-21 -38 -14 0000000000000000
-21 -38 -7 0000000000000000
-21 -38 0 0000000000000000
-21 -38 7 0000000000000000
-21 -38 14 bedfde0dc0cc9d8c
-21 -38 21 bf78cf71595350f8
-21 -38 28 bf91344c23444d47
-21 -38 35 bf91344c23444d47
-21 -38 42 bf91344c23444d47
-21 -38 49 bf6bf69869803230
-21 -38 56 0000000000000000
-21 -38 63 0000000000000000
-21 -38 70 0000000000000000
-21 -38 77 0000000000000000
-21 -38 84 0000000000000000
-21 -38 91 0000000000000000
-21 -38 98 0000000000000000
-21 -35 -70 0000000000000000
-21 -35 -63 0000000000000000
-21 -35 -56 0000000000000000
-21 -35 -49 0000000000000000
-21 -35 -42 0000000000000000
-21 -35 -35 0000000000000000
-21 -35 -28 0000000000000000
-21 -35 -21 0000000000000000
-21 -35 -14 0000000000000000
-21 -35 -7 0000000000000000
-21 -35 0 0000000000000000
-21 -35 7 0000000000000000
-21 -35 14 be92065aeca45103
-21 -35 21 bf2b48f086e51a17
-21 -35 28 bf42d3340fa6646a
-21 -35 35 bf42d3340fa6646a
-21 -35 42 bf42d3340fa6646a
-21 -35 49 bf1ed68b07d71987
-21 -35 56 0000000000000000
-21 -35 63 0000000000000000
-21 -35 70 0000000000000000
-21 -35 77 0000000000000000
-21 -35 84 0000000000000000
-21 -35 91 0000000000000000
-21 -35 98 0000000000000000
-21 -32 -70 0000000000000000
-21 -32 -63 0000000000000000
-21 -32 -56 0000000000000000
-21 -32 -49 0000000000000000
-21 -32 -42 0000000000000000
-21 -32 -35 0000000000000000
-21 -32 -28 0000000000000000
-21 -32 -21 0000000000000000
-21 -32 -14 0000000000000000
-21 -32 -7 0000000000000000
-21 -32 0 0000000000000000
-21 -32 7 0000000000000000
-21 -32 14 0000000000000000
-21 -32 21 0000000000000000
-21 -32 28 0000000000000000
-21 -32 35 0000000000000000
-21 -32 42 0000000000000000
-21 -32 49 0000000000000000
-21 -32 56 0000000000000000
-21 -32 63 0000000000000000
-21 -32 70 0000000000000000
-21 -32 77 0000000000000000
-21 -32 84 0000000000000000
-21 -32 91 0000000000000000
-21 -32 98 0000000000000000
-21 -29 -70 0000000000000000
-21 -29 -63 0000000000000000
-21 -29 -56 0000000000000000
-21 -29 -49 0000000000000000
-21 -29 -42 0000000000000000
-21 -29 -35 0000000000000000
-21 -29 -28 0000000000000000
-21 -29 -21 0000000000000000
-21 -29 -14 0000000000000000
-21 -29 -7 0000000000000000
-21 -29 0 0000000000000000
-21 -29 7 0000000000000000
-21 -29 14 0000000000000000
-21 -29 21 0000000000000000
-21 -29 28 0000000000000000
-21 -29 35 0000000000000000
-21 -29 42 0000000000000000
-21 -29 49 0000000000000000
-21 -29 56 0000000000000000
-21 -29 63 0000000000000000
-21 -29 70 0000000000000000
-21 -29 77 0000000000000000
-21 -29 84 0000000000000000
-21 -29 91 0000000000000000
-21 -29 98 0000000000000000
-21 -26 -70 0000000000000000
-21 -26 -63 0000000000000000
-21 -26 -56 0000000000000000
-21 -26 -49 0000000000000000
-21 -26 -42 0000000000000000
-21 -26 -35 0000000000000000
-21 -26 -28 0000000000000000
-21 -26 -21 0000000000000000
-21 -26 -14 0000000000000000
-21 -26 -7 0000000000000000
-21 -26 0 0000000000000000
-21 -26 7 0000000000000000
-21 -26 14 0000000000000000
-21 -26 21 0000000000000000
-21 -26 28 0000000000000000
-21 -26 35 0000000000000000
-21 -26 42 0000000000000000
-21 -26 49 0000000000000000
-21 -26 56 0000000000000000
-21 -26 63 0000000000000000
-21 -26 70 0000000000000000
-21 -26 77 0000000000000000
-21 -26 84 0000000000000000
-21 -26 91 0000000000000000
-21 -26 98 0000000000000000
-21 -23 -70 0000000000000000
-21 -23 -63 0000000000000000
-21 -23 -56 0000000000000000
-21 -23 -49 0000000000000000
-21 -23 -42 0000000000000000
-21 -23 -35 0000000000000000
-21 -23 -28 0000000000000000
-21 -23 -21 0000000000000000
-21 -23 -14 0000000000000000
-21 -23 -7 0000000000000000
-21 -23 0 0000000000000000
-21 -23 7 0000000000000000
-21 -23 14 0000000000000000
-21 -23 21 0000000000000000
-21 -23 28 0000000000000000
-21 -23 35 0000000000000000
-21 -23 42 0000000000000000
-21 -23 49 0000000000000000
-21 -23 56 0000000000000000
-21 -23 63 0000000000000000
-21 -23 70 0000000000000000
-21 -23 77 0000000000000000
-21 -23 84 0000000000000000
-21 -23 91 0000000000000000
-21 -23 98 0000000000000000
-21 -20 -70 0000000000000000
-21 -20 -63 0000000000000000
-21 -20 -56 0000000000000000
-21 -20 -49 0000000000000000
-21 -20 -42 0000000000000000
-21 -20 -35 0000000000000000
-21 -20 -28 0000000000000000
-21 -20 -21 0000000000000000
-21 -20 -14 0000000000000000
-21 -20 -7 0000000000000000
-21 -20 0 0000000000000000
-21 -20 7 0000000000000000
-21 -20 14 0000000000000000
-21 -20 21 0000000000000000
-21 -20 28 0000000000000000
-21 -20 35 0000000000000000
-21 -20 42 0000000000000000
-21 -20 49 0000000000000000
-21 -20 56 0000000000000000
-21 -20 63 0000000000000000
-21 -20 70 0000000000000000
-21 -20 77 0000000000000000
-21 -20 84 0000000000000000
-21 -20 91 0000000000000000
-21 -20 98 0000000000000000
-21 -17 -70 0000000000000000
-21 -17 -63 0000000000000000
-21 -17 -56 0000000000000000
-21 -17 -49 0000000000000000
-21 -17 -42 0000000000000000
-21 -17 -35 0000000000000000
-21 -17 -28 0000000000000000
-21 -17 -21 0000000000000000
-21 -17 -14 0000000000000000
-21 -17 -7 0000000000000000
-21 -17 0 0000000000000000
-21 -17 7 0000000000000000
-21 -17 14 0000000000000000
-21 -17 21 0000000000000000
-21 -17 28 0000000000000000
-21 -17 35 0000000000000000
-21 -17 42 0000000000000000
-21 -17 49 0000000000000000
-21 -17 56 0000000000000000
-21 -17 63 0000000000000000
-21 -17 70 0000000000000000
-21 -17 77 0000000000000000
-21 -17 84 0000000000000000
-21 -17 91 0000000000000000
-21 -17 98 0000000000000000
-21 -14 -70 0000000000000000
-21 -14 -63 0000000000000000
-21 -14 -56 0000000000000000
-21 -14 -49 0000000000000000
-21 -14 -42 0000000000000000
-21 -14 -35 0000000000000000
-21 -14 -28 0000000000000000
-21 -14 -21 0000000000000000
-21 -14 -14 0000000000000000
-21 -14 -7 0000000000000000
-21 -14 0 0000000000000000
-21 -14 7 0000000000000000
-21 -14 14 0000000000000000
-21 -14 21 0000000000000000
-21 -14 28 0000000000000000
-21 -14 35 0000000000000000
-21 -14 42 0000000000000000
-21 -14 49 0000000000000000
-21 -14 56 0000000000000000
-21 -14 63 0000000000000000
-21 -14 70 0000000000000000
-21 -14 77 0000000000000000
-21 -14 84 0000000000000000
-21 -14 91 0000000000000000
-21 -14 98 0000000000000000
-21 -11 -70 0000000000000000
-21 -11 -63 0000000000000000
-21 -11 -56 0000000000000000
-21 -11 -49 0000000000000000
-21 -11 -42 0000000000000000
-21 -11 -35 0000000000000000
-21 -11 -28 0000000000000000
-21 -11 -21 0000000000000000
-21 -11 -14 0000000000000000
-21 -11 -7 0000000000000000
-21 -11 0 0000000000000000
-21 -11 7 0000000000000000
-21 -11 14 0000000000000000
-21 -11 21 0000000000000000
-21 -11 28 0000000000000000
-21 -11 35 0000000000000000
-21 -11 42 0000000000000000
-21 -11 49 0000000000000000
-21 -11 56 0000000000000000
-21 -11 63 0000000000000000
-21 -11 70 0000000000000000
-21 -11 77 0000000000000000
-21 -11 84 0000000000000000
-21 -11 91 0000000000000000
-21 -11 98 0000000000000000
-21 -8 -70 0000000000000000
-21 -8 -63 0000000000000000
-21 -8 -56 0000000000000000
-21 -8 -49 0000000000000000
-21 -8 -42 0000000000000000
-21 -8 -35 0000000000000000
-21 -8 -28 3fc5555555555554
-21 -8 -21 3fc5555555555554
-21 -8 -14 3fc5555555555554
-21 -8 -7 0000000000000000
-21 -8 0 0000000000000000
-21 -8 7 0000000000000000
-21 -8 14 0000000000000000
-21 -8 21 0000000000000000
-21 -8 28 0000000000000000
-21 -8 35 0000000000000000
-21 -8 42 0000000000000000
-21 -8 49 0000000000000000
-21 -8 56 0000000000000000
-21 -8 63 0000000000000000
-21 -8 70 0000000000000000
-21 -8 77 0000000000000000
-21 -8 84 0000000000000000
-21 -8 91 0000000000000000
-21 -8 98 0000000000000000
-21 -5 -70 0000000000000000
-21 -5 -63 0000000000000000
-21 -5 -56 0000000000000000
-21 -5 -49 0000000000000000
-21 -5 -42 0000000000000000
-21 -5 -35 0000000000000000
-21 -5 -28 3fdaaaaaaaaaaaaa
-21 -5 -21 3fdaaaaaaaaaaaaa
-21 -5 -14 3fdaaaaaaaaaaaaa
-21 -5 -7 0000000000000000
-21 -5 0 0000000000000000
-21 -5 7 0000000000000000
-21 -5 14 0000000000000000
-21 -5 21 0000000000000000
-21 -5 28 0000000000000000
-21 -5 35 0000000000000000
-21 -5 42 0000000000000000
-21 -5 49 0000000000000000
-21 -5 56 0000000000000000
-21 -5 63 0000000000000000
-21 -5 70 0000000000000000
-21 -5 77 0000000000000000
-21 -5 84 0000000000000000
-21 -5 91 0000000000000000
-21 -5 98 0000000000000000
-21 -2 -70 0000000000000000
-21 -2 -63 0000000000000000
-21 -2 -56 0000000000000000
-21 -2 -49 0000000000000000
-21 -2 -42 0000000000000000
-21 -2 -35 3fba3ba3ce4c4088
-21 -2 -28 3fe5555555555556
-21 -2 -21 3fe5555555555556
-21 -2 -14 3fe5555555555556
-21 -2 -7 3fba3ba3ce4c4088
-21 -2 0 0000000000000000
-21 -2 7 0000000000000000
-21 -2 14 0000000000000000
-21 -2 21 0000000000000000
-21 -2 28 0000000000000000
-21 -2 35 0000000000000000
-21 -2 42 0000000000000000
-21 -2 49 0000000000000000
-21 -2 56 0000000000000000
-21 -2 63 0000000000000000
-21 -2 70 0000000000000000
-21 -2 77 0000000000000000
-21 -2 84 0000000000000000
-21 -2 91 0000000000000000
-21 -2 98 0000000000000000
-21 1 -70 0000000000000000
-21 1 -63 0000000000000000
-21 1 -56 0000000000000000
-21 1 -49 0000000000000000
-21 1 -42 0000000000000000
-21 1 -35 3fc4cd23bf4475ac
-21 1 -28 3fed555555555555
-21 1 -21 3fed555555555555
-21 1 -14 3fed555555555555
-21 1 -7 3fc4cd23bf4475ac
-21 1 0 0000000000000000
-21 1 7 0000000000000000
-21 1 14 0000000000000000
-21 1 21 0000000000000000
-21 1 28 0000000000000000
-21 1 35 0000000000000000
-21 1 42 0000000000000000
-21 1 49 0000000000000000
-21 1 56 0000000000000000
-21 1 63 0000000000000000
-21 1 70 0000000000000000
-21 1 77 0000000000000000
-21 1 84 0000000000000000
-21 1 91 0000000000000000
-21 1 98 0000000000000000
-21 4 -70 0000000000000000
-21 4 -63 0000000000000000
-21 4 -56 0000000000000000
-21 4 -49 0000000000000000
-21 4 -42 0000000000000000
-21 4 -35 3fc3388e04f4558c
-21 4 -28 3feaaaaaaaaaaaab
-21 4 -21 3feaaaaaaaaaaaab
-21 4 -14 3feaaaaaaaaaaaab
-21 4 -7 3fc3388e04f4558c
-21 4 0 0000000000000000
-21 4 7 0000000000000000
-21 4 14 0000000000000000
-21 4 21 0000000000000000
-21 4 28 0000000000000000
-21 4 35 0000000000000000
-21 4 42 0000000000000000
-21 4 49 0000000000000000
-21 4 56 0000000000000000
-21 4 63 0000000000000000
-21 4 70 0000000000000000
-21 4 77 0000000000000000
-21 4 84 0000000000000000
-21 4 91 0000000000000000
-21 4 98 0000000000000000
-21 7 -70 0000000000000000
-21 7 -63 0000000000000000
-21 7 -56 0000000000000000
-21 7 -49 0000000000000000
-21 7 -42 0000000000000000
-21 7 -35 3fb17c6fe56b41e8
-21 7 -28 3fe2aaaaaaaaaaaa
-21 7 -21 3fe2aaaaaaaaaaaa
-21 7 -14 3fe2aaaaaaaaaaaa
-21 7 -7 3fb17c6fe56b41e8
-21 7 0 0000000000000000
-21 7 7 0000000000000000
-21 7 14 0000000000000000
-21 7 21 0000000000000000
-21 7 28 0000000000000000
-21 7 35 0000000000000000
-21 7 42 0000000000000000
-21 7 49 0000000000000000
-21 7 56 0000000000000000
-21 7 63 0000000000000000
-21 7 70 0000000000000000
-21 7 77 0000000000000000
-21 7 84 0000000000000000
-21 7 91 0000000000000000
-21 7 98 0000000000000000
-21 10 -70 0000000000000000
-21 10 -63 0000000000000000
-21 10 -56 0000000000000000
-21 10 -49 0000000000000000
-21 10 -42 0000000000000000
-21 10 -35 0000000000000000
-21 10 -28 3fd5555555555556
-21 10 -21 3fd5555555555556
-21 10 -14 3fd5555555555556
-21 10 -7 0000000000000000
-21 10 0 0000000000000000
-21 10 7 0000000000000000
-21 10 14 0000000000000000
-21 10 21 0000000000000000
-21 10 28 0000000000000000
-21 10 35 0000000000000000
-21 10 42 0000000000000000
-21 10 49 0000000000000000
-21 10 56 0000000000000000
-21 10 63 0000000000000000
-21 10 70 0000000000000000
-21 10 77 0000000000000000
-21 10 84 0000000000000000
-21 10 91 0000000000000000
-21 10 98 0000000000000000
-21 13 -70 0000000000000000
-21 13 -63 0000000000000000
-21 13 -56 0000000000000000
-21 13 -49 0000000000000000
-21 13 -42 0000000000000000
-21 13 -35 0000000000000000
-21 13 -28 3fb5555555555558
-21 13 -21 3fb5555555555558
-21 13 -14 3fb5555555555558
-21 13 -7 0000000000000000
-21 13 0 0000000000000000
-21 13 7 0000000000000000
-21 13 14 0000000000000000
-21 13 21 0000000000000000
-21 13 28 0000000000000000
-21 13 35 0000000000000000
-21 13 42 0000000000000000
-21 13 49 0000000000000000
-21 13 56 0000000000000000
-21 13 63 0000000000000000
-21 13 70 0000000000000000
-21 13 77 0000000000000000
-21 13 84 0000000000000000
-21 13 91 0000000000000000
-21 13 98 0000000000000000
-21 16 -70 0000000000000000
-21 16 -63 0000000000000000
-21 16 -56 0000000000000000
-21 16 -49 0000000000000000
-21 16 -42 0000000000000000
-21 16 -35 0000000000000000
-21 16 -28 0000000000000000
-21 16 -21 0000000000000000
-21 16 -14 0000000000000000
-21 16 -7 0000000000000000
-21 16 0 0000000000000000
-21 16 7 0000000000000000
-21 16 14 0000000000000000
-21 16 21 0000000000000000
-21 16 28 0000000000000000
-21 16 35 0000000000000000
-21 16 42 0000000000000000
-21 16 49 0000000000000000
-21 16 56 0000000000000000
-21 16 63 0000000000000000
-21 16 70 0000000000000000
-21 16 77 0000000000000000
-21 16 84 0000000000000000
-21 16 91 0000000000000000
-21 16 98 0000000000000000
-21 19 -70 0000000000000000
-21 19 -63 0000000000000000
-21 19 -56 0000000000000000
-21 19 -49 0000000000000000
-21 19 -42 0000000000000000
-21 19 -35 0000000000000000
-21 19 -28 0000000000000000
-21 19 -21 0000000000000000
-21 19 -14 0000000000000000
-21 19 -7 0000000000000000
-21 19 0 0000000000000000
-21 19 7 0000000000000000
-21 19 14 0000000000000000
-21 19 21 0000000000000000
-21 19 28 0000000000000000
-21 19 35 0000000000000000
-21 19 42 0000000000000000
-21 19 49 0000000000000000
-21 19 56 0000000000000000
-21 19 63 0000000000000000
-21 19 70 0000000000000000
-21 19 77 0000000000000000
-21 19 84 0000000000000000
-21 19 91 0000000000000000
-21 19 98 0000000000000000
-21 22 -70 0000000000000000
-21 22 -63 0000000000000000
-21 22 -56 0000000000000000
-21 22 -49 0000000000000000
-21 22 -42 0000000000000000
-21 22 -35 0000000000000000
-21 22 -28 0000000000000000
-21 22 -21 0000000000000000
-21 22 -14 0000000000000000
-21 22 -7 0000000000000000
-21 22 0 0000000000000000
-21 22 7 0000000000000000
-21 22 14 0000000000000000
-21 22 21 0000000000000000
-21 22 28 0000000000000000
-21 22 35 0000000000000000
-21 22 42 0000000000000000
-21 22 49 0000000000000000
-21 22 56 0000000000000000
-21 22 63 0000000000000000
-21 22 70 0000000000000000
-21 22 77 0000000000000000
-21 22 84 0000000000000000
-21 22 91 0000000000000000
-21 22 98 0000000000000000
-21 25 -70 0000000000000000
-21 25 -63 0000000000000000
-21 25 -56 0000000000000000
-21 25 -49 0000000000000000
-21 25 -42 0000000000000000
-21 25 -35 0000000000000000
-21 25 -28 0000000000000000
-21 25 -21 0000000000000000
-21 25 -14 0000000000000000
-21 25 -7 0000000000000000
-21 25 0 0000000000000000
-21 25 7 0000000000000000
-21 25 14 0000000000000000
-21 25 21 0000000000000000
-21 25 28 0000000000000000
-21 25 35 0000000000000000
-21 25 42 0000000000000000
-21 25 49 0000000000000000
-21 25 56 0000000000000000
-21 25 63 0000000000000000
-21 25 70 0000000000000000
-21 25 77 0000000000000000
-21 25 84 0000000000000000
-21 25 91 0000000000000000
-21 25 98 0000000000000000
-21 28 -70 0000000000000000
-21 28 -63 0000000000000000
-21 28 -56 0000000000000000
-21 28 -49 0000000000000000
-21 28 -42 0000000000000000
-21 28 -35 0000000000000000
-21 28 -28 0000000000000000
-21 28 -21 0000000000000000
-21 28 -14 0000000000000000
-21 28 -7 0000000000000000
-21 28 0 0000000000000000
-21 28 7 0000000000000000
-21 28 14 0000000000000000
-21 28 21 0000000000000000
-21 28 28 0000000000000000
-21 28 35 0000000000000000
-21 28 42 0000000000000000
-21 28 49 0000000000000000
-21 28 56 0000000000000000
-21 28 63 0000000000000000
-21 28 70 0000000000000000
-21 28 77 0000000000000000
-21 28 84 0000000000000000
-21 28 91 0000000000000000
-21 28 98 0000000000000000
-21 31 -70 0000000000000000
-21 31 -63 0000000000000000
-21 31 -56 0000000000000000
-21 31 -49 0000000000000000
-21 31 -42 0000000000000000
-21 31 -35 0000000000000000
-21 31 -28 0000000000000000
-21 31 -21 0000000000000000
-21 31 -14 0000000000000000
-21 31 -7 0000000000000000
-21 31 0 0000000000000000
-21 31 7 0000000000000000
-21 31 14 0000000000000000
-21 31 21 0000000000000000
-21 31 28 0000000000000000
-21 31 35 0000000000000000
-21 31 42 0000000000000000
-21 31 49 0000000000000000
-21 31 56 0000000000000000
-21 31 63 0000000000000000
-21 31 70 0000000000000000
-21 31 77 0000000000000000
-21 31 84 0000000000000000
-21 31 91 0000000000000000
-21 31 98 0000000000000000
-21 34 -70 0000000000000000
-21 34 -63 0000000000000000
-21 34 -56 0000000000000000
-21 34 -49 0000000000000000
-21 34 -42 0000000000000000
-21 34 -35 0000000000000000
-21 34 -28 0000000000000000
-21 34 -21 0000000000000000
-21 34 -14 0000000000000000
-21 34 -7 0000000000000000
-21 34 0 0000000000000000
-21 34 7 0000000000000000
-21 34 14 0000000000000000
-21 34 21 0000000000000000
-21 34 28 0000000000000000
-21 34 35 0000000000000000
-21 34 42 0000000000000000
-21 34 49 0000000000000000
-21 34 56 0000000000000000
-21 34 63 0000000000000000
-21 34 70 0000000000000000
-21 34 77 0000000000000000
-21 34 84 0000000000000000
-21 34 91 0000000000000000
-21 34 98 0000000000000000
-21 37 -70 0000000000000000
-21 37 -63 0000000000000000
-21 37 -56 0000000000000000
-21 37 -49 0000000000000000
-21 37 -42 0000000000000000
-21 37 -35 0000000000000000
-21 37 -28 0000000000000000
-21 37 -21 0000000000000000
-21 37 -14 0000000000000000
-21 37 -7 0000000000000000
-21 37 0 0000000000000000
-21 37 7 0000000000000000
-21 37 14 0000000000000000
-21 37 21 0000000000000000
-21 37 28 0000000000000000
-21 37 35 0000000000000000
-21 37 42 0000000000000000
-21 37 49 0000000000000000
-21 37 56 0000000000000000
-21 37 63 0000000000000000
-21 37 70 0000000000000000
-21 37 77 0000000000000000
-21 37 84 0000000000000000
-21 37 91 0000000000000000
-21 37 98 0000000000000000
-21 40 -70 0000000000000000
-21 40 -63 0000000000000000
-21 40 -56 0000000000000000
-21 40 -49 0000000000000000
-21 40 -42 0000000000000000
-21 40 -35 0000000000000000
-21 40 -28 0000000000000000
-21 40 -21 0000000000000000
-21 40 -14 0000000000000000
-21 40 -7 0000000000000000
-21 40 0 0000000000000000
-21 40 7 0000000000000000
-21 40 14 0000000000000000
-21 40 21 0000000000000000
-21 40 28 0000000000000000
-21 40 35 0000000000000000
-21 40 42 0000000000000000
-21 40 49 0000000000000000
-21 40 56 0000000000000000
-21 40 63 0000000000000000
-21 40 70 0000000000000000
-21 40 77 0000000000000000
-21 40 84 0000000000000000
-21 40 91 0000000000000000
-21 40 98 0000000000000000
-21 43 -70 0000000000000000
-21 43 -63 0000000000000000
-21 43 -56 0000000000000000
-21 43 -49 0000000000000000
-21 43 -42 0000000000000000
-21 43 -35 0000000000000000
-21 43 -28 0000000000000000
-21 43 -21 0000000000000000
-21 43 -14 0000000000000000
-21 43 -7 0000000000000000
-21 43 0 0000000000000000
-21 43 7 0000000000000000
-21 43 14 0000000000000000
-21 43 21 0000000000000000
-21 43 28 0000000000000000
-21 43 35 0000000000000000
-21 43 42 0000000000000000
-21 43 49 0000000000000000
-21 43 56 0000000000000000
-21 43 63 0000000000000000
-21 43 70 0000000000000000
-21 43 77 0000000000000000
-21 43 84 0000000000000000
-21 43 91 0000000000000000
-21 43 98 0000000000000000
-14 -95 -70 0000000000000000
-14 -95 -63 0000000000000000
-14 -95 -56 0000000000000000
-14 -95 -49 0000000000000000
-14 -95 -42 0000000000000000
-14 -95 -35 0000000000000000
-14 -95 -28 0000000000000000
-14 -95 -21 0000000000000000
-14 -95 -14 0000000000000000
-14 -95 -7 0000000000000000
-14 -95 0 0000000000000000
-14 -95 7 0000000000000000
-14 -95 14 0000000000000000
-14 -95 21 0000000000000000
-14 -95 28 0000000000000000
-14 -95 35 0000000000000000
-14 -95 42 0000000000000000
-14 -95 49 0000000000000000
-14 -95 56 0000000000000000
-14 -95 63 0000000000000000
-14 -95 70 0000000000000000
-14 -95 77 0000000000000000
-14 -95 84 0000000000000000
-14 -95 91 0000000000000000
-14 -95 98 0000000000000000
-14 -92 -70 0000000000000000
-14 -92 -63 0000000000000000
-14 -92 -56 0000000000000000
-14 -92 -49 0000000000000000
-14 -92 -42 0000000000000000
-14 -92 -35 0000000000000000
-14 -92 -28 0000000000000000
-14 -92 -21 0000000000000000
-14 -92 -14 0000000000000000
-14 -92 -7 0000000000000000
-14 -92 0 0000000000000000
-14 -92 7 0000000000000000
-14 -92 14 0000000000000000
-14 -92 21 0000000000000000
-14 -92 28 0000000000000000
-14 -92 35 0000000000000000
-14 -92 42 0000000000000000
-14 -92 49 0000000000000000
-14 -92 56 0000000000000000
-14 -92 63 0000000000000000
-14 -92 70 0000000000000000
-14 -92 77 0000000000000000
-14 -92 84 0000000000000000
-14 -92 91 0000000000000000
-14 -92 98 0000000000000000
-14 -89 -70 0000000000000000
-14 -89 -63 0000000000000000
-14 -89 -56 0000000000000000
-14 -89 -49 0000000000000000
-14 -89 -42 0000000000000000
-14 -89 -35 0000000000000000
-14 -89 -28 0000000000000000
-14 -89 -21 0000000000000000
-14 -89 -14 0000000000000000
-14 -89 -7 0000000000000000
-14 -89 0 0000000000000000
-14 -89 7 0000000000000000
-14 -89 14 0000000000000000
-14 -89 21 0000000000000000
-14 -89 28 0000000000000000
-14 -89 35 0000000000000000
-14 -89 42 0000000000000000
-14 -89 49 0000000000000000
-14 -89 56 0000000000000000
-14 -89 63 0000000000000000
-14 -89 70 0000000000000000
-14 -89 77 0000000000000000
-14 -89 84 0000000000000000
-14 -89 91 0000000000000000
-14 -89 98 0000000000000000
-14 -86 -70 0000000000000000
-14 -86 -63 0000000000000000
-14 -86 -56 0000000000000000
-14 -86 -49 0000000000000000
-14 -86 -42 0000000000000000
-14 -86 -35 0000000000000000
-14 -86 -28 0000000000000000
-14 -86 -21 0000000000000000
-14 -86 -14 0000000000000000
-14 -86 -7 0000000000000000
-14 -86 0 0000000000000000
-14 -86 7 0000000000000000
-14 -86 14 0000000000000000
-14 -86 21 0000000000000000
-14 -86 28 0000000000000000
-14 -86 35 0000000000000000
-14 -86 42 0000000000000000
-14 -86 49 0000000000000000
-14 -86 56 0000000000000000
-14 -86 63 0000000000000000
-14 -86 70 0000000000000000
-14 -86 77 0000000000000000
-14 -86 84 0000000000000000
-14 -86 91 0000000000000000
-14 -86 98 0000000000000000
-14 -83 -70 0000000000000000
-14 -83 -63 0000000000000000
-14 -83 -56 0000000000000000
-14 -83 -49 0000000000000000
-14 -83 -42 0000000000000000
-14 -83 -35 0000000000000000
-14 -83 -28 0000000000000000
-14 -83 -21 0000000000000000
-14 -83 -14 0000000000000000
-14 -83 -7 0000000000000000
-14 -83 0 0000000000000000
-14 -83 7 0000000000000000
-14 -83 14 0000000000000000
-14 -83 21 0000000000000000
-14 -83 28 0000000000000000
-14 -83 35 0000000000000000
-14 -83 42 0000000000000000
-14 -83 49 0000000000000000
-14 -83 56 0000000000000000
-14 -83 63 0000000000000000
-14 -83 70 0000000000000000
-14 -83 77 0000000000000000
-14 -83 84 0000000000000000
-14 -83 91 0000000000000000
-14 -83 98 0000000000000000
-14 -80 -70 0000000000000000
-14 -80 -63 0000000000000000
-14 -80 -56 0000000000000000
-14 -80 -49 0000000000000000
-14 -80 -42 0000000000000000
-14 -80 -35 0000000000000000
-14 -80 -28 0000000000000000
-14 -80 -21 0000000000000000
-14 -80 -14 0000000000000000
-14 -80 -7 0000000000000000
-14 -80 0 0000000000000000
-14 -80 7 0000000000000000
-14 -80 14 0000000000000000
-14 -80 21 0000000000000000
-14 -80 28 0000000000000000
-14 -80 35 0000000000000000
-14 -80 42 0000000000000000
-14 -80 49 0000000000000000
-14 -80 56 0000000000000000
-14 -80 63 0000000000000000
-14 -80 70 0000000000000000
-14 -80 77 0000000000000000
-14 -80 84 0000000000000000
-14 -80 91 0000000000000000
-14 -80 98 0000000000000000
-14 -77 -70 0000000000000000
-14 -77 -63 0000000000000000
-14 -77 -56 0000000000000000
-14 -77 -49 0000000000000000
-14 -77 -42 0000000000000000
-14 -77 -35 0000000000000000
-14 -77 -28 0000000000000000
-14 -77 -21 0000000000000000
-14 -77 -14 0000000000000000
-14 -77 -7 0000000000000000
-14 -77 0 0000000000000000
-14 -77 7 0000000000000000
-14 -77 14 0000000000000000
-14 -77 21 0000000000000000
-14 -77 28 0000000000000000
-14 -77 35 0000000000000000
-14 -77 42 0000000000000000
-14 -77 49 0000000000000000
-14 -77 56 0000000000000000
-14 -77 63 0000000000000000
-14 -77 70 0000000000000000
-14 -77 77 0000000000000000
-14 -77 84 0000000000000000
-14 -77 91 0000000000000000
-14 -77 98 0000000000000000
-14 -74 -70 0000000000000000
-14 -74 -63 0000000000000000
-14 -74 -56 0000000000000000
-14 -74 -49 0000000000000000
-14 -74 -42 0000000000000000
-14 -74 -35 0000000000000000
-14 -74 -28 0000000000000000
-14 -74 -21 0000000000000000
-14 -74 -14 0000000000000000
-14 -74 -7 0000000000000000
-14 -74 0 0000000000000000
-14 -74 7 0000000000000000
-14 -74 14 0000000000000000
-14 -74 21 0000000000000000
-14 -74 28 0000000000000000
-14 -74 35 0000000000000000
-14 -74 42 0000000000000000
-14 -74 49 0000000000000000
-14 -74 56 0000000000000000
-14 -74 63 0000000000000000
-14 -74 70 0000000000000000
-14 -74 77 0000000000000000
-14 -74 84 0000000000000000
-14 -74 91 0000000000000000
-14 -74 98 0000000000000000
-14 -71 -70 0000000000000000
-14 -71 -63 0000000000000000
-14 -71 -56 0000000000000000
-14 -71 -49 0000000000000000
-14 -71 -42 0000000000000000
-14 -71 -35 0000000000000000
-14 -71 -28 0000000000000000
-14 -71 -21 0000000000000000
-14 -71 -14 0000000000000000
-14 -71 -7 0000000000000000
-14 -71 0 0000000000000000
-14 -71 7 0000000000000000
-14 -71 14 0000000000000000
-14 -71 21 0000000000000000
-14 -71 28 0000000000000000
-14 -71 35 0000000000000000
-14 -71 42 0000000000000000
-14 -71 49 0000000000000000
-14 -71 56 0000000000000000
-14 -71 63 0000000000000000
-14 -71 70 0000000000000000
-14 -71 77 0000000000000000
-14 -71 84 0000000000000000
-14 -71 91 0000000000000000
-14 -71 98 0000000000000000
-14 -68 -70 0000000000000000
-14 -68 -63 0000000000000000
-14 -68 -56 0000000000000000
-14 -68 -49 0000000000000000
-14 -68 -42 0000000000000000
-14 -68 -35 0000000000000000
-14 -68 -28 0000000000000000
-14 -68 -21 0000000000000000
-14 -68 -14 0000000000000000
-14 -68 -7 0000000000000000
-14 -68 0 0000000000000000
-14 -68 7 0000000000000000
-14 -68 14 3e6bfdc3bb27fc2a
-14 -68 21 3f0a2e3e917a4c7a
-14 -68 28 3f2311e07775f486
-14 -68 35 3f2311e07775f486
-14 -68 42 3f2311e07775f486
-14 -68 49 3efcda870e309e48
-14 -68 56 0000000000000000
-14 -68 63 0000000000000000
-14 -68 70 0000000000000000
-14 -68 77 0000000000000000
-14 -68 84 0000000000000000
-14 -68 91 0000000000000000
-14 -68 98 0000000000000000
-14 -65 -70 0000000000000000
-14 -65 -63 0000000000000000
-14 -65 -56 0000000000000000
-14 -65 -49 0000000000000000
-14 -65 -42 0000000000000000
-14 -65 -35 0000000000000000
-14 -65 -28 0000000000000000
-14 -65 -21 0000000000000000
-14 -65 -14 0000000000000000
-14 -65 -7 0000000000000000
-14 -65 0 0000000000000000
-14 -65 7 0000000000000000
-14 -65 14 3ebe5ad376619da2
-14 -65 21 3f606ea0cf65efa1
-14 -65 28 3f794e88a605c808
-14 -65 35 3f794e88a605c808
-14 -65 42 3f794e88a605c808
-14 -65 49 3f51a5d70eca2d5b
-14 -65 56 0000000000000000
-14 -65 63 0000000000000000
-14 -65 70 0000000000000000
-14 -65 77 0000000000000000
-14 -65 84 0000000000000000
-14 -65 91 0000000000000000
-14 -65 98 0000000000000000
-14 -62 -70 0000000000000000
-14 -62 -63 0000000000000000
-14 -62 -56 0000000000000000
-14 -62 -49 0000000000000000
-14 -62 -42 0000000000000000
-14 -62 -35 0000000000000000
-14 -62 -28 0000000000000000
-14 -62 -21 0000000000000000
-14 -62 -14 0000000000000000
-14 -62 -7 0000000000000000
-14 -62 0 0000000000000000
-14 -62 7 0000000000000000
-14 -62 14 3ef19d2c17b2cfea
-14 -62 21 3f980b723a9c9f44
-14 -62 28 3fb5d36afcc24118
-14 -62 35 3fb5d36afcc24118
-14 -62 42 3fb5d36afcc24118
-14 -62 49 3f888069406d2bb4
-14 -62 56 0000000000000000
-14 -62 63 0000000000000000
-14 -62 70 0000000000000000
-14 -62 77 0000000000000000
-14 -62 84 0000000000000000
-14 -62 91 0000000000000000
-14 -62 98 0000000000000000
-14 -59 -70 0000000000000000
-14 -59 -63 0000000000000000
-14 -59 -56 0000000000000000
-14 -59 -49 0000000000000000
-14 -59 -42 0000000000000000
-14 -59 -35 0000000000000000
-14 -59 -28 0000000000000000
-14 -59 -21 0000000000000000
-14 -59 -14 0000000000000000
-14 -59 -7 0000000000000000
-14 -59 0 0000000000000000
-14 -59 7 0000000000000000
-14 -59 14 3efc20d96927fecf
-14 -59 21 3fa9485d30e7dd88
-14 -59 28 3fd87e85f5211e0b
-14 -59 35 3fd87e85f5211e0b
-14 -59 42 3fd87e85f5211e0b
-14 -59 49 3f979b7b7fe09300
-14 -59 56 0000000000000000
-14 -59 63 0000000000000000
-14 -59 70 0000000000000000
-14 -59 77 0000000000000000
-14 -59 84 0000000000000000
-14 -59 91 0000000000000000
-14 -59 98 0000000000000000
-14 -56 -70 0000000000000000
-14 -56 -63 0000000000000000
-14 -56 -56 0000000000000000
-14 -56 -49 0000000000000000
-14 -56 -42 0000000000000000
-14 -56 -35 0000000000000000
-14 -56 -28 0000000000000000
-14 -56 -21 0000000000000000
-14 -56 -14 0000000000000000
-14 -56 -7 0000000000000000
-14 -56 0 0000000000000000
-14 -56 7 0000000000000000
-14 -56 14 bf047696498adf44
-14 -56 21 bfb2649df909eab2
-14 -56 28 bfe1d1c75b3598bc
-14 -56 35 bfe1d1c75b3598bc
-14 -56 42 bfe1d1c75b3598bc
-14 -56 49 bfa12c9b8579c712
-14 -56 56 0000000000000000
-14 -56 63 0000000000000000
-14 -56 70 0000000000000000
-14 -56 77 0000000000000000
-14 -56 84 0000000000000000
-14 -56 91 0000000000000000
-14 -56 98 0000000000000000
-14 -53 -70 0000000000000000
-14 -53 -63 0000000000000000
-14 -53 -56 0000000000000000
-14 -53 -49 0000000000000000
-14 -53 -42 0000000000000000
-14 -53 -35 0000000000000000
-14 -53 -28 0000000000000000
-14 -53 -21 0000000000000000
-14 -53 -14 0000000000000000
-14 -53 -7 0000000000000000
-14 -53 0 0000000000000000
-14 -53 7 0000000000000000
-14 -53 14 bf1cb6dfe2b650ef
-14 -53 21 bfc39951a0a414d2
-14 -53 28 bfe1ca514f44c481
-14 -53 35 bfe1ca514f44c481
-14 -53 42 bfe1ca514f44c481
-14 -53 49 bfb3f8a840af9527
-14 -53 56 0000000000000000
-14 -53 63 0000000000000000
-14 -53 70 0000000000000000
-14 -53 77 0000000000000000
-14 -53 84 0000000000000000
-14 -53 91 0000000000000000
-14 -53 98 0000000000000000
-14 -50 -70 0000000000000000
-14 -50 -63 0000000000000000
-14 -50 -56 0000000000000000
-14 -50 -49 0000000000000000
-14 -50 -42 0000000000000000
-14 -50 -35 0000000000000000
-14 -50 -28 0000000000000000
-14 -50 -21 0000000000000000
-14 -50 -14 0000000000000000
-14 -50 -7 0000000000000000
-14 -50 0 0000000000000000
-14 -50 7 0000000000000000
-14 -50 14 bf2558e6fd596683
-14 -50 21 bfc71cb2762741e1
-14 -50 28 bfe1cc15fee613fe
-14 -50 35 bfe1cc15fee613fe
-14 -50 42 bfe1cc15fee613fe
-14 -50 49 bfb8d26c084a52cb
-14 -50 56 0000000000000000
-14 -50 63 0000000000000000
-14 -50 70 0000000000000000
-14 -50 77 0000000000000000
-14 -50 84 0000000000000000
-14 -50 91 0000000000000000
-14 -50 98 0000000000000000
-14 -47 -70 0000000000000000
-14 -47 -63 0000000000000000
-14 -47 -56 0000000000000000
-14 -47 -49 0000000000000000
-14 -47 -42 0000000000000000
-14 -47 -35 0000000000000000
-14 -47 -28 0000000000000000
-14 -47 -21 0000000000000000
-14 -47 -14 0000000000000000
-14 -47 -7 0000000000000000
-14 -47 0 0000000000000000
-14 -47 7 0000000000000000
-14 -47 14 bf2a2841b5f91570
-14 -47 21 bfc8771b37dcfbc2
-14 -47 28 bfe1d202ca88796f
-14 -47 35 bfe1d202ca88796f
-14 -47 42 bfe1d202ca88796f
-14 -47 49 bfbaf68dfcbf6862
-14 -47 56 0000000000000000
-14 -47 63 0000000000000000
-14 -47 70 0000000000000000
-14 -47 77 0000000000000000
-14 -47 84 0000000000000000
-14 -47 91 0000000000000000
-14 -47 98 0000000000000000
-14 -44 -70 0000000000000000
-14 -44 -63 0000000000000000
-14 -44 -56 0000000000000000
-14 -44 -49 0000000000000000
-14 -44 -42 0000000000000000
-14 -44 -35 0000000000000000
-14 -44 -28 0000000000000000
-14 -44 -21 0000000000000000
-14 -44 -14 0000000000000000
-14 -44 -7 0000000000000000
-14 -44 0 0000000000000000
-14 -44 7 3fbd16816afbb734
-14 -44 14 3fbd098d1d0bef0d
-14 -44 21 bfae723b02405389
-14 -44 28 bfd8262763fdc8cf
-14 -44 35 bfd8262734b6d664
-14 -44 42 bfd8f85eb4a5cd2c
-14 -44 49 bfb8b10334dca219
-14 -44 56 0000000000000000
-14 -44 63 0000000000000000
-14 -44 70 0000000000000000
-14 -44 77 0000000000000000
-14 -44 84 0000000000000000
-14 -44 91 0000000000000000
-14 -44 98 0000000000000000
-14 -41 -70 0000000000000000
-14 -41 -63 0000000000000000
-14 -41 -56 0000000000000000
-14 -41 -49 0000000000000000
-14 -41 -42 0000000000000000
-14 -41 -35 0000000000000000
-14 -41 -28 0000000000000000
-14 -41 -21 0000000000000000
-14 -41 -14 0000000000000000
-14 -41 -7 0000000000000000
-14 -41 0 3fb9cda4685e8294
-14 -41 7 3fd1e0531a56fb4d
-14 -41 14 3fd1df31f73a7983
-14 -41 21 3fcc7582792b82a9
-14 -41 28 3fbeafb30428bb27
-14 -41 35 3fbeafbe6a311ae2
-14 -41 42 3fba62a4f472f019
-14 -41 49 bf9b05c5d7391e97
-14 -41 56 0000000000000000
-14 -41 63 0000000000000000
-14 -41 70 0000000000000000
-14 -41 77 0000000000000000
-14 -41 84 0000000000000000
-14 -41 91 0000000000000000
-14 -41 98 0000000000000000
-14 -38 -70 0000000000000000
-14 -38 -63 0000000000000000
-14 -38 -56 0000000000000000
-14 -38 -49 0000000000000000
-14 -38 -42 0000000000000000
-14 -38 -35 0000000000000000
-14 -38 -28 0000000000000000
-14 -38 -21 0000000000000000
-14 -38 -14 0000000000000000
-14 -38 -7 0000000000000000
-14 -38 0 3fc8a85aaa92bb10
-14 -38 7 3fda523ee0517397
-14 -38 14 3fda521f0243b2ca
-14 -38 21 3fd9ef011b5b3730
-14 -38 28 3fd93efdd2f0cce6
-14 -38 35 3fd93f08c683d002
-14 -38 42 3fd7d2bf73adb921
-14 -38 49 3fb4e812da30e628
-14 -38 56 0000000000000000
-14 -38 63 0000000000000000
-14 -38 70 0000000000000000
-14 -38 77 0000000000000000
-14 -38 84 0000000000000000
-14 -38 91 0000000000000000
-14 -38 98 0000000000000000
-14 -35 -70 0000000000000000
-14 -35 -63 0000000000000000
-14 -35 -56 0000000000000000
-14 -35 -49 0000000000000000
-14 -35 -42 0000000000000000
-14 -35 -35 0000000000000000
-14 -35 -28 0000000000000000
-14 -35 -21 0000000000000000
-14 -35 -14 0000000000000000
-14 -35 -7 0000000000000000
-14 -35 0 3fccfe556e043eb4
-14 -35 7 3fdddddddddddddd
-14 -35 14 3fdddddcbd782f13
-14 -35 21 3fddda74bfef4bd0
-14 -35 28 3fddd4756cf05f94
-14 -35 35 3fddd478dfe4964f
-14 -35 42 3fdc2fc068c50938
-14 -35 49 3fbd0ecbc839c16e
-14 -35 56 0000000000000000
-14 -35 63 0000000000000000
-14 -35 70 0000000000000000
-14 -35 77 0000000000000000
-14 -35 84 0000000000000000
-14 -35 91 0000000000000000
-14 -35 98 0000000000000000
-14 -32 -70 0000000000000000
-14 -32 -63 0000000000000000
-14 -32 -56 0000000000000000
-14 -32 -49 0000000000000000
-14 -32 -42 0000000000000000
-14 -32 -35 0000000000000000
-14 -32 -28 0000000000000000
-14 -32 -21 0000000000000000
-14 -32 -14 0000000000000000
-14 -32 -7 0000000000000000
-14 -32 0 3fccfe556e043eb4
-14 -32 7 3fdddddddddddddd
-14 -32 14 3fdddddddddddddd
-14 -32 21 3fdddddddd694068
-14 -32 28 3fddddd9f2c77dee
-14 -32 35 3fddddce56635513
-14 -32 42 3fdc3929e0abbb74
-14 -32 49 3fbd16816afbb734
-14 -32 56 0000000000000000
-14 -32 63 0000000000000000
-14 -32 70 0000000000000000
-14 -32 77 0000000000000000
-14 -32 84 0000000000000000
-14 -32 91 0000000000000000
-14 -32 98 0000000000000000
-14 -29 -70 0000000000000000
-14 -29 -63 0000000000000000
-14 -29 -56 0000000000000000
-14 -29 -49 0000000000000000
-14 -29 -42 0000000000000000
-14 -29 -35 0000000000000000
-14 -29 -28 0000000000000000
-14 -29 -21 0000000000000000
-14 -29 -14 0000000000000000
-14 -29 -7 0000000000000000
-14 -29 0 3fccfe556e043eb4
-14 -29 7 3fdddddddddddddd
-14 -29 14 3fdddddddddddddd
-14 -29 21 3fdddddddda6d846
-14 -29 28 3fdddddc106d573a
-14 -29 35 3fddddd6c810d40d
-14 -29 42 3fdc3929eeb3f48c
-14 -29 49 3fbd16816afbb734
-14 -29 56 0000000000000000
-14 -29 63 0000000000000000
-14 -29 70 0000000000000000
-14 -29 77 0000000000000000
-14 -29 84 0000000000000000
-14 -29 91 0000000000000000
-14 -29 98 0000000000000000
-14 -26 -70 0000000000000000
-14 -26 -63 0000000000000000
-14 -26 -56 0000000000000000
-14 -26 -49 0000000000000000
-14 -26 -42 0000000000000000
-14 -26 -35 0000000000000000
-14 -26 -28 0000000000000000
-14 -26 -21 0000000000000000
-14 -26 -14 0000000000000000
-14 -26 -7 0000000000000000
-14 -26 0 3fccfe556e043eb4
-14 -26 7 3fdddddddddddddd
-14 -26 14 3fdddddddddddddd
-14 -26 21 3fddddddddd81353
-14 -26 28 3fddddddaee2340d
-14 -26 35 3fdddddd274b7fc1
-14 -26 42 3fdc3929f9c09bad
-14 -26 49 3fbd16816afbb734
-14 -26 56 0000000000000000
-14 -26 63 0000000000000000
-14 -26 70 0000000000000000
-14 -26 77 0000000000000000
-14 -26 84 0000000000000000
-14 -26 91 0000000000000000
-14 -26 98 0000000000000000
-14 -23 -70 0000000000000000
-14 -23 -63 0000000000000000
-14 -23 -56 0000000000000000
-14 -23 -49 0000000000000000
-14 -23 -42 0000000000000000
-14 -23 -35 0000000000000000
-14 -23 -28 0000000000000000
-14 -23 -21 0000000000000000
-14 -23 -14 0000000000000000
-14 -23 -7 0000000000000000
-14 -23 0 3fccfe556e043eb4
-14 -23 7 3fdddddddddddddd
-14 -23 14 3fdddddddddddddd
-14 -23 21 3fddddddddddb221
-14 -23 28 3fdddddddc879f57
-14 -23 35 3fddddddd8b6cb9c
-14 -23 42 3fdc3929fafe229b
-14 -23 49 3fbd16816afbb734
-14 -23 56 0000000000000000
-14 -23 63 0000000000000000
-14 -23 70 0000000000000000
-14 -23 77 0000000000000000
-14 -23 84 0000000000000000
-14 -23 91 0000000000000000
-14 -23 98 0000000000000000
-14 -20 -70 0000000000000000
-14 -20 -63 0000000000000000
-14 -20 -56 0000000000000000
-14 -20 -49 0000000000000000
-14 -20 -42 0000000000000000
-14 -20 -35 0000000000000000
-14 -20 -28 0000000000000000
-14 -20 -21 0000000000000000
-14 -20 -14 0000000000000000
-14 -20 -7 0000000000000000
-14 -20 0 3fcb091fbe2aea9a
-14 -20 7 3fdc3929fb07a00d
-14 -20 14 3fdc3929fb07a00d
-14 -20 21 3fdc3929fb07a00d
-14 -20 28 3fdc3929fb07a00d
-14 -20 35 3fdc3929fb07a00d
-14 -20 42 3fdab09b0f96989a
-14 -20 49 3fb9cda4685e8294
-14 -20 56 0000000000000000
-14 -20 63 0000000000000000
-14 -20 70 0000000000000000
-14 -20 77 0000000000000000
-14 -20 84 0000000000000000
-14 -20 91 0000000000000000
-14 -20 98 0000000000000000
-14 -17 -70 0000000000000000
-14 -17 -63 0000000000000000
-14 -17 -56 0000000000000000
-14 -17 -49 0000000000000000
-14 -17 -42 0000000000000000
-14 -17 -35 0000000000000000
-14 -17 -28 0000000000000000
-14 -17 -21 0000000000000000
-14 -17 -14 0000000000000000
-14 -17 -7 0000000000000000
-14 -17 0 3fc17e9159a1cf5a
-14 -17 7 3fd507b5553438cd
-14 -17 14 3fd507b5553438cd
-14 -17 21 3fd507b5553438cd
-14 -17 28 3fd507b5553438cd
-14 -17 35 3fd507b5553438cd
-14 -17 42 3fd3d8b64657cae8
-14 -17 49 3fa2ed17bc0d1a5a
-14 -17 56 0000000000000000
-14 -17 63 0000000000000000
-14 -17 70 0000000000000000
-14 -17 77 0000000000000000
-14 -17 84 0000000000000000
-14 -17 91 0000000000000000
-14 -17 98 0000000000000000
-14 -14 -70 0000000000000000
-14 -14 -63 0000000000000000
-14 -14 -56 0000000000000000
-14 -14 -49 0000000000000000
-14 -14 -42 0000000000000000
-14 -14 -35 0000000000000000
-14 -14 -28 0000000000000000
-14 -14 -21 0000000000000000
-14 -14 -14 0000000000000000
-14 -14 -7 0000000000000000
-14 -14 0 3f913f8d25f9d4e7
-14 -14 7 3fc5e58dc29fe10d
-14 -14 14 3fc5e58dc29fe10d
-14 -14 21 3fc5e58dc29fe10d
-14 -14 28 3fc5e58dc29fe10d
-14 -14 35 3fc5e58dc29fe10d
-14 -14 42 3fc41b860150faaa
-14 -14 49 0000000000000000
-14 -14 56 0000000000000000
-14 -14 63 0000000000000000
-14 -14 70 0000000000000000
-14 -14 77 0000000000000000
-14 -14 84 0000000000000000
-14 -14 91 0000000000000000
-14 -14 98 0000000000000000
-14 -11 -70 0000000000000000
-14 -11 -63 0000000000000000
-14 -11 -56 0000000000000000
-14 -11 -49 0000000000000000
-14 -11 -42 0000000000000000
-14 -11 -35 0000000000000000
-14 -11 -28 0000000000000000
-14 -11 -21 0000000000000000
-14 -11 -14 0000000000000000
-14 -11 -7 0000000000000000
-14 -11 0 0000000000000000
-14 -11 7 0000000000000000
-14 -11 14 0000000000000000
-14 -11 21 0000000000000000
-14 -11 28 0000000000000000
-14 -11 35 0000000000000000
-14 -11 42 0000000000000000
-14 -11 49 0000000000000000
-14 -11 56 0000000000000000
-14 -11 63 0000000000000000
-14 -11 70 0000000000000000
-14 -11 77 0000000000000000
-14 -11 84 0000000000000000
-14 -11 91 0000000000000000
-14 -11 98 0000000000000000
-14 -8 -70 0000000000000000
-14 -8 -63 0000000000000000
-14 -8 -56 0000000000000000
-14 -8 -49 0000000000000000
-14 -8 -42 0000000000000000
-14 -8 -35 0000000000000000
-14 -8 -28 3fc5555555555554
-14 -8 -21 3fc5555555555554
-14 -8 -14 3fc5555555555554
-14 -8 -7 0000000000000000
-14 -8 0 0000000000000000
-14 -8 7 0000000000000000
-14 -8 14 0000000000000000
-14 -8 21 0000000000000000
-14 -8 28 0000000000000000
-14 -8 35 0000000000000000
-14 -8 42 0000000000000000
-14 -8 49 0000000000000000
-14 -8 56 0000000000000000
-14 -8 63 0000000000000000
-14 -8 70 0000000000000000
-14 -8 77 0000000000000000
-14 -8 84 0000000000000000
-14 -8 91 0000000000000000
-14 -8 98 0000000000000000
-14 -5 -70 0000000000000000
-14 -5 -63 0000000000000000
-14 -5 -56 0000000000000000
-14 -5 -49 0000000000000000
-14 -5 -42 0000000000000000
-14 -5 -35 0000000000000000
-14 -5 -28 3fdaaaaaaaaaaaaa
-14 -5 -21 3fdaaaaaaaaaaaaa
-14 -5 -14 3fdaaaaaaaaaaaaa
-14 -5 -7 0000000000000000
-14 -5 0 0000000000000000
-14 -5 7 0000000000000000
-14 -5 14 0000000000000000
-14 -5 21 0000000000000000
-14 -5 28 0000000000000000
-14 -5 35 0000000000000000
-14 -5 42 0000000000000000
-14 -5 49 0000000000000000
-14 -5 56 0000000000000000
-14 -5 63 0000000000000000
-14 -5 70 0000000000000000
-14 -5 77 0000000000000000
-14 -5 84 0000000000000000
-14 -5 91 0000000000000000
-14 -5 98 0000000000000000
-14 -2 -70 0000000000000000
-14 -2 -63 0000000000000000
-14 -2 -56 0000000000000000
-14 -2 -49 0000000000000000
-14 -2 -42 0000000000000000
-14 -2 -35 3fba3ba3ce4c4088
-14 -2 -28 3fe5555555555556
-14 -2 -21 3fe5555555555556
-14 -2 -14 3fe5555555555556
-14 -2 -7 3fba3ba3ce4c4088
-14 -2 0 0000000000000000
-14 -2 7 0000000000000000
-14 -2 14 0000000000000000
-14 -2 21 0000000000000000
-14 -2 28 0000000000000000
-14 -2 35 0000000000000000
-14 -2 42 0000000000000000
-14 -2 49 0000000000000000
-14 -2 56 0000000000000000
-14 -2 63 0000000000000000
-14 -2 70 0000000000000000
-14 -2 77 0000000000000000
-14 -2 84 0000000000000000
-14 -2 91 0000000000000000
-14 -2 98 0000000000000000
-14 1 -70 0000000000000000
-14 1 -63 0000000000000000
-14 1 -56 0000000000000000
-14 1 -49 0000000000000000
-14 1 -42 0000000000000000
-14 1 -35 3fc4cd23bf4475ac
-14 1 -28 3fed555555555555
-14 1 -21 3fed555555555555
-14 1 -14 3fed555555555555
-14 1 -7 3fc4cd23bf4475ac
-14 1 0 0000000000000000
-14 1 7 0000000000000000
-14 1 14 0000000000000000
-14 1 21 0000000000000000
-14 1 28 0000000000000000
-14 1 35 0000000000000000
-14 1 42 0000000000000000
-14 1 49 0000000000000000
-14 1 56 0000000000000000
-14 1 63 0000000000000000
-14 1 70 0000000000000000
-14 1 77 0000000000000000
-14 1 84 0000000000000000
-14 1 91 0000000000000000
-14 1 98 0000000000000000
-14 4 -70 0000000000000000
-14 4 -63 0000000000000000
-14 4 -56 0000000000000000
-14 4 -49 0000000000000000
-14 4 -42 0000000000000000
-14 4 -35 3fc3388e04f4558c
-14 4 -28 3feaaaaaaaaaaaab
-14 4 -21 3feaaaaaaaaaaaab
-14 4 -14 3feaaaaaaaaaaaab
-14 4 -7 3fc3388e04f4558c
-14 4 0 0000000000000000
-14 4 7 0000000000000000
-14 4 14 0000000000000000
-14 4 21 0000000000000000
-14 4 28 0000000000000000
-14 4 35 0000000000000000
-14 4 42 0000000000000000
-14 4 49 0000000000000000
-14 4 56 0000000000000000
-14 4 63 0000000000000000
-14 4 70 0000000000000000
-14 4 77 0000000000000000
-14 4 84 0000000000000000
-14 4 91 0000000000000000
-14 4 98 0000000000000000
-14 7 -70 0000000000000000
-14 7 -63 0000000000000000
-14 7 -56 0000000000000000
-14 7 -49 0000000000000000
-14 7 -42 0000000000000000
-14 7 -35 3fb17c6fe56b41e8
-14 7 -28 3fe2aaaaaaaaaaaa
-14 7 -21 3fe2aaaaaaaaaaaa
-14 7 -14 3fe2aaaaaaaaaaaa
-14 7 -7 3fb17c6fe56b41e8
-14 7 0 0000000000000000
-14 7 7 0000000000000000
-14 7 14 0000000000000000
-14 7 21 0000000000000000
-14 7 28 0000000000000000
-14 7 35 0000000000000000
-14 7 42 0000000000000000
-14 7 49 0000000000000000
-14 7 56 0000000000000000
-14 7 63 0000000000000000
-14 7 70 0000000000000000
-14 7 77 0000000000000000
-14 7 84 0000000000000000
-14 7 91 0000000000000000
-14 7 98 0000000000000000
-14 10 -70 0000000000000000
-14 10 -63 0000000000000000
-14 10 -56 0000000000000000
-14 10 -49 0000000000000000
-14 10 -42 0000000000000000
-14 10 -35 0000000000000000
-14 10 -28 3fd5555555555556
-14 10 -21 3fd5555555555556
-14 10 -14 3fd5555555555556
-14 10 -7 0000000000000000
-14 10 0 0000000000000000
-14 10 7 0000000000000000
-14 10 14 0000000000000000
-14 10 21 0000000000000000
-14 10 28 0000000000000000
-14 10 35 0000000000000000
-14 10 42 0000000000000000
-14 10 49 0000000000000000
-14 10 56 0000000000000000
-14 10 63 0000000000000000
-14 10 70 0000000000000000
-14 10 77 0000000000000000
-14 10 84 0000000000000000
-14 10 91 0000000000000000
-14 10 98 0000000000000000
-14 13 -70 0000000000000000
-14 13 -63 0000000000000000
-14 13 -56 0000000000000000
-14 13 -49 0000000000000000
-14 13 -42 0000000000000000
-14 13 -35 0000000000000000
-14 13 -28 3fb5555555555558
-14 13 -21 3fb5555555555558
-14 13 -14 3fb5555555555558
-14 13 -7 0000000000000000
-14 13 0 0000000000000000
-14 13 7 0000000000000000
-14 13 14 0000000000000000
-14 13 21 0000000000000000
-14 13 28 0000000000000000
-14 13 35 0000000000000000
-14 13 42 0000000000000000
-14 13 49 0000000000000000
-14 13 56 0000000000000000
-14 13 63 0000000000000000
-14 13 70 0000000000000000
-14 13 77 0000000000000000
-14 13 84 0000000000000000
-14 13 91 0000000000000000
-14 13 98 0000000000000000
-14 16 -70 0000000000000000
-14 16 -63 0000000000000000
-14 16 -56 0000000000000000
-14 16 -49 0000000000000000
-14 16 -42 0000000000000000
-14 16 -35 0000000000000000
-14 16 -28 0000000000000000
-14 16 -21 0000000000000000
-14 16 -14 0000000000000000
-14 16 -7 0000000000000000
-14 16 0 0000000000000000
-14 16 7 0000000000000000
-14 16 14 0000000000000000
-14 16 21 0000000000000000
-14 16 28 0000000000000000
-14 16 35 0000000000000000
-14 16 42 0000000000000000
-14 16 49 0000000000000000
-14 16 56 0000000000000000
-14 16 63 0000000000000000
-14 16 70 0000000000000000
-14 16 77 0000000000000000
-14 16 84 0000000000000000
-14 16 91 0000000000000000
-14 16 98 0000000000000000
-14 19 -70 0000000000000000
-14 19 -63 0000000000000000
-14 19 -56 0000000000000000
-14 19 -49 0000000000000000
-14 19 -42 0000000000000000
-14 19 -35 0000000000000000
-14 19 -28 0000000000000000
-14 19 -21 0000000000000000
-14 19 -14 0000000000000000
-14 19 -7 0000000000000000
-14 19 0 0000000000000000
-14 19 7 0000000000000000
-14 19 14 0000000000000000
-14 19 21 0000000000000000
-14 19 28 0000000000000000
-14 19 35 0000000000000000
-14 19 42 0000000000000000
-14 19 49 0000000000000000
-14 19 56 0000000000000000
-14 19 63 0000000000000000
-14 19 70 0000000000000000
-14 19 77 0000000000000000
-14 19 84 0000000000000000
-14 19 91 0000000000000000
-14 19 98 0000000000000000
-14 22 -70 0000000000000000
-14 22 -63 0000000000000000
-14 22 -56 0000000000000000
-14 22 -49 0000000000000000
-14 22 -42 0000000000000000
-14 22 -35 0000000000000000
-14 22 -28 0000000000000000
-14 22 -21 0000000000000000
-14 22 -14 0000000000000000
-14 22 -7 0000000000000000
-14 22 0 0000000000000000
-14 22 7 0000000000000000
-14 22 14 0000000000000000
-14 22 21 0000000000000000
-14 22 28 0000000000000000
-14 22 35 0000000000000000
-14 22 42 0000000000000000
-14 22 49 0000000000000000
-14 22 56 0000000000000000
-14 22 63 0000000000000000
-14 22 70 0000000000000000
-14 22 77 0000000000000000
-14 22 84 0000000000000000
-14 22 91 0000000000000000
-14 22 98 0000000000000000
-14 25 -70 0000000000000000
-14 25 -63 0000000000000000
-14 25 -56 0000000000000000
-14 25 -49 0000000000000000
-14 25 -42 0000000000000000
-14 25 -35 0000000000000000
-14 25 -28 0000000000000000
-14 25 -21 0000000000000000
-14 25 -14 0000000000000000
-14 25 -7 0000000000000000
-14 25 0 0000000000000000
-14 25 7 0000000000000000
-14 25 14 0000000000000000
-14 25 21 0000000000000000
-14 25 28 0000000000000000
-14 25 35 0000000000000000
-14 25 42 0000000000000000
-14 25 49 0000000000000000
-14 25 56 0000000000000000
-14 25 63 0000000000000000
-14 25 70 0000000000000000
-14 25 77 0000000000000000
-14 25 84 0000000000000000
-14 25 91 0000000000000000
-14 25 98 0000000000000000
-14 28 -70 0000000000000000
-14 28 -63 0000000000000000
-14 28 -56 0000000000000000
-14 28 -49 0000000000000000
-14 28 -42 0000000000000000
-14 28 -35 0000000000000000
-14 28 -28 0000000000000000
-14 28 -21 0000000000000000
-14 28 -14 0000000000000000
-14 28 -7 0000000000000000
-14 28 0 0000000000000000
-14 28 7 0000000000000000
-14 28 14 0000000000000000
-14 28 21 0000000000000000
-14 28 28 0000000000000000
-14 28 35 0000000000000000
-14 28 42 0000000000000000
-14 28 49 0000000000000000
-14 28 56 0000000000000000
-14 28 63 0000000000000000
-14 28 70 0000000000000000
-14 28 77 0000000000000000
-14 28 84 0000000000000000
-14 28 91 0000000000000000
-14 28 98 0000000000000000
-14 31 -70 0000000000000000
-14 31 -63 0000000000000000
-14 31 -56 0000000000000000
-14 31 -49 0000000000000000
-14 31 -42 0000000000000000
-14 31 -35 0000000000000000
-14 31 -28 0000000000000000
-14 31 -21 0000000000000000
-14 31 -14 0000000000000000
-14 31 -7 0000000000000000
-14 31 0 0000000000000000
-14 31 7 0000000000000000
-14 31 14 0000000000000000
-14 31 21 0000000000000000
-14 31 28 0000000000000000
-14 31 35 0000000000000000
-14 31 42 0000000000000000
-14 31 49 0000000000000000
-14 31 56 0000000000000000
-14 31 63 0000000000000000
-14 31 70 0000000000000000
-14 31 77 0000000000000000
-14 31 84 0000000000000000
-14 31 91 0000000000000000
-14 31 98 0000000000000000
-14 34 -70 0000000000000000
-14 34 -63 0000000000000000
-14 34 -56 0000000000000000
-14 34 -49 0000000000000000
-14 34 -42 0000000000000000
-14 34 -35 0000000000000000
-14 34 -28 0000000000000000
-14 34 -21 0000000000000000
-14 34 -14 0000000000000000
-14 34 -7 0000000000000000
-14 34 0 0000000000000000
-14 34 7 0000000000000000
-14 34 14 0000000000000000
-14 34 21 0000000000000000
-14 34 28 0000000000000000
-14 34 35 0000000000000000
-14 34 42 0000000000000000
-14 34 49 0000000000000000
-14 34 56 0000000000000000
-14 34 63 0000000000000000
-14 34 70 0000000000000000
-14 34 77 0000000000000000
-14 34 84 0000000000000000
-14 34 91 0000000000000000
-14 34 98 0000000000000000
-14 37 -70 0000000000000000
-14 37 -63 0000000000000000
-14 37 -56 0000000000000000
-14 37 -49 0000000000000000
-14 37 -42 0000000000000000
-14 37 -35 0000000000000000
-14 37 -28 0000000000000000
-14 37 -21 0000000000000000
-14 37 -14 0000000000000000
-14 37 -7 0000000000000000
-14 37 0 0000000000000000
-14 37 7 0000000000000000
-14 37 14 0000000000000000
-14 37 21 0000000000000000
-14 37 28 0000000000000000
-14 37 35 0000000000000000
-14 37 42 0000000000000000
-14 37 49 0000000000000000
-14 37 56 0000000000000000
-14 37 63 0000000000000000
-14 37 70 0000000000000000
-14 37 77 0000000000000000
-14 37 84 0000000000000000
-14 37 91 0000000000000000
-14 37 98 0000000000000000
-14 40 -70 0000000000000000
-14 40 -63 0000000000000000
-14 40 -56 0000000000000000
-14 40 -49 0000000000000000
-14 40 -42 0000000000000000
-14 40 -35 0000000000000000
-14 40 -28 0000000000000000
-14 40 -21 0000000000000000
-14 40 -14 0000000000000000
-14 40 -7 0000000000000000
-14 40 0 0000000000000000
-14 40 7 0000000000000000
-14 40 14 0000000000000000
-14 40 21 0000000000000000
-14 40 28 0000000000000000
-14 40 35 0000000000000000
-14 40 42 0000000000000000
-14 40 49 0000000000000000
-14 40 56 0000000000000000
-14 40 63 0000000000000000
-14 40 70 0000000000000000
-14 40 77 0000000000000000
-14 40 84 0000000000000000
-14 40 91 0000000000000000
-14 40 98 0000000000000000
-14 43 -70 0000000000000000
-14 43 -63 0000000000000000
-14 43 -56 0000000000000000
-14 43 -49 0000000000000000
-14 43 -42 0000000000000000
-14 43 -35 0000000000000000
-14 43 -28 0000000000000000
-14 43 -21 0000000000000000
-14 43 -14 0000000000000000
-14 43 -7 0000000000000000
-14 43 0 0000000000000000
-14 43 7 0000000000000000
-14 43 14 0000000000000000
-14 43 21 0000000000000000
-14 43 28 0000000000000000
-14 43 35 0000000000000000
-14 43 42 0000000000000000
-14 43 49 0000000000000000
-14 43 56 0000000000000000
-14 43 63 0000000000000000
-14 43 70 0000000000000000
-14 43 77 0000000000000000
-14 43 84 0000000000000000
-14 43 91 0000000000000000
-14 43 98 0000000000000000
-7 -95 -70 0000000000000000
-7 -95 -63 0000000000000000
-7 -95 -56 0000000000000000
-7 -95 -49 0000000000000000
-7 -95 -42 0000000000000000
-7 -95 -35 0000000000000000
-7 -95 -28 0000000000000000
-7 -95 -21 0000000000000000
-7 -95 -14 0000000000000000
-7 -95 -7 0000000000000000
-7 -95 0 0000000000000000
-7 -95 7 0000000000000000
-7 -95 14 0000000000000000
-7 -95 21 0000000000000000
-7 -95 28 0000000000000000
-7 -95 35 0000000000000000
-7 -95 42 0000000000000000
-7 -95 49 0000000000000000
-7 -95 56 0000000000000000
-7 -95 63 0000000000000000
-7 -95 70 0000000000000000
-7 -95 77 0000000000000000
-7 -95 84 0000000000000000
-7 -95 91 0000000000000000
-7 -95 98 0000000000000000
-7 -92 -70 0000000000000000
-7 -92 -63 0000000000000000
-7 -92 -56 0000000000000000
-7 -92 -49 0000000000000000
-7 -92 -42 0000000000000000
-7 -92 -35 0000000000000000
-7 -92 -28 0000000000000000
-7 -92 -21 0000000000000000
-7 -92 -14 0000000000000000
-7 -92 -7 0000000000000000
-7 -92 0 0000000000000000
-7 -92 7 0000000000000000
-7 -92 14 0000000000000000
-7 -92 21 0000000000000000
-7 -92 28 0000000000000000
-7 -92 35 0000000000000000
-7 -92 42 0000000000000000
-7 -92 49 0000000000000000
-7 -92 56 0000000000000000
-7 -92 63 0000000000000000
-7 -92 70 0000000000000000
-7 -92 77 0000000000000000
-7 -92 84 0000000000000000
-7 -92 91 0000000000000000
-7 -92 98 0000000000000000
-7 -89 -70 0000000000000000
-7 -89 -63 0000000000000000
-7 -89 -56 0000000000000000
-7 -89 -49 0000000000000000
-7 -89 -42 0000000000000000
-7 -89 -35 0000000000000000
-7 -89 -28 0000000000000000
-7 -89 -21 0000000000000000
-7 -89 -14 0000000000000000
-7 -89 -7 0000000000000000
-7 -89 0 0000000000000000
-7 -89 7 0000000000000000
-7 -89 14 0000000000000000
-7 -89 21 0000000000000000
-7 -89 28 0000000000000000
-7 -89 35 0000000000000000
-7 -89 42 0000000000000000
-7 -89 49 0000000000000000
-7 -89 56 0000000000000000
-7 -89 63 0000000000000000
-7 -89 70 0000000000000000
-7 -89 77 0000000000000000
-7 -89 84 0000000000000000
-7 -89 91 0000000000000000
-7 -89 98 0000000000000000
-7 -86 -70 0000000000000000
-7 -86 -63 0000000000000000
-7 -86 -56 0000000000000000
-7 -86 -49 0000000000000000
-7 -86 -42 0000000000000000
-7 -86 -35 0000000000000000
-7 -86 -28 0000000000000000
-7 -86 -21 0000000000000000
-7 -86 -14 0000000000000000
-7 -86 -7 0000000000000000
-7 -86 0 0000000000000000
-7 -86 7 0000000000000000
-7 -86 14 0000000000000000
-7 -86 21 0000000000000000
-7 -86 28 0000000000000000
-7 -86 35 0000000000000000
-7 -86 42 0000000000000000
-7 -86 49 0000000000000000
-7 -86 56 0000000000000000
-7 -86 63 0000000000000000
-7 -86 70 0000000000000000
-7 -86 77 0000000000000000
-7 -86 84 0000000000000000
-7 -86 91 0000000000000000
-7 -86 98 0000000000000000
-7 -83 -70 0000000000000000
-7 -83 -63 0000000000000000
-7 -83 -56 0000000000000000
-7 -83 -49 0000000000000000
-7 -83 -42 0000000000000000
-7 -83 -35 0000000000000000
-7 -83 -28 0000000000000000
-7 -83 -21 0000000000000000
-7 -83 -14 0000000000000000
-7 -83 -7 0000000000000000
-7 -83 0 0000000000000000
-7 -83 7 0000000000000000
-7 -83 14 0000000000000000
-7 -83 21 0000000000000000
-7 -83 28 0000000000000000
-7 -83 35 0000000000000000
-7 -83 42 0000000000000000
-7 -83 49 0000000000000000
-7 -83 56 0000000000000000
-7 -83 63 0000000000000000
-7 -83 70 0000000000000000
-7 -83 77 0000000000000000
-7 -83 84 0000000000000000
-7 -83 91 0000000000000000
-7 -83 98 0000000000000000
-7 -80 -70 0000000000000000
-7 -80 -63 0000000000000000
-7 -80 -56 0000000000000000
-7 -80 -49 0000000000000000
-7 -80 -42 0000000000000000
-7 -80 -35 0000000000000000
-7 -80 -28 0000000000000000
-7 -80 -21 0000000000000000
-7 -80 -14 0000000000000000
-7 -80 -7 0000000000000000
-7 -80 0 0000000000000000
-7 -80 7 0000000000000000
-7 -80 14 0000000000000000
-7 -80 21 0000000000000000
-7 -80 28 0000000000000000
-7 -80 35 0000000000000000
-7 -80 42 0000000000000000
-7 -80 49 0000000000000000
-7 -80 56 0000000000000000
-7 -80 63 0000000000000000
-7 -80 70 0000000000000000
-7 -80 77 0000000000000000
-7 -80 84 0000000000000000
-7 -80 91 0000000000000000
-7 -80 98 0000000000000000
-7 -77 -70 0000000000000000
-7 -77 -63 0000000000000000
-7 -77 -56 0000000000000000
-7 -77 -49 0000000000000000
-7 -77 -42 0000000000000000
-7 -77 -35 0000000000000000
-7 -77 -28 0000000000000000
-7 -77 -21 0000000000000000
-7 -77 -14 0000000000000000
-7 -77 -7 0000000000000000
-7 -77 0 0000000000000000
-7 -77 7 0000000000000000
-7 -77 14 0000000000000000
-7 -77 21 0000000000000000
-7 -77 28 0000000000000000
-7 -77 35 0000000000000000
-7 -77 42 0000000000000000
-7 -77 49 0000000000000000
-7 -77 56 0000000000000000
-7 -77 63 0000000000000000
-7 -77 70 0000000000000000
-7 -77 77 0000000000000000
-7 -77 84 0000000000000000
-7 -77 91 0000000000000000
-7 -77 98 0000000000000000
-7 -74 -70 0000000000000000
-7 -74 -63 0000000000000000
-7 -74 -56 0000000000000000
-7 -74 -49 0000000000000000
-7 -74 -42 0000000000000000
-7 -74 -35 0000000000000000
-7 -74 -28 0000000000000000
-7 -74 -21 0000000000000000
-7 -74 -14 0000000000000000
-7 -74 -7 0000000000000000
-7 -74 0 0000000000000000
-7 -74 7 0000000000000000
-7 -74 14 0000000000000000
-7 -74 21 0000000000000000
-7 -74 28 0000000000000000
-7 -74 35 0000000000000000
-7 -74 42 0000000000000000
-7 -74 49 0000000000000000
-7 -74 56 0000000000000000
-7 -74 63 0000000000000000
-7 -74 70 0000000000000000
-7 -74 77 0000000000000000
-7 -74 84 0000000000000000
-7 -74 91 0000000000000000
-7 -74 98 0000000000000000
-7 -71 -70 0000000000000000
-7 -71 -63 0000000000000000
-7 -71 -56 0000000000000000
-7 -71 -49 0000000000000000
-7 -71 -42 0000000000000000
-7 -71 -35 0000000000000000
-7 -71 -28 0000000000000000
-7 -71 -21 0000000000000000
-7 -71 -14 0000000000000000
-7 -71 -7 0000000000000000
-7 -71 0 0000000000000000
-7 -71 7 0000000000000000
-7 -71 14 0000000000000000
-7 -71 21 0000000000000000
-7 -71 28 0000000000000000
-7 -71 35 0000000000000000
-7 -71 42 0000000000000000
-7 -71 49 0000000000000000
-7 -71 56 0000000000000000
-7 -71 63 0000000000000000
-7 -71 70 0000000000000000
-7 -71 77 0000000000000000
-7 -71 84 0000000000000000
-7 -71 91 0000000000000000
-7 -71 98 0000000000000000
-7 -68 -70 0000000000000000
-7 -68 -63 0000000000000000
-7 -68 -56 0000000000000000
-7 -68 -49 0000000000000000
-7 -68 -42 0000000000000000
-7 -68 -35 0000000000000000
-7 -68 -28 0000000000000000
-7 -68 -21 0000000000000000
-7 -68 -14 0000000000000000
-7 -68 -7 0000000000000000
-7 -68 0 0000000000000000
-7 -68 7 0000000000000000
-7 -68 14 3e6bfdc3bb27fc2a
-7 -68 21 3f0a2e3e917a4c7a
-7 -68 28 3f2311e07775f486
-7 -68 35 3f2311e07775f486
-7 -68 42 3f2311e07775f486
-7 -68 49 3efcda870e309e48
-7 -68 56 0000000000000000
-7 -68 63 0000000000000000
-7 -68 70 0000000000000000
-7 -68 77 0000000000000000
-7 -68 84 0000000000000000
-7 -68 91 0000000000000000
-7 -68 98 0000000000000000
-7 -65 -70 0000000000000000
-7 -65 -63 0000000000000000
-7 -65 -56 0000000000000000
-7 -65 -49 0000000000000000
-7 -65 -42 0000000000000000
-7 -65 -35 0000000000000000
-7 -65 -28 0000000000000000
-7 -65 -21 0000000000000000
-7 -65 -14 0000000000000000
-7 -65 -7 0000000000000000
-7 -65 0 0000000000000000
-7 -65 7 0000000000000000
-7 -65 14 3ebe5ad376619da2
-7 -65 21 3f606ea0cf65efa1
-7 -65 28 3f794e88a605c808
-7 -65 35 3f794e88a605c808
-7 -65 42 3f794e88a605c808
-7 -65 49 3f51a5d70eca2d5b
-7 -65 56 0000000000000000
-7 -65 63 0000000000000000
-7 -65 70 0000000000000000
-7 -65 77 0000000000000000
-7 -65 84 0000000000000000
-7 -65 91 0000000000000000
-7 -65 98 0000000000000000
-7 -62 -70 0000000000000000
-7 -62 -63 0000000000000000
-7 -62 -56 0000000000000000
-7 -62 -49 0000000000000000
-7 -62 -42 0000000000000000
-7 -62 -35 0000000000000000
-7 -62 -28 0000000000000000
-7 -62 -21 0000000000000000
-7 -62 -14 0000000000000000
-7 -62 -7 0000000000000000
-7 -62 0 0000000000000000
-7 -62 7 0000000000000000
-7 -62 14 3ef19d2c17b2cfea
-7 -62 21 3f980b723a9c9f44
-7 -62 28 3fb5d36afcc24118
-7 -62 35 3fb5d36afcc24118
-7 -62 42 3fb5d36afcc24118
-7 -62 49 3f888069406d2bb4
-7 -62 56 0000000000000000
-7 -62 63 0000000000000000
-7 -62 70 0000000000000000
-7 -62 77 0000000000000000
-7 -62 84 0000000000000000
-7 -62 91 0000000000000000
-7 -62 98 0000000000000000
-7 -59 -70 0000000000000000
-7 -59 -63 0000000000000000
-7 -59 -56 0000000000000000
-7 -59 -49 0000000000000000
-7 -59 -42 0000000000000000
-7 -59 -35 0000000000000000
-7 -59 -28 0000000000000000
-7 -59 -21 0000000000000000
-7 -59 -14 0000000000000000
-7 -59 -7 0000000000000000
-7 -59 0 0000000000000000
-7 -59 7 0000000000000000
-7 -59 14 3efc20d96927fecf
-7 -59 21 3fa9485d30e7dd88
-7 -59 28 3fd87e85f5211e0b
-7 -59 35 3fd87e85f5211e0b
-7 -59 42 3fd87e85f5211e0b
-7 -59 49 3f979b7b7fe09300
-7 -59 56 0000000000000000
-7 -59 63 0000000000000000
-7 -59 70 0000000000000000
-7 -59 77 0000000000000000
-7 -59 84 0000000000000000
-7 -59 91 0000000000000000
-7 -59 98 0000000000000000
-7 -56 -70 0000000000000000
-7 -56 -63 0000000000000000
-7 -56 -56 0000000000000000
-7 -56 -49 0000000000000000
-7 -56 -42 0000000000000000
-7 -56 -35 0000000000000000
-7 -56 -28 0000000000000000
-7 -56 -21 0000000000000000
-7 -56 -14 0000000000000000
-7 -56 -7 0000000000000000
-7 -56 0 0000000000000000
-7 -56 7 0000000000000000
-7 -56 14 bf047696498adf44
-7 -56 21 bfb2649df909eab2
-7 -56 28 bfe1d1c75b3598bc
-7 -56 35 bfe1d1c75b3598bc
-7 -56 42 bfe1d1c75b3598bc
-7 -56 49 bfa12c9b8579c712
-7 -56 56 0000000000000000
-7 -56 63 0000000000000000
-7 -56 70 0000000000000000
-7 -56 77 0000000000000000
-7 -56 84 0000000000000000
-7 -56 91 0000000000000000
-7 -56 98 0000000000000000
-7 -53 -70 0000000000000000
-7 -53 -63 0000000000000000
-7 -53 -56 0000000000000000
-7 -53 -49 0000000000000000
-7 -53 -42 0000000000000000
-7 -53 -35 0000000000000000
-7 -53 -28 0000000000000000
-7 -53 -21 0000000000000000
-7 -53 -14 0000000000000000
-7 -53 -7 0000000000000000
-7 -53 0 0000000000000000
-7 -53 7 0000000000000000
-7 -53 14 bf1cb6dfe2b650ef
-7 -53 21 bfc39951a0a414d2
-7 -53 28 bfe1ca514f44c481
-7 -53 35 bfe1ca514f44c481
-7 -53 42 bfe1ca514f44c481
-7 -53 49 bfb3f8a840af9527
-7 -53 56 0000000000000000
-7 -53 63 0000000000000000
-7 -53 70 0000000000000000
-7 -53 77 0000000000000000
-7 -53 84 0000000000000000
-7 -53 91 0000000000000000
-7 -53 98 0000000000000000
-7 -50 -70 0000000000000000
-7 -50 -63 0000000000000000
-7 -50 -56 0000000000000000
-7 -50 -49 0000000000000000
-7 -50 -42 0000000000000000
-7 -50 -35 0000000000000000
-7 -50 -28 0000000000000000
-7 -50 -21 0000000000000000
-7 -50 -14 0000000000000000
-7 -50 -7 0000000000000000
-7 -50 0 0000000000000000
-7 -50 7 0000000000000000
-7 -50 14 bf2558e6fd596683
-7 -50 21 bfc71cb2762741e1
-7 -50 28 bfe1cc15fee613fe
-7 -50 35 bfe1cc15fee613fe
-7 -50 42 bfe1cc15fee613fe
-7 -50 49 bfb8d26c084a52cb
-7 -50 56 0000000000000000
-7 -50 63 0000000000000000
-7 -50 70 0000000000000000
-7 -50 77 0000000000000000
-7 -50 84 0000000000000000
-7 -50 91 0000000000000000
-7 -50 98 0000000000000000
-7 -47 -70 0000000000000000
-7 -47 -63 0000000000000000
-7 -47 -56 0000000000000000
-7 -47 -49 0000000000000000
-7 -47 -42 0000000000000000
-7 -47 -35 0000000000000000
-7 -47 -28 0000000000000000
-7 -47 -21 0000000000000000
-7 -47 -14 0000000000000000
-7 -47 -7 0000000000000000
-7 -47 0 0000000000000000
-7 -47 7 0000000000000000
-7 -47 14 bf2a2841b5f91570
-7 -47 21 bfc8771b37dcfbc2
-7 -47 28 bfe1d202ca88796f
-7 -47 35 bfe1d202ca88796f
-7 -47 42 bfe1d202ca88796f
-7 -47 49 bfbaf68dfcbf6862
-7 -47 56 0000000000000000
-7 -47 63 0000000000000000
-7 -47 70 0000000000000000
-7 -47 77 0000000000000000
-7 -47 84 0000000000000000
-7 -47 91 0000000000000000
-7 -47 98 0000000000000000
-7 -44 -70 0000000000000000
-7 -44 -63 0000000000000000
-7 -44 -56 0000000000000000
-7 -44 -49 0000000000000000
-7 -44 -42 0000000000000000
-7 -44 -35 0000000000000000
-7 -44 -28 0000000000000000
-7 -44 -21 0000000000000000
-7 -44 -14 0000000000000000
-7 -44 -7 0000000000000000
-7 -44 0 3fa46b8d16430167
-7 -44 7 3fc999999999999a
-7 -44 14 3fc9931f72a1b587
-7 -44 21 3f9b8e52237ade41
-7 -44 28 bfd29e6696bf7768
-7 -44 35 bfd29ca5d51f51bd
-7 -44 42 bfd38ec44e0423c2
-7 -44 49 bfb8b10334dca219
-7 -44 56 0000000000000000
-7 -44 63 0000000000000000
-7 -44 70 0000000000000000
-7 -44 77 0000000000000000
-7 -44 84 0000000000000000
-7 -44 91 0000000000000000
-7 -44 98 0000000000000000
-7 -41 -70 0000000000000000
-7 -41 -63 0000000000000000
-7 -41 -56 0000000000000000
-7 -41 -49 0000000000000000
-7 -41 -42 0000000000000000
-7 -41 -35 0000000000000000
-7 -41 -28 0000000000000000
-7 -41 -21 0000000000000000
-7 -41 -14 0000000000000000
-7 -41 -7 0000000000000000
-7 -41 0 3fc7b9ff70cc05f7
-7 -41 7 3fd999999999999a
-7 -41 14 3fd99878767d17d0
-7 -41 21 3fd5f408b5e40c05
-7 -41 28 3fcede05a3163ec9
-7 -41 35 3fcf1d6502dda2e2
-7 -41 42 3fcc05dbe8329305
-7 -41 49 3fa806a0589711e8
-7 -41 56 0000000000000000
-7 -41 63 0000000000000000
-7 -41 70 0000000000000000
-7 -41 77 0000000000000000
-7 -41 84 0000000000000000
-7 -41 91 0000000000000000
-7 -41 98 0000000000000000
-7 -38 -70 0000000000000000
-7 -38 -63 0000000000000000
-7 -38 -56 0000000000000000
-7 -38 -49 0000000000000000
-7 -38 -42 0000000000000000
-7 -38 -35 0000000000000000
-7 -38 -28 0000000000000000
-7 -38 -21 0000000000000000
-7 -38 -14 0000000000000000
-7 -38 -7 0000000000000000
-7 -38 0 3fd2b4beb19d3743
-7 -38 7 3fe333333ce5cd98
-7 -38 14 3fe3332346ae82d5
-7 -38 21 3fe301962aea5ba4
-7 -38 28 3fe2be8ea5041c5c
-7 -38 35 3fe30964040d5b5a
-7 -38 42 3fe15f5040004d61
-7 -38 49 3fc5023e7b9f4161
-7 -38 56 0000000000000000
-7 -38 63 0000000000000000
-7 -38 70 0000000000000000
-7 -38 77 0000000000000000
-7 -38 84 0000000000000000
-7 -38 91 0000000000000000
-7 -38 98 0000000000000000
-7 -35 -70 0000000000000000
-7 -35 -63 0000000000000000
-7 -35 -56 0000000000000000
-7 -35 -49 0000000000000000
-7 -35 -42 0000000000000000
-7 -35 -35 0000000000000000
-7 -35 -28 0000000000000000
-7 -35 -21 0000000000000000
-7 -35 -14 0000000000000000
-7 -35 -7 0000000000000000
-7 -35 0 3fde4ba521b0a55d
-7 -35 7 3fee14c26189148c
-7 -35 14 3fee14c1284857a7
-7 -35 21 3fed203ff5006ca3
-7 -35 28 3fe99bf3b9d470d4
-7 -35 35 3fe9b748f9621a52
-7 -35 42 3fe550c61d574054
-7 -35 49 3fc995bec8389eb7
-7 -35 56 0000000000000000
-7 -35 63 0000000000000000
-7 -35 70 0000000000000000
-7 -35 77 0000000000000000
-7 -35 84 0000000000000000
-7 -35 91 0000000000000000
-7 -35 98 0000000000000000
-7 -32 -70 0000000000000000
-7 -32 -63 0000000000000000
-7 -32 -56 0000000000000000
-7 -32 -49 0000000000000000
-7 -32 -42 0000000000000000
-7 -32 -35 0000000000000000
-7 -32 -28 0000000000000000
-7 -32 -21 0000000000000000
-7 -32 -14 0000000000000000
-7 -32 -7 3fb693eeed8349cd
-7 -32 0 3fe31132f9335ff8
-7 -32 7 3ff10013b8ffe355
-7 -32 14 3ff10011a43d2821
-7 -32 21 3ff06c967fc7bca8
-7 -32 28 3fe982ab7093baa4
-7 -32 35 3fe92ddb718ed6a4
-7 -32 42 3fe554d7b47a9ac4
-7 -32 49 3fc999999999999a
-7 -32 56 0000000000000000
-7 -32 63 0000000000000000
-7 -32 70 0000000000000000
-7 -32 77 0000000000000000
-7 -32 84 0000000000000000
-7 -32 91 0000000000000000
-7 -32 98 0000000000000000
-7 -29 -70 0000000000000000
-7 -29 -63 0000000000000000
-7 -29 -56 0000000000000000
-7 -29 -49 0000000000000000
-7 -29 -42 0000000000000000
-7 -29 -35 0000000000000000
-7 -29 -28 0000000000000000
-7 -29 -21 0000000000000000
-7 -29 -14 0000000000000000
-7 -29 -7 3fc17e9159a1cf5a
-7 -29 0 3fe52e855f828ec6
-7 -29 7 3ff20ebd29f0eb84
-7 -29 14 3ff20ebae593a871
-7 -29 21 3ff1682224cfb3fb
-7 -29 28 3fe9902dfbf02e14
-7 -29 35 3fe970d59e0ee538
-7 -29 42 3fe5551d6136ffcd
-7 -29 49 3fc999999999999a
-7 -29 56 0000000000000000
-7 -29 63 0000000000000000
-7 -29 70 0000000000000000
-7 -29 77 0000000000000000
-7 -29 84 0000000000000000
-7 -29 91 0000000000000000
-7 -29 98 0000000000000000
-7 -26 -70 0000000000000000
-7 -26 -63 0000000000000000
-7 -26 -56 0000000000000000
-7 -26 -49 0000000000000000
-7 -26 -42 0000000000000000
-7 -26 -35 0000000000000000
-7 -26 -28 0000000000000000
-7 -26 -21 0000000000000000
-7 -26 -14 0000000000000000
-7 -26 -7 3fc1ec9f926942e3
-7 -26 0 3fe555554b178da0
-7 -26 7 3ff2221f1a4b119e
-7 -26 14 3ff222215ea854b1
-7 -26 21 3ff179fc6d6c58a2
-7 -26 28 3fe998bed9013288
-7 -26 35 3fe9961b50cfcd16
-7 -26 42 3fe5554fdbc287f0
-7 -26 49 3fc999999999999a
-7 -26 56 0000000000000000
-7 -26 63 0000000000000000
-7 -26 70 0000000000000000
-7 -26 77 0000000000000000
-7 -26 84 0000000000000000
-7 -26 91 0000000000000000
-7 -26 98 0000000000000000
-7 -23 -70 0000000000000000
-7 -23 -63 0000000000000000
-7 -23 -56 0000000000000000
-7 -23 -49 0000000000000000
-7 -23 -42 0000000000000000
-7 -23 -35 0000000000000000
-7 -23 -28 0000000000000000
-7 -23 -21 0000000000000000
-7 -23 -14 0000000000000000
-7 -23 -7 3fc1ec9f926942e3
-7 -23 0 3fe555554bb9b6a1
-7 -23 7 3ff2221f586596e7
-7 -23 14 3ff222216d28521b
-7 -23 21 3ff179fc78d5b374
-7 -23 28 3fe99993e55612e7
-7 -23 35 3fe999830c9c03e3
-7 -23 42 3fe555552ec28ea8
-7 -23 49 3fc999999999999a
-7 -23 56 0000000000000000
-7 -23 63 0000000000000000
-7 -23 70 0000000000000000
-7 -23 77 0000000000000000
-7 -23 84 0000000000000000
-7 -23 91 0000000000000000
-7 -23 98 0000000000000000
-7 -20 -70 0000000000000000
-7 -20 -63 0000000000000000
-7 -20 -56 0000000000000000
-7 -20 -49 0000000000000000
-7 -20 -42 0000000000000000
-7 -20 -35 0000000000000000
-7 -20 -28 0000000000000000
-7 -20 -21 0000000000000000
-7 -20 -14 0000000000000000
-7 -20 -7 3fc1ec9f926942e3
-7 -20 0 3fe4bc5b204f558e
-7 -20 7 3fefffff1caad5c7
-7 -20 14 3fefffffc5b8bb47
-7 -20 21 3feeafb4ae1241e7
-7 -20 28 3fe5555555555556
-7 -20 35 3fe5555555555556
-7 -20 42 3fe390e6d399cdec
-7 -20 49 3fc7b9ff70cc05f7
-7 -20 56 0000000000000000
-7 -20 63 0000000000000000
-7 -20 70 0000000000000000
-7 -20 77 0000000000000000
-7 -20 84 0000000000000000
-7 -20 91 0000000000000000
-7 -20 98 0000000000000000
-7 -17 -70 0000000000000000
-7 -17 -63 0000000000000000
-7 -17 -56 0000000000000000
-7 -17 -49 0000000000000000
-7 -17 -42 0000000000000000
-7 -17 -35 0000000000000000
-7 -17 -28 0000000000000000
-7 -17 -21 0000000000000000
-7 -17 -14 0000000000000000
-7 -17 -7 3fc1ec9f926942e3
-7 -17 0 3fe1ea40061a0b47
-7 -17 7 3fe999998fe6ff35
-7 -17 14 3fe9999997176992
-7 -17 21 3fe8494e47abdb80
-7 -17 28 3fdddddddddddddd
-7 -17 35 3fdddddddddddddd
-7 -17 42 3fdc3929fb07a00d
-7 -17 49 3fbd16816afbb734
-7 -17 56 0000000000000000
-7 -17 63 0000000000000000
-7 -17 70 0000000000000000
-7 -17 77 0000000000000000
-7 -17 84 0000000000000000
-7 -17 91 0000000000000000
-7 -17 98 0000000000000000
-7 -14 -70 0000000000000000
-7 -14 -63 0000000000000000
-7 -14 -56 0000000000000000
-7 -14 -49 0000000000000000
-7 -14 -42 0000000000000000
-7 -14 -35 0000000000000000
-7 -14 -28 0000000000000000
-7 -14 -21 0000000000000000
-7 -14 -14 0000000000000000
-7 -14 -7 3fc1ec9f926942e3
-7 -14 0 3fdb2d9453939927
-7 -14 7 3fe3333333333334
-7 -14 14 3fe3333333333334
-7 -14 21 3fe1e2e7e145751a
-7 -14 28 3fd1111111111112
-7 -14 35 3fd1111111111112
-7 -14 42 3fd0042369335bad
-7 -14 49 0000000000000000
-7 -14 56 0000000000000000
-7 -14 63 0000000000000000
-7 -14 70 0000000000000000
-7 -14 77 0000000000000000
-7 -14 84 0000000000000000
-7 -14 91 0000000000000000
-7 -14 98 0000000000000000
-7 -11 -70 0000000000000000
-7 -11 -63 0000000000000000
-7 -11 -56 0000000000000000
-7 -11 -49 0000000000000000
-7 -11 -42 0000000000000000
-7 -11 -35 0000000000000000
-7 -11 -28 0000000000000000
-7 -11 -21 0000000000000000
-7 -11 -14 0000000000000000
-7 -11 -7 3fc1ec9f926942e3
-7 -11 0 3fd5555555555555
-7 -11 7 3fd999999999999a
-7 -11 14 3fd999999999999a
-7 -11 21 3fd6f902f5be1d67
-7 -11 28 3fb1111111111113
-7 -11 35 3fb1111111111113
-7 -11 42 3fabfa4ca2453640
-7 -11 49 0000000000000000
-7 -11 56 0000000000000000
-7 -11 63 0000000000000000
-7 -11 70 0000000000000000
-7 -11 77 0000000000000000
-7 -11 84 0000000000000000
-7 -11 91 0000000000000000
-7 -11 98 0000000000000000
-7 -8 -70 0000000000000000
-7 -8 -63 0000000000000000
-7 -8 -56 0000000000000000
-7 -8 -49 0000000000000000
-7 -8 -42 0000000000000000
-7 -8 -35 0000000000000000
-7 -8 -28 0000000000000000
-7 -8 -21 0000000000000000
-7 -8 -14 0000000000000000
-7 -8 -7 3fc037b1df32b9b3
-7 -8 0 3fd42360ee70045d
-7 -8 7 3fd42360ee70045d
-7 -8 14 3fd42360ee70045d
-7 -8 21 3fd19aaf04be9a98
-7 -8 28 0000000000000000
-7 -8 35 0000000000000000
-7 -8 42 0000000000000000
-7 -8 49 0000000000000000
-7 -8 56 0000000000000000
-7 -8 63 0000000000000000
-7 -8 70 0000000000000000
-7 -8 77 0000000000000000
-7 -8 84 0000000000000000
-7 -8 91 0000000000000000
-7 -8 98 0000000000000000
-7 -5 -70 0000000000000000
-7 -5 -63 0000000000000000
-7 -5 -56 0000000000000000
-7 -5 -49 0000000000000000
-7 -5 -42 0000000000000000
-7 -5 -35 0000000000000000
-7 -5 -28 0000000000000000
-7 -5 -21 0000000000000000
-7 -5 -14 0000000000000000
-7 -5 -7 3faf0b0365956acd
-7 -5 0 3fccfe556e043eb4
-7 -5 7 3fccfe556e043eb4
-7 -5 14 3fccfe556e043eb4
-7 -5 21 3fc8a85aaa92bb10
-7 -5 28 0000000000000000
-7 -5 35 0000000000000000
-7 -5 42 0000000000000000
-7 -5 49 0000000000000000
-7 -5 56 0000000000000000
-7 -5 63 0000000000000000
-7 -5 70 0000000000000000
-7 -5 77 0000000000000000
-7 -5 84 0000000000000000
-7 -5 91 0000000000000000
-7 -5 98 0000000000000000
-7 -2 -70 0000000000000000
-7 -2 -63 0000000000000000
-7 -2 -56 0000000000000000
-7 -2 -49 0000000000000000
-7 -2 -42 0000000000000000
-7 -2 -35 0000000000000000
-7 -2 -28 0000000000000000
-7 -2 -21 0000000000000000
-7 -2 -14 0000000000000000
-7 -2 -7 0000000000000000
-7 -2 0 3fb760fbf8f90f47
-7 -2 7 3fb760fbf8f90f47
-7 -2 14 3fb760fbf8f90f47
-7 -2 21 3fb04ae1a0b60ead
-7 -2 28 0000000000000000
-7 -2 35 0000000000000000
-7 -2 42 0000000000000000
-7 -2 49 0000000000000000
-7 -2 56 0000000000000000
-7 -2 63 0000000000000000
-7 -2 70 0000000000000000
-7 -2 77 0000000000000000
-7 -2 84 0000000000000000
-7 -2 91 0000000000000000
-7 -2 98 0000000000000000
-7 1 -70 0000000000000000
-7 1 -63 0000000000000000
-7 1 -56 0000000000000000
-7 1 -49 0000000000000000
-7 1 -42 0000000000000000
-7 1 -35 0000000000000000
-7 1 -28 0000000000000000
-7 1 -21 0000000000000000
-7 1 -14 0000000000000000
-7 1 -7 0000000000000000
-7 1 0 0000000000000000
-7 1 7 0000000000000000
-7 1 14 0000000000000000
-7 1 21 0000000000000000
-7 1 28 0000000000000000
-7 1 35 0000000000000000
-7 1 42 0000000000000000
-7 1 49 0000000000000000
-7 1 56 0000000000000000
-7 1 63 0000000000000000
-7 1 70 0000000000000000
-7 1 77 0000000000000000
-7 1 84 0000000000000000
-7 1 91 0000000000000000
-7 1 98 0000000000000000
-7 4 -70 0000000000000000
-7 4 -63 0000000000000000
-7 4 -56 0000000000000000
-7 4 -49 0000000000000000
-7 4 -42 0000000000000000
-7 4 -35 0000000000000000
-7 4 -28 0000000000000000
-7 4 -21 0000000000000000
-7 4 -14 0000000000000000
-7 4 -7 0000000000000000
-7 4 0 0000000000000000
-7 4 7 0000000000000000
-7 4 14 0000000000000000
-7 4 21 0000000000000000
-7 4 28 0000000000000000
-7 4 35 0000000000000000
-7 4 42 0000000000000000
-7 4 49 0000000000000000
-7 4 56 0000000000000000
-7 4 63 0000000000000000
-7 4 70 0000000000000000
-7 4 77 0000000000000000
-7 4 84 0000000000000000
-7 4 91 0000000000000000
-7 4 98 0000000000000000
-7 7 -70 0000000000000000
-7 7 -63 0000000000000000
-7 7 -56 0000000000000000
-7 7 -49 0000000000000000
-7 7 -42 0000000000000000
-7 7 -35 0000000000000000
-7 7 -28 0000000000000000
-7 7 -21 0000000000000000
-7 7 -14 0000000000000000
-7 7 -7 0000000000000000
-7 7 0 0000000000000000
-7 7 7 0000000000000000
-7 7 14 0000000000000000
-7 7 21 0000000000000000
-7 7 28 0000000000000000
-7 7 35 0000000000000000
-7 7 42 0000000000000000
-7 7 49 0000000000000000
-7 7 56 0000000000000000
-7 7 63 0000000000000000
-7 7 70 0000000000000000
-7 7 77 0000000000000000
-7 7 84 0000000000000000
-7 7 91 0000000000000000
-7 7 98 0000000000000000
-7 10 -70 0000000000000000
-7 10 -63 0000000000000000
-7 10 -56 0000000000000000
-7 10 -49 0000000000000000
-7 10 -42 0000000000000000
-7 10 -35 0000000000000000
-7 10 -28 0000000000000000
-7 10 -21 0000000000000000
-7 10 -14 0000000000000000
-7 10 -7 0000000000000000
-7 10 0 0000000000000000
-7 10 7 0000000000000000
-7 10 14 0000000000000000
-7 10 21 0000000000000000
-7 10 28 0000000000000000
-7 10 35 0000000000000000
-7 10 42 0000000000000000
-7 10 49 0000000000000000
-7 10 56 0000000000000000
-7 10 63 0000000000000000
-7 10 70 0000000000000000
-7 10 77 0000000000000000
-7 10 84 0000000000000000
-7 10 91 0000000000000000
-7 10 98 0000000000000000
-7 13 -70 0000000000000000
-7 13 -63 0000000000000000
-7 13 -56 0000000000000000
-7 13 -49 0000000000000000
-7 13 -42 0000000000000000
-7 13 -35 0000000000000000
-7 13 -28 0000000000000000
-7 13 -21 0000000000000000
-7 13 -14 0000000000000000
-7 13 -7 0000000000000000
-7 13 0 0000000000000000
-7 13 7 0000000000000000
-7 13 14 0000000000000000
-7 13 21 0000000000000000
-7 13 28 0000000000000000
-7 13 35 0000000000000000
-7 13 42 0000000000000000
-7 13 49 0000000000000000
-7 13 56 0000000000000000
-7 13 63 0000000000000000
-7 13 70 0000000000000000
-7 13 77 0000000000000000
-7 13 84 0000000000000000
-7 13 91 0000000000000000
-7 13 98 0000000000000000
-7 16 -70 0000000000000000
-7 16 -63 0000000000000000
-7 16 -56 0000000000000000
-7 16 -49 0000000000000000
-7 16 -42 0000000000000000
-7 16 -35 0000000000000000
-7 16 -28 0000000000000000
-7 16 -21 0000000000000000
-7 16 -14 0000000000000000
-7 16 -7 0000000000000000
-7 16 0 0000000000000000
-7 16 7 0000000000000000
-7 16 14 0000000000000000
-7 16 21 0000000000000000
-7 16 28 0000000000000000
-7 16 35 0000000000000000
-7 16 42 0000000000000000
-7 16 49 0000000000000000
-7 16 56 0000000000000000
-7 16 63 0000000000000000
-7 16 70 0000000000000000
-7 16 77 0000000000000000
-7 16 84 0000000000000000
-7 16 91 0000000000000000
-7 16 98 0000000000000000
-7 19 -70 0000000000000000
-7 19 -63 0000000000000000
-7 19 -56 0000000000000000
-7 19 -49 0000000000000000
-7 19 -42 0000000000000000
-7 19 -35 0000000000000000
-7 19 -28 0000000000000000
-7 19 -21 0000000000000000
-7 19 -14 0000000000000000
-7 19 -7 0000000000000000
-7 19 0 0000000000000000
-7 19 7 0000000000000000
-7 19 14 0000000000000000
-7 19 21 0000000000000000
-7 19 28 0000000000000000
-7 19 35 0000000000000000
-7 19 42 0000000000000000
-7 19 49 0000000000000000
-7 19 56 0000000000000000
-7 19 63 0000000000000000
-7 19 70 0000000000000000
-7 19 77 0000000000000000
-7 19 84 0000000000000000
-7 19 91 0000000000000000
-7 19 98 0000000000000000
-7 22 -70 0000000000000000
-7 22 -63 0000000000000000
-7 22 -56 0000000000000000
-7 22 -49 0000000000000000
-7 22 -42 0000000000000000
-7 22 -35 0000000000000000
-7 22 -28 0000000000000000
-7 22 -21 0000000000000000
-7 22 -14 0000000000000000
-7 22 -7 0000000000000000
-7 22 0 0000000000000000
-7 22 7 0000000000000000
-7 22 14 0000000000000000
-7 22 21 0000000000000000
-7 22 28 0000000000000000
-7 22 35 0000000000000000
-7 22 42 0000000000000000
-7 22 49 0000000000000000
-7 22 56 0000000000000000
-7 22 63 0000000000000000
-7 22 70 0000000000000000
-7 22 77 0000000000000000
-7 22 84 0000000000000000
-7 22 91 0000000000000000
-7 22 98 0000000000000000
-7 25 -70 0000000000000000
-7 25 -63 0000000000000000
-7 25 -56 0000000000000000
-7 25 -49 0000000000000000
-7 25 -42 0000000000000000
-7 25 -35 0000000000000000
-7 25 -28 0000000000000000
-7 25 -21 0000000000000000
-7 25 -14 0000000000000000
-7 25 -7 0000000000000000
-7 25 0 0000000000000000
-7 25 7 0000000000000000
-7 25 14 0000000000000000
-7 25 21 0000000000000000
-7 25 28 0000000000000000
-7 25 35 0000000000000000
-7 25 42 0000000000000000
-7 25 49 0000000000000000
-7 25 56 0000000000000000
-7 25 63 0000000000000000
-7 25 70 0000000000000000
-7 25 77 0000000000000000
-7 25 84 0000000000000000
-7 25 91 0000000000000000
-7 25 98 0000000000000000
-7 28 -70 0000000000000000
-7 28 -63 0000000000000000
-7 28 -56 0000000000000000
-7 28 -49 0000000000000000
-7 28 -42 0000000000000000
-7 28 -35 0000000000000000
-7 28 -28 0000000000000000
-7 28 -21 0000000000000000
-7 28 -14 0000000000000000
-7 28 -7 0000000000000000
-7 28 0 0000000000000000
-7 28 7 0000000000000000
-7 28 14 0000000000000000
-7 28 21 0000000000000000
-7 28 28 0000000000000000
-7 28 35 0000000000000000
-7 28 42 0000000000000000
-7 28 49 0000000000000000
-7 28 56 0000000000000000
-7 28 63 0000000000000000
-7 28 70 0000000000000000
-7 28 77 0000000000000000
-7 28 84 0000000000000000
-7 28 91 0000000000000000
-7 28 98 0000000000000000
-7 31 -70 0000000000000000
-7 31 -63 0000000000000000
-7 31 -56 0000000000000000
-7 31 -49 0000000000000000
-7 31 -42 0000000000000000
-7 31 -35 0000000000000000
-7 31 -28 0000000000000000
-7 31 -21 0000000000000000
-7 31 -14 0000000000000000
-7 31 -7 0000000000000000
-7 31 0 0000000000000000
-7 31 7 0000000000000000
-7 31 14 0000000000000000
-7 31 21 0000000000000000
-7 31 28 0000000000000000
-7 31 35 0000000000000000
-7 31 42 0000000000000000
-7 31 49 0000000000000000
-7 31 56 0000000000000000
-7 31 63 0000000000000000
-7 31 70 0000000000000000
-7 31 77 0000000000000000
-7 31 84 0000000000000000
-7 31 91 0000000000000000
-7 31 98 0000000000000000
-7 34 -70 0000000000000000
-7 34 -63 0000000000000000
-7 34 -56 0000000000000000
-7 34 -49 0000000000000000
-7 34 -42 0000000000000000
-7 34 -35 0000000000000000
-7 34 -28 0000000000000000
-7 34 -21 0000000000000000
-7 34 -14 0000000000000000
-7 34 -7 0000000000000000
-7 34 0 0000000000000000
-7 34 7 0000000000000000
-7 34 14 0000000000000000
-7 34 21 0000000000000000
-7 34 28 0000000000000000
-7 34 35 0000000000000000
-7 34 42 0000000000000000
-7 34 49 0000000000000000
-7 34 56 0000000000000000
-7 34 63 0000000000000000
-7 34 70 0000000000000000
-7 34 77 0000000000000000
-7 34 84 0000000000000000
-7 34 91 0000000000000000
-7 34 98 0000000000000000
-7 37 -70 0000000000000000
-7 37 -63 0000000000000000
-7 37 -56 0000000000000000
-7 37 -49 0000000000000000
-7 37 -42 0000000000000000
-7 37 -35 0000000000000000
-7 37 -28 0000000000000000
-7 37 -21 0000000000000000
-7 37 -14 0000000000000000
-7 37 -7 0000000000000000
-7 37 0 0000000000000000
-7 37 7 0000000000000000
-7 37 14 0000000000000000
-7 37 21 0000000000000000
-7 37 28 0000000000000000
-7 37 35 0000000000000000
-7 37 42 0000000000000000
-7 37 49 0000000000000000
-7 37 56 0000000000000000
-7 37 63 0000000000000000
-7 37 70 0000000000000000
-7 37 77 0000000000000000
-7 37 84 0000000000000000
-7 37 91 0000000000000000
-7 37 98 0000000000000000
-7 40 -70 0000000000000000
-7 40 -63 0000000000000000
-7 40 -56 0000000000000000
-7 40 -49 0000000000000000
-7 40 -42 0000000000000000
-7 40 -35 0000000000000000
-7 40 -28 0000000000000000
-7 40 -21 0000000000000000
-7 40 -14 0000000000000000
-7 40 -7 0000000000000000
-7 40 0 0000000000000000
-7 40 7 0000000000000000
-7 40 14 0000000000000000
-7 40 21 0000000000000000
-7 40 28 0000000000000000
-7 40 35 0000000000000000
-7 40 42 0000000000000000
-7 40 49 0000000000000000
-7 40 56 0000000000000000
-7 40 63 0000000000000000
-7 40 70 0000000000000000
-7 40 77 0000000000000000
-7 40 84 0000000000000000
-7 40 91 0000000000000000
-7 40 98 0000000000000000
-7 43 -70 0000000000000000
-7 43 -63 0000000000000000
-7 43 -56 0000000000000000
-7 43 -49 0000000000000000
-7 43 -42 0000000000000000
-7 43 -35 0000000000000000
-7 43 -28 0000000000000000
-7 43 -21 0000000000000000
-7 43 -14 0000000000000000
-7 43 -7 0000000000000000
-7 43 0 0000000000000000
-7 43 7 0000000000000000
-7 43 14 0000000000000000
-7 43 21 0000000000000000
-7 43 28 0000000000000000
-7 43 35 0000000000000000
-7 43 42 0000000000000000
-7 43 49 0000000000000000
-7 43 56 0000000000000000
-7 43 63 0000000000000000
-7 43 70 0000000000000000
-7 43 77 0000000000000000
-7 43 84 0000000000000000
-7 43 91 0000000000000000
-7 43 98 0000000000000000
0 -95 -70 0000000000000000
0 -95 -63 0000000000000000
0 -95 -56 0000000000000000
0 -95 -49 0000000000000000
0 -95 -42 0000000000000000
0 -95 -35 0000000000000000
0 -95 -28 0000000000000000
0 -95 -21 0000000000000000
0 -95 -14 0000000000000000
0 -95 -7 0000000000000000
0 -95 0 0000000000000000
0 -95 7 0000000000000000
0 -95 14 0000000000000000
0 -95 21 0000000000000000
0 -95 28 0000000000000000
0 -95 35 0000000000000000
0 -95 42 0000000000000000
0 -95 49 0000000000000000
0 -95 56 0000000000000000
0 -95 63 0000000000000000
0 -95 70 0000000000000000
0 -95 77 0000000000000000
0 -95 84 0000000000000000
0 -95 91 0000000000000000
0 -95 98 0000000000000000
0 -92 -70 0000000000000000
0 -92 -63 0000000000000000
0 -92 -56 0000000000000000
0 -92 -49 0000000000000000
0 -92 -42 0000000000000000
0 -92 -35 0000000000000000
0 -92 -28 0000000000000000
0 -92 -21 0000000000000000
0 -92 -14 0000000000000000
0 -92 -7 0000000000000000
0 -92 0 0000000000000000
0 -92 7 0000000000000000
0 -92 14 0000000000000000
0 -92 21 0000000000000000
0 -92 28 0000000000000000
0 -92 35 0000000000000000
0 -92 42 0000000000000000
0 -92 49 0000000000000000
0 -92 56 0000000000000000
0 -92 63 0000000000000000
0 -92 70 0000000000000000
0 -92 77 0000000000000000
0 -92 84 0000000000000000
0 -92 91 0000000000000000
0 -92 98 0000000000000000
0 -89 -70 0000000000000000
0 -89 -63 0000000000000000
0 -89 -56 0000000000000000
0 -89 -49 0000000000000000
0 -89 -42 0000000000000000
0 -89 -35 0000000000000000
0 -89 -28 0000000000000000
0 -89 -21 0000000000000000
0 -89 -14 0000000000000000
0 -89 -7 0000000000000000
0 -89 0 0000000000000000
0 -89 7 0000000000000000
0 -89 14 0000000000000000
0 -89 21 0000000000000000
0 -89 28 0000000000000000
0 -89 35 0000000000000000
0 -89 42 0000000000000000
0 -89 49 0000000000000000
0 -89 56 0000000000000000
0 -89 63 0000000000000000
0 -89 70 0000000000000000
0 -89 77 0000000000000000
0 -89 84 0000000000000000
0 -89 91 0000000000000000
0 -89 98 0000000000000000
0 -86 -70 0000000000000000
0 -86 -63 0000000000000000
0 -86 -56 0000000000000000
0 -86 -49 0000000000000000
0 -86 -42 0000000000000000
0 -86 -35 0000000000000000
0 -86 -28 0000000000000000
0 -86 -21 0000000000000000
0 -86 -14 0000000000000000
0 -86 -7 0000000000000000
0 -86 0 0000000000000000
0 -86 7 0000000000000000
0 -86 14 0000000000000000
0 -86 21 0000000000000000
0 -86 28 0000000000000000
0 -86 35 0000000000000000
0 -86 42 0000000000000000
0 -86 49 0000000000000000
0 -86 56 0000000000000000
0 -86 63 0000000000000000
0 -86 70 0000000000000000
0 -86 77 0000000000000000
0 -86 84 0000000000000000
0 -86 91 0000000000000000
0 -86 98 0000000000000000
0 -83 -70 0000000000000000
0 -83 -63 0000000000000000
0 -83 -56 0000000000000000
0 -83 -49 0000000000000000
0 -83 -42 0000000000000000
0 -83 -35 0000000000000000
0 -83 -28 0000000000000000
0 -83 -21 0000000000000000
0 -83 -14 0000000000000000
0 -83 -7 0000000000000000
0 -83 0 0000000000000000
0 -83 7 0000000000000000
0 -83 14 0000000000000000
0 -83 21 0000000000000000
0 -83 28 0000000000000000
0 -83 35 0000000000000000
0 -83 42 0000000000000000
0 -83 49 0000000000000000
0 -83 56 0000000000000000
0 -83 63 0000000000000000
0 -83 70 0000000000000000
0 -83 77 0000000000000000
0 -83 84 0000000000000000
0 -83 91 0000000000000000
0 -83 98 0000000000000000
0 -80 -70 0000000000000000
0 -80 -63 0000000000000000
0 -80 -56 0000000000000000
0 -80 -49 0000000000000000
0 -80 -42 0000000000000000
0 -80 -35 0000000000000000
0 -80 -28 0000000000000000
0 -80 -21 0000000000000000
0 -80 -14 0000000000000000
0 -80 -7 0000000000000000
0 -80 0 0000000000000000
0 -80 7 0000000000000000
0 -80 14 0000000000000000
0 -80 21 0000000000000000
0 -80 28 0000000000000000
0 -80 35 0000000000000000
0 -80 42 0000000000000000
0 -80 49 0000000000000000
0 -80 56 0000000000000000
0 -80 63 0000000000000000
0 -80 70 0000000000000000
0 -80 77 0000000000000000
0 -80 84 0000000000000000
0 -80 91 0000000000000000
0 -80 98 0000000000000000
0 -77 -70 0000000000000000
0 -77 -63 0000000000000000
0 -77 -56 0000000000000000
0 -77 -49 0000000000000000
0 -77 -42 0000000000000000
0 -77 -35 0000000000000000
0 -77 -28 0000000000000000
0 -77 -21 0000000000000000
0 -77 -14 0000000000000000
0 -77 -7 0000000000000000
0 -77 0 0000000000000000
0 -77 7 0000000000000000
0 -77 14 0000000000000000
0 -77 21 0000000000000000
0 -77 28 0000000000000000
0 -77 35 0000000000000000
0 -77 42 0000000000000000
0 -77 49 0000000000000000
0 -77 56 0000000000000000
0 -77 63 0000000000000000
0 -77 70 0000000000000000
0 -77 77 0000000000000000
0 -77 84 0000000000000000
0 -77 91 0000000000000000
0 -77 98 0000000000000000
0 -74 -70 0000000000000000
0 -74 -63 0000000000000000
0 -74 -56 0000000000000000
0 -74 -49 0000000000000000
0 -74 -42 0000000000000000
0 -74 -35 0000000000000000
0 -74 -28 0000000000000000
0 -74 -21 0000000000000000
0 -74 -14 0000000000000000
0 -74 -7 0000000000000000
0 -74 0 0000000000000000
0 -74 7 0000000000000000
0 -74 14 0000000000000000
0 -74 21 0000000000000000
0 -74 28 0000000000000000
0 -74 35 0000000000000000
0 -74 42 0000000000000000
0 -74 49 0000000000000000
0 -74 56 0000000000000000
0 -74 63 0000000000000000
0 -74 70 0000000000000000
0 -74 77 0000000000000000
0 -74 84 0000000000000000
0 -74 91 0000000000000000
0 -74 98 0000000000000000
0 -71 -70 0000000000000000
0 -71 -63 0000000000000000
0 -71 -56 0000000000000000
0 -71 -49 0000000000000000
0 -71 -42 0000000000000000
0 -71 -35 0000000000000000
0 -71 -28 0000000000000000
0 -71 -21 0000000000000000
0 -71 -14 0000000000000000
0 -71 -7 0000000000000000
0 -71 0 0000000000000000
0 -71 7 0000000000000000
0 -71 14 0000000000000000
0 -71 21 0000000000000000
0 -71 28 0000000000000000
0 -71 35 0000000000000000
0 -71 42 0000000000000000
0 -71 49 0000000000000000
0 -71 56 0000000000000000
0 -71 63 0000000000000000
0 -71 70 0000000000000000
0 -71 77 0000000000000000
0 -71 84 0000000000000000
0 -71 91 0000000000000000
0 -71 98 0000000000000000
0 -68 -70 0000000000000000
0 -68 -63 0000000000000000
0 -68 -56 0000000000000000
0 -68 -49 0000000000000000
0 -68 -42 0000000000000000
0 -68 -35 0000000000000000
0 -68 -28 0000000000000000
0 -68 -21 0000000000000000
0 -68 -14 0000000000000000
0 -68 -7 0000000000000000
0 -68 0 0000000000000000
0 -68 7 0000000000000000
0 -68 14 3e4650a8f1f12446
0 -68 21 3ee416b26c271220
0 -68 28 3efcda870e309e48
0 -68 35 3efcda870e309e48
0 -68 42 3efcda870e309e48
0 -68 49 3ed63c88871cde15
0 -68 56 0000000000000000
0 -68 63 0000000000000000
0 -68 70 0000000000000000
0 -68 77 0000000000000000
0 -68 84 0000000000000000
0 -68 91 0000000000000000
0 -68 98 0000000000000000
0 -65 -70 0000000000000000
0 -65 -63 0000000000000000
0 -65 -56 0000000000000000
0 -65 -49 0000000000000000
0 -65 -42 0000000000000000
0 -65 -35 0000000000000000
0 -65 -28 0000000000000000
0 -65 -21 0000000000000000
0 -65 -14 0000000000000000
0 -65 -7 0000000000000000
0 -65 0 0000000000000000
0 -65 7 0000000000000000
0 -65 14 3e97cf0e2ce036b7
0 -65 21 3f37c2b990e47e43
0 -65 28 3f51a5d70eca2d5b
0 -65 35 3f51a5d70eca2d5b
0 -65 42 3f51a5d70eca2d5b
0 -65 49 3f29ec54a1063cc0
0 -65 56 0000000000000000
0 -65 63 0000000000000000
0 -65 70 0000000000000000
0 -65 77 0000000000000000
0 -65 84 0000000000000000
0 -65 91 0000000000000000
0 -65 98 0000000000000000
0 -62 -70 0000000000000000
0 -62 -63 0000000000000000
0 -62 -56 0000000000000000
0 -62 -49 0000000000000000
0 -62 -42 0000000000000000
0 -62 -35 0000000000000000
0 -62 -28 0000000000000000
0 -62 -21 0000000000000000
0 -62 -14 0000000000000000
0 -62 -7 0000000000000000
0 -62 0 0000000000000000
0 -62 7 0000000000000000
0 -62 14 3ecb388fa5eb77d7
0 -62 21 3f6f004b8fcf40ff
0 -62 28 3f888069406d2bb4
0 -62 35 3f888069406d2bb4
0 -62 42 3f888069406d2bb4
0 -62 49 3f607d165488bf72
0 -62 56 0000000000000000
0 -62 63 0000000000000000
0 -62 70 0000000000000000
0 -62 77 0000000000000000
0 -62 84 0000000000000000
0 -62 91 0000000000000000
0 -62 98 0000000000000000
0 -59 -70 0000000000000000
0 -59 -63 0000000000000000
0 -59 -56 0000000000000000
0 -59 -49 0000000000000000
0 -59 -42 0000000000000000
0 -59 -35 0000000000000000
0 -59 -28 0000000000000000
0 -59 -21 0000000000000000
0 -59 -14 0000000000000000
0 -59 -7 0000000000000000
0 -59 0 0000000000000000
0 -59 7 0000000000000000
0 -59 14 3ed58a2cbcabecd0
0 -59 21 3f7b8e4ee0a72f20
0 -59 28 3f979b7b7fe09300
0 -59 35 3f979b7b7fe09300
0 -59 42 3f979b7b7fe09300
0 -59 49 3f6c8b04f8019e1c
0 -59 56 0000000000000000
0 -59 63 0000000000000000
0 -59 70 0000000000000000
0 -59 77 0000000000000000
0 -59 84 0000000000000000
0 -59 91 0000000000000000
0 -59 98 0000000000000000
0 -56 -70 0000000000000000
0 -56 -63 0000000000000000
0 -56 -56 0000000000000000
0 -56 -49 0000000000000000
0 -56 -42 0000000000000000
0 -56 -35 0000000000000000
0 -56 -28 0000000000000000
0 -56 -21 0000000000000000
0 -56 -14 0000000000000000
0 -56 -7 0000000000000000
0 -56 0 0000000000000000
0 -56 7 0000000000000000
0 -56 14 bedf5713bbaf3048
0 -56 21 bf840bfa98758a9a
0 -56 28 bfa12c9b8579c712
0 -56 35 bfa12c9b8579c712
0 -56 42 bfa12c9b8579c712
0 -56 49 bf74c3d332d8d82b
0 -56 56 0000000000000000
0 -56 63 0000000000000000
0 -56 70 0000000000000000
0 -56 77 0000000000000000
0 -56 84 0000000000000000
0 -56 91 0000000000000000
0 -56 98 0000000000000000
0 -53 -70 0000000000000000
0 -53 -63 0000000000000000
0 -53 -56 0000000000000000
0 -53 -49 0000000000000000
0 -53 -42 0000000000000000
0 -53 -35 0000000000000000
0 -53 -28 0000000000000000
0 -53 -21 0000000000000000
0 -53 -14 0000000000000000
0 -53 -7 0000000000000000
0 -53 0 0000000000000000
0 -53 7 0000000000000000
0 -53 14 bef630172a0961da
0 -53 21 bf9944e4b8efa476
0 -53 28 bfb3f8a840af9527
0 -53 35 bfb3f8a840af9527
0 -53 42 bfb3f8a840af9527
0 -53 49 bf8ae13c8d35ad27
0 -53 56 0000000000000000
0 -53 63 0000000000000000
0 -53 70 0000000000000000
0 -53 77 0000000000000000
0 -53 84 0000000000000000
0 -53 91 0000000000000000
0 -53 98 0000000000000000
0 -50 -70 0000000000000000
0 -50 -63 0000000000000000
0 -50 -56 0000000000000000
0 -50 -49 0000000000000000
0 -50 -42 0000000000000000
0 -50 -35 0000000000000000
0 -50 -28 0000000000000000
0 -50 -21 0000000000000000
0 -50 -14 0000000000000000
0 -50 -7 0000000000000000
0 -50 0 0000000000000000
0 -50 7 0000000000000000
0 -50 14 bf00be66d3a395eb
0 -50 21 bfa0b5baf3226a6b
0 -50 28 bfb8d26c084a52cb
0 -50 35 bfb8d26c084a52cb
0 -50 42 bfb8d26c084a52cb
0 -50 49 bf923b0ee26f1f5e
0 -50 56 0000000000000000
0 -50 63 0000000000000000
0 -50 70 0000000000000000
0 -50 77 0000000000000000
0 -50 84 0000000000000000
0 -50 91 0000000000000000
0 -50 98 0000000000000000
0 -47 -70 0000000000000000
0 -47 -63 0000000000000000
0 -47 -56 0000000000000000
0 -47 -49 0000000000000000
0 -47 -42 0000000000000000
0 -47 -35 0000000000000000
0 -47 -28 0000000000000000
0 -47 -21 0000000000000000
0 -47 -14 0000000000000000
0 -47 -7 0000000000000000
0 -47 0 0000000000000000
0 -47 7 0000000000000000
0 -47 14 bf04da5c4197a23c
0 -47 21 bfa2c5be074d3841
0 -47 28 bfbaf68dfcbf6862
0 -47 35 bfbaf68dfcbf6862
0 -47 42 bfbaf68dfcbf6862
0 -47 49 bf94c78d65db31bb
0 -47 56 0000000000000000
0 -47 63 0000000000000000
0 -47 70 0000000000000000
0 -47 77 0000000000000000
0 -47 84 0000000000000000
0 -47 91 0000000000000000
0 -47 98 0000000000000000
0 -44 -70 0000000000000000
0 -44 -63 0000000000000000
0 -44 -56 0000000000000000
0 -44 -49 0000000000000000
0 -44 -42 0000000000000000
0 -44 -35 0000000000000000
0 -44 -28 0000000000000000
0 -44 -21 0000000000000000
0 -44 -14 0000000000000000
0 -44 -7 0000000000000000
0 -44 0 3fa46b8d16430167
0 -44 7 3fc999999999999a
0 -44 14 3fc9984b9db12d49
0 -44 21 3fc5391f9a415112
0 -44 28 3fba8b84b3688b81
0 -44 35 3fbaa86c3f935b32
0 -44 42 3fb6c3373ba91c03
0 -44 49 bf9390ddd86992af
0 -44 56 0000000000000000
0 -44 63 0000000000000000
0 -44 70 0000000000000000
0 -44 77 0000000000000000
0 -44 84 0000000000000000
0 -44 91 0000000000000000
0 -44 98 0000000000000000
0 -41 -70 0000000000000000
0 -41 -63 0000000000000000
0 -41 -56 0000000000000000
0 -41 -49 0000000000000000
0 -41 -42 0000000000000000
0 -41 -35 0000000000000000
0 -41 -28 0000000000000000
0 -41 -21 0000000000000000
0 -41 -14 0000000000000000
0 -41 -7 0000000000000000
0 -41 0 3fc7b9ff70cc05f7
0 -41 7 3fd999999999999a
0 -41 14 3fd9995ecd38cca2
0 -41 21 3fd8ddfe4f8eff0f
0 -41 28 3fd7b7664d60e33d
0 -41 35 3fd8456a2a74a13d
0 -41 42 3fd62c55bdd41c9c
0 -41 49 3fb28c8d3cf994b7
0 -41 56 0000000000000000
0 -41 63 0000000000000000
0 -41 70 0000000000000000
0 -41 77 0000000000000000
0 -41 84 0000000000000000
0 -41 91 0000000000000000
0 -41 98 0000000000000000
0 -38 -70 0000000000000000
0 -38 -63 0000000000000000
0 -38 -56 0000000000000000
0 -38 -49 0000000000000000
0 -38 -42 0000000000000000
0 -38 -35 0000000000000000
0 -38 -28 0000000000000000
0 -38 -21 0000000000000000
0 -38 -14 0000000000000000
0 -38 -7 0000000000000000
0 -38 0 3fdb3d485e3d82c2
0 -38 7 3fe777cf15f9603b
0 -38 14 3fe7778a312732fc
0 -38 21 3fe67cefc3bd8f6f
0 -38 28 3fe3770fccbdfd92
0 -38 35 3fe512ac105f533f
0 -38 42 3fe1ce68a8798c76
0 -38 49 3fc55b55c73d4a75
0 -38 56 0000000000000000
0 -38 63 0000000000000000
0 -38 70 0000000000000000
0 -38 77 0000000000000000
0 -38 84 0000000000000000
0 -38 91 0000000000000000
0 -38 98 0000000000000000
0 -35 -70 0000000000000000
0 -35 -63 0000000000000000
0 -35 -56 0000000000000000
0 -35 -49 0000000000000000
0 -35 -42 0000000000000000
0 -35 -35 0000000000000000
0 -35 -28 0000000000000000
0 -35 -21 0000000000000000
0 -35 -14 0000000000000000
0 -35 -7 3fc1ec9f926942e3
0 -35 0 3fe555631b2e7ae4
0 -35 7 3ff226b153448cda
0 -35 14 3ff2233bf0fc8ef7
0 -35 21 3ff179d0e56dd04b
0 -35 28 3fe9bb07120dc532
0 -35 35 3fea893ac33152ba
0 -35 42 3fe554fa4123cf82
0 -35 49 3fc998cf54e98d72
0 -35 56 0000000000000000
0 -35 63 0000000000000000
0 -35 70 0000000000000000
0 -35 77 0000000000000000
0 -35 84 0000000000000000
0 -35 91 0000000000000000
0 -35 98 0000000000000000
0 -32 -70 0000000000000000
0 -32 -63 0000000000000000
0 -32 -56 0000000000000000
0 -32 -49 0000000000000000
0 -32 -42 0000000000000000
0 -32 -35 0000000000000000
0 -32 -28 0000000000000000
0 -32 -21 0000000000000000
0 -32 -14 0000000000000000
0 -32 -7 3fd0cd1089da2d33
0 -32 0 3febbc147cc80d62
0 -32 7 3ff5777ce2e05428
0 -32 14 3ff55d08d7323c64
0 -32 21 3ff444406265a212
0 -32 28 3febcd6bd2fcdd18
0 -32 35 3fe724a32d4689ba
0 -32 42 3fe55350398b704d
0 -32 49 3fc999999999999a
0 -32 56 0000000000000000
0 -32 63 0000000000000000
0 -32 70 0000000000000000
0 -32 77 0000000000000000
0 -32 84 0000000000000000
0 -32 91 0000000000000000
0 -32 98 0000000000000000
0 -29 -70 0000000000000000
0 -29 -63 0000000000000000
0 -29 -56 0000000000000000
0 -29 -49 0000000000000000
0 -29 -42 0000000000000000
0 -29 -35 0000000000000000
0 -29 -28 0000000000000000
0 -29 -21 0000000000000000
0 -29 -14 0000000000000000
0 -29 -7 3fd507b5553438cd
0 -29 0 3ff111425b00d291
0 -29 7 3ff8b48caecab7db
0 -29 14 3ff891b222029908
0 -29 21 3ff63a14991a4af8
0 -29 28 3fed99dcc44fc98e
0 -29 35 3fe8dce9db5b4469
0 -29 42 3fe554734e1c5b86
0 -29 49 3fc999999999999a
0 -29 56 0000000000000000
0 -29 63 0000000000000000
0 -29 70 0000000000000000
0 -29 77 0000000000000000
0 -29 84 0000000000000000
0 -29 91 0000000000000000
0 -29 98 0000000000000000
0 -26 -70 0000000000000000
0 -26 -63 0000000000000000
0 -26 -56 0000000000000000
0 -26 -49 0000000000000000
0 -26 -42 0000000000000000
0 -26 -35 0000000000000000
0 -26 -28 0000000000000000
0 -26 -21 0000000000000000
0 -26 -14 0000000000000000
0 -26 -7 3fd5555555555555
0 -26 0 3ff221f0d83260a2
0 -26 7 3ff96d9573576a48
0 -26 14 3ff99070001f891b
0 -26 21 3ff6666638c1cee0
0 -26 28 3fedda5f9514115a
0 -26 35 3fe98b0a8eab0ab3
0 -26 42 3fe5553fa8857474
0 -26 49 3fc999999999999a
0 -26 56 0000000000000000
0 -26 63 0000000000000000
0 -26 70 0000000000000000
0 -26 77 0000000000000000
0 -26 84 0000000000000000
0 -26 91 0000000000000000
0 -26 98 0000000000000000
0 -23 -70 0000000000000000
0 -23 -63 0000000000000000
0 -23 -56 0000000000000000
0 -23 -49 0000000000000000
0 -23 -42 0000000000000000
0 -23 -35 0000000000000000
0 -23 -28 0000000000000000
0 -23 -21 0000000000000000
0 -23 -14 0000000000000000
0 -23 -7 3fd5555555555555
0 -23 0 3ff221f5c19bf94f
0 -23 7 3ff977720c0e9ac8
0 -23 14 3ff991e617bcb28c
0 -23 21 3ff66666651ca1d7
0 -23 28 3fedddc750e04827
0 -23 35 3fe9993fc43cdd09
0 -23 42 3fe55554bf57895d
0 -23 49 3fc999999999999a
0 -23 56 0000000000000000
0 -23 63 0000000000000000
0 -23 70 0000000000000000
0 -23 77 0000000000000000
0 -23 84 0000000000000000
0 -23 91 0000000000000000
0 -23 98 0000000000000000
0 -20 -70 0000000000000000
0 -20 -63 0000000000000000
0 -20 -56 0000000000000000
0 -20 -49 0000000000000000
0 -20 -42 0000000000000000
0 -20 -35 0000000000000000
0 -20 -28 0000000000000000
0 -20 -21 0000000000000000
0 -20 -14 0000000000000000
0 -20 -7 3fd5555555555555
0 -20 0 3ff1d59e257c3b1d
0 -20 7 3ff772e846550cc0
0 -20 14 3ff7765d99cbbd09
0 -20 21 3ff4444444444445
0 -20 28 3fe999999999999a
0 -20 35 3fe5555555555556
0 -20 42 3fe390e6d399cdec
0 -20 49 3fc7b9ff70cc05f7
0 -20 56 0000000000000000
0 -20 63 0000000000000000
0 -20 70 0000000000000000
0 -20 77 0000000000000000
0 -20 84 0000000000000000
0 -20 91 0000000000000000
0 -20 98 0000000000000000
0 -17 -70 0000000000000000
0 -17 -63 0000000000000000
0 -17 -56 0000000000000000
0 -17 -49 0000000000000000
0 -17 -42 0000000000000000
0 -17 -35 0000000000000000
0 -17 -28 0000000000000000
0 -17 -21 0000000000000000
0 -17 -14 0000000000000000
0 -17 -7 3fd5555555555555
0 -17 0 3ff06c97317e8c5e
0 -17 7 3ff4441875034fe2
0 -17 14 3ff4443945f74b54
0 -17 21 3ff1111111111111
0 -17 28 3fe3333333333332
0 -17 35 3fdddddddddddddd
0 -17 42 3fdc3929fb07a00d
0 -17 49 3fbd16816afbb734
0 -17 56 0000000000000000
0 -17 63 0000000000000000
0 -17 70 0000000000000000
0 -17 77 0000000000000000
0 -17 84 0000000000000000
0 -17 91 0000000000000000
0 -17 98 0000000000000000
0 -14 -70 0000000000000000
0 -14 -63 0000000000000000
0 -14 -56 0000000000000000
0 -14 -49 0000000000000000
0 -14 -42 0000000000000000
0 -14 -35 0000000000000000
0 -14 -28 0000000000000000
0 -14 -21 0000000000000000
0 -14 -14 0000000000000000
0 -14 -7 3fd5555555555555
0 -14 0 3fec85b918b8bb83
0 -14 7 3ff1111111111112
0 -14 14 3ff1111111111112
0 -14 21 3febbbbbbbbbbbbd
0 -14 28 3fd999999999999a
0 -14 35 3fd1111111111112
0 -14 42 3fd0042369335bad
0 -14 49 0000000000000000
0 -14 56 0000000000000000
0 -14 63 0000000000000000
0 -14 70 0000000000000000
0 -14 77 0000000000000000
0 -14 84 0000000000000000
0 -14 91 0000000000000000
0 -14 98 0000000000000000
0 -11 -70 0000000000000000
0 -11 -63 0000000000000000
0 -11 -56 0000000000000000
0 -11 -49 0000000000000000
0 -11 -42 0000000000000000
0 -11 -35 0000000000000000
0 -11 -28 0000000000000000
0 -11 -21 0000000000000000
0 -11 -14 0000000000000000
0 -11 -7 3fd5555555555555
0 -11 0 3fe999999999999a
0 -11 7 3febbbbbbbbbbbbc
0 -11 14 3febbbbbbbbbbbbc
0 -11 21 3fe5555555555556
0 -11 28 3fc999999999999a
0 -11 35 3fb1111111111113
0 -11 42 3fabfa4ca2453640
0 -11 49 0000000000000000
0 -11 56 0000000000000000
0 -11 63 0000000000000000
0 -11 70 0000000000000000
0 -11 77 0000000000000000
0 -11 84 0000000000000000
0 -11 91 0000000000000000
0 -11 98 0000000000000000
0 -8 -70 0000000000000000
0 -8 -63 0000000000000000
0 -8 -56 0000000000000000
0 -8 -49 0000000000000000
0 -8 -42 0000000000000000
0 -8 -35 0000000000000000
0 -8 -28 0000000000000000
0 -8 -21 0000000000000000
0 -8 -14 0000000000000000
0 -8 -7 3fd42360ee70045d
0 -8 0 3fe5555555555556
0 -8 7 3fe5555555555556
0 -8 14 3fe5555555555556
0 -8 21 3fe1e87cfed4f915
0 -8 28 3fbec0e33b2088e0
0 -8 35 0000000000000000
0 -8 42 0000000000000000
0 -8 49 0000000000000000
0 -8 56 0000000000000000
0 -8 63 0000000000000000
0 -8 70 0000000000000000
0 -8 77 0000000000000000
0 -8 84 0000000000000000
0 -8 91 0000000000000000
0 -8 98 0000000000000000
0 -5 -70 0000000000000000
0 -5 -63 0000000000000000
0 -5 -56 0000000000000000
0 -5 -49 0000000000000000
0 -5 -42 0000000000000000
0 -5 -35 0000000000000000
0 -5 -28 0000000000000000
0 -5 -21 0000000000000000
0 -5 -14 0000000000000000
0 -5 -7 3fccfe556e043eb4
0 -5 0 3fdddddddddddddd
0 -5 7 3fdddddddddddddd
0 -5 14 3fdddddddddddddd
0 -5 21 3fda523ee0517397
0 -5 28 3fabfa4ca2453640
0 -5 35 0000000000000000
0 -5 42 0000000000000000
0 -5 49 0000000000000000
0 -5 56 0000000000000000
0 -5 63 0000000000000000
0 -5 70 0000000000000000
0 -5 77 0000000000000000
0 -5 84 0000000000000000
0 -5 91 0000000000000000
0 -5 98 0000000000000000
0 -2 -70 0000000000000000
0 -2 -63 0000000000000000
0 -2 -56 0000000000000000
0 -2 -49 0000000000000000
0 -2 -42 0000000000000000
0 -2 -35 0000000000000000
0 -2 -28 0000000000000000
0 -2 -21 0000000000000000
0 -2 -14 0000000000000000
0 -2 -7 3fb760fbf8f90f47
0 -2 0 3fd1111111111112
0 -2 7 3fd1111111111112
0 -2 14 3fd1111111111112
0 -2 21 3fcd7dbd304c74c0
0 -2 28 0000000000000000
0 -2 35 0000000000000000
0 -2 42 0000000000000000
0 -2 49 0000000000000000
0 -2 56 0000000000000000
0 -2 63 0000000000000000
0 -2 70 0000000000000000
0 -2 77 0000000000000000
0 -2 84 0000000000000000
0 -2 91 0000000000000000
0 -2 98 0000000000000000
0 1 -70 0000000000000000
0 1 -63 0000000000000000
0 1 -56 0000000000000000
0 1 -49 0000000000000000
0 1 -42 0000000000000000
0 1 -35 0000000000000000
0 1 -28 0000000000000000
0 1 -21 0000000000000000
0 1 -14 0000000000000000
0 1 -7 0000000000000000
0 1 0 3fb1111111111113
0 1 7 3fb1111111111113
0 1 14 3fb1111111111113
0 1 21 3fa46b8d16430167
0 1 28 0000000000000000
0 1 35 0000000000000000
0 1 42 0000000000000000
0 1 49 0000000000000000
0 1 56 0000000000000000
0 1 63 0000000000000000
0 1 70 0000000000000000
0 1 77 0000000000000000
0 1 84 0000000000000000
0 1 91 0000000000000000
0 1 98 0000000000000000
0 4 -70 0000000000000000
0 4 -63 0000000000000000
0 4 -56 0000000000000000
0 4 -49 0000000000000000
0 4 -42 0000000000000000
0 4 -35 0000000000000000
0 4 -28 0000000000000000
0 4 -21 0000000000000000
0 4 -14 0000000000000000
0 4 -7 0000000000000000
0 4 0 0000000000000000
0 4 7 0000000000000000
0 4 14 0000000000000000
0 4 21 0000000000000000
0 4 28 0000000000000000
0 4 35 0000000000000000
0 4 42 0000000000000000
0 4 49 0000000000000000
0 4 56 0000000000000000
0 4 63 0000000000000000
0 4 70 0000000000000000
0 4 77 0000000000000000
0 4 84 0000000000000000
0 4 91 0000000000000000
0 4 98 0000000000000000
0 7 -70 0000000000000000
0 7 -63 0000000000000000
0 7 -56 0000000000000000
0 7 -49 0000000000000000
0 7 -42 0000000000000000
0 7 -35 0000000000000000
0 7 -28 0000000000000000
0 7 -21 0000000000000000
0 7 -14 0000000000000000
0 7 -7 0000000000000000
0 7 0 0000000000000000
0 7 7 0000000000000000
0 7 14 0000000000000000
0 7 21 0000000000000000
0 7 28 0000000000000000
0 7 35 0000000000000000
0 7 42 0000000000000000
0 7 49 0000000000000000
0 7 56 0000000000000000
0 7 63 0000000000000000
0 7 70 0000000000000000
0 7 77 0000000000000000
0 7 84 0000000000000000
0 7 91 0000000000000000
0 7 98 0000000000000000
0 10 -70 0000000000000000
0 10 -63 0000000000000000
0 10 -56 0000000000000000
0 10 -49 0000000000000000
0 10 -42 0000000000000000
0 10 -35 0000000000000000
0 10 -28 0000000000000000
0 10 -21 0000000000000000
0 10 -14 0000000000000000
0 10 -7 0000000000000000
0 10 0 0000000000000000
0 10 7 0000000000000000
0 10 14 0000000000000000
0 10 21 0000000000000000
0 10 28 0000000000000000
0 10 35 0000000000000000
0 10 42 0000000000000000
0 10 49 0000000000000000
0 10 56 0000000000000000
0 10 63 0000000000000000
0 10 70 0000000000000000
0 10 77 0000000000000000
0 10 84 0000000000000000
0 10 91 0000000000000000
0 10 98 0000000000000000
0 13 -70 0000000000000000
0 13 -63 0000000000000000
0 13 -56 0000000000000000
0 13 -49 0000000000000000
0 13 -42 0000000000000000
0 13 -35 0000000000000000
0 13 -28 0000000000000000
0 13 -21 0000000000000000
0 13 -14 0000000000000000
0 13 -7 0000000000000000
0 13 0 0000000000000000
0 13 7 0000000000000000
0 13 14 0000000000000000
0 13 21 0000000000000000
0 13 28 0000000000000000
0 13 35 0000000000000000
0 13 42 0000000000000000
0 13 49 0000000000000000
0 13 56 0000000000000000
0 13 63 0000000000000000
0 13 70 0000000000000000
0 13 77 0000000000000000
0 13 84 0000000000000000
0 13 91 0000000000000000
0 13 98 0000000000000000
0 16 -70 0000000000000000
0 16 -63 0000000000000000
0 16 -56 0000000000000000
0 16 -49 0000000000000000
0 16 -42 0000000000000000
0 16 -35 0000000000000000
0 16 -28 0000000000000000
0 16 -21 0000000000000000
0 16 -14 0000000000000000
0 16 -7 0000000000000000
0 16 0 0000000000000000
0 16 7 0000000000000000
0 16 14 0000000000000000
0 16 21 0000000000000000
0 16 28 0000000000000000
0 16 35 0000000000000000
0 16 42 0000000000000000
0 16 49 0000000000000000
0 16 56 0000000000000000
0 16 63 0000000000000000
0 16 70 0000000000000000
0 16 77 0000000000000000
0 16 84 0000000000000000
0 16 91 0000000000000000
0 16 98 0000000000000000
0 19 -70 0000000000000000
0 19 -63 0000000000000000
0 19 -56 0000000000000000
0 19 -49 0000000000000000
0 19 -42 0000000000000000
0 19 -35 0000000000000000
0 19 -28 0000000000000000
0 19 -21 0000000000000000
0 19 -14 0000000000000000
0 19 -7 0000000000000000
0 19 0 0000000000000000
0 19 7 0000000000000000
0 19 14 0000000000000000
0 19 21 0000000000000000
0 19 28 0000000000000000
0 19 35 0000000000000000
0 19 42 0000000000000000
0 19 49 0000000000000000
0 19 56 0000000000000000
0 19 63 0000000000000000
0 19 70 0000000000000000
0 19 77 0000000000000000
0 19 84 0000000000000000
0 19 91 0000000000000000
0 19 98 0000000000000000
0 22 -70 0000000000000000
0 22 -63 0000000000000000
0 22 -56 0000000000000000
0 22 -49 0000000000000000
0 22 -42 0000000000000000
0 22 -35 0000000000000000
0 22 -28 0000000000000000
0 22 -21 0000000000000000
0 22 -14 0000000000000000
0 22 -7 0000000000000000
0 22 0 0000000000000000
0 22 7 0000000000000000
0 22 14 0000000000000000
0 22 21 0000000000000000
0 22 28 0000000000000000
0 22 35 0000000000000000
0 22 42 0000000000000000
0 22 49 0000000000000000
0 22 56 0000000000000000
0 22 63 0000000000000000
0 22 70 0000000000000000
0 22 77 0000000000000000
0 22 84 0000000000000000
0 22 91 0000000000000000
0 22 98 0000000000000000
0 25 -70 0000000000000000
0 25 -63 0000000000000000
0 25 -56 0000000000000000
0 25 -49 0000000000000000
0 25 -42 0000000000000000
0 25 -35 0000000000000000
0 25 -28 0000000000000000
0 25 -21 0000000000000000
0 25 -14 0000000000000000
0 25 -7 0000000000000000
0 25 0 0000000000000000
0 25 7 0000000000000000
0 25 14 0000000000000000
0 25 21 0000000000000000
0 25 28 0000000000000000
0 25 35 0000000000000000
0 25 42 0000000000000000
0 25 49 0000000000000000
0 25 56 0000000000000000
0 25 63 0000000000000000
0 25 70 0000000000000000
0 25 77 0000000000000000
0 25 84 0000000000000000
0 25 91 0000000000000000
0 25 98 0000000000000000
0 28 -70 0000000000000000
0 28 -63 0000000000000000
0 28 -56 0000000000000000
0 28 -49 0000000000000000
0 28 -42 0000000000000000
0 28 -35 0000000000000000
0 28 -28 0000000000000000
0 28 -21 0000000000000000
0 28 -14 0000000000000000
0 28 -7 0000000000000000
0 28 0 0000000000000000
0 28 7 0000000000000000
0 28 14 0000000000000000
0 28 21 0000000000000000
0 28 28 0000000000000000
0 28 35 0000000000000000
0 28 42 0000000000000000
0 28 49 0000000000000000
0 28 56 0000000000000000
0 28 63 0000000000000000
0 28 70 0000000000000000
0 28 77 0000000000000000
0 28 84 0000000000000000
0 28 91 0000000000000000
0 28 98 0000000000000000
0 31 -70 0000000000000000
0 31 -63 0000000000000000
0 31 -56 0000000000000000
0 31 -49 0000000000000000
0 31 -42 0000000000000000
0 31 -35 0000000000000000
0 31 -28 0000000000000000
0 31 -21 0000000000000000
0 31 -14 0000000000000000
0 31 -7 0000000000000000
0 31 0 0000000000000000
0 31 7 0000000000000000
0 31 14 0000000000000000
0 31 21 0000000000000000
0 31 28 0000000000000000
0 31 35 0000000000000000
0 31 42 0000000000000000
0 31 49 0000000000000000
0 31 56 0000000000000000
0 31 63 0000000000000000
0 31 70 0000000000000000
0 31 77 0000000000000000
0 31 84 0000000000000000
0 31 91 0000000000000000
0 31 98 0000000000000000
0 34 -70 0000000000000000
0 34 -63 0000000000000000
0 34 -56 0000000000000000
0 34 -49 0000000000000000
0 34 -42 0000000000000000
0 34 -35 0000000000000000
0 34 -28 0000000000000000
0 34 -21 0000000000000000
0 34 -14 0000000000000000
0 34 -7 0000000000000000
0 34 0 0000000000000000
0 34 7 0000000000000000
0 34 14 0000000000000000
0 34 21 0000000000000000
0 34 28 0000000000000000
0 34 35 0000000000000000
0 34 42 0000000000000000
0 34 49 0000000000000000
0 34 56 0000000000000000
0 34 63 0000000000000000
0 34 70 0000000000000000
0 34 77 0000000000000000
0 34 84 0000000000000000
0 34 91 0000000000000000
0 34 98 0000000000000000
0 37 -70 0000000000000000
0 37 -63 0000000000000000
0 37 -56 0000000000000000
0 37 -49 0000000000000000
0 37 -42 0000000000000000
0 37 -35 0000000000000000
0 37 -28 0000000000000000
0 37 -21 0000000000000000
0 37 -14 0000000000000000
0 37 -7 0000000000000000
0 37 0 0000000000000000
0 37 7 0000000000000000
0 37 14 0000000000000000
0 37 21 0000000000000000
0 37 28 0000000000000000
0 37 35 0000000000000000
0 37 42 0000000000000000
0 37 49 0000000000000000
0 37 56 0000000000000000
0 37 63 0000000000000000
0 37 70 0000000000000000
0 37 77 0000000000000000
0 37 84 0000000000000000
0 37 91 0000000000000000
0 37 98 0000000000000000
0 40 -70 0000000000000000
0 40 -63 0000000000000000
0 40 -56 0000000000000000
0 40 -49 0000000000000000
0 40 -42 0000000000000000
0 40 -35 0000000000000000
0 40 -28 0000000000000000
0 40 -21 0000000000000000
0 40 -14 0000000000000000
0 40 -7 0000000000000000
0 40 0 0000000000000000
0 40 7 0000000000000000
0 40 14 0000000000000000
0 40 21 0000000000000000
0 40 28 0000000000000000
0 40 35 0000000000000000
0 40 42 0000000000000000
0 40 49 0000000000000000
0 40 56 0000000000000000
0 40 63 0000000000000000
0 40 70 0000000000000000
0 40 77 0000000000000000
0 40 84 0000000000000000
0 40 91 0000000000000000
0 40 98 0000000000000000
0 43 -70 0000000000000000
0 43 -63 0000000000000000
0 43 -56 0000000000000000
0 43 -49 0000000000000000
0 43 -42 0000000000000000
0 43 -35 0000000000000000
0 43 -28 0000000000000000
0 43 -21 0000000000000000
0 43 -14 0000000000000000
0 43 -7 0000000000000000
0 43 0 0000000000000000
0 43 7 0000000000000000
0 43 14 0000000000000000
0 43 21 0000000000000000
0 43 28 0000000000000000
0 43 35 0000000000000000
0 43 42 0000000000000000
0 43 49 0000000000000000
0 43 56 0000000000000000
0 43 63 0000000000000000
0 43 70 0000000000000000
0 43 77 0000000000000000
0 43 84 0000000000000000
0 43 91 0000000000000000
0 43 98 0000000000000000
7 -95 -70 0000000000000000
7 -95 -63 0000000000000000
7 -95 -56 0000000000000000
7 -95 -49 0000000000000000
7 -95 -42 0000000000000000
7 -95 -35 0000000000000000
7 -95 -28 0000000000000000
7 -95 -21 0000000000000000
7 -95 -14 0000000000000000
7 -95 -7 0000000000000000
7 -95 0 0000000000000000
7 -95 7 0000000000000000
7 -95 14 0000000000000000
7 -95 21 0000000000000000
7 -95 28 0000000000000000
7 -95 35 0000000000000000
7 -95 42 0000000000000000
7 -95 49 0000000000000000
7 -95 56 0000000000000000
7 -95 63 0000000000000000
7 -95 70 0000000000000000
7 -95 77 0000000000000000
7 -95 84 0000000000000000
7 -95 91 0000000000000000
7 -95 98 0000000000000000
7 -92 -70 0000000000000000
7 -92 -63 0000000000000000
7 -92 -56 0000000000000000
7 -92 -49 0000000000000000
7 -92 -42 0000000000000000
7 -92 -35 0000000000000000
7 -92 -28 0000000000000000
7 -92 -21 0000000000000000
7 -92 -14 0000000000000000
7 -92 -7 0000000000000000
7 -92 0 0000000000000000
7 -92 7 0000000000000000
7 -92 14 0000000000000000
7 -92 21 0000000000000000
7 -92 28 0000000000000000
7 -92 35 0000000000000000
7 -92 42 0000000000000000
7 -92 49 0000000000000000
7 -92 56 0000000000000000
7 -92 63 0000000000000000
7 -92 70 0000000000000000
7 -92 77 0000000000000000
7 -92 84 0000000000000000
7 -92 91 0000000000000000
7 -92 98 0000000000000000
7 -89 -70 0000000000000000
7 -89 -63 0000000000000000
7 -89 -56 0000000000000000
7 -89 -49 0000000000000000
7 -89 -42 0000000000000000
7 -89 -35 0000000000000000
7 -89 -28 0000000000000000
7 -89 -21 0000000000000000
7 -89 -14 0000000000000000
7 -89 -7 0000000000000000
7 -89 0 0000000000000000
7 -89 7 0000000000000000
7 -89 14 0000000000000000
7 -89 21 0000000000000000
7 -89 28 0000000000000000
7 -89 35 0000000000000000
7 -89 42 0000000000000000
7 -89 49 0000000000000000
7 -89 56 0000000000000000
7 -89 63 0000000000000000
7 -89 70 0000000000000000
7 -89 77 0000000000000000
7 -89 84 0000000000000000
7 -89 91 0000000000000000
7 -89 98 0000000000000000
7 -86 -70 0000000000000000
7 -86 -63 0000000000000000
7 -86 -56 0000000000000000
7 -86 -49 0000000000000000
7 -86 -42 0000000000000000
7 -86 -35 0000000000000000
7 -86 -28 0000000000000000
7 -86 -21 0000000000000000
7 -86 -14 0000000000000000
7 -86 -7 0000000000000000
7 -86 0 0000000000000000
7 -86 7 0000000000000000
7 -86 14 0000000000000000
7 -86 21 0000000000000000
7 -86 28 0000000000000000
7 -86 35 0000000000000000
7 -86 42 0000000000000000
7 -86 49 0000000000000000
7 -86 56 0000000000000000
7 -86 63 0000000000000000
7 -86 70 0000000000000000
7 -86 77 0000000000000000
7 -86 84 0000000000000000
7 -86 91 0000000000000000
7 -86 98 0000000000000000
7 -83 -70 0000000000000000
7 -83 -63 0000000000000000
7 -83 -56 0000000000000000
7 -83 -49 0000000000000000
7 -83 -42 0000000000000000
7 -83 -35 0000000000000000
7 -83 -28 0000000000000000
7 -83 -21 0000000000000000
7 -83 -14 0000000000000000
7 -83 -7 0000000000000000
7 -83 0 0000000000000000
7 -83 7 0000000000000000
7 -83 14 0000000000000000
7 -83 21 0000000000000000
7 -83 28 0000000000000000
7 -83 35 0000000000000000
7 -83 42 0000000000000000
7 -83 49 0000000000000000
7 -83 56 0000000000000000
7 -83 63 0000000000000000
7 -83 70 0000000000000000
7 -83 77 0000000000000000
7 -83 84 0000000000000000
7 -83 91 0000000000000000
7 -83 98 0000000000000000
7 -80 -70 0000000000000000
7 -80 -63 0000000000000000
7 -80 -56 0000000000000000
7 -80 -49 0000000000000000
7 -80 -42 0000000000000000
7 -80 -35 0000000000000000
7 -80 -28 0000000000000000
7 -80 -21 0000000000000000
7 -80 -14 0000000000000000
7 -80 -7 0000000000000000
7 -80 0 0000000000000000
7 -80 7 0000000000000000
7 -80 14 0000000000000000
7 -80 21 0000000000000000
7 -80 28 0000000000000000
7 -80 35 0000000000000000
7 -80 42 0000000000000000
7 -80 49 0000000000000000
7 -80 56 0000000000000000
7 -80 63 0000000000000000
7 -80 70 0000000000000000
7 -80 77 0000000000000000
7 -80 84 0000000000000000
7 -80 91 0000000000000000
7 -80 98 0000000000000000
7 -77 -70 0000000000000000
7 -77 -63 0000000000000000
7 -77 -56 0000000000000000
7 -77 -49 0000000000000000
7 -77 -42 0000000000000000
7 -77 -35 0000000000000000
7 -77 -28 0000000000000000
7 -77 -21 0000000000000000
7 -77 -14 0000000000000000
7 -77 -7 0000000000000000
7 -77 0 0000000000000000
7 -77 7 0000000000000000
7 -77 14 0000000000000000
7 -77 21 0000000000000000
7 -77 28 0000000000000000
7 -77 35 0000000000000000
7 -77 42 0000000000000000
7 -77 49 0000000000000000
7 -77 56 0000000000000000
7 -77 63 0000000000000000
7 -77 70 0000000000000000
7 -77 77 0000000000000000
7 -77 84 0000000000000000
7 -77 91 0000000000000000
7 -77 98 0000000000000000
7 -74 -70 0000000000000000
7 -74 -63 0000000000000000
7 -74 -56 0000000000000000
7 -74 -49 0000000000000000
7 -74 -42 0000000000000000
7 -74 -35 0000000000000000
7 -74 -28 0000000000000000
7 -74 -21 0000000000000000
7 -74 -14 0000000000000000
7 -74 -7 0000000000000000
7 -74 0 0000000000000000
7 -74 7 0000000000000000
7 -74 14 0000000000000000
7 -74 21 0000000000000000
7 -74 28 0000000000000000
7 -74 35 0000000000000000
7 -74 42 0000000000000000
7 -74 49 0000000000000000
7 -74 56 0000000000000000
7 -74 63 0000000000000000
7 -74 70 0000000000000000
7 -74 77 0000000000000000
7 -74 84 0000000000000000
7 -74 91 0000000000000000
7 -74 98 0000000000000000
7 -71 -70 0000000000000000
7 -71 -63 0000000000000000
7 -71 -56 0000000000000000
7 -71 -49 0000000000000000
7 -71 -42 0000000000000000
7 -71 -35 0000000000000000
7 -71 -28 0000000000000000
7 -71 -21 0000000000000000
7 -71 -14 0000000000000000
7 -71 -7 0000000000000000
7 -71 0 0000000000000000
7 -71 7 0000000000000000
7 -71 14 0000000000000000
7 -71 21 0000000000000000
7 -71 28 0000000000000000
7 -71 35 0000000000000000
7 -71 42 0000000000000000
7 -71 49 0000000000000000
7 -71 56 0000000000000000
7 -71 63 0000000000000000
7 -71 70 0000000000000000
7 -71 77 0000000000000000
7 -71 84 0000000000000000
7 -71 91 0000000000000000
7 -71 98 0000000000000000
7 -68 -70 0000000000000000
7 -68 -63 0000000000000000
7 -68 -56 0000000000000000
7 -68 -49 0000000000000000
7 -68 -42 0000000000000000
7 -68 -35 0000000000000000
7 -68 -28 0000000000000000
7 -68 -21 0000000000000000
7 -68 -14 0000000000000000
7 -68 -7 0000000000000000
7 -68 0 0000000000000000
7 -68 7 0000000000000000
7 -68 14 0000000000000000
7 -68 21 0000000000000000
7 -68 28 0000000000000000
7 -68 35 0000000000000000
7 -68 42 0000000000000000
7 -68 49 0000000000000000
7 -68 56 0000000000000000
7 -68 63 0000000000000000
7 -68 70 0000000000000000
7 -68 77 0000000000000000
7 -68 84 0000000000000000
7 -68 91 0000000000000000
7 -68 98 0000000000000000
7 -65 -70 0000000000000000
7 -65 -63 0000000000000000
7 -65 -56 0000000000000000
7 -65 -49 0000000000000000
7 -65 -42 0000000000000000
7 -65 -35 0000000000000000
7 -65 -28 0000000000000000
7 -65 -21 0000000000000000
7 -65 -14 0000000000000000
7 -65 -7 0000000000000000
7 -65 0 0000000000000000
7 -65 7 0000000000000000
7 -65 14 0000000000000000
7 -65 21 0000000000000000
7 -65 28 0000000000000000
7 -65 35 0000000000000000
7 -65 42 0000000000000000
7 -65 49 0000000000000000
7 -65 56 0000000000000000
7 -65 63 0000000000000000
7 -65 70 0000000000000000
7 -65 77 0000000000000000
7 -65 84 0000000000000000
7 -65 91 0000000000000000
7 -65 98 0000000000000000
7 -62 -70 0000000000000000
7 -62 -63 0000000000000000
7 -62 -56 0000000000000000
7 -62 -49 0000000000000000
7 -62 -42 0000000000000000
7 -62 -35 0000000000000000
7 -62 -28 0000000000000000
7 -62 -21 0000000000000000
7 -62 -14 0000000000000000
7 -62 -7 0000000000000000
7 -62 0 0000000000000000
7 -62 7 0000000000000000
7 -62 14 0000000000000000
7 -62 21 0000000000000000
7 -62 28 0000000000000000
7 -62 35 0000000000000000
7 -62 42 0000000000000000
7 -62 49 0000000000000000
7 -62 56 0000000000000000
7 -62 63 0000000000000000
7 -62 70 0000000000000000
7 -62 77 0000000000000000
7 -62 84 0000000000000000
7 -62 91 0000000000000000
7 -62 98 0000000000000000
7 -59 -70 0000000000000000
7 -59 -63 0000000000000000
7 -59 -56 0000000000000000
7 -59 -49 0000000000000000
7 -59 -42 0000000000000000
7 -59 -35 0000000000000000
7 -59 -28 0000000000000000
7 -59 -21 0000000000000000
7 -59 -14 0000000000000000
7 -59 -7 0000000000000000
7 -59 0 0000000000000000
7 -59 7 0000000000000000
7 -59 14 0000000000000000
7 -59 21 0000000000000000
7 -59 28 0000000000000000
7 -59 35 0000000000000000
7 -59 42 0000000000000000
7 -59 49 0000000000000000
7 -59 56 0000000000000000
7 -59 63 0000000000000000
7 -59 70 0000000000000000
7 -59 77 0000000000000000
7 -59 84 0000000000000000
7 -59 91 0000000000000000
7 -59 98 0000000000000000
7 -56 -70 0000000000000000
7 -56 -63 0000000000000000
7 -56 -56 0000000000000000
7 -56 -49 0000000000000000
7 -56 -42 0000000000000000
7 -56 -35 0000000000000000
7 -56 -28 0000000000000000
7 -56 -21 0000000000000000
7 -56 -14 0000000000000000
7 -56 -7 0000000000000000
7 -56 0 0000000000000000
7 -56 7 0000000000000000
7 -56 14 0000000000000000
7 -56 21 0000000000000000
7 -56 28 0000000000000000
7 -56 35 0000000000000000
7 -56 42 0000000000000000
7 -56 49 0000000000000000
7 -56 56 0000000000000000
7 -56 63 0000000000000000
7 -56 70 0000000000000000
7 -56 77 0000000000000000
7 -56 84 0000000000000000
7 -56 91 0000000000000000
7 -56 98 0000000000000000
7 -53 -70 0000000000000000
7 -53 -63 0000000000000000
7 -53 -56 0000000000000000
7 -53 -49 0000000000000000
7 -53 -42 0000000000000000
7 -53 -35 0000000000000000
7 -53 -28 0000000000000000
7 -53 -21 0000000000000000
7 -53 -14 0000000000000000
7 -53 -7 0000000000000000
7 -53 0 0000000000000000
7 -53 7 0000000000000000
7 -53 14 0000000000000000
7 -53 21 0000000000000000
7 -53 28 0000000000000000
7 -53 35 0000000000000000
7 -53 42 0000000000000000
7 -53 49 0000000000000000
7 -53 56 0000000000000000
7 -53 63 0000000000000000
7 -53 70 0000000000000000
7 -53 77 0000000000000000
7 -53 84 0000000000000000
7 -53 91 0000000000000000
7 -53 98 0000000000000000
7 -50 -70 0000000000000000
7 -50 -63 0000000000000000
7 -50 -56 0000000000000000
7 -50 -49 0000000000000000
7 -50 -42 0000000000000000
7 -50 -35 0000000000000000
7 -50 -28 0000000000000000
7 -50 -21 0000000000000000
7 -50 -14 0000000000000000
7 -50 -7 0000000000000000
7 -50 0 0000000000000000
7 -50 7 0000000000000000
7 -50 14 0000000000000000
7 -50 21 0000000000000000
7 -50 28 0000000000000000
7 -50 35 0000000000000000
7 -50 42 0000000000000000
7 -50 49 0000000000000000
7 -50 56 0000000000000000
7 -50 63 0000000000000000
7 -50 70 0000000000000000
7 -50 77 0000000000000000
7 -50 84 0000000000000000
7 -50 91 0000000000000000
7 -50 98 0000000000000000
7 -47 -70 0000000000000000
7 -47 -63 0000000000000000
7 -47 -56 0000000000000000
7 -47 -49 0000000000000000
7 -47 -42 0000000000000000
7 -47 -35 0000000000000000
7 -47 -28 0000000000000000
7 -47 -21 0000000000000000
7 -47 -14 0000000000000000
7 -47 -7 0000000000000000
7 -47 0 0000000000000000
7 -47 7 0000000000000000
7 -47 14 0000000000000000
7 -47 21 0000000000000000
7 -47 28 0000000000000000
7 -47 35 0000000000000000
7 -47 42 0000000000000000
7 -47 49 0000000000000000
7 -47 56 0000000000000000
7 -47 63 0000000000000000
7 -47 70 0000000000000000
7 -47 77 0000000000000000
7 -47 84 0000000000000000
7 -47 91 0000000000000000
7 -47 98 0000000000000000
7 -44 -70 0000000000000000
7 -44 -63 0000000000000000
7 -44 -56 0000000000000000
7 -44 -49 0000000000000000
7 -44 -42 0000000000000000
7 -44 -35 0000000000000000
7 -44 -28 0000000000000000
7 -44 -21 0000000000000000
7 -44 -14 0000000000000000
7 -44 -7 0000000000000000
7 -44 0 3fa46b8d16430167
7 -44 7 3fc999999999999a
7 -44 14 3fc999999999999a
7 -44 21 3fc999999a7ff840
7 -44 28 3fc999a12b268666
7 -44 35 3fc999b7611072b1
7 -44 42 3fc7b9ffa47646a4
7 -44 49 0000000000000000
7 -44 56 0000000000000000
7 -44 63 0000000000000000
7 -44 70 0000000000000000
7 -44 77 0000000000000000
7 -44 84 0000000000000000
7 -44 91 0000000000000000
7 -44 98 0000000000000000
7 -41 -70 0000000000000000
7 -41 -63 0000000000000000
7 -41 -56 0000000000000000
7 -41 -49 0000000000000000
7 -41 -42 0000000000000000
7 -41 -35 0000000000000000
7 -41 -28 0000000000000000
7 -41 -21 0000000000000000
7 -41 -14 0000000000000000
7 -41 -7 0000000000000000
7 -41 0 3fc7b9ff70cc05f7
7 -41 7 3fd999999999999a
7 -41 14 3fd999999999999a
7 -41 21 3fd99999a052c80f
7 -41 28 3fd999d58656b0f4
7 -41 35 3fd99a89841f7242
7 -41 42 3fd8371ae4dde7c6
7 -41 49 3fb4321e4a5dc04d
7 -41 56 0000000000000000
7 -41 63 0000000000000000
7 -41 70 0000000000000000
7 -41 77 0000000000000000
7 -41 84 0000000000000000
7 -41 91 0000000000000000
7 -41 98 0000000000000000
7 -38 -70 0000000000000000
7 -38 -63 0000000000000000
7 -38 -56 0000000000000000
7 -38 -49 0000000000000000
7 -38 -42 0000000000000000
7 -38 -35 0000000000000000
7 -38 -28 0000000000000000
7 -38 -21 0000000000000000
7 -38 -14 0000000000000000
7 -38 -7 0000000000000000
7 -38 0 3fdb3d4bb0c1e40a
7 -38 7 3fe778d85e47db99
7 -38 14 3fe777cf15f9603b
7 -38 21 3fe6870034308111
7 -38 28 3fe333a8d578a9ea
7 -38 35 3fe33515754146c7
7 -38 42 3fe1e87fec73efa3
7 -38 49 3fc57218dd45422a
7 -38 56 0000000000000000
7 -38 63 0000000000000000
7 -38 70 0000000000000000
7 -38 77 0000000000000000
7 -38 84 0000000000000000
7 -38 91 0000000000000000
7 -38 98 0000000000000000
7 -35 -70 0000000000000000
7 -35 -63 0000000000000000
7 -35 -56 0000000000000000
7 -35 -49 0000000000000000
7 -35 -42 0000000000000000
7 -35 -35 0000000000000000
7 -35 -28 0000000000000000
7 -35 -21 0000000000000000
7 -35 -14 0000000000000000
7 -35 -7 3fc1ec9f926942e3
7 -35 0 3fe5558c2dbd32de
7 -35 7 3ff235aca122c8a1
7 -35 14 3ff226b153448cda
7 -35 21 3ff179fc7b1c922d
7 -35 28 3fe999bf2e9f6e31
7 -35 35 3fe99a3539c0527f
7 -35 42 3fe555564063cf4e
7 -35 49 3fc999999999999a
7 -35 56 0000000000000000
7 -35 63 0000000000000000
7 -35 70 0000000000000000
7 -35 77 0000000000000000
7 -35 84 0000000000000000
7 -35 91 0000000000000000
7 -35 98 0000000000000000
7 -32 -70 0000000000000000
7 -32 -63 0000000000000000
7 -32 -56 0000000000000000
7 -32 -49 0000000000000000
7 -32 -42 0000000000000000
7 -32 -35 0000000000000000
7 -32 -28 0000000000000000
7 -32 -21 0000000000000000
7 -32 -14 0000000000000000
7 -32 -7 3fd0cd1089da2d33
7 -32 0 3febbd257ab15ce7
7 -32 7 3ff5fd1771cdd4df
7 -32 14 3ff5777ce2e05428
7 -32 21 3ff444443dad4b1e
7 -32 28 3fec38ac5a2ce57c
7 -32 35 3fe997947dcfb491
7 -32 42 3fe555523c4af386
7 -32 49 3fc999999999999a
7 -32 56 0000000000000000
7 -32 63 0000000000000000
7 -32 70 0000000000000000
7 -32 77 0000000000000000
7 -32 84 0000000000000000
7 -32 91 0000000000000000
7 -32 98 0000000000000000
7 -29 -70 0000000000000000
7 -29 -63 0000000000000000
7 -29 -56 0000000000000000
7 -29 -49 0000000000000000
7 -29 -42 0000000000000000
7 -29 -35 0000000000000000
7 -29 -28 0000000000000000
7 -29 -21 0000000000000000
7 -29 -14 0000000000000000
7 -29 -7 3fd507b5553438cd
7 -29 0 3ff111dcb7cb8384
7 -29 7 3ff9a67abbc60e8c
7 -29 14 3ff8b48caecab7db
7 -29 21 3ff63a165b78a28c
7 -29 28 3fedc268cbbc2867
7 -29 35 3fe998b792609fca
7 -29 42 3fe55553e97cb396
7 -29 49 3fc999999999999a
7 -29 56 0000000000000000
7 -29 63 0000000000000000
7 -29 70 0000000000000000
7 -29 77 0000000000000000
7 -29 84 0000000000000000
7 -29 91 0000000000000000
7 -29 98 0000000000000000
7 -26 -70 0000000000000000
7 -26 -63 0000000000000000
7 -26 -56 0000000000000000
7 -26 -49 0000000000000000
7 -26 -42 0000000000000000
7 -26 -35 0000000000000000
7 -26 -28 0000000000000000
7 -26 -21 0000000000000000
7 -26 -14 0000000000000000
7 -26 -7 3fd5555555555555
7 -26 0 3ff221567b67afaf
7 -26 7 3ff87ba7665c1398
7 -26 14 3ff96d9573576a48
7 -26 21 3ff666666614a54f
7 -26 28 3fedddd8644b1078
7 -26 35 3fe99983ecc9b8b8
7 -26 42 3fe55555306b4a71
7 -26 49 3fc999999999999a
7 -26 56 0000000000000000
7 -26 63 0000000000000000
7 -26 70 0000000000000000
7 -26 77 0000000000000000
7 -26 84 0000000000000000
7 -26 91 0000000000000000
7 -26 98 0000000000000000
7 -23 -70 0000000000000000
7 -23 -63 0000000000000000
7 -23 -56 0000000000000000
7 -23 -49 0000000000000000
7 -23 -42 0000000000000000
7 -23 -35 0000000000000000
7 -23 -28 0000000000000000
7 -23 -21 0000000000000000
7 -23 -14 0000000000000000
7 -23 -7 3fd5555555555555
7 -23 0 3ff2216d42a7518d
7 -23 7 3ff8f1d77d211a11
7 -23 14 3ff977720c0e9ac8
7 -23 21 3ff666666664070b
7 -23 28 3fedddddb74b1730
7 -23 35 3fe99999039bcda1
7 -23 42 3fe5555554491e63
7 -23 49 3fc999999999999a
7 -23 56 0000000000000000
7 -23 63 0000000000000000
7 -23 70 0000000000000000
7 -23 77 0000000000000000
7 -23 84 0000000000000000
7 -23 91 0000000000000000
7 -23 98 0000000000000000
7 -20 -70 0000000000000000
7 -20 -63 0000000000000000
7 -20 -56 0000000000000000
7 -20 -49 0000000000000000
7 -20 -42 0000000000000000
7 -20 -35 0000000000000000
7 -20 -28 0000000000000000
7 -20 -21 0000000000000000
7 -20 -14 0000000000000000
7 -20 -7 3fd5555555555555
7 -20 0 3ff1d5899c34df1f
7 -20 7 3ff763ecf876d0f9
7 -20 14 3ff772e846550cc0
7 -20 21 3ff4444444444445
7 -20 28 3fe999999999999a
7 -20 35 3fe5555555555556
7 -20 42 3fe390e6d399cdec
7 -20 49 3fc7b9ff70cc05f7
7 -20 56 0000000000000000
7 -20 63 0000000000000000
7 -20 70 0000000000000000
7 -20 77 0000000000000000
7 -20 84 0000000000000000
7 -20 91 0000000000000000
7 -20 98 0000000000000000
7 -17 -70 0000000000000000
7 -17 -63 0000000000000000
7 -17 -56 0000000000000000
7 -17 -49 0000000000000000
7 -17 -42 0000000000000000
7 -17 -35 0000000000000000
7 -17 -28 0000000000000000
7 -17 -21 0000000000000000
7 -17 -14 0000000000000000
7 -17 -7 3fd5555555555555
7 -17 0 3ff06c965cdd740c
7 -17 7 3ff44393d0dc1233
7 -17 14 3ff4441875034fe2
7 -17 21 3ff1111111111111
7 -17 28 3fe3333333333332
7 -17 35 3fdddddddddddddd
7 -17 42 3fdc3929fb07a00d
7 -17 49 3fbd16816afbb734
7 -17 56 0000000000000000
7 -17 63 0000000000000000
7 -17 70 0000000000000000
7 -17 77 0000000000000000
7 -17 84 0000000000000000
7 -17 91 0000000000000000
7 -17 98 0000000000000000
7 -14 -70 0000000000000000
7 -14 -63 0000000000000000
7 -14 -56 0000000000000000
7 -14 -49 0000000000000000
7 -14 -42 0000000000000000
7 -14 -35 0000000000000000
7 -14 -28 0000000000000000
7 -14 -21 0000000000000000
7 -14 -14 0000000000000000
7 -14 -7 3fd5555555555555
7 -14 0 3fec85b918b8bb83
7 -14 7 3ff1111111111112
7 -14 14 3ff1111111111112
7 -14 21 3febbbbbbbbbbbbd
7 -14 28 3fd999999999999a
7 -14 35 3fd1111111111112
7 -14 42 3fd0042369335bad
7 -14 49 0000000000000000
7 -14 56 0000000000000000
7 -14 63 0000000000000000
7 -14 70 0000000000000000
7 -14 77 0000000000000000
7 -14 84 0000000000000000
7 -14 91 0000000000000000
7 -14 98 0000000000000000
7 -11 -70 0000000000000000
7 -11 -63 0000000000000000
7 -11 -56 0000000000000000
7 -11 -49 0000000000000000
7 -11 -42 0000000000000000
7 -11 -35 0000000000000000
7 -11 -28 0000000000000000
7 -11 -21 0000000000000000
7 -11 -14 0000000000000000
7 -11 -7 3fd5555555555555
7 -11 0 3fe999999999999a
7 -11 7 3febbbbbbbbbbbbc
7 -11 14 3febbbbbbbbbbbbc
7 -11 21 3fe5555555555556
7 -11 28 3fc999999999999a
7 -11 35 3fb1111111111113
7 -11 42 3fabfa4ca2453640
7 -11 49 0000000000000000
7 -11 56 0000000000000000
7 -11 63 0000000000000000
7 -11 70 0000000000000000
7 -11 77 0000000000000000
7 -11 84 0000000000000000
7 -11 91 0000000000000000
7 -11 98 0000000000000000
7 -8 -70 0000000000000000
7 -8 -63 0000000000000000
7 -8 -56 0000000000000000
7 -8 -49 0000000000000000
7 -8 -42 0000000000000000
7 -8 -35 0000000000000000
7 -8 -28 0000000000000000
7 -8 -21 0000000000000000
7 -8 -14 0000000000000000
7 -8 -7 3fd42360ee70045d
7 -8 0 3fe5555555555556
7 -8 7 3fe5555555555556
7 -8 14 3fe5555555555556
7 -8 21 3fe1e87cfed4f915
7 -8 28 3fbec0e33b2088e0
7 -8 35 0000000000000000
7 -8 42 0000000000000000
7 -8 49 0000000000000000
7 -8 56 0000000000000000
7 -8 63 0000000000000000
7 -8 70 0000000000000000
7 -8 77 0000000000000000
7 -8 84 0000000000000000
7 -8 91 0000000000000000
7 -8 98 0000000000000000
7 -5 -70 0000000000000000
7 -5 -63 0000000000000000
7 -5 -56 0000000000000000
7 -5 -49 0000000000000000
7 -5 -42 0000000000000000
7 -5 -35 0000000000000000
7 -5 -28 0000000000000000
7 -5 -21 0000000000000000
7 -5 -14 0000000000000000
7 -5 -7 3fccfe556e043eb4
7 -5 0 3fdddddddddddddd
7 -5 7 3fdddddddddddddd
7 -5 14 3fdddddddddddddd
7 -5 21 3fda523ee0517397
7 -5 28 3fabfa4ca2453640
7 -5 35 0000000000000000
7 -5 42 0000000000000000
7 -5 49 0000000000000000
7 -5 56 0000000000000000
7 -5 63 0000000000000000
7 -5 70 0000000000000000
7 -5 77 0000000000000000
7 -5 84 0000000000000000
7 -5 91 0000000000000000
7 -5 98 0000000000000000
7 -2 -70 0000000000000000
7 -2 -63 0000000000000000
7 -2 -56 0000000000000000
7 -2 -49 0000000000000000
7 -2 -42 0000000000000000
7 -2 -35 0000000000000000
7 -2 -28 0000000000000000
7 -2 -21 0000000000000000
7 -2 -14 0000000000000000
7 -2 -7 3fb760fbf8f90f47
7 -2 0 3fd1111111111112
7 -2 7 3fd1111111111112
7 -2 14 3fd1111111111112
7 -2 21 3fcd7dbd304c74c0
7 -2 28 0000000000000000
7 -2 35 0000000000000000
7 -2 42 0000000000000000
7 -2 49 0000000000000000
7 -2 56 0000000000000000
7 -2 63 0000000000000000
7 -2 70 0000000000000000
7 -2 77 0000000000000000
7 -2 84 0000000000000000
7 -2 91 0000000000000000
7 -2 98 0000000000000000
7 1 -70 0000000000000000
7 1 -63 0000000000000000
7 1 -56 0000000000000000
7 1 -49 0000000000000000
7 1 -42 0000000000000000
7 1 -35 0000000000000000
7 1 -28 0000000000000000
7 1 -21 0000000000000000
7 1 -14 0000000000000000
7 1 -7 0000000000000000
7 1 0 3fb1111111111113
7 1 7 3fb1111111111113
7 1 14 3fb1111111111113
7 1 21 3fa46b8d16430167
7 1 28 0000000000000000
7 1 35 0000000000000000
7 1 42 0000000000000000
7 1 49 0000000000000000
7 1 56 0000000000000000
7 1 63 0000000000000000
7 1 70 0000000000000000
7 1 77 0000000000000000
7 1 84 0000000000000000
7 1 91 0000000000000000
7 1 98 0000000000000000
7 4 -70 0000000000000000
7 4 -63 0000000000000000
7 4 -56 0000000000000000
7 4 -49 0000000000000000
7 4 -42 0000000000000000
7 4 -35 0000000000000000
7 4 -28 0000000000000000
7 4 -21 0000000000000000
7 4 -14 0000000000000000
7 4 -7 0000000000000000
7 4 0 0000000000000000
7 4 7 0000000000000000
7 4 14 0000000000000000
7 4 21 0000000000000000
7 4 28 0000000000000000
7 4 35 0000000000000000
7 4 42 0000000000000000
7 4 49 0000000000000000
7 4 56 0000000000000000
7 4 63 0000000000000000
7 4 70 0000000000000000
7 4 77 0000000000000000
7 4 84 0000000000000000
7 4 91 0000000000000000
7 4 98 0000000000000000
7 7 -70 0000000000000000
7 7 -63 0000000000000000
7 7 -56 0000000000000000
7 7 -49 0000000000000000
7 7 -42 0000000000000000
7 7 -35 0000000000000000
7 7 -28 0000000000000000
7 7 -21 0000000000000000
7 7 -14 0000000000000000
7 7 -7 0000000000000000
7 7 0 0000000000000000
7 7 7 0000000000000000
7 7 14 0000000000000000
7 7 21 0000000000000000
7 7 28 0000000000000000
7 7 35 0000000000000000
7 7 42 0000000000000000
7 7 49 0000000000000000
7 7 56 0000000000000000
7 7 63 0000000000000000
7 7 70 0000000000000000
7 7 77 0000000000000000
7 7 84 0000000000000000
7 7 91 0000000000000000
7 7 98 0000000000000000
7 10 -70 0000000000000000
7 10 -63 0000000000000000
7 10 -56 0000000000000000
7 10 -49 0000000000000000
7 10 -42 0000000000000000
7 10 -35 0000000000000000
7 10 -28 0000000000000000
7 10 -21 0000000000000000
7 10 -14 0000000000000000
7 10 -7 0000000000000000
7 10 0 0000000000000000
7 10 7 0000000000000000
7 10 14 0000000000000000
7 10 21 0000000000000000
7 10 28 0000000000000000
7 10 35 0000000000000000
7 10 42 0000000000000000
7 10 49 0000000000000000
7 10 56 0000000000000000
7 10 63 0000000000000000
7 10 70 0000000000000000
7 10 77 0000000000000000
7 10 84 0000000000000000
7 10 91 0000000000000000
7 10 98 0000000000000000
7 13 -70 0000000000000000
7 13 -63 0000000000000000
7 13 -56 0000000000000000
7 13 -49 0000000000000000
7 13 -42 0000000000000000
7 13 -35 0000000000000000
7 13 -28 0000000000000000
7 13 -21 0000000000000000
7 13 -14 0000000000000000
7 13 -7 0000000000000000
7 13 0 0000000000000000
7 13 7 0000000000000000
7 13 14 0000000000000000
7 13 21 0000000000000000
7 13 28 0000000000000000
7 13 35 0000000000000000
7 13 42 0000000000000000
7 13 49 0000000000000000
7 13 56 0000000000000000
7 13 63 0000000000000000
7 13 70 0000000000000000
7 13 77 0000000000000000
7 13 84 0000000000000000
7 13 91 0000000000000000
7 13 98 0000000000000000
7 16 -70 0000000000000000
7 16 -63 0000000000000000
7 16 -56 0000000000000000
7 16 -49 0000000000000000
7 16 -42 0000000000000000
7 16 -35 0000000000000000
7 16 -28 0000000000000000
7 16 -21 0000000000000000
7 16 -14 0000000000000000
7 16 -7 0000000000000000
7 16 0 0000000000000000
7 16 7 0000000000000000
7 16 14 0000000000000000
7 16 21 0000000000000000
7 16 28 0000000000000000
7 16 35 0000000000000000
7 16 42 0000000000000000
7 16 49 0000000000000000
7 16 56 0000000000000000
7 16 63 0000000000000000
7 16 70 0000000000000000
7 16 77 0000000000000000
7 16 84 0000000000000000
7 16 91 0000000000000000
7 16 98 0000000000000000
7 19 -70 0000000000000000
7 19 -63 0000000000000000
7 19 -56 0000000000000000
7 19 -49 0000000000000000
7 19 -42 0000000000000000
7 19 -35 0000000000000000
7 19 -28 0000000000000000
7 19 -21 0000000000000000
7 19 -14 0000000000000000
7 19 -7 0000000000000000
7 19 0 0000000000000000
7 19 7 0000000000000000
7 19 14 0000000000000000
7 19 21 0000000000000000
7 19 28 0000000000000000
7 19 35 0000000000000000
7 19 42 0000000000000000
7 19 49 0000000000000000
7 19 56 0000000000000000
7 19 63 0000000000000000
7 19 70 0000000000000000
7 19 77 0000000000000000
7 19 84 0000000000000000
7 19 91 0000000000000000
7 19 98 0000000000000000
7 22 -70 0000000000000000
7 22 -63 0000000000000000
7 22 -56 0000000000000000
7 22 -49 0000000000000000
7 22 -42 0000000000000000
7 22 -35 0000000000000000
7 22 -28 0000000000000000
7 22 -21 0000000000000000
7 22 -14 0000000000000000
7 22 -7 0000000000000000
7 22 0 0000000000000000
7 22 7 0000000000000000
7 22 14 0000000000000000
7 22 21 0000000000000000
7 22 28 0000000000000000
7 22 35 0000000000000000
7 22 42 0000000000000000
7 22 49 0000000000000000
7 22 56 0000000000000000
7 22 63 0000000000000000
7 22 70 0000000000000000
7 22 77 0000000000000000
7 22 84 0000000000000000
7 22 91 0000000000000000
7 22 98 0000000000000000
7 25 -70 0000000000000000
7 25 -63 0000000000000000
7 25 -56 0000000000000000
7 25 -49 0000000000000000
7 25 -42 0000000000000000
7 25 -35 0000000000000000
7 25 -28 0000000000000000
7 25 -21 0000000000000000
7 25 -14 0000000000000000
7 25 -7 0000000000000000
7 25 0 0000000000000000
7 25 7 0000000000000000
7 25 14 0000000000000000
7 25 21 0000000000000000
7 25 28 0000000000000000
7 25 35 0000000000000000
7 25 42 0000000000000000
7 25 49 0000000000000000
7 25 56 0000000000000000
7 25 63 0000000000000000
7 25 70 0000000000000000
7 25 77 0000000000000000
7 25 84 0000000000000000
7 25 91 0000000000000000
7 25 98 0000000000000000
7 28 -70 0000000000000000
7 28 -63 0000000000000000
7 28 -56 0000000000000000
7 28 -49 0000000000000000
7 28 -42 0000000000000000
7 28 -35 0000000000000000
7 28 -28 0000000000000000
7 28 -21 0000000000000000
7 28 -14 0000000000000000
7 28 -7 0000000000000000
7 28 0 0000000000000000
7 28 7 0000000000000000
7 28 14 0000000000000000
7 28 21 0000000000000000
7 28 28 0000000000000000
7 28 35 0000000000000000
7 28 42 0000000000000000
7 28 49 0000000000000000
7 28 56 0000000000000000
7 28 63 0000000000000000
7 28 70 0000000000000000
7 28 77 0000000000000000
7 28 84 0000000000000000
7 28 91 0000000000000000
7 28 98 0000000000000000
7 31 -70 0000000000000000
7 31 -63 0000000000000000
7 31 -56 0000000000000000
7 31 -49 0000000000000000
7 31 -42 0000000000000000
7 31 -35 0000000000000000
7 31 -28 0000000000000000
7 31 -21 0000000000000000
7 31 -14 0000000000000000
7 31 -7 0000000000000000
7 31 0 0000000000000000
7 31 7 0000000000000000
7 31 14 0000000000000000
7 31 21 0000000000000000
7 31 28 0000000000000000
7 31 35 0000000000000000
7 31 42 0000000000000000
7 31 49 0000000000000000
7 31 56 0000000000000000
7 31 63 0000000000000000
7 31 70 0000000000000000
7 31 77 0000000000000000
7 31 84 0000000000000000
7 31 91 0000000000000000
7 31 98 0000000000000000
7 34 -70 0000000000000000
7 34 -63 0000000000000000
7 34 -56 0000000000000000
7 34 -49 0000000000000000
7 34 -42 0000000000000000
7 34 -35 0000000000000000
7 34 -28 0000000000000000
7 34 -21 0000000000000000
7 34 -14 0000000000000000
7 34 -7 0000000000000000
7 34 0 0000000000000000
7 34 7 0000000000000000
7 34 14 0000000000000000
7 34 21 0000000000000000
7 34 28 0000000000000000
7 34 35 0000000000000000
7 34 42 0000000000000000
7 34 49 0000000000000000
7 34 56 0000000000000000
7 34 63 0000000000000000
7 34 70 0000000000000000
7 34 77 0000000000000000
7 34 84 0000000000000000
7 34 91 0000000000000000
7 34 98 0000000000000000
7 37 -70 0000000000000000
7 37 -63 0000000000000000
7 37 -56 0000000000000000
7 37 -49 0000000000000000
7 37 -42 0000000000000000
7 37 -35 0000000000000000
7 37 -28 0000000000000000
7 37 -21 0000000000000000
7 37 -14 0000000000000000
7 37 -7 0000000000000000
7 37 0 0000000000000000
7 37 7 0000000000000000
7 37 14 0000000000000000
7 37 21 0000000000000000
7 37 28 0000000000000000
7 37 35 0000000000000000
7 37 42 0000000000000000
7 37 49 0000000000000000
7 37 56 0000000000000000
7 37 63 0000000000000000
7 37 70 0000000000000000
7 37 77 0000000000000000
7 37 84 0000000000000000
7 37 91 0000000000000000
7 37 98 0000000000000000
7 40 -70 0000000000000000
7 40 -63 0000000000000000
7 40 -56 0000000000000000
7 40 -49 0000000000000000
7 40 -42 0000000000000000
7 40 -35 0000000000000000
7 40 -28 0000000000000000
7 40 -21 0000000000000000
7 40 -14 0000000000000000
7 40 -7 0000000000000000
7 40 0 0000000000000000
7 40 7 0000000000000000
7 40 14 0000000000000000
7 40 21 0000000000000000
7 40 28 0000000000000000
7 40 35 0000000000000000
7 40 42 0000000000000000
7 40 49 0000000000000000
7 40 56 0000000000000000
7 40 63 0000000000000000
7 40 70 0000000000000000
7 40 77 0000000000000000
7 40 84 0000000000000000
7 40 91 0000000000000000
7 40 98 0000000000000000
7 43 -70 0000000000000000
7 43 -63 0000000000000000
7 43 -56 0000000000000000
7 43 -49 0000000000000000
7 43 -42 0000000000000000
7 43 -35 0000000000000000
7 43 -28 0000000000000000
7 43 -21 0000000000000000
7 43 -14 0000000000000000
7 43 -7 0000000000000000
7 43 0 0000000000000000
7 43 7 0000000000000000
7 43 14 0000000000000000
7 43 21 0000000000000000
7 43 28 0000000000000000
7 43 35 0000000000000000
7 43 42 0000000000000000
7 43 49 0000000000000000
7 43 56 0000000000000000
7 43 63 0000000000000000
7 43 70 0000000000000000
7 43 77 0000000000000000
7 43 84 0000000000000000
7 43 91 0000000000000000
7 43 98 0000000000000000
14 -95 -70 0000000000000000
14 -95 -63 0000000000000000
14 -95 -56 0000000000000000
14 -95 -49 0000000000000000
14 -95 -42 0000000000000000
14 -95 -35 0000000000000000
14 -95 -28 0000000000000000
14 -95 -21 0000000000000000
14 -95 -14 0000000000000000
14 -95 -7 0000000000000000
14 -95 0 0000000000000000
14 -95 7 0000000000000000
14 -95 14 0000000000000000
14 -95 21 0000000000000000
14 -95 28 0000000000000000
14 -95 35 0000000000000000
14 -95 42 0000000000000000
14 -95 49 0000000000000000
14 -95 56 0000000000000000
14 -95 63 0000000000000000
14 -95 70 0000000000000000
14 -95 77 0000000000000000
14 -95 84 0000000000000000
14 -95 91 0000000000000000
14 -95 98 0000000000000000
14 -92 -70 0000000000000000
14 -92 -63 0000000000000000
14 -92 -56 0000000000000000
14 -92 -49 0000000000000000
14 -92 -42 0000000000000000
14 -92 -35 0000000000000000
14 -92 -28 0000000000000000
14 -92 -21 0000000000000000
14 -92 -14 0000000000000000
14 -92 -7 0000000000000000
14 -92 0 0000000000000000
14 -92 7 0000000000000000
14 -92 14 0000000000000000
14 -92 21 0000000000000000
14 -92 28 0000000000000000
14 -92 35 0000000000000000
14 -92 42 0000000000000000
14 -92 49 0000000000000000
14 -92 56 0000000000000000
14 -92 63 0000000000000000
14 -92 70 0000000000000000
14 -92 77 0000000000000000
14 -92 84 0000000000000000
14 -92 91 0000000000000000
14 -92 98 0000000000000000
14 -89 -70 0000000000000000
14 -89 -63 0000000000000000
14 -89 -56 0000000000000000
14 -89 -49 0000000000000000
14 -89 -42 0000000000000000
14 -89 -35 0000000000000000
14 -89 -28 0000000000000000
14 -89 -21 0000000000000000
14 -89 -14 0000000000000000
14 -89 -7 0000000000000000
14 -89 0 0000000000000000
14 -89 7 0000000000000000
14 -89 14 0000000000000000
14 -89 21 0000000000000000
14 -89 28 0000000000000000
14 -89 35 0000000000000000
14 -89 42 0000000000000000
14 -89 49 0000000000000000
14 -89 56 0000000000000000
14 -89 63 0000000000000000
14 -89 70 0000000000000000
14 -89 77 0000000000000000
14 -89 84 0000000000000000
14 -89 91 0000000000000000
14 -89 98 0000000000000000
14 -86 -70 0000000000000000
14 -86 -63 0000000000000000
14 -86 -56 0000000000000000
14 -86 -49 0000000000000000
14 -86 -42 0000000000000000
14 -86 -35 0000000000000000
14 -86 -28 0000000000000000
14 -86 -21 0000000000000000
14 -86 -14 0000000000000000
14 -86 -7 0000000000000000
14 -86 0 0000000000000000
14 -86 7 0000000000000000
14 -86 14 0000000000000000
14 -86 21 0000000000000000
14 -86 28 0000000000000000
14 -86 35 0000000000000000
14 -86 42 0000000000000000
14 -86 49 0000000000000000
14 -86 56 0000000000000000
14 -86 63 0000000000000000
14 -86 70 0000000000000000
14 -86 77 0000000000000000
14 -86 84 0000000000000000
14 -86 91 0000000000000000
14 -86 98 0000000000000000
14 -83 -70 0000000000000000
14 -83 -63 0000000000000000
14 -83 -56 0000000000000000
14 -83 -49 0000000000000000
14 -83 -42 0000000000000000
14 -83 -35 0000000000000000
14 -83 -28 0000000000000000
14 -83 -21 0000000000000000
14 -83 -14 0000000000000000
14 -83 -7 0000000000000000
14 -83 0 0000000000000000
14 -83 7 0000000000000000
14 -83 14 0000000000000000
14 -83 21 0000000000000000
14 -83 28 0000000000000000
14 -83 35 0000000000000000
14 -83 42 0000000000000000
14 -83 49 0000000000000000
14 -83 56 0000000000000000
14 -83 63 0000000000000000
14 -83 70 0000000000000000
14 -83 77 0000000000000000
14 -83 84 0000000000000000
14 -83 91 0000000000000000
14 -83 98 0000000000000000
14 -80 -70 0000000000000000
14 -80 -63 0000000000000000
14 -80 -56 0000000000000000
14 -80 -49 0000000000000000
14 -80 -42 0000000000000000
14 -80 -35 0000000000000000
14 -80 -28 0000000000000000
14 -80 -21 0000000000000000
14 -80 -14 0000000000000000
14 -80 -7 0000000000000000
14 -80 0 0000000000000000
14 -80 7 0000000000000000
14 -80 14 0000000000000000
14 -80 21 0000000000000000
14 -80 28 0000000000000000
14 -80 35 0000000000000000
14 -80 42 0000000000000000
14 -80 49 0000000000000000
14 -80 56 0000000000000000
14 -80 63 0000000000000000
14 -80 70 0000000000000000
14 -80 77 0000000000000000
14 -80 84 0000000000000000
14 -80 91 0000000000000000
14 -80 98 0000000000000000
14 -77 -70 0000000000000000
14 -77 -63 0000000000000000
14 -77 -56 0000000000000000
14 -77 -49 0000000000000000
14 -77 -42 0000000000000000
14 -77 -35 0000000000000000
14 -77 -28 0000000000000000
14 -77 -21 0000000000000000
14 -77 -14 0000000000000000
14 -77 -7 0000000000000000
14 -77 0 0000000000000000
14 -77 7 0000000000000000
14 -77 14 0000000000000000
14 -77 21 0000000000000000
14 -77 28 0000000000000000
14 -77 35 0000000000000000
14 -77 42 0000000000000000
14 -77 49 0000000000000000
14 -77 56 0000000000000000
14 -77 63 0000000000000000
14 -77 70 0000000000000000
14 -77 77 0000000000000000
14 -77 84 0000000000000000
14 -77 91 0000000000000000
14 -77 98 0000000000000000
14 -74 -70 0000000000000000
14 -74 -63 0000000000000000
14 -74 -56 0000000000000000
14 -74 -49 0000000000000000
14 -74 -42 0000000000000000
14 -74 -35 0000000000000000
14 -74 -28 0000000000000000
14 -74 -21 0000000000000000
14 -74 -14 0000000000000000
14 -74 -7 0000000000000000
14 -74 0 0000000000000000
14 -74 7 0000000000000000
14 -74 14 0000000000000000
14 -74 21 0000000000000000
14 -74 28 0000000000000000
14 -74 35 0000000000000000
14 -74 42 0000000000000000
14 -74 49 0000000000000000
14 -74 56 0000000000000000
14 -74 63 0000000000000000
14 -74 70 0000000000000000
14 -74 77 0000000000000000
14 -74 84 0000000000000000
14 -74 91 0000000000000000
14 -74 98 0000000000000000
14 -71 -70 0000000000000000
14 -71 -63 0000000000000000
14 -71 -56 0000000000000000
14 -71 -49 0000000000000000
14 -71 -42 0000000000000000
14 -71 -35 0000000000000000
14 -71 -28 0000000000000000
14 -71 -21 0000000000000000
14 -71 -14 0000000000000000
14 -71 -7 0000000000000000
14 -71 0 0000000000000000
14 -71 7 0000000000000000
14 -71 14 0000000000000000
14 -71 21 0000000000000000
14 -71 28 0000000000000000
14 -71 35 0000000000000000
14 -71 42 0000000000000000
14 -71 49 0000000000000000
14 -71 56 0000000000000000
14 -71 63 0000000000000000
14 -71 70 0000000000000000
14 -71 77 0000000000000000
14 -71 84 0000000000000000
14 -71 91 0000000000000000
14 -71 98 0000000000000000
14 -68 -70 0000000000000000
14 -68 -63 0000000000000000
14 -68 -56 0000000000000000
14 -68 -49 0000000000000000
14 -68 -42 0000000000000000
14 -68 -35 0000000000000000
14 -68 -28 0000000000000000
14 -68 -21 0000000000000000
14 -68 -14 0000000000000000
14 -68 -7 0000000000000000
14 -68 0 0000000000000000
14 -68 7 0000000000000000
14 -68 14 0000000000000000
14 -68 21 0000000000000000
14 -68 28 0000000000000000
14 -68 35 0000000000000000
14 -68 42 0000000000000000
14 -68 49 0000000000000000
14 -68 56 0000000000000000
14 -68 63 0000000000000000
14 -68 70 0000000000000000
14 -68 77 0000000000000000
14 -68 84 0000000000000000
14 -68 91 0000000000000000
14 -68 98 0000000000000000
14 -65 -70 0000000000000000
14 -65 -63 0000000000000000
14 -65 -56 0000000000000000
14 -65 -49 0000000000000000
14 -65 -42 0000000000000000
14 -65 -35 0000000000000000
14 -65 -28 0000000000000000
14 -65 -21 0000000000000000
14 -65 -14 0000000000000000
14 -65 -7 0000000000000000
14 -65 0 0000000000000000
14 -65 7 0000000000000000
14 -65 14 0000000000000000
14 -65 21 0000000000000000
14 -65 28 0000000000000000
14 -65 35 0000000000000000
14 -65 42 0000000000000000
14 -65 49 0000000000000000
14 -65 56 0000000000000000
14 -65 63 0000000000000000
14 -65 70 0000000000000000
14 -65 77 0000000000000000
14 -65 84 0000000000000000
14 -65 91 0000000000000000
14 -65 98 0000000000000000
14 -62 -70 0000000000000000
14 -62 -63 0000000000000000
14 -62 -56 0000000000000000
14 -62 -49 0000000000000000
14 -62 -42 0000000000000000
14 -62 -35 0000000000000000
14 -62 -28 0000000000000000
14 -62 -21 0000000000000000
14 -62 -14 0000000000000000
14 -62 -7 0000000000000000
14 -62 0 0000000000000000
14 -62 7 0000000000000000
14 -62 14 0000000000000000
14 -62 21 0000000000000000
14 -62 28 0000000000000000
14 -62 35 0000000000000000
14 -62 42 0000000000000000
14 -62 49 0000000000000000
14 -62 56 0000000000000000
14 -62 63 0000000000000000
14 -62 70 0000000000000000
14 -62 77 0000000000000000
14 -62 84 0000000000000000
14 -62 91 0000000000000000
14 -62 98 0000000000000000
14 -59 -70 0000000000000000
14 -59 -63 0000000000000000
14 -59 -56 0000000000000000
14 -59 -49 0000000000000000
14 -59 -42 0000000000000000
14 -59 -35 0000000000000000
14 -59 -28 0000000000000000
14 -59 -21 0000000000000000
14 -59 -14 0000000000000000
14 -59 -7 0000000000000000
14 -59 0 0000000000000000
14 -59 7 0000000000000000
14 -59 14 0000000000000000
14 -59 21 0000000000000000
14 -59 28 0000000000000000
14 -59 35 0000000000000000
14 -59 42 0000000000000000
14 -59 49 0000000000000000
14 -59 56 0000000000000000
14 -59 63 0000000000000000
14 -59 70 0000000000000000
14 -59 77 0000000000000000
14 -59 84 0000000000000000
14 -59 91 0000000000000000
14 -59 98 0000000000000000
14 -56 -70 0000000000000000
14 -56 -63 0000000000000000
14 -56 -56 0000000000000000
14 -56 -49 0000000000000000
14 -56 -42 0000000000000000
14 -56 -35 0000000000000000
14 -56 -28 0000000000000000
14 -56 -21 0000000000000000
14 -56 -14 0000000000000000
14 -56 -7 0000000000000000
14 -56 0 0000000000000000
14 -56 7 0000000000000000
14 -56 14 0000000000000000
14 -56 21 0000000000000000
14 -56 28 0000000000000000
14 -56 35 0000000000000000
14 -56 42 0000000000000000
14 -56 49 0000000000000000
14 -56 56 0000000000000000
14 -56 63 0000000000000000
14 -56 70 0000000000000000
14 -56 77 0000000000000000
14 -56 84 0000000000000000
14 -56 91 0000000000000000
14 -56 98 0000000000000000
14 -53 -70 0000000000000000
14 -53 -63 0000000000000000
14 -53 -56 0000000000000000
14 -53 -49 0000000000000000
14 -53 -42 0000000000000000
14 -53 -35 0000000000000000
14 -53 -28 0000000000000000
14 -53 -21 0000000000000000
14 -53 -14 0000000000000000
14 -53 -7 0000000000000000
14 -53 0 0000000000000000
14 -53 7 0000000000000000
14 -53 14 0000000000000000
14 -53 21 0000000000000000
14 -53 28 0000000000000000
14 -53 35 0000000000000000
14 -53 42 0000000000000000
14 -53 49 0000000000000000
14 -53 56 0000000000000000
14 -53 63 0000000000000000
14 -53 70 0000000000000000
14 -53 77 0000000000000000
14 -53 84 0000000000000000
14 -53 91 0000000000000000
14 -53 98 0000000000000000
14 -50 -70 0000000000000000
14 -50 -63 0000000000000000
14 -50 -56 0000000000000000
14 -50 -49 0000000000000000
14 -50 -42 0000000000000000
14 -50 -35 0000000000000000
14 -50 -28 0000000000000000
14 -50 -21 0000000000000000
14 -50 -14 0000000000000000
14 -50 -7 0000000000000000
14 -50 0 0000000000000000
14 -50 7 0000000000000000
14 -50 14 0000000000000000
14 -50 21 0000000000000000
14 -50 28 0000000000000000
14 -50 35 0000000000000000
14 -50 42 0000000000000000
14 -50 49 0000000000000000
14 -50 56 0000000000000000
14 -50 63 0000000000000000
14 -50 70 0000000000000000
14 -50 77 0000000000000000
14 -50 84 0000000000000000
14 -50 91 0000000000000000
14 -50 98 0000000000000000
14 -47 -70 0000000000000000
14 -47 -63 0000000000000000
14 -47 -56 0000000000000000
14 -47 -49 0000000000000000
14 -47 -42 0000000000000000
14 -47 -35 0000000000000000
14 -47 -28 0000000000000000
14 -47 -21 0000000000000000
14 -47 -14 0000000000000000
14 -47 -7 0000000000000000
14 -47 0 0000000000000000
14 -47 7 0000000000000000
14 -47 14 0000000000000000
14 -47 21 0000000000000000
14 -47 28 0000000000000000
14 -47 35 0000000000000000
14 -47 42 0000000000000000
14 -47 49 0000000000000000
14 -47 56 0000000000000000
14 -47 63 0000000000000000
14 -47 70 0000000000000000
14 -47 77 0000000000000000
14 -47 84 0000000000000000
14 -47 91 0000000000000000
14 -47 98 0000000000000000
14 -44 -70 0000000000000000
14 -44 -63 0000000000000000
14 -44 -56 0000000000000000
14 -44 -49 0000000000000000
14 -44 -42 0000000000000000
14 -44 -35 0000000000000000
14 -44 -28 0000000000000000
14 -44 -21 0000000000000000
14 -44 -14 0000000000000000
14 -44 -7 0000000000000000
14 -44 0 3f9cf4c992d9804d
14 -44 7 3fc7b9ff70cc05f7
14 -44 14 3fc7b9ff70cc05f7
14 -44 21 3fc7b9ff70cc05f7
14 -44 28 3fc7b9ff70cc05f7
14 -44 35 3fc7b9ff70cc05f7
14 -44 42 3fc5e58dc29fe10d
14 -44 49 0000000000000000
14 -44 56 0000000000000000
14 -44 63 0000000000000000
14 -44 70 0000000000000000
14 -44 77 0000000000000000
14 -44 84 0000000000000000
14 -44 91 0000000000000000
14 -44 98 0000000000000000
14 -41 -70 0000000000000000
14 -41 -63 0000000000000000
14 -41 -56 0000000000000000
14 -41 -49 0000000000000000
14 -41 -42 0000000000000000
14 -41 -35 0000000000000000
14 -41 -28 0000000000000000
14 -41 -21 0000000000000000
14 -41 -14 0000000000000000
14 -41 -7 0000000000000000
14 -41 0 3fc5e58dc29fe10d
14 -41 7 3fd837195ad2d1ca
14 -41 14 3fd837195ad2d1ca
14 -41 21 3fd837195ad2d1ca
14 -41 28 3fd837195ad2d1ca
14 -41 35 3fd837195ad2d1ca
14 -41 42 3fd6e5ec2ef1ab85
14 -41 49 3fb1111111111113
14 -41 56 0000000000000000
14 -41 63 0000000000000000
14 -41 70 0000000000000000
14 -41 77 0000000000000000
14 -41 84 0000000000000000
14 -41 91 0000000000000000
14 -41 98 0000000000000000
14 -38 -70 0000000000000000
14 -38 -63 0000000000000000
14 -38 -56 0000000000000000
14 -38 -49 0000000000000000
14 -38 -42 0000000000000000
14 -38 -35 0000000000000000
14 -38 -28 0000000000000000
14 -38 -21 0000000000000000
14 -38 -14 0000000000000000
14 -38 -7 0000000000000000
14 -38 0 3fda233795263db5
14 -38 7 3fe62cc37e78fe89
14 -38 14 3fe62cc1d536cde5
14 -38 21 3fe53c49f34c77c9
14 -38 28 3fe1e87cfed4f915
14 -38 35 3fe1e87cfed4f915
14 -38 42 3fe0cdd5a719a3b8
14 -38 49 3fc3aa904320bfe7
14 -38 56 0000000000000000
14 -38 63 0000000000000000
14 -38 70 0000000000000000
14 -38 77 0000000000000000
14 -38 84 0000000000000000
14 -38 91 0000000000000000
14 -38 98 0000000000000000
14 -35 -70 0000000000000000
14 -35 -63 0000000000000000
14 -35 -56 0000000000000000
14 -35 -49 0000000000000000
14 -35 -42 0000000000000000
14 -35 -35 0000000000000000
14 -35 -28 0000000000000000
14 -35 -21 0000000000000000
14 -35 -14 0000000000000000
14 -35 -7 3fc1ec9f926942e3
14 -35 0 3fe4bc5b7d91f19b
14 -35 7 3ff0001b6c33eec5
14 -35 14 3ff00006e2ec92c7
14 -35 21 3feeafb4ae1241e7
14 -35 28 3fe5555555555556
14 -35 35 3fe5555555555556
14 -35 42 3fe390e6d399cdec
14 -35 49 3fc7b9ff70cc05f7
14 -35 56 0000000000000000
14 -35 63 0000000000000000
14 -35 70 0000000000000000
14 -35 77 0000000000000000
14 -35 84 0000000000000000
14 -35 91 0000000000000000
14 -35 98 0000000000000000
14 -32 -70 0000000000000000
14 -32 -63 0000000000000000
14 -32 -56 0000000000000000
14 -32 -49 0000000000000000
14 -32 -42 0000000000000000
14 -32 -35 0000000000000000
14 -32 -28 0000000000000000
14 -32 -21 0000000000000000
14 -32 -14 0000000000000000
14 -32 -7 3fd0cd1089da2d33
14 -32 0 3feb22c3c3b1695a
14 -32 7 3ff333e812ae03c9
14 -32 14 3ff3335f93b95c07
14 -32 21 3ff2222222222222
14 -32 28 3fe7f4e5b6c35bca
14 -32 35 3fe5555555555556
14 -32 42 3fe390e6d399cdec
14 -32 49 3fc7b9ff70cc05f7
14 -32 56 0000000000000000
14 -32 63 0000000000000000
14 -32 70 0000000000000000
14 -32 77 0000000000000000
14 -32 84 0000000000000000
14 -32 91 0000000000000000
14 -32 98 0000000000000000
14 -29 -70 0000000000000000
14 -29 -63 0000000000000000
14 -29 -56 0000000000000000
14 -29 -49 0000000000000000
14 -29 -42 0000000000000000
14 -29 -35 0000000000000000
14 -29 -28 0000000000000000
14 -29 -21 0000000000000000
14 -29 -14 3fb4321e4a5dc04d
14 -29 -7 3fda143ce7cba8e0
14 -29 0 3ff207b7113910bf
14 -29 7 3ff6e6d64b54eae2
14 -29 14 3ff66697b05627e7
14 -29 21 3ff417f43c6b6b4a
14 -29 28 3fe97e5c7b9639ac
14 -29 35 3fe5555555555556
14 -29 42 3fe390e6d399cdec
14 -29 49 3fc7b9ff70cc05f7
14 -29 56 0000000000000000
14 -29 63 0000000000000000
14 -29 70 0000000000000000
14 -29 77 0000000000000000
14 -29 84 0000000000000000
14 -29 91 0000000000000000
14 -29 98 0000000000000000
14 -26 -70 0000000000000000
14 -26 -63 0000000000000000
14 -26 -56 0000000000000000
14 -26 -49 0000000000000000
14 -26 -42 0000000000000000
14 -26 -35 0000000000000000
14 -26 -28 0000000000000000
14 -26 -21 3fbb702097647bba
14 -26 -14 3fcdfe051e68da40
14 -26 -7 3fe22a2bf244e13a
14 -26 0 3ff5956476fa7145
14 -26 7 3ffa41e0f66de7df
14 -26 14 3ff777462d87b5f8
14 -26 21 3ff4444444444445
14 -26 28 3fe999999999999a
14 -26 35 3fe5555555555556
14 -26 42 3fe390e6d399cdec
14 -26 49 3fc7b9ff70cc05f7
14 -26 56 0000000000000000
14 -26 63 0000000000000000
14 -26 70 0000000000000000
14 -26 77 0000000000000000
14 -26 84 0000000000000000
14 -26 91 0000000000000000
14 -26 98 0000000000000000
14 -23 -70 0000000000000000
14 -23 -63 0000000000000000
14 -23 -56 0000000000000000
14 -23 -49 0000000000000000
14 -23 -42 0000000000000000
14 -23 -35 0000000000000000
14 -23 -28 0000000000000000
14 -23 -21 3fc999999999999a
14 -23 -14 3fd6940d6d73455a
14 -23 -7 3fe5f4b161644d58
14 -23 0 3ff77aa74611742d
14 -23 7 3ffbeed75e9265b6
14 -23 14 3ff7774b16f14ea5
14 -23 21 3ff4444444444445
14 -23 28 3fe999999999999a
14 -23 35 3fe5555555555556
14 -23 42 3fe390e6d399cdec
14 -23 49 3fc7b9ff70cc05f7
14 -23 56 0000000000000000
14 -23 63 0000000000000000
14 -23 70 0000000000000000
14 -23 77 0000000000000000
14 -23 84 0000000000000000
14 -23 91 0000000000000000
14 -23 98 0000000000000000
14 -20 -70 0000000000000000
14 -20 -63 0000000000000000
14 -20 -56 0000000000000000
14 -20 -49 0000000000000000
14 -20 -42 0000000000000000
14 -20 -35 0000000000000000
14 -20 -28 0000000000000000
14 -20 -21 3fcdfe051e68da40
14 -20 -14 3fd999999999999a
14 -20 -7 3fe7777777777778
14 -20 0 3ff7f26424335987
14 -20 7 3ffbb0d4fc6df146
14 -20 14 3ff6953953ad20fc
14 -20 21 3ff3620d03668090
14 -20 28 3fe7d52b17de1230
14 -20 35 3fe390e6d399cdec
14 -20 42 3fe235bd175feb8f
14 -20 49 3fc5e58dc29fe10d
14 -20 56 0000000000000000
14 -20 63 0000000000000000
14 -20 70 0000000000000000
14 -20 77 0000000000000000
14 -20 84 0000000000000000
14 -20 91 0000000000000000
14 -20 98 0000000000000000
14 -17 -70 0000000000000000
14 -17 -63 0000000000000000
14 -17 -56 0000000000000000
14 -17 -49 0000000000000000
14 -17 -42 0000000000000000
14 -17 -35 0000000000000000
14 -17 -28 0000000000000000
14 -17 -21 3fcdfe051e68da40
14 -17 -14 3fd999999999999a
14 -17 -7 3fe7777777777778
14 -17 0 3ff694572900c9e1
14 -17 7 3ff8f6c65fe70080
14 -17 14 3ff3db17027fec8a
14 -17 21 3ff0a7e4185b819d
14 -17 28 3fe260d941c8144a
14 -17 35 3fdc3929fb07a00d
14 -17 42 3fdab09b0f96989a
14 -17 49 3fb9cda4685e8294
14 -17 56 0000000000000000
14 -17 63 0000000000000000
14 -17 70 0000000000000000
14 -17 77 0000000000000000
14 -17 84 0000000000000000
14 -17 91 0000000000000000
14 -17 98 0000000000000000
14 -14 -70 0000000000000000
14 -14 -63 0000000000000000
14 -14 -56 0000000000000000
14 -14 -49 0000000000000000
14 -14 -42 0000000000000000
14 -14 -35 0000000000000000
14 -14 -28 0000000000000000
14 -14 -21 3fcdfe051e68da40
14 -14 -14 3fd999999999999a
14 -14 -7 3fe7777777777778
14 -14 0 3ff4765517d90f38
14 -14 7 3ff5e985d921d000
14 -14 14 3ff0cdd5a719a3b8
14 -14 21 3feb3544e7cce10a
14 -14 28 3fd88cabf1bbe435
14 -14 35 3fd0042369335bad
14 -14 42 3fcdfe051e68da40
14 -14 49 0000000000000000
14 -14 56 0000000000000000
14 -14 63 0000000000000000
14 -14 70 0000000000000000
14 -14 77 0000000000000000
14 -14 84 0000000000000000
14 -14 91 0000000000000000
14 -14 98 0000000000000000
14 -11 -70 0000000000000000
14 -11 -63 0000000000000000
14 -11 -56 0000000000000000
14 -11 -49 0000000000000000
14 -11 -42 0000000000000000
14 -11 -35 0000000000000000
14 -11 -28 0000000000000000
14 -11 -21 3fcdfe051e68da40
14 -11 -14 3fd999999999999a
14 -11 -7 3fe7777777777778
14 -11 0 3ff3333333333334
14 -11 7 3ff2c84f63e722c7
14 -11 14 3feb593e63bdecfe
14 -11 21 3fe4f2d7fd578698
14 -11 28 3fc80fa439a25ea0
14 -11 35 3fabfa4ca2453640
14 -11 42 3fa5eb7bbe592e67
14 -11 49 0000000000000000
14 -11 56 0000000000000000
14 -11 63 0000000000000000
14 -11 70 0000000000000000
14 -11 77 0000000000000000
14 -11 84 0000000000000000
14 -11 91 0000000000000000
14 -11 98 0000000000000000
14 -8 -70 0000000000000000
14 -8 -63 0000000000000000
14 -8 -56 0000000000000000
14 -8 -49 0000000000000000
14 -8 -42 0000000000000000
14 -8 -35 0000000000000000
14 -8 -28 0000000000000000
14 -8 -21 3fcdfe051e68da40
14 -8 -14 3fd999999999999a
14 -8 -7 3fe6de7d4404cefc
14 -8 0 3ff1111111111112
14 -8 7 3fef8cb5b965ade6
14 -8 14 3fe5555555555556
14 -8 21 3fe1e87cfed4f915
14 -8 28 3fbec0e33b2088e0
14 -8 35 0000000000000000
14 -8 42 0000000000000000
14 -8 49 0000000000000000
14 -8 56 0000000000000000
14 -8 63 0000000000000000
14 -8 70 0000000000000000
14 -8 77 0000000000000000
14 -8 84 0000000000000000
14 -8 91 0000000000000000
14 -8 98 0000000000000000
14 -5 -70 0000000000000000
14 -5 -63 0000000000000000
14 -5 -56 0000000000000000
14 -5 -49 0000000000000000
14 -5 -42 0000000000000000
14 -5 -35 0000000000000000
14 -5 -28 0000000000000000
14 -5 -21 3fcdfe051e68da40
14 -5 -14 3fd999999999999a
14 -5 -7 3fe40c62284ddc7a
14 -5 0 3febbbbbbbbbbbbc
14 -5 7 3fe9264f52ff477e
14 -5 14 3fdddddddddddddd
14 -5 21 3fda523ee0517397
14 -5 28 3fabfa4ca2453640
14 -5 35 0000000000000000
14 -5 42 0000000000000000
14 -5 49 0000000000000000
14 -5 56 0000000000000000
14 -5 63 0000000000000000
14 -5 70 0000000000000000
14 -5 77 0000000000000000
14 -5 84 0000000000000000
14 -5 91 0000000000000000
14 -5 98 0000000000000000
14 -2 -70 0000000000000000
14 -2 -63 0000000000000000
14 -2 -56 0000000000000000
14 -2 -49 0000000000000000
14 -2 -42 0000000000000000
14 -2 -35 0000000000000000
14 -2 -28 0000000000000000
14 -2 -21 3fcdfe051e68da40
14 -2 -14 3fd999999999999a
14 -2 -7 3fdf71d897d7dd6c
14 -2 0 3fe5555555555556
14 -2 7 3fe2bfe8ec98e118
14 -2 14 3fd1111111111112
14 -2 21 3fcd7dbd304c74c0
14 -2 28 0000000000000000
14 -2 35 0000000000000000
14 -2 42 0000000000000000
14 -2 49 0000000000000000
14 -2 56 0000000000000000
14 -2 63 0000000000000000
14 -2 70 0000000000000000
14 -2 77 0000000000000000
14 -2 84 0000000000000000
14 -2 91 0000000000000000
14 -2 98 0000000000000000
14 1 -70 0000000000000000
14 1 -63 0000000000000000
14 1 -56 0000000000000000
14 1 -49 0000000000000000
14 1 -42 0000000000000000
14 1 -35 0000000000000000
14 1 -28 0000000000000000
14 1 -21 3fcdfe051e68da40
14 1 -14 3fd999999999999a
14 1 -7 3fd999999999999a
14 1 0 3fdddddddddddddf
14 1 7 3fd8b3050c64f564
14 1 14 3fb1111111111113
14 1 21 3fa46b8d16430167
14 1 28 0000000000000000
14 1 35 0000000000000000
14 1 42 0000000000000000
14 1 49 0000000000000000
14 1 56 0000000000000000
14 1 63 0000000000000000
14 1 70 0000000000000000
14 1 77 0000000000000000
14 1 84 0000000000000000
14 1 91 0000000000000000
14 1 98 0000000000000000
14 4 -70 0000000000000000
14 4 -63 0000000000000000
14 4 -56 0000000000000000
14 4 -49 0000000000000000
14 4 -42 0000000000000000
14 4 -35 0000000000000000
14 4 -28 0000000000000000
14 4 -21 3fcdfe051e68da40
14 4 -14 3fd999999999999a
14 4 -7 3fd999999999999a
14 4 0 3fd999999999999a
14 4 7 3fd46ec0c820b11f
14 4 14 0000000000000000
14 4 21 0000000000000000
14 4 28 0000000000000000
14 4 35 0000000000000000
14 4 42 0000000000000000
14 4 49 0000000000000000
14 4 56 0000000000000000
14 4 63 0000000000000000
14 4 70 0000000000000000
14 4 77 0000000000000000
14 4 84 0000000000000000
14 4 91 0000000000000000
14 4 98 0000000000000000
14 7 -70 0000000000000000
14 7 -63 0000000000000000
14 7 -56 0000000000000000
14 7 -49 0000000000000000
14 7 -42 0000000000000000
14 7 -35 0000000000000000
14 7 -28 0000000000000000
14 7 -21 3fcc021475cb801d
14 7 -14 3fd837195ad2d1ca
14 7 -7 3fd837195ad2d1ca
14 7 0 3fd837195ad2d1ca
14 7 7 3fd3456cba3b783c
14 7 14 0000000000000000
14 7 21 0000000000000000
14 7 28 0000000000000000
14 7 35 0000000000000000
14 7 42 0000000000000000
14 7 49 0000000000000000
14 7 56 0000000000000000
14 7 63 0000000000000000
14 7 70 0000000000000000
14 7 77 0000000000000000
14 7 84 0000000000000000
14 7 91 0000000000000000
14 7 98 0000000000000000
14 10 -70 0000000000000000
14 10 -63 0000000000000000
14 10 -56 0000000000000000
14 10 -49 0000000000000000
14 10 -42 0000000000000000
14 10 -35 0000000000000000
14 10 -28 0000000000000000
14 10 -21 3fc25b3de902d3b3
14 10 -14 3fd1e0531a56fb4d
14 10 -7 3fd1e0531a56fb4d
14 10 0 3fd1e0531a56fb4d
14 10 7 3fcb8532a2d1cd4a
14 10 14 0000000000000000
14 10 21 0000000000000000
14 10 28 0000000000000000
14 10 35 0000000000000000
14 10 42 0000000000000000
14 10 49 0000000000000000
14 10 56 0000000000000000
14 10 63 0000000000000000
14 10 70 0000000000000000
14 10 77 0000000000000000
14 10 84 0000000000000000
14 10 91 0000000000000000
14 10 98 0000000000000000
14 13 -70 0000000000000000
14 13 -63 0000000000000000
14 13 -56 0000000000000000
14 13 -49 0000000000000000
14 13 -42 0000000000000000
14 13 -35 0000000000000000
14 13 -28 0000000000000000
14 13 -21 3f9714a8d6fb3fb4
14 13 -14 3fc1111111111110
14 13 -7 3fc1111111111110
14 13 0 3fc1111111111110
14 13 7 3fb4fc830b7033a0
14 13 14 0000000000000000
14 13 21 0000000000000000
14 13 28 0000000000000000
14 13 35 0000000000000000
14 13 42 0000000000000000
14 13 49 0000000000000000
14 13 56 0000000000000000
14 13 63 0000000000000000
14 13 70 0000000000000000
14 13 77 0000000000000000
14 13 84 0000000000000000
14 13 91 0000000000000000
14 13 98 0000000000000000
14 16 -70 0000000000000000
14 16 -63 0000000000000000
14 16 -56 0000000000000000
14 16 -49 0000000000000000
14 16 -42 0000000000000000
14 16 -35 0000000000000000
14 16 -28 0000000000000000
14 16 -21 0000000000000000
14 16 -14 0000000000000000
14 16 -7 0000000000000000
14 16 0 0000000000000000
14 16 7 0000000000000000
14 16 14 0000000000000000
14 16 21 0000000000000000
14 16 28 0000000000000000
14 16 35 0000000000000000
14 16 42 0000000000000000
14 16 49 0000000000000000
14 16 56 0000000000000000
14 16 63 0000000000000000
14 16 70 0000000000000000
14 16 77 0000000000000000
14 16 84 0000000000000000
14 16 91 0000000000000000
14 16 98 0000000000000000
14 19 -70 0000000000000000
14 19 -63 0000000000000000
14 19 -56 0000000000000000
14 19 -49 0000000000000000
14 19 -42 0000000000000000
14 19 -35 0000000000000000
14 19 -28 0000000000000000
14 19 -21 0000000000000000
14 19 -14 0000000000000000
14 19 -7 0000000000000000
14 19 0 0000000000000000
14 19 7 0000000000000000
14 19 14 0000000000000000
14 19 21 0000000000000000
14 19 28 0000000000000000
14 19 35 0000000000000000
14 19 42 0000000000000000
14 19 49 0000000000000000
14 19 56 0000000000000000
14 19 63 0000000000000000
14 19 70 0000000000000000
14 19 77 0000000000000000
14 19 84 0000000000000000
14 19 91 0000000000000000
14 19 98 0000000000000000
14 22 -70 0000000000000000
14 22 -63 0000000000000000
14 22 -56 0000000000000000
14 22 -49 0000000000000000
14 22 -42 0000000000000000
14 22 -35 0000000000000000
14 22 -28 0000000000000000
14 22 -21 0000000000000000
14 22 -14 0000000000000000
14 22 -7 0000000000000000
14 22 0 0000000000000000
14 22 7 0000000000000000
14 22 14 0000000000000000
14 22 21 0000000000000000
14 22 28 0000000000000000
14 22 35 0000000000000000
14 22 42 0000000000000000
14 22 49 0000000000000000
14 22 56 0000000000000000
14 22 63 0000000000000000
14 22 70 0000000000000000
14 22 77 0000000000000000
14 22 84 0000000000000000
14 22 91 0000000000000000
14 22 98 0000000000000000
14 25 -70 0000000000000000
14 25 -63 0000000000000000
14 25 -56 0000000000000000
14 25 -49 0000000000000000
14 25 -42 0000000000000000
14 25 -35 0000000000000000
14 25 -28 0000000000000000
14 25 -21 0000000000000000
14 25 -14 0000000000000000
14 25 -7 0000000000000000
14 25 0 0000000000000000
14 25 7 0000000000000000
14 25 14 0000000000000000
14 25 21 0000000000000000
14 25 28 0000000000000000
14 25 35 0000000000000000
14 25 42 0000000000000000
14 25 49 0000000000000000
14 25 56 0000000000000000
14 25 63 0000000000000000
14 25 70 0000000000000000
14 25 77 0000000000000000
14 25 84 0000000000000000
14 25 91 0000000000000000
14 25 98 0000000000000000
14 28 -70 0000000000000000
14 28 -63 0000000000000000
14 28 -56 0000000000000000
14 28 -49 0000000000000000
14 28 -42 0000000000000000
14 28 -35 0000000000000000
14 28 -28 0000000000000000
14 28 -21 0000000000000000
14 28 -14 0000000000000000
14 28 -7 0000000000000000
14 28 0 0000000000000000
14 28 7 0000000000000000
14 28 14 0000000000000000
14 28 21 0000000000000000
14 28 28 0000000000000000
14 28 35 0000000000000000
14 28 42 0000000000000000
14 28 49 0000000000000000
14 28 56 0000000000000000
14 28 63 0000000000000000
14 28 70 0000000000000000
14 28 77 0000000000000000
14 28 84 0000000000000000
14 28 91 0000000000000000
14 28 98 0000000000000000
14 31 -70 0000000000000000
14 31 -63 0000000000000000
14 31 -56 0000000000000000
14 31 -49 0000000000000000
14 31 -42 0000000000000000
14 31 -35 0000000000000000
14 31 -28 0000000000000000
14 31 -21 0000000000000000
14 31 -14 0000000000000000
14 31 -7 0000000000000000
14 31 0 0000000000000000
14 31 7 0000000000000000
14 31 14 0000000000000000
14 31 21 0000000000000000
14 31 28 0000000000000000
14 31 35 0000000000000000
14 31 42 0000000000000000
14 31 49 0000000000000000
14 31 56 0000000000000000
14 31 63 0000000000000000
14 31 70 0000000000000000
14 31 77 0000000000000000
14 31 84 0000000000000000
14 31 91 0000000000000000
14 31 98 0000000000000000
14 34 -70 0000000000000000
14 34 -63 0000000000000000
14 34 -56 0000000000000000
14 34 -49 0000000000000000
14 34 -42 0000000000000000
14 34 -35 0000000000000000
14 34 -28 0000000000000000
14 34 -21 0000000000000000
14 34 -14 0000000000000000
14 34 -7 0000000000000000
14 34 0 0000000000000000
14 34 7 0000000000000000
14 34 14 0000000000000000
14 34 21 0000000000000000
14 34 28 0000000000000000
14 34 35 0000000000000000
14 34 42 0000000000000000
14 34 49 0000000000000000
14 34 56 0000000000000000
14 34 63 0000000000000000
14 34 70 0000000000000000
14 34 77 0000000000000000
14 34 84 0000000000000000
14 34 91 0000000000000000
14 34 98 0000000000000000
14 37 -70 0000000000000000
14 37 -63 0000000000000000
14 37 -56 0000000000000000
14 37 -49 0000000000000000
14 37 -42 0000000000000000
14 37 -35 0000000000000000
14 37 -28 0000000000000000
14 37 -21 0000000000000000
14 37 -14 0000000000000000
14 37 -7 0000000000000000
14 37 0 0000000000000000
14 37 7 0000000000000000
14 37 14 0000000000000000
14 37 21 0000000000000000
14 37 28 0000000000000000
14 37 35 0000000000000000
14 37 42 0000000000000000
14 37 49 0000000000000000
14 37 56 0000000000000000
14 37 63 0000000000000000
14 37 70 0000000000000000
14 37 77 0000000000000000
14 37 84 0000000000000000
14 37 91 0000000000000000
14 37 98 0000000000000000
14 40 -70 0000000000000000
14 40 -63 0000000000000000
14 40 -56 0000000000000000
14 40 -49 0000000000000000
14 40 -42 0000000000000000
14 40 -35 0000000000000000
14 40 -28 0000000000000000
14 40 -21 0000000000000000
14 40 -14 0000000000000000
14 40 -7 0000000000000000
14 40 0 0000000000000000
14 40 7 0000000000000000
14 40 14 0000000000000000
14 40 21 0000000000000000
14 40 28 0000000000000000
14 40 35 0000000000000000
14 40 42 0000000000000000
14 40 49 0000000000000000
14 40 56 0000000000000000
14 40 63 0000000000000000
14 40 70 0000000000000000
14 40 77 0000000000000000
14 40 84 0000000000000000
14 40 91 0000000000000000
14 40 98 0000000000000000
14 43 -70 0000000000000000
14 43 -63 0000000000000000
14 43 -56 0000000000000000
14 43 -49 0000000000000000
14 43 -42 0000000000000000
14 43 -35 0000000000000000
14 43 -28 0000000000000000
14 43 -21 0000000000000000
14 43 -14 0000000000000000
14 43 -7 0000000000000000
14 43 0 0000000000000000
14 43 7 0000000000000000
14 43 14 0000000000000000
14 43 21 0000000000000000
14 43 28 0000000000000000
14 43 35 0000000000000000
14 43 42 0000000000000000
14 43 49 0000000000000000
14 43 56 0000000000000000
14 43 63 0000000000000000
14 43 70 0000000000000000
14 43 77 0000000000000000
14 43 84 0000000000000000
14 43 91 0000000000000000
14 43 98 0000000000000000
21 -95 -70 0000000000000000
21 -95 -63 0000000000000000
21 -95 -56 0000000000000000
21 -95 -49 0000000000000000
21 -95 -42 0000000000000000
21 -95 -35 0000000000000000
21 -95 -28 0000000000000000
21 -95 -21 0000000000000000
21 -95 -14 0000000000000000
21 -95 -7 0000000000000000
21 -95 0 0000000000000000
21 -95 7 0000000000000000
21 -95 14 0000000000000000
21 -95 21 0000000000000000
21 -95 28 0000000000000000
21 -95 35 0000000000000000
21 -95 42 0000000000000000
21 -95 49 0000000000000000
21 -95 56 0000000000000000
21 -95 63 0000000000000000
21 -95 70 0000000000000000
21 -95 77 0000000000000000
21 -95 84 0000000000000000
21 -95 91 0000000000000000
21 -95 98 0000000000000000
21 -92 -70 0000000000000000
21 -92 -63 0000000000000000
21 -92 -56 0000000000000000
21 -92 -49 0000000000000000
21 -92 -42 0000000000000000
21 -92 -35 0000000000000000
21 -92 -28 0000000000000000
21 -92 -21 0000000000000000
21 -92 -14 0000000000000000
21 -92 -7 0000000000000000
21 -92 0 0000000000000000
21 -92 7 0000000000000000
21 -92 14 0000000000000000
21 -92 21 0000000000000000
21 -92 28 0000000000000000
21 -92 35 0000000000000000
21 -92 42 0000000000000000
21 -92 49 0000000000000000
21 -92 56 0000000000000000
21 -92 63 0000000000000000
21 -92 70 0000000000000000
21 -92 77 0000000000000000
21 -92 84 0000000000000000
21 -92 91 0000000000000000
21 -92 98 0000000000000000
21 -89 -70 0000000000000000
21 -89 -63 0000000000000000
21 -89 -56 0000000000000000
21 -89 -49 0000000000000000
21 -89 -42 0000000000000000
21 -89 -35 0000000000000000
21 -89 -28 0000000000000000
21 -89 -21 0000000000000000
21 -89 -14 0000000000000000
21 -89 -7 0000000000000000
21 -89 0 0000000000000000
21 -89 7 0000000000000000
21 -89 14 0000000000000000
21 -89 21 0000000000000000
21 -89 28 0000000000000000
21 -89 35 0000000000000000
21 -89 42 0000000000000000
21 -89 49 0000000000000000
21 -89 56 0000000000000000
21 -89 63 0000000000000000
21 -89 70 0000000000000000
21 -89 77 0000000000000000
21 -89 84 0000000000000000
21 -89 91 0000000000000000
21 -89 98 0000000000000000
21 -86 -70 0000000000000000
21 -86 -63 0000000000000000
21 -86 -56 0000000000000000
21 -86 -49 0000000000000000
21 -86 -42 0000000000000000
21 -86 -35 0000000000000000
21 -86 -28 0000000000000000
21 -86 -21 0000000000000000
21 -86 -14 0000000000000000
21 -86 -7 0000000000000000
21 -86 0 0000000000000000
21 -86 7 0000000000000000
21 -86 14 0000000000000000
21 -86 21 0000000000000000
21 -86 28 0000000000000000
21 -86 35 0000000000000000
21 -86 42 0000000000000000
21 -86 49 0000000000000000
21 -86 56 0000000000000000
21 -86 63 0000000000000000
21 -86 70 0000000000000000
21 -86 77 0000000000000000
21 -86 84 0000000000000000
21 -86 91 0000000000000000
21 -86 98 0000000000000000
21 -83 -70 0000000000000000
21 -83 -63 0000000000000000
21 -83 -56 0000000000000000
21 -83 -49 0000000000000000
21 -83 -42 0000000000000000
21 -83 -35 0000000000000000
21 -83 -28 0000000000000000
21 -83 -21 0000000000000000
21 -83 -14 0000000000000000
21 -83 -7 0000000000000000
21 -83 0 0000000000000000
21 -83 7 0000000000000000
21 -83 14 0000000000000000
21 -83 21 0000000000000000
21 -83 28 0000000000000000
21 -83 35 0000000000000000
21 -83 42 0000000000000000
21 -83 49 0000000000000000
21 -83 56 0000000000000000
21 -83 63 0000000000000000
21 -83 70 0000000000000000
21 -83 77 0000000000000000
21 -83 84 0000000000000000
21 -83 91 0000000000000000
21 -83 98 0000000000000000
21 -80 -70 0000000000000000
21 -80 -63 0000000000000000
21 -80 -56 0000000000000000
21 -80 -49 0000000000000000
21 -80 -42 0000000000000000
21 -80 -35 0000000000000000
21 -80 -28 0000000000000000
21 -80 -21 0000000000000000
21 -80 -14 0000000000000000
21 -80 -7 0000000000000000
21 -80 0 0000000000000000
21 -80 7 0000000000000000
21 -80 14 0000000000000000
21 -80 21 0000000000000000
21 -80 28 0000000000000000
21 -80 35 0000000000000000
21 -80 42 0000000000000000
21 -80 49 0000000000000000
21 -80 56 0000000000000000
21 -80 63 0000000000000000
21 -80 70 0000000000000000
21 -80 77 0000000000000000
21 -80 84 0000000000000000
21 -80 91 0000000000000000
21 -80 98 0000000000000000
21 -77 -70 0000000000000000
21 -77 -63 0000000000000000
21 -77 -56 0000000000000000
21 -77 -49 0000000000000000
21 -77 -42 0000000000000000
21 -77 -35 0000000000000000
21 -77 -28 0000000000000000
21 -77 -21 0000000000000000
21 -77 -14 0000000000000000
21 -77 -7 0000000000000000
21 -77 0 0000000000000000
21 -77 7 0000000000000000
21 -77 14 0000000000000000
21 -77 21 0000000000000000
21 -77 28 0000000000000000
21 -77 35 0000000000000000
21 -77 42 0000000000000000
21 -77 49 0000000000000000
21 -77 56 0000000000000000
21 -77 63 0000000000000000
21 -77 70 0000000000000000
21 -77 77 0000000000000000
21 -77 84 0000000000000000
21 -77 91 0000000000000000
21 -77 98 0000000000000000
21 -74 -70 0000000000000000
21 -74 -63 0000000000000000
21 -74 -56 0000000000000000
21 -74 -49 0000000000000000
21 -74 -42 0000000000000000
21 -74 -35 0000000000000000
21 -74 -28 0000000000000000
21 -74 -21 0000000000000000
21 -74 -14 0000000000000000
21 -74 -7 0000000000000000
21 -74 0 0000000000000000
21 -74 7 0000000000000000
21 -74 14 0000000000000000
21 -74 21 0000000000000000
21 -74 28 0000000000000000
21 -74 35 0000000000000000
21 -74 42 0000000000000000
21 -74 49 0000000000000000
21 -74 56 0000000000000000
21 -74 63 0000000000000000
21 -74 70 0000000000000000
21 -74 77 0000000000000000
21 -74 84 0000000000000000
21 -74 91 0000000000000000
21 -74 98 0000000000000000
21 -71 -70 0000000000000000
21 -71 -63 0000000000000000
21 -71 -56 0000000000000000
21 -71 -49 0000000000000000
21 -71 -42 0000000000000000
21 -71 -35 0000000000000000
21 -71 -28 0000000000000000
21 -71 -21 0000000000000000
21 -71 -14 0000000000000000
21 -71 -7 0000000000000000
21 -71 0 0000000000000000
21 -71 7 0000000000000000
21 -71 14 0000000000000000
21 -71 21 0000000000000000
21 -71 28 0000000000000000
21 -71 35 0000000000000000
21 -71 42 0000000000000000
21 -71 49 0000000000000000
21 -71 56 0000000000000000
21 -71 63 0000000000000000
21 -71 70 0000000000000000
21 -71 77 0000000000000000
21 -71 84 0000000000000000
21 -71 91 0000000000000000
21 -71 98 0000000000000000
21 -68 -70 0000000000000000
21 -68 -63 0000000000000000
21 -68 -56 0000000000000000
21 -68 -49 0000000000000000
21 -68 -42 0000000000000000
21 -68 -35 0000000000000000
21 -68 -28 0000000000000000
21 -68 -21 0000000000000000
21 -68 -14 0000000000000000
21 -68 -7 0000000000000000
21 -68 0 0000000000000000
21 -68 7 0000000000000000
21 -68 14 0000000000000000
21 -68 21 0000000000000000
21 -68 28 0000000000000000
21 -68 35 0000000000000000
21 -68 42 0000000000000000
21 -68 49 0000000000000000
21 -68 56 0000000000000000
21 -68 63 0000000000000000
21 -68 70 0000000000000000
21 -68 77 0000000000000000
21 -68 84 0000000000000000
21 -68 91 0000000000000000
21 -68 98 0000000000000000
21 -65 -70 0000000000000000
21 -65 -63 0000000000000000
21 -65 -56 0000000000000000
21 -65 -49 0000000000000000
21 -65 -42 0000000000000000
21 -65 -35 0000000000000000
21 -65 -28 0000000000000000
21 -65 -21 0000000000000000
21 -65 -14 0000000000000000
21 -65 -7 0000000000000000
21 -65 0 0000000000000000
21 -65 7 0000000000000000
21 -65 14 0000000000000000
21 -65 21 0000000000000000
21 -65 28 0000000000000000
21 -65 35 0000000000000000
21 -65 42 0000000000000000
21 -65 49 0000000000000000
21 -65 56 0000000000000000
21 -65 63 0000000000000000
21 -65 70 0000000000000000
21 -65 77 0000000000000000
21 -65 84 0000000000000000
21 -65 91 0000000000000000
21 -65 98 0000000000000000
21 -62 -70 0000000000000000
21 -62 -63 0000000000000000
21 -62 -56 0000000000000000
21 -62 -49 0000000000000000
21 -62 -42 0000000000000000
21 -62 -35 0000000000000000
21 -62 -28 0000000000000000
21 -62 -21 0000000000000000
21 -62 -14 0000000000000000
21 -62 -7 0000000000000000
21 -62 0 0000000000000000
21 -62 7 0000000000000000
21 -62 14 0000000000000000
21 -62 21 0000000000000000
21 -62 28 0000000000000000
21 -62 35 0000000000000000
21 -62 42 0000000000000000
21 -62 49 0000000000000000
21 -62 56 0000000000000000
21 -62 63 0000000000000000
21 -62 70 0000000000000000
21 -62 77 0000000000000000
21 -62 84 0000000000000000
21 -62 91 0000000000000000
21 -62 98 0000000000000000
21 -59 -70 0000000000000000
21 -59 -63 0000000000000000
21 -59 -56 0000000000000000
21 -59 -49 0000000000000000
21 -59 -42 0000000000000000
21 -59 -35 0000000000000000
21 -59 -28 0000000000000000
21 -59 -21 0000000000000000
21 -59 -14 0000000000000000
21 -59 -7 0000000000000000
21 -59 0 0000000000000000
21 -59 7 0000000000000000
21 -59 14 0000000000000000
21 -59 21 0000000000000000
21 -59 28 0000000000000000
21 -59 35 0000000000000000
21 -59 42 0000000000000000
21 -59 49 0000000000000000
21 -59 56 0000000000000000
21 -59 63 0000000000000000
21 -59 70 0000000000000000
21 -59 77 0000000000000000
21 -59 84 0000000000000000
21 -59 91 0000000000000000
21 -59 98 0000000000000000
21 -56 -70 0000000000000000
21 -56 -63 0000000000000000
21 -56 -56 0000000000000000
21 -56 -49 0000000000000000
21 -56 -42 0000000000000000
21 -56 -35 0000000000000000
21 -56 -28 0000000000000000
21 -56 -21 0000000000000000
21 -56 -14 0000000000000000
21 -56 -7 0000000000000000
21 -56 0 0000000000000000
21 -56 7 0000000000000000
21 -56 14 0000000000000000
21 -56 21 0000000000000000
21 -56 28 0000000000000000
21 -56 35 0000000000000000
21 -56 42 0000000000000000
21 -56 49 0000000000000000
21 -56 56 0000000000000000
21 -56 63 0000000000000000
21 -56 70 0000000000000000
21 -56 77 0000000000000000
21 -56 84 0000000000000000
21 -56 91 0000000000000000
21 -56 98 0000000000000000
21 -53 -70 0000000000000000
21 -53 -63 0000000000000000
21 -53 -56 0000000000000000
21 -53 -49 0000000000000000
21 -53 -42 0000000000000000
21 -53 -35 0000000000000000
21 -53 -28 0000000000000000
21 -53 -21 0000000000000000
21 -53 -14 0000000000000000
21 -53 -7 0000000000000000
21 -53 0 0000000000000000
21 -53 7 0000000000000000
21 -53 14 0000000000000000
21 -53 21 0000000000000000
21 -53 28 0000000000000000
21 -53 35 0000000000000000
21 -53 42 0000000000000000
21 -53 49 0000000000000000
21 -53 56 0000000000000000
21 -53 63 0000000000000000
21 -53 70 0000000000000000
21 -53 77 0000000000000000
21 -53 84 0000000000000000
21 -53 91 0000000000000000
21 -53 98 0000000000000000
21 -50 -70 0000000000000000
21 -50 -63 0000000000000000
21 -50 -56 0000000000000000
21 -50 -49 0000000000000000
21 -50 -42 0000000000000000
21 -50 -35 0000000000000000
21 -50 -28 0000000000000000
21 -50 -21 0000000000000000
21 -50 -14 0000000000000000
21 -50 -7 0000000000000000
21 -50 0 0000000000000000
21 -50 7 0000000000000000
21 -50 14 0000000000000000
21 -50 21 0000000000000000
21 -50 28 0000000000000000
21 -50 35 0000000000000000
21 -50 42 0000000000000000
21 -50 49 0000000000000000
21 -50 56 0000000000000000
21 -50 63 0000000000000000
21 -50 70 0000000000000000
21 -50 77 0000000000000000
21 -50 84 0000000000000000
21 -50 91 0000000000000000
21 -50 98 0000000000000000
21 -47 -70 0000000000000000
21 -47 -63 0000000000000000
21 -47 -56 0000000000000000
21 -47 -49 0000000000000000
21 -47 -42 0000000000000000
21 -47 -35 0000000000000000
21 -47 -28 0000000000000000
21 -47 -21 0000000000000000
21 -47 -14 0000000000000000
21 -47 -7 0000000000000000
21 -47 0 0000000000000000
21 -47 7 0000000000000000
21 -47 14 0000000000000000
21 -47 21 0000000000000000
21 -47 28 0000000000000000
21 -47 35 0000000000000000
21 -47 42 0000000000000000
21 -47 49 0000000000000000
21 -47 56 0000000000000000
21 -47 63 0000000000000000
21 -47 70 0000000000000000
21 -47 77 0000000000000000
21 -47 84 0000000000000000
21 -47 91 0000000000000000
21 -47 98 0000000000000000
21 -44 -70 0000000000000000
21 -44 -63 0000000000000000
21 -44 -56 0000000000000000
21 -44 -49 0000000000000000
21 -44 -42 0000000000000000
21 -44 -35 0000000000000000
21 -44 -28 0000000000000000
21 -44 -21 0000000000000000
21 -44 -14 0000000000000000
21 -44 -7 0000000000000000
21 -44 0 0000000000000000
21 -44 7 0000000000000000
21 -44 14 0000000000000000
21 -44 21 0000000000000000
21 -44 28 0000000000000000
21 -44 35 0000000000000000
21 -44 42 0000000000000000
21 -44 49 0000000000000000
21 -44 56 0000000000000000
21 -44 63 0000000000000000
21 -44 70 0000000000000000
21 -44 77 0000000000000000
21 -44 84 0000000000000000
21 -44 91 0000000000000000
21 -44 98 0000000000000000
21 -41 -70 0000000000000000
21 -41 -63 0000000000000000
21 -41 -56 0000000000000000
21 -41 -49 0000000000000000
21 -41 -42 0000000000000000
21 -41 -35 0000000000000000
21 -41 -28 0000000000000000
21 -41 -21 0000000000000000
21 -41 -14 0000000000000000
21 -41 -7 0000000000000000
21 -41 0 0000000000000000
21 -41 7 3fb4321e4a5dc04d
21 -41 14 3fb4321e4a5dc04d
21 -41 21 3fb4321e4a5dc04d
21 -41 28 3fb4321e4a5dc04d
21 -41 35 3fb4321e4a5dc04d
21 -41 42 3fb1111111111113
21 -41 49 0000000000000000
21 -41 56 0000000000000000
21 -41 63 0000000000000000
21 -41 70 0000000000000000
21 -41 77 0000000000000000
21 -41 84 0000000000000000
21 -41 91 0000000000000000
21 -41 98 0000000000000000
21 -38 -70 0000000000000000
21 -38 -63 0000000000000000
21 -38 -56 0000000000000000
21 -38 -49 0000000000000000
21 -38 -42 0000000000000000
21 -38 -35 0000000000000000
21 -38 -28 0000000000000000
21 -38 -21 0000000000000000
21 -38 -14 0000000000000000
21 -38 -7 0000000000000000
21 -38 0 3fc2dc32d1676053
21 -38 7 3fd34194f72b299d
21 -38 14 3fd34194f72b299d
21 -38 21 3fd160a657919e7d
21 -38 28 3fc57218dd45422a
21 -38 35 3fc57218dd45422a
21 -38 42 3fc3aa904320bfe7
21 -38 49 0000000000000000
21 -38 56 0000000000000000
21 -38 63 0000000000000000
21 -38 70 0000000000000000
21 -38 77 0000000000000000
21 -38 84 0000000000000000
21 -38 91 0000000000000000
21 -38 98 0000000000000000
21 -35 -70 0000000000000000
21 -35 -63 0000000000000000
21 -35 -56 0000000000000000
21 -35 -49 0000000000000000
21 -35 -42 0000000000000000
21 -35 -35 0000000000000000
21 -35 -28 0000000000000000
21 -35 -21 0000000000000000
21 -35 -14 0000000000000000
21 -35 -7 3fc1ec9f926942e3
21 -35 0 3fd7e2c6f81db582
21 -35 7 3fe1111111111111
21 -35 14 3fe1111111111111
21 -35 21 3fdf818b7e46a5ef
21 -35 28 3fc999999999999a
21 -35 35 3fc999999999999a
21 -35 42 3fc7b9ff70cc05f7
21 -35 49 0000000000000000
21 -35 56 0000000000000000
21 -35 63 0000000000000000
21 -35 70 0000000000000000
21 -35 77 0000000000000000
21 -35 84 0000000000000000
21 -35 91 0000000000000000
21 -35 98 0000000000000000
21 -32 -70 0000000000000000
21 -32 -63 0000000000000000
21 -32 -56 0000000000000000
21 -32 -49 0000000000000000
21 -32 -42 0000000000000000
21 -32 -35 0000000000000000
21 -32 -28 0000000000000000
21 -32 -21 0000000000000000
21 -32 -14 0000000000000000
21 -32 -7 3fd0cd1089da2d33
21 -32 0 3fe257c9e2754128
21 -32 7 3fe7777777777778
21 -32 14 3fe7777777777778
21 -32 21 3fe5555555555555
21 -32 28 3fd20bed8fa8d9b5
21 -32 35 3fc999999999999a
21 -32 42 3fc7b9ff70cc05f7
21 -32 49 0000000000000000
21 -32 56 0000000000000000
21 -32 63 0000000000000000
21 -32 70 0000000000000000
21 -32 77 0000000000000000
21 -32 84 0000000000000000
21 -32 91 0000000000000000
21 -32 98 0000000000000000
21 -29 -70 0000000000000000
21 -29 -63 0000000000000000
21 -29 -56 0000000000000000
21 -29 -49 0000000000000000
21 -29 -42 0000000000000000
21 -29 -35 0000000000000000
21 -29 -28 0000000000000000
21 -29 -21 3fb4321e4a5dc04d
21 -29 -14 3fc999999e13871f
21 -29 -7 3fe0ea429f8499fd
21 -29 0 3fef2497ac23d692
21 -29 7 3ff13a56ac34801b
21 -29 14 3fedddddddddddde
21 -29 21 3fe940f989e7e7a6
21 -29 28 3fd51edb194e9578
21 -29 35 3fc999999999999a
21 -29 42 3fc7b9ff70cc05f7
21 -29 49 0000000000000000
21 -29 56 0000000000000000
21 -29 63 0000000000000000
21 -29 70 0000000000000000
21 -29 77 0000000000000000
21 -29 84 0000000000000000
21 -29 91 0000000000000000
21 -29 98 0000000000000000
21 -26 -70 0000000000000000
21 -26 -63 0000000000000000
21 -26 -56 0000000000000000
21 -26 -49 0000000000000000
21 -26 -42 0000000000000000
21 -26 -35 0000000000000000
21 -26 -28 0000000000000000
21 -26 -21 3fcdfe051e68da40
21 -26 -14 3fd99999bb487407
21 -26 -7 3fe777900f1b5ad2
21 -26 0 3ff3d6975e99ff35
21 -26 7 3ff51bb03434ed62
21 -26 14 3ff0000000000000
21 -26 21 3fe999999999999a
21 -26 28 3fd5555555555555
21 -26 35 3fc999999999999a
21 -26 42 3fc7b9ff70cc05f7
21 -26 49 0000000000000000
21 -26 56 0000000000000000
21 -26 63 0000000000000000
21 -26 70 0000000000000000
21 -26 77 0000000000000000
21 -26 84 0000000000000000
21 -26 91 0000000000000000
21 -26 98 0000000000000000
21 -23 -70 0000000000000000
21 -23 -63 0000000000000000
21 -23 -56 0000000000000000
21 -23 -49 0000000000000000
21 -23 -42 0000000000000000
21 -23 -35 0000000000000000
21 -23 -28 0000000000000000
21 -23 -21 3fd6940d6d73455a
21 -23 -14 3fe3333372528144
21 -23 -7 3fedde3e24be20a1
21 -23 0 3ff709e107fda090
21 -23 7 3ff777777f92e776
21 -23 14 3ff0a35c68b2180b
21 -23 21 3fe999999999999a
21 -23 28 3fd5555555555555
21 -23 35 3fc999999999999a
21 -23 42 3fc7b9ff70cc05f7
21 -23 49 0000000000000000
21 -23 56 0000000000000000
21 -23 63 0000000000000000
21 -23 70 0000000000000000
21 -23 77 0000000000000000
21 -23 84 0000000000000000
21 -23 91 0000000000000000
21 -23 98 0000000000000000
21 -20 -70 0000000000000000
21 -20 -63 0000000000000000
21 -20 -56 0000000000000000
21 -20 -49 0000000000000000
21 -20 -42 0000000000000000
21 -20 -35 0000000000000000
21 -20 -28 0000000000000000
21 -20 -21 3fd999999999999a
21 -20 -14 3fe99999ad4113df
21 -20 -7 3ff222317f19e7c1
21 -20 0 3ffa0d765b8441b7
21 -20 7 3ff84c9545f31341
21 -20 14 3ff0d51dcbf75e9d
21 -20 21 3fe921b30f6634b2
21 -20 28 3fd4658840ee8b84
21 -20 35 3fc7b9ff70cc05f7
21 -20 42 3fc5e58dc29fe10d
21 -20 49 0000000000000000
21 -20 56 0000000000000000
21 -20 63 0000000000000000
21 -20 70 0000000000000000
21 -20 77 0000000000000000
21 -20 84 0000000000000000
21 -20 91 0000000000000000
21 -20 98 0000000000000000
21 -17 -70 0000000000000000
21 -17 -63 0000000000000000
21 -17 -56 0000000000000000
21 -17 -49 0000000000000000
21 -17 -42 0000000000000000
21 -17 -35 0000000000000000
21 -17 -28 0000000000000000
21 -17 -21 3fd999999999999a
21 -17 -14 3fe99999570d5755
21 -17 -7 3ff221eec366a38a
21 -17 0 3ff999796e37e4cc
21 -17 7 3ff726bd637c3fb2
21 -17 14 3fef5e8be91b32a2
21 -17 21 3fe6d6036092aa1a
21 -17 28 3fcf9c51c68eecaa
21 -17 35 3fbd16816afbb734
21 -17 42 3fb9cda4685e8294
21 -17 49 0000000000000000
21 -17 56 0000000000000000
21 -17 63 0000000000000000
21 -17 70 0000000000000000
21 -17 77 0000000000000000
21 -17 84 0000000000000000
21 -17 91 0000000000000000
21 -17 98 0000000000000000
21 -14 -70 0000000000000000
21 -14 -63 0000000000000000
21 -14 -56 0000000000000000
21 -14 -49 0000000000000000
21 -14 -42 0000000000000000
21 -14 -35 0000000000000000
21 -14 -28 0000000000000000
21 -14 -21 3fd999999999999a
21 -14 -14 3fe999997aab525c
21 -14 -7 3ff2220b2f7a03a6
21 -14 0 3ff9998b23699087
21 -14 7 3ff55555515872e5
21 -14 14 3febbbbbbbbbbbbc
21 -14 21 3fe3333333333334
21 -14 28 3fc1111111111110
21 -14 35 0000000000000000
21 -14 42 0000000000000000
21 -14 49 0000000000000000
21 -14 56 0000000000000000
21 -14 63 0000000000000000
21 -14 70 0000000000000000
21 -14 77 0000000000000000
21 -14 84 0000000000000000
21 -14 91 0000000000000000
21 -14 98 0000000000000000
21 -11 -70 0000000000000000
21 -11 -63 0000000000000000
21 -11 -56 0000000000000000
21 -11 -49 0000000000000000
21 -11 -42 0000000000000000
21 -11 -35 0000000000000000
21 -11 -28 0000000000000000
21 -11 -21 3fd999999999999a
21 -11 -14 3fe999999669f676
21 -11 -7 3ff2221fe20f5d8d
21 -11 0 3ff999982cbba6e2
21 -11 7 3ff5555554eba2a6
21 -11 14 3febbbbbbbbbbbbc
21 -11 21 3fe3333333333334
21 -11 28 3fc1111111111110
21 -11 35 0000000000000000
21 -11 42 0000000000000000
21 -11 49 0000000000000000
21 -11 56 0000000000000000
21 -11 63 0000000000000000
21 -11 70 0000000000000000
21 -11 77 0000000000000000
21 -11 84 0000000000000000
21 -11 91 0000000000000000
21 -11 98 0000000000000000
21 -8 -70 0000000000000000
21 -8 -63 0000000000000000
21 -8 -56 0000000000000000
21 -8 -49 0000000000000000
21 -8 -42 0000000000000000
21 -8 -35 0000000000000000
21 -8 -28 0000000000000000
21 -8 -21 3fd999999999999a
21 -8 -14 3fe99999998221f7
21 -8 -7 3ff1d5a4f8849fc0
21 -8 0 3ff777776d5972f6
21 -8 7 3ff33333333022fc
21 -8 14 3fe7777777777778
21 -8 21 3fe1e87cfed4f915
21 -8 28 3fbec0e33b2088e0
21 -8 35 0000000000000000
21 -8 42 0000000000000000
21 -8 49 0000000000000000
21 -8 56 0000000000000000
21 -8 63 0000000000000000
21 -8 70 0000000000000000
21 -8 77 0000000000000000
21 -8 84 0000000000000000
21 -8 91 0000000000000000
21 -8 98 0000000000000000
21 -5 -70 0000000000000000
21 -5 -63 0000000000000000
21 -5 -56 0000000000000000
21 -5 -49 0000000000000000
21 -5 -42 0000000000000000
21 -5 -35 0000000000000000
21 -5 -28 0000000000000000
21 -5 -21 3fd999999999999a
21 -5 -14 3fe999999999999a
21 -5 -7 3ff06c977a8d54a4
21 -5 0 3ff4444444444444
21 -5 7 3ff0000000000000
21 -5 14 3fe1111111111111
21 -5 21 3fda523ee0517397
21 -5 28 3fabfa4ca2453640
21 -5 35 0000000000000000
21 -5 42 0000000000000000
21 -5 49 0000000000000000
21 -5 56 0000000000000000
21 -5 63 0000000000000000
21 -5 70 0000000000000000
21 -5 77 0000000000000000
21 -5 84 0000000000000000
21 -5 91 0000000000000000
21 -5 98 0000000000000000
21 -2 -70 0000000000000000
21 -2 -63 0000000000000000
21 -2 -56 0000000000000000
21 -2 -49 0000000000000000
21 -2 -42 0000000000000000
21 -2 -35 0000000000000000
21 -2 -28 0000000000000000
21 -2 -21 3fd999999999999a
21 -2 -14 3fe999999999999a
21 -2 -7 3fec85b918b8bb83
21 -2 0 3ff1111111111112
21 -2 7 3fe999999999999b
21 -2 14 3fd5555555555557
21 -2 21 3fcd7dbd304c74c0
21 -2 28 0000000000000000
21 -2 35 0000000000000000
21 -2 42 0000000000000000
21 -2 49 0000000000000000
21 -2 56 0000000000000000
21 -2 63 0000000000000000
21 -2 70 0000000000000000
21 -2 77 0000000000000000
21 -2 84 0000000000000000
21 -2 91 0000000000000000
21 -2 98 0000000000000000
21 1 -70 0000000000000000
21 1 -63 0000000000000000
21 1 -56 0000000000000000
21 1 -49 0000000000000000
21 1 -42 0000000000000000
21 1 -35 0000000000000000
21 1 -28 0000000000000000
21 1 -21 3fd999999999999a
21 1 -14 3fe999999999999a
21 1 -7 3fe999999999999a
21 1 0 3febbbbbbbbbbbbc
21 1 7 3fe3333333333334
21 1 14 3fc1111111111113
21 1 21 3fa46b8d16430167
21 1 28 0000000000000000
21 1 35 0000000000000000
21 1 42 0000000000000000
21 1 49 0000000000000000
21 1 56 0000000000000000
21 1 63 0000000000000000
21 1 70 0000000000000000
21 1 77 0000000000000000
21 1 84 0000000000000000
21 1 91 0000000000000000
21 1 98 0000000000000000
21 4 -70 0000000000000000
21 4 -63 0000000000000000
21 4 -56 0000000000000000
21 4 -49 0000000000000000
21 4 -42 0000000000000000
21 4 -35 0000000000000000
21 4 -28 0000000000000000
21 4 -21 3fd999999999999a
21 4 -14 3fe999999999999a
21 4 -7 3fe999999999999a
21 4 0 3fe999999999999a
21 4 7 3fe1111111111112
21 4 14 3fb1111111111113
21 4 21 0000000000000000
21 4 28 0000000000000000
21 4 35 0000000000000000
21 4 42 0000000000000000
21 4 49 0000000000000000
21 4 56 0000000000000000
21 4 63 0000000000000000
21 4 70 0000000000000000
21 4 77 0000000000000000
21 4 84 0000000000000000
21 4 91 0000000000000000
21 4 98 0000000000000000
21 7 -70 0000000000000000
21 7 -63 0000000000000000
21 7 -56 0000000000000000
21 7 -49 0000000000000000
21 7 -42 0000000000000000
21 7 -35 0000000000000000
21 7 -28 0000000000000000
21 7 -21 3fd837195ad2d1ca
21 7 -14 3fe5555555555556
21 7 -7 3fe5555555555556
21 7 0 3fe5555555555556
21 7 7 3fe00f37ad044a52
21 7 14 3fabfa4ca2453640
21 7 21 0000000000000000
21 7 28 0000000000000000
21 7 35 0000000000000000
21 7 42 0000000000000000
21 7 49 0000000000000000
21 7 56 0000000000000000
21 7 63 0000000000000000
21 7 70 0000000000000000
21 7 77 0000000000000000
21 7 84 0000000000000000
21 7 91 0000000000000000
21 7 98 0000000000000000
21 10 -70 0000000000000000
21 10 -63 0000000000000000
21 10 -56 0000000000000000
21 10 -49 0000000000000000
21 10 -42 0000000000000000
21 10 -35 0000000000000000
21 10 -28 0000000000000000
21 10 -21 3fd1e0531a56fb4d
21 10 -14 3fdddddddddddddd
21 10 -7 3fdddddddddddddd
21 10 0 3fdddddddddddddd
21 10 7 3fd7e147e4aaabbc
21 10 14 0000000000000000
21 10 21 0000000000000000
21 10 28 0000000000000000
21 10 35 0000000000000000
21 10 42 0000000000000000
21 10 49 0000000000000000
21 10 56 0000000000000000
21 10 63 0000000000000000
21 10 70 0000000000000000
21 10 77 0000000000000000
21 10 84 0000000000000000
21 10 91 0000000000000000
21 10 98 0000000000000000
21 13 -70 0000000000000000
21 13 -63 0000000000000000
21 13 -56 0000000000000000
21 13 -49 0000000000000000
21 13 -42 0000000000000000
21 13 -35 0000000000000000
21 13 -28 0000000000000000
21 13 -21 3fc1111111111110
21 13 -14 3fd1111111111112
21 13 -7 3fd1111111111112
21 13 0 3fd1111111111112
21 13 7 3fca135701bbec24
21 13 14 0000000000000000
21 13 21 0000000000000000
21 13 28 0000000000000000
21 13 35 0000000000000000
21 13 42 0000000000000000
21 13 49 0000000000000000
21 13 56 0000000000000000
21 13 63 0000000000000000
21 13 70 0000000000000000
21 13 77 0000000000000000
21 13 84 0000000000000000
21 13 91 0000000000000000
21 13 98 0000000000000000
21 16 -70 0000000000000000
21 16 -63 0000000000000000
21 16 -56 0000000000000000
21 16 -49 0000000000000000
21 16 -42 0000000000000000
21 16 -35 0000000000000000
21 16 -28 0000000000000000
21 16 -21 0000000000000000
21 16 -14 3fb1111111111113
21 16 -7 3fb1111111111113
21 16 0 3fb1111111111113
21 16 7 3f9428be3c41e21a
21 16 14 0000000000000000
21 16 21 0000000000000000
21 16 28 0000000000000000
21 16 35 0000000000000000
21 16 42 0000000000000000
21 16 49 0000000000000000
21 16 56 0000000000000000
21 16 63 0000000000000000
21 16 70 0000000000000000
21 16 77 0000000000000000
21 16 84 0000000000000000
21 16 91 0000000000000000
21 16 98 0000000000000000
21 19 -70 0000000000000000
21 19 -63 0000000000000000
21 19 -56 0000000000000000
21 19 -49 0000000000000000
21 19 -42 0000000000000000
21 19 -35 0000000000000000
21 19 -28 0000000000000000
21 19 -21 0000000000000000
21 19 -14 0000000000000000
21 19 -7 0000000000000000
21 19 0 0000000000000000
21 19 7 0000000000000000
21 19 14 0000000000000000
21 19 21 0000000000000000
21 19 28 0000000000000000
21 19 35 0000000000000000
21 19 42 0000000000000000
21 19 49 0000000000000000
21 19 56 0000000000000000
21 19 63 0000000000000000
21 19 70 0000000000000000
21 19 77 0000000000000000
21 19 84 0000000000000000
21 19 91 0000000000000000
21 19 98 0000000000000000
21 22 -70 0000000000000000
21 22 -63 0000000000000000
21 22 -56 0000000000000000
21 22 -49 0000000000000000
21 22 -42 0000000000000000
21 22 -35 0000000000000000
21 22 -28 0000000000000000
21 22 -21 0000000000000000
21 22 -14 0000000000000000
21 22 -7 0000000000000000
21 22 0 0000000000000000
21 22 7 0000000000000000
21 22 14 0000000000000000
21 22 21 0000000000000000
21 22 28 0000000000000000
21 22 35 0000000000000000
21 22 42 0000000000000000
21 22 49 0000000000000000
21 22 56 0000000000000000
21 22 63 0000000000000000
21 22 70 0000000000000000
21 22 77 0000000000000000
21 22 84 0000000000000000
21 22 91 0000000000000000
21 22 98 0000000000000000
21 25 -70 0000000000000000
21 25 -63 0000000000000000
21 25 -56 0000000000000000
21 25 -49 0000000000000000
21 25 -42 0000000000000000
21 25 -35 0000000000000000
21 25 -28 0000000000000000
21 25 -21 0000000000000000
21 25 -14 0000000000000000
21 25 -7 0000000000000000
21 25 0 0000000000000000
21 25 7 0000000000000000
21 25 14 0000000000000000
21 25 21 0000000000000000
21 25 28 0000000000000000
21 25 35 0000000000000000
21 25 42 0000000000000000
21 25 49 0000000000000000
21 25 56 0000000000000000
21 25 63 0000000000000000
21 25 70 0000000000000000
21 25 77 0000000000000000
21 25 84 0000000000000000
21 25 91 0000000000000000
21 25 98 0000000000000000
21 28 -70 0000000000000000
21 28 -63 0000000000000000
21 28 -56 0000000000000000
21 28 -49 0000000000000000
21 28 -42 0000000000000000
21 28 -35 0000000000000000
21 28 -28 0000000000000000
21 28 -21 0000000000000000
21 28 -14 0000000000000000
21 28 -7 0000000000000000
21 28 0 0000000000000000
21 28 7 0000000000000000
21 28 14 0000000000000000
21 28 21 0000000000000000
21 28 28 0000000000000000
21 28 35 0000000000000000
21 28 42 0000000000000000
21 28 49 0000000000000000
21 28 56 0000000000000000
21 28 63 0000000000000000
21 28 70 0000000000000000
21 28 77 0000000000000000
21 28 84 0000000000000000
21 28 91 0000000000000000
21 28 98 0000000000000000
21 31 -70 0000000000000000
21 31 -63 0000000000000000
21 31 -56 0000000000000000
21 31 -49 0000000000000000
21 31 -42 0000000000000000
21 31 -35 0000000000000000
21 31 -28 0000000000000000
21 31 -21 0000000000000000
21 31 -14 0000000000000000
21 31 -7 0000000000000000
21 31 0 0000000000000000
21 31 7 0000000000000000
21 31 14 0000000000000000
21 31 21 0000000000000000
21 31 28 0000000000000000
21 31 35 0000000000000000
21 31 42 0000000000000000
21 31 49 0000000000000000
21 31 56 0000000000000000
21 31 63 0000000000000000
21 31 70 0000000000000000
21 31 77 0000000000000000
21 31 84 0000000000000000
21 31 91 0000000000000000
21 31 98 0000000000000000
21 34 -70 0000000000000000
21 34 -63 0000000000000000
21 34 -56 0000000000000000
21 34 -49 0000000000000000
21 34 -42 0000000000000000
21 34 -35 0000000000000000
21 34 -28 0000000000000000
21 34 -21 0000000000000000
21 34 -14 0000000000000000
21 34 -7 0000000000000000
21 34 0 0000000000000000
21 34 7 0000000000000000
21 34 14 0000000000000000
21 34 21 0000000000000000
21 34 28 0000000000000000
21 34 35 0000000000000000
21 34 42 0000000000000000
21 34 49 0000000000000000
21 34 56 0000000000000000
21 34 63 0000000000000000
21 34 70 0000000000000000
21 34 77 0000000000000000
21 34 84 0000000000000000
21 34 91 0000000000000000
21 34 98 0000000000000000
21 37 -70 0000000000000000
21 37 -63 0000000000000000
21 37 -56 0000000000000000
21 37 -49 0000000000000000
21 37 -42 0000000000000000
21 37 -35 0000000000000000
21 37 -28 0000000000000000
21 37 -21 0000000000000000
21 37 -14 0000000000000000
21 37 -7 0000000000000000
21 37 0 0000000000000000
21 37 7 0000000000000000
21 37 14 0000000000000000
21 37 21 0000000000000000
21 37 28 0000000000000000
21 37 35 0000000000000000
21 37 42 0000000000000000
21 37 49 0000000000000000
21 37 56 0000000000000000
21 37 63 0000000000000000
21 37 70 0000000000000000
21 37 77 0000000000000000
21 37 84 0000000000000000
21 37 91 0000000000000000
21 37 98 0000000000000000
21 40 -70 0000000000000000
21 40 -63 0000000000000000
21 40 -56 0000000000000000
21 40 -49 0000000000000000
21 40 -42 0000000000000000
21 40 -35 0000000000000000
21 40 -28 0000000000000000
21 40 -21 0000000000000000
21 40 -14 0000000000000000
21 40 -7 0000000000000000
21 40 0 0000000000000000
21 40 7 0000000000000000
21 40 14 0000000000000000
21 40 21 0000000000000000
21 40 28 0000000000000000
21 40 35 0000000000000000
21 40 42 0000000000000000
21 40 49 0000000000000000
21 40 56 0000000000000000
21 40 63 0000000000000000
21 40 70 0000000000000000
21 40 77 0000000000000000
21 40 84 0000000000000000
21 40 91 0000000000000000
21 40 98 0000000000000000
21 43 -70 0000000000000000
21 43 -63 0000000000000000
21 43 -56 0000000000000000
21 43 -49 0000000000000000
21 43 -42 0000000000000000
21 43 -35 0000000000000000
21 43 -28 0000000000000000
21 43 -21 0000000000000000
21 43 -14 0000000000000000
21 43 -7 0000000000000000
21 43 0 0000000000000000
21 43 7 0000000000000000
21 43 14 0000000000000000
21 43 21 0000000000000000
21 43 28 0000000000000000
21 43 35 0000000000000000
21 43 42 0000000000000000
21 43 49 0000000000000000
21 43 56 0000000000000000
21 43 63 0000000000000000
21 43 70 0000000000000000
21 43 77 0000000000000000
21 43 84 0000000000000000
21 43 91 0000000000000000
21 43 98 0000000000000000
28 -95 -70 0000000000000000
28 -95 -63 0000000000000000
28 -95 -56 0000000000000000
28 -95 -49 0000000000000000
28 -95 -42 0000000000000000
28 -95 -35 0000000000000000
28 -95 -28 0000000000000000
28 -95 -21 0000000000000000
28 -95 -14 0000000000000000
28 -95 -7 0000000000000000
28 -95 0 0000000000000000
28 -95 7 0000000000000000
28 -95 14 0000000000000000
28 -95 21 0000000000000000
28 -95 28 0000000000000000
28 -95 35 0000000000000000
28 -95 42 0000000000000000
28 -95 49 0000000000000000
28 -95 56 0000000000000000
28 -95 63 0000000000000000
28 -95 70 0000000000000000
28 -95 77 0000000000000000
28 -95 84 0000000000000000
28 -95 91 0000000000000000
28 -95 98 0000000000000000
28 -92 -70 0000000000000000
28 -92 -63 0000000000000000
28 -92 -56 0000000000000000
28 -92 -49 0000000000000000
28 -92 -42 0000000000000000
28 -92 -35 0000000000000000
28 -92 -28 0000000000000000
28 -92 -21 0000000000000000
28 -92 -14 0000000000000000
28 -92 -7 0000000000000000
28 -92 0 0000000000000000
28 -92 7 0000000000000000
28 -92 14 0000000000000000
28 -92 21 0000000000000000
28 -92 28 0000000000000000
28 -92 35 0000000000000000
28 -92 42 0000000000000000
28 -92 49 0000000000000000
28 -92 56 0000000000000000
28 -92 63 0000000000000000
28 -92 70 0000000000000000
28 -92 77 0000000000000000
28 -92 84 0000000000000000
28 -92 91 0000000000000000
28 -92 98 0000000000000000
28 -89 -70 0000000000000000
28 -89 -63 0000000000000000
28 -89 -56 0000000000000000
28 -89 -49 0000000000000000
28 -89 -42 0000000000000000
28 -89 -35 0000000000000000
28 -89 -28 0000000000000000
28 -89 -21 0000000000000000
28 -89 -14 0000000000000000
28 -89 -7 0000000000000000
28 -89 0 0000000000000000
28 -89 7 0000000000000000
28 -89 14 0000000000000000
28 -89 21 0000000000000000
28 -89 28 0000000000000000
28 -89 35 0000000000000000
28 -89 42 0000000000000000
28 -89 49 0000000000000000
28 -89 56 0000000000000000
28 -89 63 0000000000000000
28 -89 70 0000000000000000
28 -89 77 0000000000000000
28 -89 84 0000000000000000
28 -89 91 0000000000000000
28 -89 98 0000000000000000
28 -86 -70 0000000000000000
28 -86 -63 0000000000000000
28 -86 -56 0000000000000000
28 -86 -49 0000000000000000
28 -86 -42 0000000000000000
28 -86 -35 0000000000000000
28 -86 -28 0000000000000000
28 -86 -21 0000000000000000
28 -86 -14 0000000000000000
28 -86 -7 0000000000000000
28 -86 0 0000000000000000
28 -86 7 0000000000000000
28 -86 14 0000000000000000
28 -86 21 0000000000000000
28 -86 28 0000000000000000
28 -86 35 0000000000000000
28 -86 42 0000000000000000
28 -86 49 0000000000000000
28 -86 56 0000000000000000
28 -86 63 0000000000000000
28 -86 70 0000000000000000
28 -86 77 0000000000000000
28 -86 84 0000000000000000
28 -86 91 0000000000000000
28 -86 98 0000000000000000
28 -83 -70 0000000000000000
28 -83 -63 0000000000000000
28 -83 -56 0000000000000000
28 -83 -49 0000000000000000
28 -83 -42 0000000000000000
28 -83 -35 0000000000000000
28 -83 -28 0000000000000000
28 -83 -21 0000000000000000
28 -83 -14 0000000000000000
28 -83 -7 0000000000000000
28 -83 0 0000000000000000
28 -83 7 0000000000000000
28 -83 14 0000000000000000
28 -83 21 0000000000000000
28 -83 28 0000000000000000
28 -83 35 0000000000000000
28 -83 42 0000000000000000
28 -83 49 0000000000000000
28 -83 56 0000000000000000
28 -83 63 0000000000000000
28 -83 70 0000000000000000
28 -83 77 0000000000000000
28 -83 84 0000000000000000
28 -83 91 0000000000000000
28 -83 98 0000000000000000
28 -80 -70 0000000000000000
28 -80 -63 0000000000000000
28 -80 -56 0000000000000000
28 -80 -49 0000000000000000
28 -80 -42 0000000000000000
28 -80 -35 0000000000000000
28 -80 -28 0000000000000000
28 -80 -21 0000000000000000
28 -80 -14 0000000000000000
28 -80 -7 0000000000000000
28 -80 0 0000000000000000
28 -80 7 0000000000000000
28 -80 14 0000000000000000
28 -80 21 0000000000000000
28 -80 28 0000000000000000
28 -80 35 0000000000000000
28 -80 42 0000000000000000
28 -80 49 0000000000000000
28 -80 56 0000000000000000
28 -80 63 0000000000000000
28 -80 70 0000000000000000
28 -80 77 0000000000000000
28 -80 84 0000000000000000
28 -80 91 0000000000000000
28 -80 98 0000000000000000
28 -77 -70 0000000000000000
28 -77 -63 0000000000000000
28 -77 -56 0000000000000000
28 -77 -49 0000000000000000
28 -77 -42 0000000000000000
28 -77 -35 0000000000000000
28 -77 -28 0000000000000000
28 -77 -21 0000000000000000
28 -77 -14 0000000000000000
28 -77 -7 0000000000000000
28 -77 0 0000000000000000
28 -77 7 0000000000000000
28 -77 14 0000000000000000
28 -77 21 0000000000000000
28 -77 28 0000000000000000
28 -77 35 0000000000000000
28 -77 42 0000000000000000
28 -77 49 0000000000000000
28 -77 56 0000000000000000
28 -77 63 0000000000000000
28 -77 70 0000000000000000
28 -77 77 0000000000000000
28 -77 84 0000000000000000
28 -77 91 0000000000000000
28 -77 98 0000000000000000
28 -74 -70 0000000000000000
28 -74 -63 0000000000000000
28 -74 -56 0000000000000000
28 -74 -49 0000000000000000
28 -74 -42 0000000000000000
28 -74 -35 0000000000000000
28 -74 -28 0000000000000000
28 -74 -21 0000000000000000
28 -74 -14 0000000000000000
28 -74 -7 0000000000000000
28 -74 0 0000000000000000
28 -74 7 0000000000000000
28 -74 14 0000000000000000
28 -74 21 0000000000000000
28 -74 28 0000000000000000
28 -74 35 0000000000000000
28 -74 42 0000000000000000
28 -74 49 0000000000000000
28 -74 56 0000000000000000
28 -74 63 0000000000000000
28 -74 70 0000000000000000
28 -74 77 0000000000000000
28 -74 84 0000000000000000
28 -74 91 0000000000000000
28 -74 98 0000000000000000
28 -71 -70 0000000000000000
28 -71 -63 0000000000000000
28 -71 -56 0000000000000000
28 -71 -49 0000000000000000
28 -71 -42 0000000000000000
28 -71 -35 0000000000000000
28 -71 -28 0000000000000000
28 -71 -21 0000000000000000
28 -71 -14 0000000000000000
28 -71 -7 0000000000000000
28 -71 0 0000000000000000
28 -71 7 0000000000000000
28 -71 14 0000000000000000
28 -71 21 0000000000000000
28 -71 28 0000000000000000
28 -71 35 0000000000000000
28 -71 42 0000000000000000
28 -71 49 0000000000000000
28 -71 56 0000000000000000
28 -71 63 0000000000000000
28 -71 70 0000000000000000
28 -71 77 0000000000000000
28 -71 84 0000000000000000
28 -71 91 0000000000000000
28 -71 98 0000000000000000
28 -68 -70 0000000000000000
28 -68 -63 0000000000000000
28 -68 -56 0000000000000000
28 -68 -49 0000000000000000
28 -68 -42 0000000000000000
28 -68 -35 0000000000000000
28 -68 -28 0000000000000000
28 -68 -21 0000000000000000
28 -68 -14 0000000000000000
28 -68 -7 0000000000000000
28 -68 0 0000000000000000
28 -68 7 0000000000000000
28 -68 14 0000000000000000
28 -68 21 0000000000000000
28 -68 28 0000000000000000
28 -68 35 0000000000000000
28 -68 42 0000000000000000
28 -68 49 0000000000000000
28 -68 56 0000000000000000
28 -68 63 0000000000000000
28 -68 70 0000000000000000
28 -68 77 0000000000000000
28 -68 84 0000000000000000
28 -68 91 0000000000000000
28 -68 98 0000000000000000
28 -65 -70 0000000000000000
28 -65 -63 0000000000000000
28 -65 -56 0000000000000000
28 -65 -49 0000000000000000
28 -65 -42 0000000000000000
28 -65 -35 0000000000000000
28 -65 -28 0000000000000000
28 -65 -21 0000000000000000
28 -65 -14 0000000000000000
28 -65 -7 0000000000000000
28 -65 0 0000000000000000
28 -65 7 0000000000000000
28 -65 14 0000000000000000
28 -65 21 0000000000000000
28 -65 28 0000000000000000
28 -65 35 0000000000000000
28 -65 42 0000000000000000
28 -65 49 0000000000000000
28 -65 56 0000000000000000
28 -65 63 0000000000000000
28 -65 70 0000000000000000
28 -65 77 0000000000000000
28 -65 84 0000000000000000
28 -65 91 0000000000000000
28 -65 98 0000000000000000
28 -62 -70 0000000000000000
28 -62 -63 0000000000000000
28 -62 -56 0000000000000000
28 -62 -49 0000000000000000
28 -62 -42 0000000000000000
28 -62 -35 0000000000000000
28 -62 -28 0000000000000000
28 -62 -21 0000000000000000
28 -62 -14 0000000000000000
28 -62 -7 0000000000000000
28 -62 0 0000000000000000
28 -62 7 0000000000000000
28 -62 14 0000000000000000
28 -62 21 0000000000000000
28 -62 28 0000000000000000
28 -62 35 0000000000000000
28 -62 42 0000000000000000
28 -62 49 0000000000000000
28 -62 56 0000000000000000
28 -62 63 0000000000000000
28 -62 70 0000000000000000
28 -62 77 0000000000000000
28 -62 84 0000000000000000
28 -62 91 0000000000000000
28 -62 98 0000000000000000
28 -59 -70 0000000000000000
28 -59 -63 0000000000000000
28 -59 -56 0000000000000000
28 -59 -49 0000000000000000
28 -59 -42 0000000000000000
28 -59 -35 0000000000000000
28 -59 -28 0000000000000000
28 -59 -21 0000000000000000
28 -59 -14 0000000000000000
28 -59 -7 0000000000000000
28 -59 0 0000000000000000
28 -59 7 0000000000000000
28 -59 14 0000000000000000
28 -59 21 0000000000000000
28 -59 28 0000000000000000
28 -59 35 0000000000000000
28 -59 42 0000000000000000
28 -59 49 0000000000000000
28 -59 56 0000000000000000
28 -59 63 0000000000000000
28 -59 70 0000000000000000
28 -59 77 0000000000000000
28 -59 84 0000000000000000
28 -59 91 0000000000000000
28 -59 98 0000000000000000
28 -56 -70 0000000000000000
28 -56 -63 0000000000000000
28 -56 -56 0000000000000000
28 -56 -49 0000000000000000
28 -56 -42 0000000000000000
28 -56 -35 0000000000000000
28 -56 -28 0000000000000000
28 -56 -21 0000000000000000
28 -56 -14 0000000000000000
28 -56 -7 0000000000000000
28 -56 0 0000000000000000
28 -56 7 0000000000000000
28 -56 14 0000000000000000
28 -56 21 0000000000000000
28 -56 28 0000000000000000
28 -56 35 0000000000000000
28 -56 42 0000000000000000
28 -56 49 0000000000000000
28 -56 56 0000000000000000
28 -56 63 0000000000000000
28 -56 70 0000000000000000
28 -56 77 0000000000000000
28 -56 84 0000000000000000
28 -56 91 0000000000000000
28 -56 98 0000000000000000
28 -53 -70 0000000000000000
28 -53 -63 0000000000000000
28 -53 -56 0000000000000000
28 -53 -49 0000000000000000
28 -53 -42 0000000000000000
28 -53 -35 0000000000000000
28 -53 -28 0000000000000000
28 -53 -21 0000000000000000
28 -53 -14 0000000000000000
28 -53 -7 0000000000000000
28 -53 0 0000000000000000
28 -53 7 0000000000000000
28 -53 14 0000000000000000
28 -53 21 0000000000000000
28 -53 28 0000000000000000
28 -53 35 0000000000000000
28 -53 42 0000000000000000
28 -53 49 0000000000000000
28 -53 56 0000000000000000
28 -53 63 0000000000000000
28 -53 70 0000000000000000
28 -53 77 0000000000000000
28 -53 84 0000000000000000
28 -53 91 0000000000000000
28 -53 98 0000000000000000
28 -50 -70 0000000000000000
28 -50 -63 0000000000000000
28 -50 -56 0000000000000000
28 -50 -49 0000000000000000
28 -50 -42 0000000000000000
28 -50 -35 0000000000000000
28 -50 -28 0000000000000000
28 -50 -21 0000000000000000
28 -50 -14 0000000000000000
28 -50 -7 0000000000000000
28 -50 0 0000000000000000
28 -50 7 0000000000000000
28 -50 14 0000000000000000
28 -50 21 0000000000000000
28 -50 28 0000000000000000
28 -50 35 0000000000000000
28 -50 42 0000000000000000
28 -50 49 0000000000000000
28 -50 56 0000000000000000
28 -50 63 0000000000000000
28 -50 70 0000000000000000
28 -50 77 0000000000000000
28 -50 84 0000000000000000
28 -50 91 0000000000000000
28 -50 98 0000000000000000
28 -47 -70 0000000000000000
28 -47 -63 0000000000000000
28 -47 -56 0000000000000000
28 -47 -49 0000000000000000
28 -47 -42 0000000000000000
28 -47 -35 0000000000000000
28 -47 -28 0000000000000000
28 -47 -21 0000000000000000
28 -47 -14 0000000000000000
28 -47 -7 0000000000000000
28 -47 0 0000000000000000
28 -47 7 0000000000000000
28 -47 14 0000000000000000
28 -47 21 0000000000000000
28 -47 28 0000000000000000
28 -47 35 0000000000000000
28 -47 42 0000000000000000
28 -47 49 0000000000000000
28 -47 56 0000000000000000
28 -47 63 0000000000000000
28 -47 70 0000000000000000
28 -47 77 0000000000000000
28 -47 84 0000000000000000
28 -47 91 0000000000000000
28 -47 98 0000000000000000
28 -44 -70 0000000000000000
28 -44 -63 0000000000000000
28 -44 -56 0000000000000000
28 -44 -49 0000000000000000
28 -44 -42 0000000000000000
28 -44 -35 0000000000000000
28 -44 -28 0000000000000000
28 -44 -21 0000000000000000
28 -44 -14 0000000000000000
28 -44 -7 0000000000000000
28 -44 0 0000000000000000
28 -44 7 0000000000000000
28 -44 14 0000000000000000
28 -44 21 0000000000000000
28 -44 28 0000000000000000
28 -44 35 0000000000000000
28 -44 42 0000000000000000
28 -44 49 0000000000000000
28 -44 56 0000000000000000
28 -44 63 0000000000000000
28 -44 70 0000000000000000
28 -44 77 0000000000000000
28 -44 84 0000000000000000
28 -44 91 0000000000000000
28 -44 98 0000000000000000
28 -41 -70 0000000000000000
28 -41 -63 0000000000000000
28 -41 -56 0000000000000000
28 -41 -49 0000000000000000
28 -41 -42 0000000000000000
28 -41 -35 0000000000000000
28 -41 -28 0000000000000000
28 -41 -21 0000000000000000
28 -41 -14 0000000000000000
28 -41 -7 0000000000000000
28 -41 0 0000000000000000
28 -41 7 0000000000000000
28 -41 14 0000000000000000
28 -41 21 0000000000000000
28 -41 28 0000000000000000
28 -41 35 0000000000000000
28 -41 42 0000000000000000
28 -41 49 0000000000000000
28 -41 56 0000000000000000
28 -41 63 0000000000000000
28 -41 70 0000000000000000
28 -41 77 0000000000000000
28 -41 84 0000000000000000
28 -41 91 0000000000000000
28 -41 98 0000000000000000
28 -38 -70 0000000000000000
28 -38 -63 0000000000000000
28 -38 -56 0000000000000000
28 -38 -49 0000000000000000
28 -38 -42 0000000000000000
28 -38 -35 0000000000000000
28 -38 -28 0000000000000000
28 -38 -21 0000000000000000
28 -38 -14 0000000000000000
28 -38 -7 0000000000000000
28 -38 0 3fc1111111111110
28 -38 7 3fc1111111111110
28 -38 14 3fc1111111111110
28 -38 21 3fba9e67a3bbf5a0
28 -38 28 0000000000000000
28 -38 35 0000000000000000
28 -38 42 0000000000000000
28 -38 49 0000000000000000
28 -38 56 0000000000000000
28 -38 63 0000000000000000
28 -38 70 0000000000000000
28 -38 77 0000000000000000
28 -38 84 0000000000000000
28 -38 91 0000000000000000
28 -38 98 0000000000000000
28 -35 -70 0000000000000000
28 -35 -63 0000000000000000
28 -35 -56 0000000000000000
28 -35 -49 0000000000000000
28 -35 -42 0000000000000000
28 -35 -35 0000000000000000
28 -35 -28 0000000000000000
28 -35 -21 0000000000000000
28 -35 -14 0000000000000000
28 -35 -7 3fc1ec9f926942e3
28 -35 0 3fd5555555555555
28 -35 7 3fd5555555555555
28 -35 14 3fd5555555555555
28 -35 21 3fd2b4beb179d922
28 -35 28 0000000000000000
28 -35 35 0000000000000000
28 -35 42 0000000000000000
28 -35 49 0000000000000000
28 -35 56 0000000000000000
28 -35 63 0000000000000000
28 -35 70 0000000000000000
28 -35 77 0000000000000000
28 -35 84 0000000000000000
28 -35 91 0000000000000000
28 -35 98 0000000000000000
28 -32 -70 0000000000000000
28 -32 -63 0000000000000000
28 -32 -56 0000000000000000
28 -32 -49 0000000000000000
28 -32 -42 0000000000000000
28 -32 -35 0000000000000000
28 -32 -28 0000000000000000
28 -32 -21 0000000000000000
28 -32 -14 0000000000000000
28 -32 -7 3fd0cd1089da2d33
28 -32 0 3fe1111111111112
28 -32 7 3fe1111111111112
28 -32 14 3fe1111111111112
28 -32 21 3fdddddddddddddd
28 -32 28 3fb4fc830b7033a0
28 -32 35 0000000000000000
28 -32 42 0000000000000000
28 -32 49 0000000000000000
28 -32 56 0000000000000000
28 -32 63 0000000000000000
28 -32 70 0000000000000000
28 -32 77 0000000000000000
28 -32 84 0000000000000000
28 -32 91 0000000000000000
28 -32 98 0000000000000000
28 -29 -70 0000000000000000
28 -29 -63 0000000000000000
28 -29 -56 0000000000000000
28 -29 -49 0000000000000000
28 -29 -42 0000000000000000
28 -29 -35 0000000000000000
28 -29 -28 0000000000000000
28 -29 -21 3fb4321e4a5dc04d
28 -29 -14 3fc9999fd3a9f65a
28 -29 -7 3fe0ecb16432c073
28 -29 0 3feddf64476ed32e
28 -29 7 3fec0e4757beac48
28 -29 14 3fe7777777777778
28 -29 21 3fe2da932381813f
28 -29 28 3fc0a41c99039157
28 -29 35 0000000000000000
28 -29 42 0000000000000000
28 -29 49 0000000000000000
28 -29 56 0000000000000000
28 -29 63 0000000000000000
28 -29 70 0000000000000000
28 -29 77 0000000000000000
28 -29 84 0000000000000000
28 -29 91 0000000000000000
28 -29 98 0000000000000000
28 -26 -70 0000000000000000
28 -26 -63 0000000000000000
28 -26 -56 0000000000000000
28 -26 -49 0000000000000000
28 -26 -42 0000000000000000
28 -26 -35 0000000000000000
28 -26 -28 0000000000000000
28 -26 -21 3fcdfe051e68da40
28 -26 -14 3fd999cac8e1604d
28 -26 -7 3fe7a45ade6ad48e
28 -26 0 3ff340eb3bb1cdfb
28 -26 7 3ff1e8801839a29b
28 -26 14 3fe999999999999a
28 -26 21 3fe3333333333334
28 -26 28 3fc1111111111110
28 -26 35 0000000000000000
28 -26 42 0000000000000000
28 -26 49 0000000000000000
28 -26 56 0000000000000000
28 -26 63 0000000000000000
28 -26 70 0000000000000000
28 -26 77 0000000000000000
28 -26 84 0000000000000000
28 -26 91 0000000000000000
28 -26 98 0000000000000000
28 -23 -70 0000000000000000
28 -23 -63 0000000000000000
28 -23 -56 0000000000000000
28 -23 -49 0000000000000000
28 -23 -42 0000000000000000
28 -23 -35 0000000000000000
28 -23 -28 0000000000000000
28 -23 -21 3fd6940d6d73455a
28 -23 -14 3fe333937a1375f7
28 -23 -7 3feebc196f59a746
28 -23 0 3ff6a7294eb54e1e
28 -23 7 3ff444503f2fae99
28 -23 14 3feae0526afdc9b0
28 -23 21 3fe3333333333334
28 -23 28 3fc1111111111110
28 -23 35 0000000000000000
28 -23 42 0000000000000000
28 -23 49 0000000000000000
28 -23 56 0000000000000000
28 -23 63 0000000000000000
28 -23 70 0000000000000000
28 -23 77 0000000000000000
28 -23 84 0000000000000000
28 -23 91 0000000000000000
28 -23 98 0000000000000000
28 -20 -70 0000000000000000
28 -20 -63 0000000000000000
28 -20 -56 0000000000000000
28 -20 -49 0000000000000000
28 -20 -42 0000000000000000
28 -20 -35 0000000000000000
28 -20 -28 0000000000000000
28 -20 -21 3fd999999999999a
28 -20 -14 3fe999b8538924d7
28 -20 -7 3ff24d6b0a5114bc
28 -20 0 3ff9b1614a71b3cc
28 -20 7 3ff555591d8927c4
28 -20 14 3febbbbbbbbbbbbc
28 -20 21 3fe3333333333334
28 -20 28 3fc1111111111110
28 -20 35 0000000000000000
28 -20 42 0000000000000000
28 -20 49 0000000000000000
28 -20 56 0000000000000000
28 -20 63 0000000000000000
28 -20 70 0000000000000000
28 -20 77 0000000000000000
28 -20 84 0000000000000000
28 -20 91 0000000000000000
28 -20 98 0000000000000000
28 -17 -70 0000000000000000
28 -17 -63 0000000000000000
28 -17 -56 0000000000000000
28 -17 -49 0000000000000000
28 -17 -42 0000000000000000
28 -17 -35 0000000000000000
28 -17 -28 0000000000000000
28 -17 -21 3fd999999999999a
28 -17 -14 3fe99932dc229c6a
28 -17 -7 3ff1a1086de45a8e
28 -17 0 3ff9503d59d5f567
28 -17 7 3ff555489dda135a
28 -17 14 3febbbbbbbbbbbbc
28 -17 21 3fe3333333333334
28 -17 28 3fc1111111111110
28 -17 35 0000000000000000
28 -17 42 0000000000000000
28 -17 49 0000000000000000
28 -17 56 0000000000000000
28 -17 63 0000000000000000
28 -17 70 0000000000000000
28 -17 77 0000000000000000
28 -17 84 0000000000000000
28 -17 91 0000000000000000
28 -17 98 0000000000000000
28 -14 -70 0000000000000000
28 -14 -63 0000000000000000
28 -14 -56 0000000000000000
28 -14 -49 0000000000000000
28 -14 -42 0000000000000000
28 -14 -35 0000000000000000
28 -14 -28 0000000000000000
28 -14 -21 3fd999999999999a
28 -14 -14 3fe9996bb4495ca1
28 -14 -7 3ff1f53c0cfe3224
28 -14 0 3ff97e82bbe17777
28 -14 7 3ff5554f932d03b4
28 -14 14 3febbbbbbbbbbbbc
28 -14 21 3fe3333333333334
28 -14 28 3fc1111111111110
28 -14 35 0000000000000000
28 -14 42 0000000000000000
28 -14 49 0000000000000000
28 -14 56 0000000000000000
28 -14 63 0000000000000000
28 -14 70 0000000000000000
28 -14 77 0000000000000000
28 -14 84 0000000000000000
28 -14 91 0000000000000000
28 -14 98 0000000000000000
28 -11 -70 0000000000000000
28 -11 -63 0000000000000000
28 -11 -56 0000000000000000
28 -11 -49 0000000000000000
28 -11 -42 0000000000000000
28 -11 -35 0000000000000000
28 -11 -28 0000000000000000
28 -11 -21 3fd999999999999a
28 -11 -14 3fe999951974106f
28 -11 -7 3ff21e7542c11e36
28 -11 0 3ff99750003f5d43
28 -11 7 3ff55554c2a30513
28 -11 14 3febbbbbbbbbbbbc
28 -11 21 3fe3333333333334
28 -11 28 3fc1111111111110
28 -11 35 0000000000000000
28 -11 42 0000000000000000
28 -11 49 0000000000000000
28 -11 56 0000000000000000
28 -11 63 0000000000000000
28 -11 70 0000000000000000
28 -11 77 0000000000000000
28 -11 84 0000000000000000
28 -11 91 0000000000000000
28 -11 98 0000000000000000
28 -8 -70 0000000000000000
28 -8 -63 0000000000000000
28 -8 -56 0000000000000000
28 -8 -49 0000000000000000
28 -8 -42 0000000000000000
28 -8 -35 0000000000000000
28 -8 -28 0000000000000000
28 -8 -21 3fd999999999999a
28 -8 -14 3fe9999979d13d51
28 -8 -7 3ff1d58dcc4d4f43
28 -8 0 3ff77768cddbc8c1
28 -8 7 3ff333332f189e63
28 -8 14 3fe7777777777778
28 -8 21 3fe1e87cfed4f915
28 -8 28 3fbec0e33b2088e0
28 -8 35 0000000000000000
28 -8 42 0000000000000000
28 -8 49 0000000000000000
28 -8 56 0000000000000000
28 -8 63 0000000000000000
28 -8 70 0000000000000000
28 -8 77 0000000000000000
28 -8 84 0000000000000000
28 -8 91 0000000000000000
28 -8 98 0000000000000000
28 -5 -70 0000000000000000
28 -5 -63 0000000000000000
28 -5 -56 0000000000000000
28 -5 -49 0000000000000000
28 -5 -42 0000000000000000
28 -5 -35 0000000000000000
28 -5 -28 0000000000000000
28 -5 -21 3fd999999999999a
28 -5 -14 3fe999999999999a
28 -5 -7 3ff06c977a8d54a4
28 -5 0 3ff4444444444444
28 -5 7 3ff0000000000000
28 -5 14 3fe1111111111111
28 -5 21 3fda523ee0517397
28 -5 28 3fabfa4ca2453640
28 -5 35 0000000000000000
28 -5 42 0000000000000000
28 -5 49 0000000000000000
28 -5 56 0000000000000000
28 -5 63 0000000000000000
28 -5 70 0000000000000000
28 -5 77 0000000000000000
28 -5 84 0000000000000000
28 -5 91 0000000000000000
28 -5 98 0000000000000000
28 -2 -70 0000000000000000
28 -2 -63 0000000000000000
28 -2 -56 0000000000000000
28 -2 -49 0000000000000000
28 -2 -42 0000000000000000
28 -2 -35 0000000000000000
28 -2 -28 0000000000000000
28 -2 -21 3fd999999999999a
28 -2 -14 3fe999999999999a
28 -2 -7 3fec85b918b8bb83
28 -2 0 3ff1111111111112
28 -2 7 3fe999999999999b
28 -2 14 3fd5555555555557
28 -2 21 3fcd7dbd304c74c0
28 -2 28 0000000000000000
28 -2 35 0000000000000000
28 -2 42 0000000000000000
28 -2 49 0000000000000000
28 -2 56 0000000000000000
28 -2 63 0000000000000000
28 -2 70 0000000000000000
28 -2 77 0000000000000000
28 -2 84 0000000000000000
28 -2 91 0000000000000000
28 -2 98 0000000000000000
28 1 -70 0000000000000000
28 1 -63 0000000000000000
28 1 -56 0000000000000000
28 1 -49 0000000000000000
28 1 -42 0000000000000000
28 1 -35 0000000000000000
28 1 -28 0000000000000000
28 1 -21 3fd999999999999a
28 1 -14 3fe999999999999a
28 1 -7 3fe999999999999a
28 1 0 3febbbbbbbbbbbbc
28 1 7 3fe3333333333334
28 1 14 3fc1111111111113
28 1 21 3fa46b8d16430167
28 1 28 0000000000000000
28 1 35 0000000000000000
28 1 42 0000000000000000
28 1 49 0000000000000000
28 1 56 0000000000000000
28 1 63 0000000000000000
28 1 70 0000000000000000
28 1 77 0000000000000000
28 1 84 0000000000000000
28 1 91 0000000000000000
28 1 98 0000000000000000
28 4 -70 0000000000000000
28 4 -63 0000000000000000
28 4 -56 0000000000000000
28 4 -49 0000000000000000
28 4 -42 0000000000000000
28 4 -35 0000000000000000
28 4 -28 0000000000000000
28 4 -21 3fd999999999999a
28 4 -14 3fe999999999999a
28 4 -7 3fe999999999999a
28 4 0 3fe999999999999a
28 4 7 3fe1111111111112
28 4 14 3fb1111111111113
28 4 21 0000000000000000
28 4 28 0000000000000000
28 4 35 0000000000000000
28 4 42 0000000000000000
28 4 49 0000000000000000
28 4 56 0000000000000000
28 4 63 0000000000000000
28 4 70 0000000000000000
28 4 77 0000000000000000
28 4 84 0000000000000000
28 4 91 0000000000000000
28 4 98 0000000000000000
28 7 -70 0000000000000000
28 7 -63 0000000000000000
28 7 -56 0000000000000000
28 7 -49 0000000000000000
28 7 -42 0000000000000000
28 7 -35 0000000000000000
28 7 -28 0000000000000000
28 7 -21 3fd837195ad2d1ca
28 7 -14 3fe5555555555556
28 7 -7 3fe5555555555556
28 7 0 3fe5555555555556
28 7 7 3fe00f37ad044a52
28 7 14 3fabfa4ca2453640
28 7 21 0000000000000000
28 7 28 0000000000000000
28 7 35 0000000000000000
28 7 42 0000000000000000
28 7 49 0000000000000000
28 7 56 0000000000000000
28 7 63 0000000000000000
28 7 70 0000000000000000
28 7 77 0000000000000000
28 7 84 0000000000000000
28 7 91 0000000000000000
28 7 98 0000000000000000
28 10 -70 0000000000000000
28 10 -63 0000000000000000
28 10 -56 0000000000000000
28 10 -49 0000000000000000
28 10 -42 0000000000000000
28 10 -35 0000000000000000
28 10 -28 0000000000000000
28 10 -21 3fd1e0531a56fb4d
28 10 -14 3fdddddddddddddd
28 10 -7 3fdddddddddddddd
28 10 0 3fdddddddddddddd
28 10 7 3fd7e147e4aaabbc
28 10 14 0000000000000000
28 10 21 0000000000000000
28 10 28 0000000000000000
28 10 35 0000000000000000
28 10 42 0000000000000000
28 10 49 0000000000000000
28 10 56 0000000000000000
28 10 63 0000000000000000
28 10 70 0000000000000000
28 10 77 0000000000000000
28 10 84 0000000000000000
28 10 91 0000000000000000
28 10 98 0000000000000000
28 13 -70 0000000000000000
28 13 -63 0000000000000000
28 13 -56 0000000000000000
28 13 -49 0000000000000000
28 13 -42 0000000000000000
28 13 -35 0000000000000000
28 13 -28 0000000000000000
28 13 -21 3fc1111111111110
28 13 -14 3fd1111111111112
28 13 -7 3fd1111111111112
28 13 0 3fd1111111111112
28 13 7 3fca135701bbec24
28 13 14 0000000000000000
28 13 21 0000000000000000
28 13 28 0000000000000000
28 13 35 0000000000000000
28 13 42 0000000000000000
28 13 49 0000000000000000
28 13 56 0000000000000000
28 13 63 0000000000000000
28 13 70 0000000000000000
28 13 77 0000000000000000
28 13 84 0000000000000000
28 13 91 0000000000000000
28 13 98 0000000000000000
28 16 -70 0000000000000000
28 16 -63 0000000000000000
28 16 -56 0000000000000000
28 16 -49 0000000000000000
28 16 -42 0000000000000000
28 16 -35 0000000000000000
28 16 -28 0000000000000000
28 16 -21 0000000000000000
28 16 -14 3fb1111111111113
28 16 -7 3fb1111111111113
28 16 0 3fb1111111111113
28 16 7 3f9428be3c41e21a
28 16 14 0000000000000000
28 16 21 0000000000000000
28 16 28 0000000000000000
28 16 35 0000000000000000
28 16 42 0000000000000000
28 16 49 0000000000000000
28 16 56 0000000000000000
28 16 63 0000000000000000
28 16 70 0000000000000000
28 16 77 0000000000000000
28 16 84 0000000000000000
28 16 91 0000000000000000
28 16 98 0000000000000000
28 19 -70 0000000000000000
28 19 -63 0000000000000000
28 19 -56 0000000000000000
28 19 -49 0000000000000000
28 19 -42 0000000000000000
28 19 -35 0000000000000000
28 19 -28 0000000000000000
28 19 -21 0000000000000000
28 19 -14 0000000000000000
28 19 -7 0000000000000000
28 19 0 0000000000000000
28 19 7 0000000000000000
28 19 14 0000000000000000
28 19 21 0000000000000000
28 19 28 0000000000000000
28 19 35 0000000000000000
28 19 42 0000000000000000
28 19 49 0000000000000000
28 19 56 0000000000000000
28 19 63 0000000000000000
28 19 70 0000000000000000
28 19 77 0000000000000000
28 19 84 0000000000000000
28 19 91 0000000000000000
28 19 98 0000000000000000
28 22 -70 0000000000000000
28 22 -63 0000000000000000
28 22 -56 0000000000000000
28 22 -49 0000000000000000
28 22 -42 0000000000000000
28 22 -35 0000000000000000
28 22 -28 0000000000000000
28 22 -21 0000000000000000
28 22 -14 0000000000000000
28 22 -7 0000000000000000
28 22 0 0000000000000000
28 22 7 0000000000000000
28 22 14 0000000000000000
28 22 21 0000000000000000
28 22 28 0000000000000000
28 22 35 0000000000000000
28 22 42 0000000000000000
28 22 49 0000000000000000
28 22 56 0000000000000000
28 22 63 0000000000000000
28 22 70 0000000000000000
28 22 77 0000000000000000
28 22 84 0000000000000000
28 22 91 0000000000000000
28 22 98 0000000000000000
28 25 -70 0000000000000000
28 25 -63 0000000000000000
28 25 -56 0000000000000000
28 25 -49 0000000000000000
28 25 -42 0000000000000000
28 25 -35 0000000000000000
28 25 -28 0000000000000000
28 25 -21 0000000000000000
28 25 -14 0000000000000000
28 25 -7 0000000000000000
28 25 0 0000000000000000
28 25 7 0000000000000000
28 25 14 0000000000000000
28 25 21 0000000000000000
28 25 28 0000000000000000
28 25 35 0000000000000000
28 25 42 0000000000000000
28 25 49 0000000000000000
28 25 56 0000000000000000
28 25 63 0000000000000000
28 25 70 0000000000000000
28 25 77 0000000000000000
28 25 84 0000000000000000
28 25 91 0000000000000000
28 25 98 0000000000000000
28 28 -70 0000000000000000
28 28 -63 0000000000000000
28 28 -56 0000000000000000
28 28 -49 0000000000000000
28 28 -42 0000000000000000
28 28 -35 0000000000000000
28 28 -28 0000000000000000
28 28 -21 0000000000000000
28 28 -14 0000000000000000
28 28 -7 0000000000000000
28 28 0 0000000000000000
28 28 7 0000000000000000
28 28 14 0000000000000000
28 28 21 0000000000000000
28 28 28 0000000000000000
28 28 35 0000000000000000
28 28 42 0000000000000000
28 28 49 0000000000000000
28 28 56 0000000000000000
28 28 63 0000000000000000
28 28 70 0000000000000000
28 28 77 0000000000000000
28 28 84 0000000000000000
28 28 91 0000000000000000
28 28 98 0000000000000000
28 31 -70 0000000000000000
28 31 -63 0000000000000000
28 31 -56 0000000000000000
28 31 -49 0000000000000000
28 31 -42 0000000000000000
28 31 -35 0000000000000000
28 31 -28 0000000000000000
28 31 -21 0000000000000000
28 31 -14 0000000000000000
28 31 -7 0000000000000000
28 31 0 0000000000000000
28 31 7 0000000000000000
28 31 14 0000000000000000
28 31 21 0000000000000000
28 31 28 0000000000000000
28 31 35 0000000000000000
28 31 42 0000000000000000
28 31 49 0000000000000000
28 31 56 0000000000000000
28 31 63 0000000000000000
28 31 70 0000000000000000
28 31 77 0000000000000000
28 31 84 0000000000000000
28 31 91 0000000000000000
28 31 98 0000000000000000
28 34 -70 0000000000000000
28 34 -63 0000000000000000
28 34 -56 0000000000000000
28 34 -49 0000000000000000
28 34 -42 0000000000000000
28 34 -35 0000000000000000
28 34 -28 0000000000000000
28 34 -21 0000000000000000
28 34 -14 0000000000000000
28 34 -7 0000000000000000
28 34 0 0000000000000000
28 34 7 0000000000000000
28 34 14 0000000000000000
28 34 21 0000000000000000
28 34 28 0000000000000000
28 34 35 0000000000000000
28 34 42 0000000000000000
28 34 49 0000000000000000
28 34 56 0000000000000000
28 34 63 0000000000000000
28 34 70 0000000000000000
28 34 77 0000000000000000
28 34 84 0000000000000000
28 34 91 0000000000000000
28 34 98 0000000000000000
28 37 -70 0000000000000000
28 37 -63 0000000000000000
28 37 -56 0000000000000000
28 37 -49 0000000000000000
28 37 -42 0000000000000000
28 37 -35 0000000000000000
28 37 -28 0000000000000000
28 37 -21 0000000000000000
28 37 -14 0000000000000000
28 37 -7 0000000000000000
28 37 0 0000000000000000
28 37 7 0000000000000000
28 37 14 0000000000000000
28 37 21 0000000000000000
28 37 28 0000000000000000
28 37 35 0000000000000000
28 37 42 0000000000000000
28 37 49 0000000000000000
28 37 56 0000000000000000
28 37 63 0000000000000000
28 37 70 0000000000000000
28 37 77 0000000000000000
28 37 84 0000000000000000
28 37 91 0000000000000000
28 37 98 0000000000000000
28 40 -70 0000000000000000
28 40 -63 0000000000000000
28 40 -56 0000000000000000
28 40 -49 0000000000000000
28 40 -42 0000000000000000
28 40 -35 0000000000000000
28 40 -28 0000000000000000
28 40 -21 0000000000000000
28 40 -14 0000000000000000
28 40 -7 0000000000000000
28 40 0 0000000000000000
28 40 7 0000000000000000
28 40 14 0000000000000000
28 40 21 0000000000000000
28 40 28 0000000000000000
28 40 35 0000000000000000
28 40 42 0000000000000000
28 40 49 0000000000000000
28 40 56 0000000000000000
28 40 63 0000000000000000
28 40 70 0000000000000000
28 40 77 0000000000000000
28 40 84 0000000000000000
28 40 91 0000000000000000
28 40 98 0000000000000000
28 43 -70 0000000000000000
28 43 -63 0000000000000000
28 43 -56 0000000000000000
28 43 -49 0000000000000000
28 43 -42 0000000000000000
28 43 -35 0000000000000000
28 43 -28 0000000000000000
28 43 -21 0000000000000000
28 43 -14 0000000000000000
28 43 -7 0000000000000000
28 43 0 0000000000000000
28 43 7 0000000000000000
28 43 14 0000000000000000
28 43 21 0000000000000000
28 43 28 0000000000000000
28 43 35 0000000000000000
28 43 42 0000000000000000
28 43 49 0000000000000000
28 43 56 0000000000000000
28 43 63 0000000000000000
28 43 70 0000000000000000
28 43 77 0000000000000000
28 43 84 0000000000000000
28 43 91 0000000000000000
28 43 98 0000000000000000
35 -95 -70 0000000000000000
35 -95 -63 0000000000000000
35 -95 -56 0000000000000000
35 -95 -49 0000000000000000
35 -95 -42 0000000000000000
35 -95 -35 0000000000000000
35 -95 -28 0000000000000000
35 -95 -21 0000000000000000
35 -95 -14 0000000000000000
35 -95 -7 0000000000000000
35 -95 0 0000000000000000
35 -95 7 0000000000000000
35 -95 14 0000000000000000
35 -95 21 0000000000000000
35 -95 28 0000000000000000
35 -95 35 0000000000000000
35 -95 42 0000000000000000
35 -95 49 0000000000000000
35 -95 56 0000000000000000
35 -95 63 0000000000000000
35 -95 70 0000000000000000
35 -95 77 0000000000000000
35 -95 84 0000000000000000
35 -95 91 0000000000000000
35 -95 98 0000000000000000
35 -92 -70 0000000000000000
35 -92 -63 0000000000000000
35 -92 -56 0000000000000000
35 -92 -49 0000000000000000
35 -92 -42 0000000000000000
35 -92 -35 0000000000000000
35 -92 -28 0000000000000000
35 -92 -21 0000000000000000
35 -92 -14 0000000000000000
35 -92 -7 0000000000000000
35 -92 0 0000000000000000
35 -92 7 0000000000000000
35 -92 14 0000000000000000
35 -92 21 0000000000000000
35 -92 28 0000000000000000
35 -92 35 0000000000000000
35 -92 42 0000000000000000
35 -92 49 0000000000000000
35 -92 56 0000000000000000
35 -92 63 0000000000000000
35 -92 70 0000000000000000
35 -92 77 0000000000000000
35 -92 84 0000000000000000
35 -92 91 0000000000000000
35 -92 98 0000000000000000
35 -89 -70 0000000000000000
35 -89 -63 0000000000000000
35 -89 -56 0000000000000000
35 -89 -49 0000000000000000
35 -89 -42 0000000000000000
35 -89 -35 0000000000000000
35 -89 -28 0000000000000000
35 -89 -21 0000000000000000
35 -89 -14 0000000000000000
35 -89 -7 0000000000000000
35 -89 0 0000000000000000
35 -89 7 0000000000000000
35 -89 14 0000000000000000
35 -89 21 0000000000000000
35 -89 28 0000000000000000
35 -89 35 0000000000000000
35 -89 42 0000000000000000
35 -89 49 0000000000000000
35 -89 56 0000000000000000
35 -89 63 0000000000000000
35 -89 70 0000000000000000
35 -89 77 0000000000000000
35 -89 84 0000000000000000
35 -89 91 0000000000000000
35 -89 98 0000000000000000
35 -86 -70 0000000000000000
35 -86 -63 0000000000000000
35 -86 -56 0000000000000000
35 -86 -49 0000000000000000
35 -86 -42 0000000000000000
35 -86 -35 0000000000000000
35 -86 -28 0000000000000000
35 -86 -21 0000000000000000
35 -86 -14 0000000000000000
35 -86 -7 0000000000000000
35 -86 0 0000000000000000
35 -86 7 0000000000000000
35 -86 14 0000000000000000
35 -86 21 0000000000000000
35 -86 28 0000000000000000
35 -86 35 0000000000000000
35 -86 42 0000000000000000
35 -86 49 0000000000000000
35 -86 56 0000000000000000
35 -86 63 0000000000000000
35 -86 70 0000000000000000
35 -86 77 0000000000000000
35 -86 84 0000000000000000
35 -86 91 0000000000000000
35 -86 98 0000000000000000
35 -83 -70 0000000000000000
35 -83 -63 0000000000000000
35 -83 -56 0000000000000000
35 -83 -49 0000000000000000
35 -83 -42 0000000000000000
35 -83 -35 0000000000000000
35 -83 -28 0000000000000000
35 -83 -21 0000000000000000
35 -83 -14 0000000000000000
35 -83 -7 0000000000000000
35 -83 0 0000000000000000
35 -83 7 0000000000000000
35 -83 14 0000000000000000
35 -83 21 0000000000000000
35 -83 28 0000000000000000
35 -83 35 0000000000000000
35 -83 42 0000000000000000
35 -83 49 0000000000000000
35 -83 56 0000000000000000
35 -83 63 0000000000000000
35 -83 70 0000000000000000
35 -83 77 0000000000000000
35 -83 84 0000000000000000
35 -83 91 0000000000000000
35 -83 98 0000000000000000
35 -80 -70 0000000000000000
35 -80 -63 0000000000000000
35 -80 -56 0000000000000000
35 -80 -49 0000000000000000
35 -80 -42 0000000000000000
35 -80 -35 0000000000000000
35 -80 -28 0000000000000000
35 -80 -21 0000000000000000
35 -80 -14 0000000000000000
35 -80 -7 0000000000000000
35 -80 0 0000000000000000
35 -80 7 0000000000000000
35 -80 14 0000000000000000
35 -80 21 0000000000000000
35 -80 28 0000000000000000
35 -80 35 0000000000000000
35 -80 42 0000000000000000
35 -80 49 0000000000000000
35 -80 56 0000000000000000
35 -80 63 0000000000000000
35 -80 70 0000000000000000
35 -80 77 0000000000000000
35 -80 84 0000000000000000
35 -80 91 0000000000000000
35 -80 98 0000000000000000
35 -77 -70 0000000000000000
35 -77 -63 0000000000000000
35 -77 -56 0000000000000000
35 -77 -49 0000000000000000
35 -77 -42 0000000000000000
35 -77 -35 0000000000000000
35 -77 -28 0000000000000000
35 -77 -21 0000000000000000
35 -77 -14 0000000000000000
35 -77 -7 0000000000000000
35 -77 0 0000000000000000
35 -77 7 0000000000000000
35 -77 14 0000000000000000
35 -77 21 0000000000000000
35 -77 28 0000000000000000
35 -77 35 0000000000000000
35 -77 42 0000000000000000
35 -77 49 0000000000000000
35 -77 56 0000000000000000
35 -77 63 0000000000000000
35 -77 70 0000000000000000
35 -77 77 0000000000000000
35 -77 84 0000000000000000
35 -77 91 0000000000000000
35 -77 98 0000000000000000
35 -74 -70 0000000000000000
35 -74 -63 0000000000000000
35 -74 -56 0000000000000000
35 -74 -49 0000000000000000
35 -74 -42 0000000000000000
35 -74 -35 0000000000000000
35 -74 -28 0000000000000000
35 -74 -21 0000000000000000
35 -74 -14 0000000000000000
35 -74 -7 0000000000000000
35 -74 0 0000000000000000
35 -74 7 0000000000000000
35 -74 14 0000000000000000
35 -74 21 0000000000000000
35 -74 28 0000000000000000
35 -74 35 0000000000000000
35 -74 42 0000000000000000
35 -74 49 0000000000000000
35 -74 56 0000000000000000
35 -74 63 0000000000000000
35 -74 70 0000000000000000
35 -74 77 0000000000000000
35 -74 84 0000000000000000
35 -74 91 0000000000000000
35 -74 98 0000000000000000
35 -71 -70 0000000000000000
35 -71 -63 0000000000000000
35 -71 -56 0000000000000000
35 -71 -49 0000000000000000
35 -71 -42 0000000000000000
35 -71 -35 0000000000000000
35 -71 -28 0000000000000000
35 -71 -21 0000000000000000
35 -71 -14 0000000000000000
35 -71 -7 0000000000000000
35 -71 0 0000000000000000
35 -71 7 0000000000000000
35 -71 14 0000000000000000
35 -71 21 0000000000000000
35 -71 28 0000000000000000
35 -71 35 0000000000000000
35 -71 42 0000000000000000
35 -71 49 0000000000000000
35 -71 56 0000000000000000
35 -71 63 0000000000000000
35 -71 70 0000000000000000
35 -71 77 0000000000000000
35 -71 84 0000000000000000
35 -71 91 0000000000000000
35 -71 98 0000000000000000
35 -68 -70 0000000000000000
35 -68 -63 0000000000000000
35 -68 -56 0000000000000000
35 -68 -49 0000000000000000
35 -68 -42 0000000000000000
35 -68 -35 0000000000000000
35 -68 -28 0000000000000000
35 -68 -21 0000000000000000
35 -68 -14 0000000000000000
35 -68 -7 0000000000000000
35 -68 0 0000000000000000
35 -68 7 0000000000000000
35 -68 14 0000000000000000
35 -68 21 0000000000000000
35 -68 28 0000000000000000
35 -68 35 0000000000000000
35 -68 42 0000000000000000
35 -68 49 0000000000000000
35 -68 56 0000000000000000
35 -68 63 0000000000000000
35 -68 70 0000000000000000
35 -68 77 0000000000000000
35 -68 84 0000000000000000
35 -68 91 0000000000000000
35 -68 98 0000000000000000
35 -65 -70 0000000000000000
35 -65 -63 0000000000000000
35 -65 -56 0000000000000000
35 -65 -49 0000000000000000
35 -65 -42 0000000000000000
35 -65 -35 0000000000000000
35 -65 -28 0000000000000000
35 -65 -21 0000000000000000
35 -65 -14 0000000000000000
35 -65 -7 0000000000000000
35 -65 0 0000000000000000
35 -65 7 0000000000000000
35 -65 14 0000000000000000
35 -65 21 0000000000000000
35 -65 28 0000000000000000
35 -65 35 0000000000000000
35 -65 42 0000000000000000
35 -65 49 0000000000000000
35 -65 56 0000000000000000
35 -65 63 0000000000000000
35 -65 70 0000000000000000
35 -65 77 0000000000000000
35 -65 84 0000000000000000
35 -65 91 0000000000000000
35 -65 98 0000000000000000
35 -62 -70 0000000000000000
35 -62 -63 0000000000000000
35 -62 -56 0000000000000000
35 -62 -49 0000000000000000
35 -62 -42 0000000000000000
35 -62 -35 0000000000000000
35 -62 -28 0000000000000000
35 -62 -21 0000000000000000
35 -62 -14 0000000000000000
35 -62 -7 0000000000000000
35 -62 0 0000000000000000
35 -62 7 0000000000000000
35 -62 14 0000000000000000
35 -62 21 0000000000000000
35 -62 28 0000000000000000
35 -62 35 0000000000000000
35 -62 42 0000000000000000
35 -62 49 0000000000000000
35 -62 56 0000000000000000
35 -62 63 0000000000000000
35 -62 70 0000000000000000
35 -62 77 0000000000000000
35 -62 84 0000000000000000
35 -62 91 0000000000000000
35 -62 98 0000000000000000
35 -59 -70 0000000000000000
35 -59 -63 0000000000000000
35 -59 -56 0000000000000000
35 -59 -49 0000000000000000
35 -59 -42 0000000000000000
35 -59 -35 0000000000000000
35 -59 -28 0000000000000000
35 -59 -21 0000000000000000
35 -59 -14 0000000000000000
35 -59 -7 0000000000000000
35 -59 0 0000000000000000
35 -59 7 0000000000000000
35 -59 14 0000000000000000
35 -59 21 0000000000000000
35 -59 28 0000000000000000
35 -59 35 0000000000000000
35 -59 42 0000000000000000
35 -59 49 0000000000000000
35 -59 56 0000000000000000
35 -59 63 0000000000000000
35 -59 70 0000000000000000
35 -59 77 0000000000000000
35 -59 84 0000000000000000
35 -59 91 0000000000000000
35 -59 98 0000000000000000
35 -56 -70 0000000000000000
35 -56 -63 0000000000000000
35 -56 -56 0000000000000000
35 -56 -49 0000000000000000
35 -56 -42 0000000000000000
35 -56 -35 0000000000000000
35 -56 -28 0000000000000000
35 -56 -21 0000000000000000
35 -56 -14 0000000000000000
35 -56 -7 0000000000000000
35 -56 0 0000000000000000
35 -56 7 0000000000000000
35 -56 14 0000000000000000
35 -56 21 0000000000000000
35 -56 28 0000000000000000
35 -56 35 0000000000000000
35 -56 42 0000000000000000
35 -56 49 0000000000000000
35 -56 56 0000000000000000
35 -56 63 0000000000000000
35 -56 70 0000000000000000
35 -56 77 0000000000000000
35 -56 84 0000000000000000
35 -56 91 0000000000000000
35 -56 98 0000000000000000
35 -53 -70 0000000000000000
35 -53 -63 0000000000000000
35 -53 -56 0000000000000000
35 -53 -49 0000000000000000
35 -53 -42 0000000000000000
35 -53 -35 0000000000000000
35 -53 -28 0000000000000000
35 -53 -21 0000000000000000
35 -53 -14 0000000000000000
35 -53 -7 0000000000000000
35 -53 0 0000000000000000
35 -53 7 0000000000000000
35 -53 14 0000000000000000
35 -53 21 0000000000000000
35 -53 28 0000000000000000
35 -53 35 0000000000000000
35 -53 42 0000000000000000
35 -53 49 0000000000000000
35 -53 56 0000000000000000
35 -53 63 0000000000000000
35 -53 70 0000000000000000
35 -53 77 0000000000000000
35 -53 84 0000000000000000
35 -53 91 0000000000000000
35 -53 98 0000000000000000
35 -50 -70 0000000000000000
35 -50 -63 0000000000000000
35 -50 -56 0000000000000000
35 -50 -49 0000000000000000
35 -50 -42 0000000000000000
35 -50 -35 0000000000000000
35 -50 -28 0000000000000000
35 -50 -21 0000000000000000
35 -50 -14 0000000000000000
35 -50 -7 0000000000000000
35 -50 0 0000000000000000
35 -50 7 0000000000000000
35 -50 14 0000000000000000
35 -50 21 0000000000000000
35 -50 28 0000000000000000
35 -50 35 0000000000000000
35 -50 42 0000000000000000
35 -50 49 0000000000000000
35 -50 56 0000000000000000
35 -50 63 0000000000000000
35 -50 70 0000000000000000
35 -50 77 0000000000000000
35 -50 84 0000000000000000
35 -50 91 0000000000000000
35 -50 98 0000000000000000
35 -47 -70 0000000000000000
35 -47 -63 0000000000000000
35 -47 -56 0000000000000000
35 -47 -49 0000000000000000
35 -47 -42 0000000000000000
35 -47 -35 0000000000000000
35 -47 -28 0000000000000000
35 -47 -21 0000000000000000
35 -47 -14 0000000000000000
35 -47 -7 0000000000000000
35 -47 0 0000000000000000
35 -47 7 0000000000000000
35 -47 14 0000000000000000
35 -47 21 0000000000000000
35 -47 28 0000000000000000
35 -47 35 0000000000000000
35 -47 42 0000000000000000
35 -47 49 0000000000000000
35 -47 56 0000000000000000
35 -47 63 0000000000000000
35 -47 70 0000000000000000
35 -47 77 0000000000000000
35 -47 84 0000000000000000
35 -47 91 0000000000000000
35 -47 98 0000000000000000
35 -44 -70 0000000000000000
35 -44 -63 0000000000000000
35 -44 -56 0000000000000000
35 -44 -49 0000000000000000
35 -44 -42 0000000000000000
35 -44 -35 0000000000000000
35 -44 -28 0000000000000000
35 -44 -21 0000000000000000
35 -44 -14 0000000000000000
35 -44 -7 0000000000000000
35 -44 0 0000000000000000
35 -44 7 0000000000000000
35 -44 14 0000000000000000
35 -44 21 0000000000000000
35 -44 28 0000000000000000
35 -44 35 0000000000000000
35 -44 42 0000000000000000
35 -44 49 0000000000000000
35 -44 56 0000000000000000
35 -44 63 0000000000000000
35 -44 70 0000000000000000
35 -44 77 0000000000000000
35 -44 84 0000000000000000
35 -44 91 0000000000000000
35 -44 98 0000000000000000
35 -41 -70 0000000000000000
35 -41 -63 0000000000000000
35 -41 -56 0000000000000000
35 -41 -49 0000000000000000
35 -41 -42 0000000000000000
35 -41 -35 0000000000000000
35 -41 -28 0000000000000000
35 -41 -21 0000000000000000
35 -41 -14 0000000000000000
35 -41 -7 0000000000000000
35 -41 0 0000000000000000
35 -41 7 0000000000000000
35 -41 14 0000000000000000
35 -41 21 0000000000000000
35 -41 28 0000000000000000
35 -41 35 0000000000000000
35 -41 42 0000000000000000
35 -41 49 0000000000000000
35 -41 56 0000000000000000
35 -41 63 0000000000000000
35 -41 70 0000000000000000
35 -41 77 0000000000000000
35 -41 84 0000000000000000
35 -41 91 0000000000000000
35 -41 98 0000000000000000
35 -38 -70 0000000000000000
35 -38 -63 0000000000000000
35 -38 -56 0000000000000000
35 -38 -49 0000000000000000
35 -38 -42 0000000000000000
35 -38 -35 0000000000000000
35 -38 -28 0000000000000000
35 -38 -21 0000000000000000
35 -38 -14 0000000000000000
35 -38 -7 0000000000000000
35 -38 0 3fabfa4ca2453640
35 -38 7 3fabfa4ca2453640
35 -38 14 3fabfa4ca2453640
35 -38 21 3f9cf4c992d9804d
35 -38 28 0000000000000000
35 -38 35 0000000000000000
35 -38 42 0000000000000000
35 -38 49 0000000000000000
35 -38 56 0000000000000000
35 -38 63 0000000000000000
35 -38 70 0000000000000000
35 -38 77 0000000000000000
35 -38 84 0000000000000000
35 -38 91 0000000000000000
35 -38 98 0000000000000000
35 -35 -70 0000000000000000
35 -35 -63 0000000000000000
35 -35 -56 0000000000000000
35 -35 -49 0000000000000000
35 -35 -42 0000000000000000
35 -35 -35 0000000000000000
35 -35 -28 0000000000000000
35 -35 -21 0000000000000000
35 -35 -14 0000000000000000
35 -35 -7 3faf0b0365956acd
35 -35 0 3fccfe556e043eb4
35 -35 7 3fccfe556e043eb4
35 -35 14 3fccfe556e043eb4
35 -35 21 3fc8a85aaa92bb10
35 -35 28 0000000000000000
35 -35 35 0000000000000000
35 -35 42 0000000000000000
35 -35 49 0000000000000000
35 -35 56 0000000000000000
35 -35 63 0000000000000000
35 -35 70 0000000000000000
35 -35 77 0000000000000000
35 -35 84 0000000000000000
35 -35 91 0000000000000000
35 -35 98 0000000000000000
35 -32 -70 0000000000000000
35 -32 -63 0000000000000000
35 -32 -56 0000000000000000
35 -32 -49 0000000000000000
35 -32 -42 0000000000000000
35 -32 -35 0000000000000000
35 -32 -28 0000000000000000
35 -32 -21 0000000000000000
35 -32 -14 0000000000000000
35 -32 -7 3fc57218dd45422a
35 -32 0 3fd7e147e4aaabbc
35 -32 7 3fd7e147e4aaabbc
35 -32 14 3fd7e147e4aaabbc
35 -32 21 3fd507b5553438cd
35 -32 28 3f81280ff8e21100
35 -32 35 0000000000000000
35 -32 42 0000000000000000
35 -32 49 0000000000000000
35 -32 56 0000000000000000
35 -32 63 0000000000000000
35 -32 70 0000000000000000
35 -32 77 0000000000000000
35 -32 84 0000000000000000
35 -32 91 0000000000000000
35 -32 98 0000000000000000
35 -29 -70 0000000000000000
35 -29 -63 0000000000000000
35 -29 -56 0000000000000000
35 -29 -49 0000000000000000
35 -29 -42 0000000000000000
35 -29 -35 0000000000000000
35 -29 -28 0000000000000000
35 -29 -21 3fb4321e4a5dc04d
35 -29 -14 3fc9999d8d20bc14
35 -29 -7 3fdb0fbe48018467
35 -29 0 3fe52035e3cbcd12
35 -29 7 3fe34faabb9c25c0
35 -29 14 3fdd71b600fdaab7
35 -29 21 3fd9f54364b7b96a
35 -29 28 3faa744bedfcd5f4
35 -29 35 0000000000000000
35 -29 42 0000000000000000
35 -29 49 0000000000000000
35 -29 56 0000000000000000
35 -29 63 0000000000000000
35 -29 70 0000000000000000
35 -29 77 0000000000000000
35 -29 84 0000000000000000
35 -29 91 0000000000000000
35 -29 98 0000000000000000
35 -26 -70 0000000000000000
35 -26 -63 0000000000000000
35 -26 -56 0000000000000000
35 -26 -49 0000000000000000
35 -26 -42 0000000000000000
35 -26 -35 0000000000000000
35 -26 -28 0000000000000000
35 -26 -21 3fcdfe051e68da40
35 -26 -14 3fd999b8a46c6975
35 -26 -7 3fe427d2394b1207
35 -26 0 3febcc946f6cab76
35 -26 7 3fe926533eff64cf
35 -26 14 3fdddddddddddddd
35 -26 21 3fda523ee0517397
35 -26 28 3fabfa4ca2453640
35 -26 35 0000000000000000
35 -26 42 0000000000000000
35 -26 49 0000000000000000
35 -26 56 0000000000000000
35 -26 63 0000000000000000
35 -26 70 0000000000000000
35 -26 77 0000000000000000
35 -26 84 0000000000000000
35 -26 91 0000000000000000
35 -26 98 0000000000000000
35 -23 -70 0000000000000000
35 -23 -63 0000000000000000
35 -23 -56 0000000000000000
35 -23 -49 0000000000000000
35 -23 -42 0000000000000000
35 -23 -35 0000000000000000
35 -23 -28 0000000000000000
35 -23 -21 3fd6940d6d73455a
35 -23 -14 3fe3336fa4fd7771
35 -23 -7 3feaf44e5f52124f
35 -23 0 3ff13765db6fbc77
35 -23 7 3fedddecf8d6e5ca
35 -23 14 3fe035a7c0531f05
35 -23 21 3fda523ee0517397
35 -23 28 3fabfa4ca2453640
35 -23 35 0000000000000000
35 -23 42 0000000000000000
35 -23 49 0000000000000000
35 -23 56 0000000000000000
35 -23 63 0000000000000000
35 -23 70 0000000000000000
35 -23 77 0000000000000000
35 -23 84 0000000000000000
35 -23 91 0000000000000000
35 -23 98 0000000000000000
35 -20 -70 0000000000000000
35 -20 -63 0000000000000000
35 -20 -56 0000000000000000
35 -20 -49 0000000000000000
35 -20 -42 0000000000000000
35 -20 -35 0000000000000000
35 -20 -28 0000000000000000
35 -20 -21 3fd999999999999a
35 -20 -14 3fe999acd0d81dd2
35 -20 -7 3ff0845f2b656ed6
35 -20 0 3ff451d62820a56d
35 -20 7 3ff0000261784fb6
35 -20 14 3fe1111111111111
35 -20 21 3fda523ee0517397
35 -20 28 3fabfa4ca2453640
35 -20 35 0000000000000000
35 -20 42 0000000000000000
35 -20 49 0000000000000000
35 -20 56 0000000000000000
35 -20 63 0000000000000000
35 -20 70 0000000000000000
35 -20 77 0000000000000000
35 -20 84 0000000000000000
35 -20 91 0000000000000000
35 -20 98 0000000000000000
35 -17 -70 0000000000000000
35 -17 -63 0000000000000000
35 -17 -56 0000000000000000
35 -17 -49 0000000000000000
35 -17 -42 0000000000000000
35 -17 -35 0000000000000000
35 -17 -28 0000000000000000
35 -17 -21 3fd999999999999a
35 -17 -14 3fe9995942d62ffe
35 -17 -7 3ff0233b3ac9b071
35 -17 0 3ff4196224aa76b9
35 -17 7 3fefffeffa5af570
35 -17 14 3fe1111111111111
35 -17 21 3fda523f7a9c8e4f
35 -17 28 3fabfd1e41f7ed12
35 -17 35 3efd53375d6dd652
35 -17 42 3efd53375d6dd652
35 -17 49 3ef68cfd95b6910a
35 -17 56 3e834963570b6f8c
35 -17 63 0000000000000000
35 -17 70 0000000000000000
35 -17 77 0000000000000000
35 -17 84 0000000000000000
35 -17 91 0000000000000000
35 -17 98 0000000000000000
35 -14 -70 0000000000000000
35 -14 -63 0000000000000000
35 -14 -56 0000000000000000
35 -14 -49 0000000000000000
35 -14 -42 0000000000000000
35 -14 -35 0000000000000000
35 -14 -28 0000000000000000
35 -14 -21 3fd999999999999a
35 -14 -14 3fe9997cad398774
35 -14 -7 3ff051809cd53281
35 -14 0 3ff433c5f9f94d76
35 -14 7 3feffff8b92aaacc
35 -14 14 3fe1111111111111
35 -14 21 3fda5254c69ca931
35 -14 28 3fac6a15bbd2bd43
35 -14 35 3f524cd8df5ffb2e
35 -14 42 3f524cd3c5dd82d1
35 -14 49 3f4bf24653e1fdde
35 -14 56 3ed5e64b3599f7a5
35 -14 63 0000000000000000
35 -14 70 0000000000000000
35 -14 77 0000000000000000
35 -14 84 0000000000000000
35 -14 91 0000000000000000
35 -14 98 0000000000000000
35 -11 -70 0000000000000000
35 -11 -63 0000000000000000
35 -11 -56 0000000000000000
35 -11 -49 0000000000000000
35 -11 -42 0000000000000000
35 -11 -35 0000000000000000
35 -11 -28 0000000000000000
35 -11 -21 3fd999999999999a
35 -11 -14 3fe99996bfddb42a
35 -11 -7 3ff06a4de133184d
35 -11 0 3ff442d6dcd4b5bf
35 -11 7 3fefffff45c55835
35 -11 14 3fe1111111111111
35 -11 21 3fda531eb0cac9ba
35 -11 28 3fb089660d85df8c
35 -11 35 3f8b1706cc99f936
35 -11 42 3f8b16f7cfb2ce51
35 -11 49 3f8461fdcd174a91
35 -11 56 3f0bfa0f2ac46c50
35 -11 63 0000000000000000
35 -11 70 0000000000000000
35 -11 77 0000000000000000
35 -11 84 0000000000000000
35 -11 91 0000000000000000
35 -11 98 0000000000000000
35 -8 -70 0000000000000000
35 -8 -63 0000000000000000
35 -8 -56 0000000000000000
35 -8 -49 0000000000000000
35 -8 -42 0000000000000000
35 -8 -35 0000000000000000
35 -8 -28 0000000000000000
35 -8 -21 3fd999999999999a
35 -8 -14 3fe99999855d9096
35 -8 -7 3ff02de21af67b69
35 -8 0 3ff3db0e08c6c83a
35 -8 7 3fef2da6095a47e1
35 -8 14 3fe03eb71fa5f229
35 -8 21 3fd8e7faa04149e9
35 -8 28 3fb1b1a0766f1f26
35 -8 35 3fa2575040432dc0
35 -8 42 3fa25738a2e4e2b3
35 -8 49 3f9aef8a1a14c6fc
35 -8 56 3f1f6836aea46f7d
35 -8 63 0000000000000000
35 -8 70 0000000000000000
35 -8 77 0000000000000000
35 -8 84 0000000000000000
35 -8 91 0000000000000000
35 -8 98 0000000000000000
35 -5 -70 0000000000000000
35 -5 -63 0000000000000000
35 -5 -56 0000000000000000
35 -5 -49 0000000000000000
35 -5 -42 0000000000000000
35 -5 -35 0000000000000000
35 -5 -28 0000000000000000
35 -5 -21 3fd999999999999a
35 -5 -14 3fe999999999999a
35 -5 -7 3fedf93df0020d70
35 -5 0 3ff20eba2219db00
35 -5 7 3feb94ebbbab2d78
35 -5 14 3fd94bf999787d12
35 -5 21 3fd26cc0d964d0fe
35 -5 28 bf813215a60aab40
35 -5 35 bf87c699a7f29aa1
35 -5 42 bf87c7008d3eb74d
35 -5 49 bf813216348ee4f9
35 -5 56 bf02ca82ea4ba4fd
35 -5 63 0000000000000000
35 -5 70 0000000000000000
35 -5 77 0000000000000000
35 -5 84 0000000000000000
35 -5 91 0000000000000000
35 -5 98 0000000000000000
35 -2 -70 0000000000000000
35 -2 -63 0000000000000000
35 -2 -56 0000000000000000
35 -2 -49 0000000000000000
35 -2 -42 0000000000000000
35 -2 -35 0000000000000000
35 -2 -28 0000000000000000
35 -2 -21 3fd999999999999a
35 -2 -14 3fe999999999999a
35 -2 -7 3fea239602c96841
35 -2 0 3fef12fd0a4191dd
35 -2 7 3fe68a7481b90955
35 -2 14 3fce6e164b286996
35 -2 21 3fc1e8f2803d8d36
35 -2 28 bf97f4ccdd27e2a7
35 -2 35 bfa030ffdfc3d38f
35 -2 42 bfa030e62670cc64
35 -2 49 bf97f4cc95e5c5ca
35 -2 56 bf1d68915dad6b28
35 -2 63 0000000000000000
35 -2 70 0000000000000000
35 -2 77 0000000000000000
35 -2 84 0000000000000000
35 -2 91 0000000000000000
35 -2 98 0000000000000000
35 1 -70 0000000000000000
35 1 -63 0000000000000000
35 1 -56 0000000000000000
35 1 -49 0000000000000000
35 1 -42 0000000000000000
35 1 -35 0000000000000000
35 1 -28 0000000000000000
35 1 -21 3fd999999999999a
35 1 -14 3fe999999999999a
35 1 -7 3fe999999999999a
35 1 0 3fe999999999999a
35 1 7 3fe1111111111112
35 1 14 3fb1111111111113
35 1 21 befdf65e8bad2c07
35 1 28 bf74c01f0f514628
35 1 35 bf7b7213780695ff
35 1 42 bf7b71568d143d98
35 1 49 bf74c01e037be2f7
35 1 56 befdf65e8bad2c07
35 1 63 0000000000000000
35 1 70 0000000000000000
35 1 77 0000000000000000
35 1 84 0000000000000000
35 1 91 0000000000000000
35 1 98 0000000000000000
35 4 -70 0000000000000000
35 4 -63 0000000000000000
35 4 -56 0000000000000000
35 4 -49 0000000000000000
35 4 -42 0000000000000000
35 4 -35 0000000000000000
35 4 -28 0000000000000000
35 4 -21 3fd999999999999a
35 4 -14 3fe999999999999a
35 4 -7 3fe999999999999a
35 4 0 3fe999999999999a
35 4 7 3fe1111111111112
35 4 14 3fb1111111111113
35 4 21 bebe4633b3307d68
35 4 28 bf32a96ddbf3124b
35 4 35 bf386bbb9e4fc4cd
35 4 42 bf3869dc016a6826
35 4 49 bf32a96b1b97f876
35 4 56 bebe4633b3307d68
35 4 63 0000000000000000
35 4 70 0000000000000000
35 4 77 0000000000000000
35 4 84 0000000000000000
35 4 91 0000000000000000
35 4 98 0000000000000000
35 7 -70 0000000000000000
35 7 -63 0000000000000000
35 7 -56 0000000000000000
35 7 -49 0000000000000000
35 7 -42 0000000000000000
35 7 -35 0000000000000000
35 7 -28 0000000000000000
35 7 -21 3fd837195ad2d1ca
35 7 -14 3fe5555555555556
35 7 -7 3fe5555555555556
35 7 0 3fe5555555555556
35 7 7 3fe00f37ad044a52
35 7 14 3fabfa4ca2453640
35 7 21 0000000000000000
35 7 28 bdc4fda0ae57c1ef
35 7 35 be4c1afa8814c95a
35 7 42 be41e7f5975afa1f
35 7 49 bda5f7774ea73c97
35 7 56 0000000000000000
35 7 63 0000000000000000
35 7 70 0000000000000000
35 7 77 0000000000000000
35 7 84 0000000000000000
35 7 91 0000000000000000
35 7 98 0000000000000000
35 10 -70 0000000000000000
35 10 -63 0000000000000000
35 10 -56 0000000000000000
35 10 -49 0000000000000000
35 10 -42 0000000000000000
35 10 -35 0000000000000000
35 10 -28 0000000000000000
35 10 -21 3fd1e0531a56fb4d
35 10 -14 3fdddddddddddddd
35 10 -7 3fdddddddddddddd
35 10 0 3fdddddddddddddd
35 10 7 3fd7e147e4aaabbc
35 10 14 0000000000000000
35 10 21 0000000000000000
35 10 28 0000000000000000
35 10 35 0000000000000000
35 10 42 0000000000000000
35 10 49 0000000000000000
35 10 56 0000000000000000
35 10 63 0000000000000000
35 10 70 0000000000000000
35 10 77 0000000000000000
35 10 84 0000000000000000
35 10 91 0000000000000000
35 10 98 0000000000000000
35 13 -70 0000000000000000
35 13 -63 0000000000000000
35 13 -56 0000000000000000
35 13 -49 0000000000000000
35 13 -42 0000000000000000
35 13 -35 0000000000000000
35 13 -28 0000000000000000
35 13 -21 3fc1111111111110
35 13 -14 3fd1111111111112
35 13 -7 3fd1111111111112
35 13 0 3fd1111111111112
35 13 7 3fca135701bbec24
35 13 14 0000000000000000
35 13 21 0000000000000000
35 13 28 0000000000000000
35 13 35 0000000000000000
35 13 42 0000000000000000
35 13 49 0000000000000000
35 13 56 0000000000000000
35 13 63 0000000000000000
35 13 70 0000000000000000
35 13 77 0000000000000000
35 13 84 0000000000000000
35 13 91 0000000000000000
35 13 98 0000000000000000
35 16 -70 0000000000000000
35 16 -63 0000000000000000
35 16 -56 0000000000000000
35 16 -49 0000000000000000
35 16 -42 0000000000000000
35 16 -35 0000000000000000
35 16 -28 0000000000000000
35 16 -21 0000000000000000
35 16 -14 3fb1111111111113
35 16 -7 3fb1111111111113
35 16 0 3fb1111111111113
35 16 7 3f9428be3c41e21a
35 16 14 0000000000000000
35 16 21 0000000000000000
35 16 28 0000000000000000
35 16 35 0000000000000000
35 16 42 0000000000000000
35 16 49 0000000000000000
35 16 56 0000000000000000
35 16 63 0000000000000000
35 16 70 0000000000000000
35 16 77 0000000000000000
35 16 84 0000000000000000
35 16 91 0000000000000000
35 16 98 0000000000000000
35 19 -70 0000000000000000
35 19 -63 0000000000000000
35 19 -56 0000000000000000
35 19 -49 0000000000000000
35 19 -42 0000000000000000
35 19 -35 0000000000000000
35 19 -28 0000000000000000
35 19 -21 0000000000000000
35 19 -14 0000000000000000
35 19 -7 0000000000000000
35 19 0 0000000000000000
35 19 7 0000000000000000
35 19 14 0000000000000000
35 19 21 0000000000000000
35 19 28 0000000000000000
35 19 35 0000000000000000
35 19 42 0000000000000000
35 19 49 0000000000000000
35 19 56 0000000000000000
35 19 63 0000000000000000
35 19 70 0000000000000000
35 19 77 0000000000000000
35 19 84 0000000000000000
35 19 91 0000000000000000
35 19 98 0000000000000000
35 22 -70 0000000000000000
35 22 -63 0000000000000000
35 22 -56 0000000000000000
35 22 -49 0000000000000000
35 22 -42 0000000000000000
35 22 -35 0000000000000000
35 22 -28 0000000000000000
35 22 -21 0000000000000000
35 22 -14 0000000000000000
35 22 -7 0000000000000000
35 22 0 0000000000000000
35 22 7 0000000000000000
35 22 14 0000000000000000
35 22 21 0000000000000000
35 22 28 0000000000000000
35 22 35 0000000000000000
35 22 42 0000000000000000
35 22 49 0000000000000000
35 22 56 0000000000000000
35 22 63 0000000000000000
35 22 70 0000000000000000
35 22 77 0000000000000000
35 22 84 0000000000000000
35 22 91 0000000000000000
35 22 98 0000000000000000
35 25 -70 0000000000000000
35 25 -63 0000000000000000
35 25 -56 0000000000000000
35 25 -49 0000000000000000
35 25 -42 0000000000000000
35 25 -35 0000000000000000
35 25 -28 0000000000000000
35 25 -21 0000000000000000
35 25 -14 0000000000000000
35 25 -7 0000000000000000
35 25 0 0000000000000000
35 25 7 0000000000000000
35 25 14 0000000000000000
35 25 21 0000000000000000
35 25 28 0000000000000000
35 25 35 0000000000000000
35 25 42 0000000000000000
35 25 49 0000000000000000
35 25 56 0000000000000000
35 25 63 0000000000000000
35 25 70 0000000000000000
35 25 77 0000000000000000
35 25 84 0000000000000000
35 25 91 0000000000000000
35 25 98 0000000000000000
35 28 -70 0000000000000000
35 28 -63 0000000000000000
35 28 -56 0000000000000000
35 28 -49 0000000000000000
35 28 -42 0000000000000000
35 28 -35 0000000000000000
35 28 -28 0000000000000000
35 28 -21 0000000000000000
35 28 -14 0000000000000000
35 28 -7 0000000000000000
35 28 0 0000000000000000
35 28 7 0000000000000000
35 28 14 0000000000000000
35 28 21 0000000000000000
35 28 28 0000000000000000
35 28 35 0000000000000000
35 28 42 0000000000000000
35 28 49 0000000000000000
35 28 56 0000000000000000
35 28 63 0000000000000000
35 28 70 0000000000000000
35 28 77 0000000000000000
35 28 84 0000000000000000
35 28 91 0000000000000000
35 28 98 0000000000000000
35 31 -70 0000000000000000
35 31 -63 0000000000000000
35 31 -56 0000000000000000
35 31 -49 0000000000000000
35 31 -42 0000000000000000
35 31 -35 0000000000000000
35 31 -28 0000000000000000
35 31 -21 0000000000000000
35 31 -14 0000000000000000
35 31 -7 0000000000000000
35 31 0 0000000000000000
35 31 7 0000000000000000
35 31 14 0000000000000000
35 31 21 0000000000000000
35 31 28 0000000000000000
35 31 35 0000000000000000
35 31 42 0000000000000000
35 31 49 0000000000000000
35 31 56 0000000000000000
35 31 63 0000000000000000
35 31 70 0000000000000000
35 31 77 0000000000000000
35 31 84 0000000000000000
35 31 91 0000000000000000
35 31 98 0000000000000000
35 34 -70 0000000000000000
35 34 -63 0000000000000000
35 34 -56 0000000000000000
35 34 -49 0000000000000000
35 34 -42 0000000000000000
35 34 -35 0000000000000000
35 34 -28 0000000000000000
35 34 -21 0000000000000000
35 34 -14 0000000000000000
35 34 -7 0000000000000000
35 34 0 0000000000000000
35 34 7 0000000000000000
35 34 14 0000000000000000
35 34 21 0000000000000000
35 34 28 0000000000000000
35 34 35 0000000000000000
35 34 42 0000000000000000
35 34 49 0000000000000000
35 34 56 0000000000000000
35 34 63 0000000000000000
35 34 70 0000000000000000
35 34 77 0000000000000000
35 34 84 0000000000000000
35 34 91 0000000000000000
35 34 98 0000000000000000
35 37 -70 0000000000000000
35 37 -63 0000000000000000
35 37 -56 0000000000000000
35 37 -49 0000000000000000
35 37 -42 0000000000000000
35 37 -35 0000000000000000
35 37 -28 0000000000000000
35 37 -21 0000000000000000
35 37 -14 0000000000000000
35 37 -7 0000000000000000
35 37 0 0000000000000000
35 37 7 0000000000000000
35 37 14 0000000000000000
35 37 21 0000000000000000
35 37 28 0000000000000000
35 37 35 0000000000000000
35 37 42 0000000000000000
35 37 49 0000000000000000
35 37 56 0000000000000000
35 37 63 0000000000000000
35 37 70 0000000000000000
35 37 77 0000000000000000
35 37 84 0000000000000000
35 37 91 0000000000000000
35 37 98 0000000000000000
35 40 -70 0000000000000000
35 40 -63 0000000000000000
35 40 -56 0000000000000000
35 40 -49 0000000000000000
35 40 -42 0000000000000000
35 40 -35 0000000000000000
35 40 -28 0000000000000000
35 40 -21 0000000000000000
35 40 -14 0000000000000000
35 40 -7 0000000000000000
35 40 0 0000000000000000
35 40 7 0000000000000000
35 40 14 0000000000000000
35 40 21 0000000000000000
35 40 28 0000000000000000
35 40 35 0000000000000000
35 40 42 0000000000000000
35 40 49 0000000000000000
35 40 56 0000000000000000
35 40 63 0000000000000000
35 40 70 0000000000000000
35 40 77 0000000000000000
35 40 84 0000000000000000
35 40 91 0000000000000000
35 40 98 0000000000000000
35 43 -70 0000000000000000
35 43 -63 0000000000000000
35 43 -56 0000000000000000
35 43 -49 0000000000000000
35 43 -42 0000000000000000
35 43 -35 0000000000000000
35 43 -28 0000000000000000
35 43 -21 0000000000000000
35 43 -14 0000000000000000
35 43 -7 0000000000000000
35 43 0 0000000000000000
35 43 7 0000000000000000
35 43 14 0000000000000000
35 43 21 0000000000000000
35 43 28 0000000000000000
35 43 35 0000000000000000
35 43 42 0000000000000000
35 43 49 0000000000000000
35 43 56 0000000000000000
35 43 63 0000000000000000
35 43 70 0000000000000000
35 43 77 0000000000000000
35 43 84 0000000000000000
35 43 91 0000000000000000
35 43 98 0000000000000000
42 -95 -70 0000000000000000
42 -95 -63 0000000000000000
42 -95 -56 0000000000000000
42 -95 -49 0000000000000000
42 -95 -42 0000000000000000
42 -95 -35 0000000000000000
42 -95 -28 0000000000000000
42 -95 -21 0000000000000000
42 -95 -14 0000000000000000
42 -95 -7 0000000000000000
42 -95 0 0000000000000000
42 -95 7 0000000000000000
42 -95 14 0000000000000000
42 -95 21 0000000000000000
42 -95 28 0000000000000000
42 -95 35 0000000000000000
42 -95 42 0000000000000000
42 -95 49 0000000000000000
42 -95 56 0000000000000000
42 -95 63 0000000000000000
42 -95 70 0000000000000000
42 -95 77 0000000000000000
42 -95 84 0000000000000000
42 -95 91 0000000000000000
42 -95 98 0000000000000000
42 -92 -70 0000000000000000
42 -92 -63 0000000000000000
42 -92 -56 0000000000000000
42 -92 -49 0000000000000000
42 -92 -42 0000000000000000
42 -92 -35 0000000000000000
42 -92 -28 0000000000000000
42 -92 -21 0000000000000000
42 -92 -14 0000000000000000
42 -92 -7 0000000000000000
42 -92 0 0000000000000000
42 -92 7 0000000000000000
42 -92 14 0000000000000000
42 -92 21 0000000000000000
42 -92 28 0000000000000000
42 -92 35 0000000000000000
42 -92 42 0000000000000000
42 -92 49 0000000000000000
42 -92 56 0000000000000000
42 -92 63 0000000000000000
42 -92 70 0000000000000000
42 -92 77 0000000000000000
42 -92 84 0000000000000000
42 -92 91 0000000000000000
42 -92 98 0000000000000000
42 -89 -70 0000000000000000
42 -89 -63 0000000000000000
42 -89 -56 0000000000000000
42 -89 -49 0000000000000000
42 -89 -42 0000000000000000
42 -89 -35 0000000000000000
42 -89 -28 0000000000000000
42 -89 -21 0000000000000000
42 -89 -14 0000000000000000
42 -89 -7 0000000000000000
42 -89 0 0000000000000000
42 -89 7 0000000000000000
42 -89 14 0000000000000000
42 -89 21 0000000000000000
42 -89 28 0000000000000000
42 -89 35 0000000000000000
42 -89 42 0000000000000000
42 -89 49 0000000000000000
42 -89 56 0000000000000000
42 -89 63 0000000000000000
42 -89 70 0000000000000000
42 -89 77 0000000000000000
42 -89 84 0000000000000000
42 -89 91 0000000000000000
42 -89 98 0000000000000000
42 -86 -70 0000000000000000
42 -86 -63 0000000000000000
42 -86 -56 0000000000000000
42 -86 -49 0000000000000000
42 -86 -42 0000000000000000
42 -86 -35 0000000000000000
42 -86 -28 0000000000000000
42 -86 -21 0000000000000000
42 -86 -14 0000000000000000
42 -86 -7 0000000000000000
42 -86 0 0000000000000000
42 -86 7 0000000000000000
42 -86 14 0000000000000000
42 -86 21 0000000000000000
42 -86 28 0000000000000000
42 -86 35 0000000000000000
42 -86 42 0000000000000000
42 -86 49 0000000000000000
42 -86 56 0000000000000000
42 -86 63 0000000000000000
42 -86 70 0000000000000000
42 -86 77 0000000000000000
42 -86 84 0000000000000000
42 -86 91 0000000000000000
42 -86 98 0000000000000000
42 -83 -70 0000000000000000
42 -83 -63 0000000000000000
42 -83 -56 0000000000000000
42 -83 -49 0000000000000000
42 -83 -42 0000000000000000
42 -83 -35 0000000000000000
42 -83 -28 0000000000000000
42 -83 -21 0000000000000000
42 -83 -14 0000000000000000
42 -83 -7 0000000000000000
42 -83 0 0000000000000000
42 -83 7 0000000000000000
42 -83 14 0000000000000000
42 -83 21 0000000000000000
42 -83 28 0000000000000000
42 -83 35 0000000000000000
42 -83 42 0000000000000000
42 -83 49 0000000000000000
42 -83 56 0000000000000000
42 -83 63 0000000000000000
42 -83 70 0000000000000000
42 -83 77 0000000000000000
42 -83 84 0000000000000000
42 -83 91 0000000000000000
42 -83 98 0000000000000000
42 -80 -70 0000000000000000
42 -80 -63 0000000000000000
42 -80 -56 0000000000000000
42 -80 -49 0000000000000000
42 -80 -42 0000000000000000
42 -80 -35 0000000000000000
42 -80 -28 0000000000000000
42 -80 -21 0000000000000000
42 -80 -14 0000000000000000
42 -80 -7 0000000000000000
42 -80 0 0000000000000000
42 -80 7 0000000000000000
42 -80 14 0000000000000000
42 -80 21 0000000000000000
42 -80 28 0000000000000000
42 -80 35 0000000000000000
42 -80 42 0000000000000000
42 -80 49 0000000000000000
42 -80 56 0000000000000000
42 -80 63 0000000000000000
42 -80 70 0000000000000000
42 -80 77 0000000000000000
42 -80 84 0000000000000000
42 -80 91 0000000000000000
42 -80 98 0000000000000000
42 -77 -70 0000000000000000
42 -77 -63 0000000000000000
42 -77 -56 0000000000000000
42 -77 -49 0000000000000000
42 -77 -42 0000000000000000
42 -77 -35 0000000000000000
42 -77 -28 0000000000000000
42 -77 -21 0000000000000000
42 -77 -14 0000000000000000
42 -77 -7 0000000000000000
42 -77 0 0000000000000000
42 -77 7 0000000000000000
42 -77 14 0000000000000000
42 -77 21 0000000000000000
42 -77 28 0000000000000000
42 -77 35 0000000000000000
42 -77 42 0000000000000000
42 -77 49 0000000000000000
42 -77 56 0000000000000000
42 -77 63 0000000000000000
42 -77 70 0000000000000000
42 -77 77 0000000000000000
42 -77 84 0000000000000000
42 -77 91 0000000000000000
42 -77 98 0000000000000000
42 -74 -70 0000000000000000
42 -74 -63 0000000000000000
42 -74 -56 0000000000000000
42 -74 -49 0000000000000000
42 -74 -42 0000000000000000
42 -74 -35 0000000000000000
42 -74 -28 0000000000000000
42 -74 -21 0000000000000000
42 -74 -14 0000000000000000
42 -74 -7 0000000000000000
42 -74 0 0000000000000000
42 -74 7 0000000000000000
42 -74 14 0000000000000000
42 -74 21 0000000000000000
42 -74 28 0000000000000000
42 -74 35 0000000000000000
42 -74 42 0000000000000000
42 -74 49 0000000000000000
42 -74 56 0000000000000000
42 -74 63 0000000000000000
42 -74 70 0000000000000000
42 -74 77 0000000000000000
42 -74 84 0000000000000000
42 -74 91 0000000000000000
42 -74 98 0000000000000000
42 -71 -70 0000000000000000
42 -71 -63 0000000000000000
42 -71 -56 0000000000000000
42 -71 -49 0000000000000000
42 -71 -42 0000000000000000
42 -71 -35 0000000000000000
42 -71 -28 0000000000000000
42 -71 -21 0000000000000000
42 -71 -14 0000000000000000
42 -71 -7 0000000000000000
42 -71 0 0000000000000000
42 -71 7 0000000000000000
42 -71 14 0000000000000000
42 -71 21 0000000000000000
42 -71 28 0000000000000000
42 -71 35 0000000000000000
42 -71 42 0000000000000000
42 -71 49 0000000000000000
42 -71 56 0000000000000000
42 -71 63 0000000000000000
42 -71 70 0000000000000000
42 -71 77 0000000000000000
42 -71 84 0000000000000000
42 -71 91 0000000000000000
42 -71 98 0000000000000000
42 -68 -70 0000000000000000
42 -68 -63 0000000000000000
42 -68 -56 0000000000000000
42 -68 -49 0000000000000000
42 -68 -42 0000000000000000
42 -68 -35 0000000000000000
42 -68 -28 0000000000000000
42 -68 -21 0000000000000000
42 -68 -14 0000000000000000
42 -68 -7 0000000000000000
42 -68 0 0000000000000000
42 -68 7 0000000000000000
42 -68 14 0000000000000000
42 -68 21 0000000000000000
42 -68 28 0000000000000000
42 -68 35 0000000000000000
42 -68 42 0000000000000000
42 -68 49 0000000000000000
42 -68 56 0000000000000000
42 -68 63 0000000000000000
42 -68 70 0000000000000000
42 -68 77 0000000000000000
42 -68 84 0000000000000000
42 -68 91 0000000000000000
42 -68 98 0000000000000000
42 -65 -70 0000000000000000
42 -65 -63 0000000000000000
42 -65 -56 0000000000000000
42 -65 -49 0000000000000000
42 -65 -42 0000000000000000
42 -65 -35 0000000000000000
42 -65 -28 0000000000000000
42 -65 -21 0000000000000000
42 -65 -14 0000000000000000
42 -65 -7 0000000000000000
42 -65 0 0000000000000000
42 -65 7 0000000000000000
42 -65 14 0000000000000000
42 -65 21 0000000000000000
42 -65 28 0000000000000000
42 -65 35 0000000000000000
42 -65 42 0000000000000000
42 -65 49 0000000000000000
42 -65 56 0000000000000000
42 -65 63 0000000000000000
42 -65 70 0000000000000000
42 -65 77 0000000000000000
42 -65 84 0000000000000000
42 -65 91 0000000000000000
42 -65 98 0000000000000000
42 -62 -70 0000000000000000
42 -62 -63 0000000000000000
42 -62 -56 0000000000000000
42 -62 -49 0000000000000000
42 -62 -42 0000000000000000
42 -62 -35 0000000000000000
42 -62 -28 0000000000000000
42 -62 -21 0000000000000000
42 -62 -14 0000000000000000
42 -62 -7 0000000000000000
42 -62 0 0000000000000000
42 -62 7 0000000000000000
42 -62 14 0000000000000000
42 -62 21 0000000000000000
42 -62 28 0000000000000000
42 -62 35 0000000000000000
42 -62 42 0000000000000000
42 -62 49 0000000000000000
42 -62 56 0000000000000000
42 -62 63 0000000000000000
42 -62 70 0000000000000000
42 -62 77 0000000000000000
42 -62 84 0000000000000000
42 -62 91 0000000000000000
42 -62 98 0000000000000000
42 -59 -70 0000000000000000
42 -59 -63 0000000000000000
42 -59 -56 0000000000000000
42 -59 -49 0000000000000000
42 -59 -42 0000000000000000
42 -59 -35 0000000000000000
42 -59 -28 0000000000000000
42 -59 -21 0000000000000000
42 -59 -14 0000000000000000
42 -59 -7 0000000000000000
42 -59 0 0000000000000000
42 -59 7 0000000000000000
42 -59 14 0000000000000000
42 -59 21 0000000000000000
42 -59 28 0000000000000000
42 -59 35 0000000000000000
42 -59 42 0000000000000000
42 -59 49 0000000000000000
42 -59 56 0000000000000000
42 -59 63 0000000000000000
42 -59 70 0000000000000000
42 -59 77 0000000000000000
42 -59 84 0000000000000000
42 -59 91 0000000000000000
42 -59 98 0000000000000000
42 -56 -70 0000000000000000
42 -56 -63 0000000000000000
42 -56 -56 0000000000000000
42 -56 -49 0000000000000000
42 -56 -42 0000000000000000
42 -56 -35 0000000000000000
42 -56 -28 0000000000000000
42 -56 -21 0000000000000000
42 -56 -14 0000000000000000
42 -56 -7 0000000000000000
42 -56 0 0000000000000000
42 -56 7 0000000000000000
42 -56 14 0000000000000000
42 -56 21 0000000000000000
42 -56 28 0000000000000000
42 -56 35 0000000000000000
42 -56 42 0000000000000000
42 -56 49 0000000000000000
42 -56 56 0000000000000000
42 -56 63 0000000000000000
42 -56 70 0000000000000000
42 -56 77 0000000000000000
42 -56 84 0000000000000000
42 -56 91 0000000000000000
42 -56 98 0000000000000000
42 -53 -70 0000000000000000
42 -53 -63 0000000000000000
42 -53 -56 0000000000000000
42 -53 -49 0000000000000000
42 -53 -42 0000000000000000
42 -53 -35 0000000000000000
42 -53 -28 0000000000000000
42 -53 -21 0000000000000000
42 -53 -14 0000000000000000
42 -53 -7 0000000000000000
42 -53 0 0000000000000000
42 -53 7 0000000000000000
42 -53 14 0000000000000000
42 -53 21 0000000000000000
42 -53 28 0000000000000000
42 -53 35 0000000000000000
42 -53 42 0000000000000000
42 -53 49 0000000000000000
42 -53 56 0000000000000000
42 -53 63 0000000000000000
42 -53 70 0000000000000000
42 -53 77 0000000000000000
42 -53 84 0000000000000000
42 -53 91 0000000000000000
42 -53 98 0000000000000000
42 -50 -70 0000000000000000
42 -50 -63 0000000000000000
42 -50 -56 0000000000000000
42 -50 -49 0000000000000000
42 -50 -42 0000000000000000
42 -50 -35 0000000000000000
42 -50 -28 0000000000000000
42 -50 -21 0000000000000000
42 -50 -14 0000000000000000
42 -50 -7 0000000000000000
42 -50 0 0000000000000000
42 -50 7 0000000000000000
42 -50 14 0000000000000000
42 -50 21 0000000000000000
42 -50 28 0000000000000000
42 -50 35 0000000000000000
42 -50 42 0000000000000000
42 -50 49 0000000000000000
42 -50 56 0000000000000000
42 -50 63 0000000000000000
42 -50 70 0000000000000000
42 -50 77 0000000000000000
42 -50 84 0000000000000000
42 -50 91 0000000000000000
42 -50 98 0000000000000000
42 -47 -70 0000000000000000
42 -47 -63 0000000000000000
42 -47 -56 0000000000000000
42 -47 -49 0000000000000000
42 -47 -42 0000000000000000
42 -47 -35 0000000000000000
42 -47 -28 0000000000000000
42 -47 -21 0000000000000000
42 -47 -14 0000000000000000
42 -47 -7 0000000000000000
42 -47 0 0000000000000000
42 -47 7 0000000000000000
42 -47 14 0000000000000000
42 -47 21 0000000000000000
42 -47 28 0000000000000000
42 -47 35 0000000000000000
42 -47 42 0000000000000000
42 -47 49 0000000000000000
42 -47 56 0000000000000000
42 -47 63 0000000000000000
42 -47 70 0000000000000000
42 -47 77 0000000000000000
42 -47 84 0000000000000000
42 -47 91 0000000000000000
42 -47 98 0000000000000000
42 -44 -70 0000000000000000
42 -44 -63 0000000000000000
42 -44 -56 0000000000000000
42 -44 -49 0000000000000000
42 -44 -42 0000000000000000
42 -44 -35 0000000000000000
42 -44 -28 0000000000000000
42 -44 -21 0000000000000000
42 -44 -14 0000000000000000
42 -44 -7 0000000000000000
42 -44 0 0000000000000000
42 -44 7 0000000000000000
42 -44 14 0000000000000000
42 -44 21 0000000000000000
42 -44 28 0000000000000000
42 -44 35 0000000000000000
42 -44 42 0000000000000000
42 -44 49 0000000000000000
42 -44 56 0000000000000000
42 -44 63 0000000000000000
42 -44 70 0000000000000000
42 -44 77 0000000000000000
42 -44 84 0000000000000000
42 -44 91 0000000000000000
42 -44 98 0000000000000000
42 -41 -70 0000000000000000
42 -41 -63 0000000000000000
42 -41 -56 0000000000000000
42 -41 -49 0000000000000000
42 -41 -42 0000000000000000
42 -41 -35 0000000000000000
42 -41 -28 0000000000000000
42 -41 -21 0000000000000000
42 -41 -14 0000000000000000
42 -41 -7 0000000000000000
42 -41 0 0000000000000000
42 -41 7 0000000000000000
42 -41 14 0000000000000000
42 -41 21 0000000000000000
42 -41 28 0000000000000000
42 -41 35 0000000000000000
42 -41 42 0000000000000000
42 -41 49 0000000000000000
42 -41 56 0000000000000000
42 -41 63 0000000000000000
42 -41 70 0000000000000000
42 -41 77 0000000000000000
42 -41 84 0000000000000000
42 -41 91 0000000000000000
42 -41 98 0000000000000000
42 -38 -70 0000000000000000
42 -38 -63 0000000000000000
42 -38 -56 0000000000000000
42 -38 -49 0000000000000000
42 -38 -42 0000000000000000
42 -38 -35 0000000000000000
42 -38 -28 0000000000000000
42 -38 -21 0000000000000000
42 -38 -14 0000000000000000
42 -38 -7 0000000000000000
42 -38 0 0000000000000000
42 -38 7 0000000000000000
42 -38 14 0000000000000000
42 -38 21 0000000000000000
42 -38 28 0000000000000000
42 -38 35 0000000000000000
42 -38 42 0000000000000000
42 -38 49 0000000000000000
42 -38 56 0000000000000000
42 -38 63 0000000000000000
42 -38 70 0000000000000000
42 -38 77 0000000000000000
42 -38 84 0000000000000000
42 -38 91 0000000000000000
42 -38 98 0000000000000000
42 -35 -70 0000000000000000
42 -35 -63 0000000000000000
42 -35 -56 0000000000000000
42 -35 -49 0000000000000000
42 -35 -42 0000000000000000
42 -35 -35 0000000000000000
42 -35 -28 0000000000000000
42 -35 -21 0000000000000000
42 -35 -14 0000000000000000
42 -35 -7 0000000000000000
42 -35 0 0000000000000000
42 -35 7 0000000000000000
42 -35 14 0000000000000000
42 -35 21 0000000000000000
42 -35 28 0000000000000000
42 -35 35 0000000000000000
42 -35 42 0000000000000000
42 -35 49 0000000000000000
42 -35 56 0000000000000000
42 -35 63 0000000000000000
42 -35 70 0000000000000000
42 -35 77 0000000000000000
42 -35 84 0000000000000000
42 -35 91 0000000000000000
42 -35 98 0000000000000000
42 -32 -70 0000000000000000
42 -32 -63 0000000000000000
42 -32 -56 0000000000000000
42 -32 -49 0000000000000000
42 -32 -42 0000000000000000
42 -32 -35 0000000000000000
42 -32 -28 0000000000000000
42 -32 -21 0000000000000000
42 -32 -14 0000000000000000
42 -32 -7 0000000000000000
42 -32 0 0000000000000000
42 -32 7 0000000000000000
42 -32 14 0000000000000000
42 -32 21 0000000000000000
42 -32 28 0000000000000000
42 -32 35 0000000000000000
42 -32 42 0000000000000000
42 -32 49 0000000000000000
42 -32 56 0000000000000000
42 -32 63 0000000000000000
42 -32 70 0000000000000000
42 -32 77 0000000000000000
42 -32 84 0000000000000000
42 -32 91 0000000000000000
42 -32 98 0000000000000000
42 -29 -70 0000000000000000
42 -29 -63 0000000000000000
42 -29 -56 0000000000000000
42 -29 -49 0000000000000000
42 -29 -42 0000000000000000
42 -29 -35 0000000000000000
42 -29 -28 0000000000000000
42 -29 -21 3fb4321e4a5dc04d
42 -29 -14 3fc999999ac34f4d
42 -29 -7 3fc9999b31b39924
42 -29 0 3fc9999a9d0c077b
42 -29 7 3fc25b3de9505f04
42 -29 14 0000000000000000
42 -29 21 0000000000000000
42 -29 28 0000000000000000
42 -29 35 0000000000000000
42 -29 42 0000000000000000
42 -29 49 0000000000000000
42 -29 56 0000000000000000
42 -29 63 0000000000000000
42 -29 70 0000000000000000
42 -29 77 0000000000000000
42 -29 84 0000000000000000
42 -29 91 0000000000000000
42 -29 98 0000000000000000
42 -26 -70 0000000000000000
42 -26 -63 0000000000000000
42 -26 -56 0000000000000000
42 -26 -49 0000000000000000
42 -26 -42 0000000000000000
42 -26 -35 0000000000000000
42 -26 -28 0000000000000000
42 -26 -21 3fcdfe051e68da40
42 -26 -14 3fd99999a24c9e01
42 -26 -7 3fd999a5ff2c3fb2
42 -26 0 3fd999a17199d43c
42 -26 7 3fd46ec0ca612bb9
42 -26 14 0000000000000000
42 -26 21 0000000000000000
42 -26 28 0000000000000000
42 -26 35 0000000000000000
42 -26 42 0000000000000000
42 -26 49 0000000000000000
42 -26 56 0000000000000000
42 -26 63 0000000000000000
42 -26 70 0000000000000000
42 -26 77 0000000000000000
42 -26 84 0000000000000000
42 -26 91 0000000000000000
42 -26 98 0000000000000000
42 -23 -70 0000000000000000
42 -23 -63 0000000000000000
42 -23 -56 0000000000000000
42 -23 -49 0000000000000000
42 -23 -42 0000000000000000
42 -23 -35 0000000000000000
42 -23 -28 0000000000000000
42 -23 -21 3fd6940d6d73455a
42 -23 -14 3fe33333436a1332
42 -23 -7 3fe3334b290a07df
42 -23 0 3fe333424e2c3b21
42 -23 7 3fdddddde63baa88
42 -23 14 3fa46b8d16430167
42 -23 21 0000000000000000
42 -23 28 0000000000000000
42 -23 35 0000000000000000
42 -23 42 0000000000000000
42 -23 49 0000000000000000
42 -23 56 0000000000000000
42 -23 63 0000000000000000
42 -23 70 0000000000000000
42 -23 77 0000000000000000
42 -23 84 0000000000000000
42 -23 91 0000000000000000
42 -23 98 0000000000000000
42 -20 -70 0000000000000000
42 -20 -63 0000000000000000
42 -20 -56 0000000000000000
42 -20 -49 0000000000000000
42 -20 -42 0000000000000000
42 -20 -35 0000000000000000
42 -20 -28 0000000000000000
42 -20 -21 3fd999999999999a
42 -20 -14 3fe999999ea213f1
42 -20 -7 3fe999a12a013e76
42 -20 0 3fe9999e5c8a3906
42 -20 7 3fe11111125cb702
42 -20 14 3fb1111111111113
42 -20 21 0000000000000000
42 -20 28 0000000000000000
42 -20 35 0000000000000000
42 -20 42 0000000000000000
42 -20 49 0000000000000000
42 -20 56 0000000000000000
42 -20 63 0000000000000000
42 -20 70 0000000000000000
42 -20 77 0000000000000000
42 -20 84 0000000000000000
42 -20 91 0000000000000000
42 -20 98 0000000000000000
42 -17 -70 0000000000000000
42 -17 -63 0000000000000000
42 -17 -56 0000000000000000
42 -17 -49 0000000000000000
42 -17 -42 0000000000000000
42 -17 -35 0000000000000000
42 -17 -28 0000000000000000
42 -17 -21 3fd999999999999a
42 -17 -14 3fe999998887f76d
42 -17 -7 3fe999802aa315a2
42 -17 0 3fe9998993f48f0a
42 -17 7 3fe111110caaf8d9
42 -17 14 3fb1111111111113
42 -17 21 3ea84c2bda0cdd90
42 -17 28 3f1d3f9b7e2a713d
42 -17 35 3f230d1c530886ac
42 -17 42 3f230d1c530886ac
42 -17 49 3f1d3f9b7e2a713d
42 -17 56 3ea84c2bda0cdd90
42 -17 63 0000000000000000
42 -17 70 0000000000000000
42 -17 77 0000000000000000
42 -17 84 0000000000000000
42 -17 91 0000000000000000
42 -17 98 0000000000000000
42 -14 -70 0000000000000000
42 -14 -63 0000000000000000
42 -14 -56 0000000000000000
42 -14 -49 0000000000000000
42 -14 -42 0000000000000000
42 -14 -35 0000000000000000
42 -14 -28 0000000000000000
42 -14 -21 3fd999999999999a
42 -14 -14 3fe99999919fd4b7
42 -14 -7 3fe9998e1548f656
42 -14 0 3fe9999252c44466
42 -14 7 3fe111110f014d28
42 -14 14 3fb1111111111113
42 -14 21 3efc31b6f2bb9737
42 -14 28 3f732e96a734177a
42 -14 35 3f796f3855ec8bbb
42 -14 42 3f7963957e1b5d24
42 -14 49 3f732e86cba34946
42 -14 56 3efc31b6f2bb9737
42 -14 63 0000000000000000
42 -14 70 0000000000000000
42 -14 77 0000000000000000
42 -14 84 0000000000000000
42 -14 91 0000000000000000
42 -14 98 0000000000000000
42 -11 -70 0000000000000000
42 -11 -63 0000000000000000
42 -11 -56 0000000000000000
42 -11 -49 0000000000000000
42 -11 -42 0000000000000000
42 -11 -35 0000000000000000
42 -11 -28 0000000000000000
42 -11 -21 3fd999999999999a
42 -11 -14 3fe9999998c6343a
42 -11 -7 3fe999987434f914
42 -11 0 3fe99998df5ef1cf
42 -11 7 3fe1111110da2019
42 -11 14 3fb1111111111113
42 -11 21 3f3278d6ed925b0b
42 -11 28 3faffd46efb867da
42 -11 35 3fb607737b303b82
42 -11 42 3fb5f3dbdad0852b
42 -11 49 3faffd1794240bec
42 -11 56 3f3278d6ed925b0b
42 -11 63 0000000000000000
42 -11 70 0000000000000000
42 -11 77 0000000000000000
42 -11 84 0000000000000000
42 -11 91 0000000000000000
42 -11 98 0000000000000000
42 -8 -70 0000000000000000
42 -8 -63 0000000000000000
42 -8 -56 0000000000000000
42 -8 -49 0000000000000000
42 -8 -42 0000000000000000
42 -8 -35 0000000000000000
42 -8 -28 0000000000000000
42 -8 -21 3fd999999999999a
42 -8 -14 3fe999999993792b
42 -8 -7 3fe9999991646ff8
42 -8 0 3fe99999945f0063
42 -8 7 3fe11111110f76c4
42 -8 14 3fb1111111111113
42 -8 21 3f4536b36bebfd14
42 -8 28 3fcdc99fc72346e8
42 -8 35 3fd8db7f2b274e80
42 -8 42 3fd8b62ea578d932
42 -8 49 3fcdc954193c2222
42 -8 56 3f4536b36bebfd14
42 -8 63 0000000000000000
42 -8 70 0000000000000000
42 -8 77 0000000000000000
42 -8 84 0000000000000000
42 -8 91 0000000000000000
42 -8 98 0000000000000000
42 -5 -70 0000000000000000
42 -5 -63 0000000000000000
42 -5 -56 0000000000000000
42 -5 -49 0000000000000000
42 -5 -42 0000000000000000
42 -5 -35 0000000000000000
42 -5 -28 0000000000000000
42 -5 -21 3fd999999999999a
42 -5 -14 3fe999999999999a
42 -5 -7 3fe999999999999a
42 -5 0 3fe999999999999a
42 -5 7 3fe1111111111112
42 -5 14 3fb1111111111113
42 -5 21 bf2995bd716cec07
42 -5 28 bfbae868ce9c95dd
42 -5 35 bfe195363a13ec67
42 -5 42 bfe1adb97fcfb043
42 -5 49 bfbae90ef3f36faf
42 -5 56 bf2995bd716cec07
42 -5 63 0000000000000000
42 -5 70 0000000000000000
42 -5 77 0000000000000000
42 -5 84 0000000000000000
42 -5 91 0000000000000000
42 -5 98 0000000000000000
42 -2 -70 0000000000000000
42 -2 -63 0000000000000000
42 -2 -56 0000000000000000
42 -2 -49 0000000000000000
42 -2 -42 0000000000000000
42 -2 -35 0000000000000000
42 -2 -28 0000000000000000
42 -2 -21 3fd999999999999a
42 -2 -14 3fe999999999999a
42 -2 -7 3fe999999999999a
42 -2 0 3fe999999999999a
42 -2 7 3fe1111111111112
42 -2 14 3fb1111111111113
42 -2 21 bf43c0e86708dbec
42 -2 28 bfc6c34a6c91d89d
42 -2 35 bfd147804563b642
42 -2 42 bfd11679b9ec2e8a
42 -2 49 bfc6c2f759e66bb4
42 -2 56 bf43c0e86708dbec
42 -2 63 0000000000000000
42 -2 70 0000000000000000
42 -2 77 0000000000000000
42 -2 84 0000000000000000
42 -2 91 0000000000000000
42 -2 98 0000000000000000
42 1 -70 0000000000000000
42 1 -63 0000000000000000
42 1 -56 0000000000000000
42 1 -49 0000000000000000
42 1 -42 0000000000000000
42 1 -35 0000000000000000
42 1 -28 0000000000000000
42 1 -21 3fd999999999999a
42 1 -14 3fe999999999999a
42 1 -7 3fe999999999999a
42 1 0 3fe999999999999a
42 1 7 3fe1111111111112
42 1 14 3fb1111111111113
42 1 21 bf23904a26380bbd
42 1 28 bf9eba0f127100f7
42 1 35 bfa79f052e673caa
42 1 42 bfa6748100f39234
42 1 49 bf9eb7b1a337daca
42 1 56 bf23904a26380bbd
42 1 63 0000000000000000
42 1 70 0000000000000000
42 1 77 0000000000000000
42 1 84 0000000000000000
42 1 91 0000000000000000
42 1 98 0000000000000000
42 4 -70 0000000000000000
42 4 -63 0000000000000000
42 4 -56 0000000000000000
42 4 -49 0000000000000000
42 4 -42 0000000000000000
42 4 -35 0000000000000000
42 4 -28 0000000000000000
42 4 -21 3fd999999999999a
42 4 -14 3fe999999999999a
42 4 -7 3fe999999999999a
42 4 0 3fe999999999999a
42 4 7 3fe1111111111112
42 4 14 3fb1111111111113
42 4 21 bee3580da9d3c7d3
42 4 28 bf59156d4b7f093f
42 4 35 bf66ea9e0290ec7a
42 4 42 bf6477a9f69a21a5
42 4 49 bf590f81d8f38b93
42 4 56 bee3580da9d3c7d3
42 4 63 0000000000000000
42 4 70 0000000000000000
42 4 77 0000000000000000
42 4 84 0000000000000000
42 4 91 0000000000000000
42 4 98 0000000000000000
42 7 -70 0000000000000000
42 7 -63 0000000000000000
42 7 -56 0000000000000000
42 7 -49 0000000000000000
42 7 -42 0000000000000000
42 7 -35 0000000000000000
42 7 -28 0000000000000000
42 7 -21 3fd837195ad2d1ca
42 7 -14 3fe5555555555556
42 7 -7 3fe5555555555556
42 7 0 3fe5555555555556
42 7 7 3fe00f37ad044a52
42 7 14 3fabfa4ca2453640
42 7 21 0000000000000000
42 7 28 be755fb0f1629530
42 7 35 beff7fc87ef70bd4
42 7 42 bef3dcf0adc87510
42 7 49 be5610808cbb785f
42 7 56 0000000000000000
42 7 63 0000000000000000
42 7 70 0000000000000000
42 7 77 0000000000000000
42 7 84 0000000000000000
42 7 91 0000000000000000
42 7 98 0000000000000000
42 10 -70 0000000000000000
42 10 -63 0000000000000000
42 10 -56 0000000000000000
42 10 -49 0000000000000000
42 10 -42 0000000000000000
42 10 -35 0000000000000000
42 10 -28 0000000000000000
42 10 -21 3fd1e0531a56fb4d
42 10 -14 3fdddddddddddddd
42 10 -7 3fdddddddddddddd
42 10 0 3fdddddddddddddd
42 10 7 3fd7e147e4aaabbc
42 10 14 0000000000000000
42 10 21 0000000000000000
42 10 28 0000000000000000
42 10 35 0000000000000000
42 10 42 0000000000000000
42 10 49 0000000000000000
42 10 56 0000000000000000
42 10 63 0000000000000000
42 10 70 0000000000000000
42 10 77 0000000000000000
42 10 84 0000000000000000
42 10 91 0000000000000000
42 10 98 0000000000000000
42 13 -70 0000000000000000
42 13 -63 0000000000000000
42 13 -56 0000000000000000
42 13 -49 0000000000000000
42 13 -42 0000000000000000
42 13 -35 0000000000000000
42 13 -28 0000000000000000
42 13 -21 3fc1111111111110
42 13 -14 3fd1111111111112
42 13 -7 3fd1111111111112
42 13 0 3fd1111111111112
42 13 7 3fca135701bbec24
42 13 14 0000000000000000
42 13 21 0000000000000000
42 13 28 0000000000000000
42 13 35 0000000000000000
42 13 42 0000000000000000
42 13 49 0000000000000000
42 13 56 0000000000000000
42 13 63 0000000000000000
42 13 70 0000000000000000
42 13 77 0000000000000000
42 13 84 0000000000000000
42 13 91 0000000000000000
42 13 98 0000000000000000
42 16 -70 0000000000000000
42 16 -63 0000000000000000
42 16 -56 0000000000000000
42 16 -49 0000000000000000
42 16 -42 0000000000000000
42 16 -35 0000000000000000
42 16 -28 0000000000000000
42 16 -21 0000000000000000
42 16 -14 3fb1111111111113
42 16 -7 3fb1111111111113
42 16 0 3fb1111111111113
42 16 7 3f9428be3c41e21a
42 16 14 0000000000000000
42 16 21 0000000000000000
42 16 28 0000000000000000
42 16 35 0000000000000000
42 16 42 0000000000000000
42 16 49 0000000000000000
42 16 56 0000000000000000
42 16 63 0000000000000000
42 16 70 0000000000000000
42 16 77 0000000000000000
42 16 84 0000000000000000
42 16 91 0000000000000000
42 16 98 0000000000000000
42 19 -70 0000000000000000
42 19 -63 0000000000000000
42 19 -56 0000000000000000
42 19 -49 0000000000000000
42 19 -42 0000000000000000
42 19 -35 0000000000000000
42 19 -28 0000000000000000
42 19 -21 0000000000000000
42 19 -14 0000000000000000
42 19 -7 0000000000000000
42 19 0 0000000000000000
42 19 7 0000000000000000
42 19 14 0000000000000000
42 19 21 0000000000000000
42 19 28 0000000000000000
42 19 35 0000000000000000
42 19 42 0000000000000000
42 19 49 0000000000000000
42 19 56 0000000000000000
42 19 63 0000000000000000
42 19 70 0000000000000000
42 19 77 0000000000000000
42 19 84 0000000000000000
42 19 91 0000000000000000
42 19 98 0000000000000000
42 22 -70 0000000000000000
42 22 -63 0000000000000000
42 22 -56 0000000000000000
42 22 -49 0000000000000000
42 22 -42 0000000000000000
42 22 -35 0000000000000000
42 22 -28 0000000000000000
42 22 -21 0000000000000000
42 22 -14 0000000000000000
42 22 -7 0000000000000000
42 22 0 0000000000000000
42 22 7 0000000000000000
42 22 14 0000000000000000
42 22 21 0000000000000000
42 22 28 0000000000000000
42 22 35 0000000000000000
42 22 42 0000000000000000
42 22 49 0000000000000000
42 22 56 0000000000000000
42 22 63 0000000000000000
42 22 70 0000000000000000
42 22 77 0000000000000000
42 22 84 0000000000000000
42 22 91 0000000000000000
42 22 98 0000000000000000
42 25 -70 0000000000000000
42 25 -63 0000000000000000
42 25 -56 0000000000000000
42 25 -49 0000000000000000
42 25 -42 0000000000000000
42 25 -35 0000000000000000
42 25 -28 0000000000000000
42 25 -21 0000000000000000
42 25 -14 0000000000000000
42 25 -7 0000000000000000
42 25 0 0000000000000000
42 25 7 0000000000000000
42 25 14 0000000000000000
42 25 21 0000000000000000
42 25 28 0000000000000000
42 25 35 0000000000000000
42 25 42 0000000000000000
42 25 49 0000000000000000
42 25 56 0000000000000000
42 25 63 0000000000000000
42 25 70 0000000000000000
42 25 77 0000000000000000
42 25 84 0000000000000000
42 25 91 0000000000000000
42 25 98 0000000000000000
42 28 -70 0000000000000000
42 28 -63 0000000000000000
42 28 -56 0000000000000000
42 28 -49 0000000000000000
42 28 -42 0000000000000000
42 28 -35 0000000000000000
42 28 -28 0000000000000000
42 28 -21 0000000000000000
42 28 -14 0000000000000000
42 28 -7 0000000000000000
42 28 0 0000000000000000
42 28 7 0000000000000000
42 28 14 0000000000000000
42 28 21 0000000000000000
42 28 28 0000000000000000
42 28 35 0000000000000000
42 28 42 0000000000000000
42 28 49 0000000000000000
42 28 56 0000000000000000
42 28 63 0000000000000000
42 28 70 0000000000000000
42 28 77 0000000000000000
42 28 84 0000000000000000
42 28 91 0000000000000000
42 28 98 0000000000000000
42 31 -70 0000000000000000
42 31 -63 0000000000000000
42 31 -56 0000000000000000
42 31 -49 0000000000000000
42 31 -42 0000000000000000
42 31 -35 0000000000000000
42 31 -28 0000000000000000
42 31 -21 0000000000000000
42 31 -14 0000000000000000
42 31 -7 0000000000000000
42 31 0 0000000000000000
42 31 7 0000000000000000
42 31 14 0000000000000000
42 31 21 0000000000000000
42 31 28 0000000000000000
42 31 35 0000000000000000
42 31 42 0000000000000000
42 31 49 0000000000000000
42 31 56 0000000000000000
42 31 63 0000000000000000
42 31 70 0000000000000000
42 31 77 0000000000000000
42 31 84 0000000000000000
42 31 91 0000000000000000
42 31 98 0000000000000000
42 34 -70 0000000000000000
42 34 -63 0000000000000000
42 34 -56 0000000000000000
42 34 -49 0000000000000000
42 34 -42 0000000000000000
42 34 -35 0000000000000000
42 34 -28 0000000000000000
42 34 -21 0000000000000000
42 34 -14 0000000000000000
42 34 -7 0000000000000000
42 34 0 0000000000000000
42 34 7 0000000000000000
42 34 14 0000000000000000
42 34 21 0000000000000000
42 34 28 0000000000000000
42 34 35 0000000000000000
42 34 42 0000000000000000
42 34 49 0000000000000000
42 34 56 0000000000000000
42 34 63 0000000000000000
42 34 70 0000000000000000
42 34 77 0000000000000000
42 34 84 0000000000000000
42 34 91 0000000000000000
42 34 98 0000000000000000
42 37 -70 0000000000000000
42 37 -63 0000000000000000
42 37 -56 0000000000000000
42 37 -49 0000000000000000
42 37 -42 0000000000000000
42 37 -35 0000000000000000
42 37 -28 0000000000000000
42 37 -21 0000000000000000
42 37 -14 0000000000000000
42 37 -7 0000000000000000
42 37 0 0000000000000000
42 37 7 0000000000000000
42 37 14 0000000000000000
42 37 21 0000000000000000
42 37 28 0000000000000000
42 37 35 0000000000000000
42 37 42 0000000000000000
42 37 49 0000000000000000
42 37 56 0000000000000000
42 37 63 0000000000000000
42 37 70 0000000000000000
42 37 77 0000000000000000
42 37 84 0000000000000000
42 37 91 0000000000000000
42 37 98 0000000000000000
42 40 -70 0000000000000000
42 40 -63 0000000000000000
42 40 -56 0000000000000000
42 40 -49 0000000000000000
42 40 -42 0000000000000000
42 40 -35 0000000000000000
42 40 -28 0000000000000000
42 40 -21 0000000000000000
42 40 -14 0000000000000000
42 40 -7 0000000000000000
42 40 0 0000000000000000
42 40 7 0000000000000000
42 40 14 0000000000000000
42 40 21 0000000000000000
42 40 28 0000000000000000
42 40 35 0000000000000000
42 40 42 0000000000000000
42 40 49 0000000000000000
42 40 56 0000000000000000
42 40 63 0000000000000000
42 40 70 0000000000000000
42 40 77 0000000000000000
42 40 84 0000000000000000
42 40 91 0000000000000000
42 40 98 0000000000000000
42 43 -70 0000000000000000
42 43 -63 0000000000000000
42 43 -56 0000000000000000
42 43 -49 0000000000000000
42 43 -42 0000000000000000
42 43 -35 0000000000000000
42 43 -28 0000000000000000
42 43 -21 0000000000000000
42 43 -14 0000000000000000
42 43 -7 0000000000000000
42 43 0 0000000000000000
42 43 7 0000000000000000
42 43 14 0000000000000000
42 43 21 0000000000000000
42 43 28 0000000000000000
42 43 35 0000000000000000
42 43 42 0000000000000000
42 43 49 0000000000000000
42 43 56 0000000000000000
42 43 63 0000000000000000
42 43 70 0000000000000000
42 43 77 0000000000000000
42 43 84 0000000000000000
42 43 91 0000000000000000
42 43 98 0000000000000000
49 -95 -70 0000000000000000
49 -95 -63 0000000000000000
49 -95 -56 0000000000000000
49 -95 -49 0000000000000000
49 -95 -42 0000000000000000
49 -95 -35 0000000000000000
49 -95 -28 0000000000000000
49 -95 -21 0000000000000000
49 -95 -14 0000000000000000
49 -95 -7 0000000000000000
49 -95 0 0000000000000000
49 -95 7 0000000000000000
49 -95 14 0000000000000000
49 -95 21 0000000000000000
49 -95 28 0000000000000000
49 -95 35 0000000000000000
49 -95 42 0000000000000000
49 -95 49 0000000000000000
49 -95 56 0000000000000000
49 -95 63 0000000000000000
49 -95 70 0000000000000000
49 -95 77 0000000000000000
49 -95 84 0000000000000000
49 -95 91 0000000000000000
49 -95 98 0000000000000000
49 -92 -70 0000000000000000
49 -92 -63 0000000000000000
49 -92 -56 0000000000000000
49 -92 -49 0000000000000000
49 -92 -42 0000000000000000
49 -92 -35 0000000000000000
49 -92 -28 0000000000000000
49 -92 -21 0000000000000000
49 -92 -14 0000000000000000
49 -92 -7 0000000000000000
49 -92 0 0000000000000000
49 -92 7 0000000000000000
49 -92 14 0000000000000000
49 -92 21 0000000000000000
49 -92 28 0000000000000000
49 -92 35 0000000000000000
49 -92 42 0000000000000000
49 -92 49 0000000000000000
49 -92 56 0000000000000000
49 -92 63 0000000000000000
49 -92 70 0000000000000000
49 -92 77 0000000000000000
49 -92 84 0000000000000000
49 -92 91 0000000000000000
49 -92 98 0000000000000000
49 -89 -70 0000000000000000
49 -89 -63 0000000000000000
49 -89 -56 0000000000000000
49 -89 -49 0000000000000000
49 -89 -42 0000000000000000
49 -89 -35 0000000000000000
49 -89 -28 0000000000000000
49 -89 -21 0000000000000000
49 -89 -14 0000000000000000
49 -89 -7 0000000000000000
49 -89 0 0000000000000000
49 -89 7 0000000000000000
49 -89 14 0000000000000000
49 -89 21 0000000000000000
49 -89 28 0000000000000000
49 -89 35 0000000000000000
49 -89 42 0000000000000000
49 -89 49 0000000000000000
49 -89 56 0000000000000000
49 -89 63 0000000000000000
49 -89 70 0000000000000000
49 -89 77 0000000000000000
49 -89 84 0000000000000000
49 -89 91 0000000000000000
49 -89 98 0000000000000000
49 -86 -70 0000000000000000
49 -86 -63 0000000000000000
49 -86 -56 0000000000000000
49 -86 -49 0000000000000000
49 -86 -42 0000000000000000
49 -86 -35 0000000000000000
49 -86 -28 0000000000000000
49 -86 -21 0000000000000000
49 -86 -14 0000000000000000
49 -86 -7 0000000000000000
49 -86 0 0000000000000000
49 -86 7 0000000000000000
49 -86 14 0000000000000000
49 -86 21 0000000000000000
49 -86 28 0000000000000000
49 -86 35 0000000000000000
49 -86 42 0000000000000000
49 -86 49 0000000000000000
49 -86 56 0000000000000000
49 -86 63 0000000000000000
49 -86 70 0000000000000000
49 -86 77 0000000000000000
49 -86 84 0000000000000000
49 -86 91 0000000000000000
49 -86 98 0000000000000000
49 -83 -70 0000000000000000
49 -83 -63 0000000000000000
49 -83 -56 0000000000000000
49 -83 -49 0000000000000000
49 -83 -42 0000000000000000
49 -83 -35 0000000000000000
49 -83 -28 0000000000000000
49 -83 -21 0000000000000000
49 -83 -14 0000000000000000
49 -83 -7 0000000000000000
49 -83 0 0000000000000000
49 -83 7 0000000000000000
49 -83 14 0000000000000000
49 -83 21 0000000000000000
49 -83 28 0000000000000000
49 -83 35 0000000000000000
49 -83 42 0000000000000000
49 -83 49 0000000000000000
49 -83 56 0000000000000000
49 -83 63 0000000000000000
49 -83 70 0000000000000000
49 -83 77 0000000000000000
49 -83 84 0000000000000000
49 -83 91 0000000000000000
49 -83 98 0000000000000000
49 -80 -70 0000000000000000
49 -80 -63 0000000000000000
49 -80 -56 0000000000000000
49 -80 -49 0000000000000000
49 -80 -42 0000000000000000
49 -80 -35 0000000000000000
49 -80 -28 0000000000000000
49 -80 -21 0000000000000000
49 -80 -14 0000000000000000
49 -80 -7 0000000000000000
49 -80 0 0000000000000000
49 -80 7 0000000000000000
49 -80 14 0000000000000000
49 -80 21 0000000000000000
49 -80 28 0000000000000000
49 -80 35 0000000000000000
49 -80 42 0000000000000000
49 -80 49 0000000000000000
49 -80 56 0000000000000000
49 -80 63 0000000000000000
49 -80 70 0000000000000000
49 -80 77 0000000000000000
49 -80 84 0000000000000000
49 -80 91 0000000000000000
49 -80 98 0000000000000000
49 -77 -70 0000000000000000
49 -77 -63 0000000000000000
49 -77 -56 0000000000000000
49 -77 -49 0000000000000000
49 -77 -42 0000000000000000
49 -77 -35 0000000000000000
49 -77 -28 0000000000000000
49 -77 -21 0000000000000000
49 -77 -14 0000000000000000
49 -77 -7 0000000000000000
49 -77 0 0000000000000000
49 -77 7 0000000000000000
49 -77 14 0000000000000000
49 -77 21 0000000000000000
49 -77 28 0000000000000000
49 -77 35 0000000000000000
49 -77 42 0000000000000000
49 -77 49 0000000000000000
49 -77 56 0000000000000000
49 -77 63 0000000000000000
49 -77 70 0000000000000000
49 -77 77 0000000000000000
49 -77 84 0000000000000000
49 -77 91 0000000000000000
49 -77 98 0000000000000000
49 -74 -70 0000000000000000
49 -74 -63 0000000000000000
49 -74 -56 0000000000000000
49 -74 -49 0000000000000000
49 -74 -42 0000000000000000
49 -74 -35 0000000000000000
49 -74 -28 0000000000000000
49 -74 -21 0000000000000000
49 -74 -14 0000000000000000
49 -74 -7 0000000000000000
49 -74 0 0000000000000000
49 -74 7 0000000000000000
49 -74 14 0000000000000000
49 -74 21 0000000000000000
49 -74 28 0000000000000000
49 -74 35 0000000000000000
49 -74 42 0000000000000000
49 -74 49 0000000000000000
49 -74 56 0000000000000000
49 -74 63 0000000000000000
49 -74 70 0000000000000000
49 -74 77 0000000000000000
49 -74 84 0000000000000000
49 -74 91 0000000000000000
49 -74 98 0000000000000000
49 -71 -70 0000000000000000
49 -71 -63 0000000000000000
49 -71 -56 0000000000000000
49 -71 -49 0000000000000000
49 -71 -42 0000000000000000
49 -71 -35 0000000000000000
49 -71 -28 0000000000000000
49 -71 -21 0000000000000000
49 -71 -14 0000000000000000
49 -71 -7 0000000000000000
49 -71 0 0000000000000000
49 -71 7 0000000000000000
49 -71 14 0000000000000000
49 -71 21 0000000000000000
49 -71 28 0000000000000000
49 -71 35 0000000000000000
49 -71 42 0000000000000000
49 -71 49 0000000000000000
49 -71 56 0000000000000000
49 -71 63 0000000000000000
49 -71 70 0000000000000000
49 -71 77 0000000000000000
49 -71 84 0000000000000000
49 -71 91 0000000000000000
49 -71 98 0000000000000000
49 -68 -70 0000000000000000
49 -68 -63 0000000000000000
49 -68 -56 0000000000000000
49 -68 -49 0000000000000000
49 -68 -42 0000000000000000
49 -68 -35 0000000000000000
49 -68 -28 0000000000000000
49 -68 -21 0000000000000000
49 -68 -14 0000000000000000
49 -68 -7 0000000000000000
49 -68 0 0000000000000000
49 -68 7 0000000000000000
49 -68 14 0000000000000000
49 -68 21 0000000000000000
49 -68 28 0000000000000000
49 -68 35 0000000000000000
49 -68 42 0000000000000000
49 -68 49 0000000000000000
49 -68 56 0000000000000000
49 -68 63 0000000000000000
49 -68 70 0000000000000000
49 -68 77 0000000000000000
49 -68 84 0000000000000000
49 -68 91 0000000000000000
49 -68 98 0000000000000000
49 -65 -70 0000000000000000
49 -65 -63 0000000000000000
49 -65 -56 0000000000000000
49 -65 -49 0000000000000000
49 -65 -42 0000000000000000
49 -65 -35 0000000000000000
49 -65 -28 0000000000000000
49 -65 -21 0000000000000000
49 -65 -14 0000000000000000
49 -65 -7 0000000000000000
49 -65 0 0000000000000000
49 -65 7 0000000000000000
49 -65 14 0000000000000000
49 -65 21 0000000000000000
49 -65 28 0000000000000000
49 -65 35 0000000000000000
49 -65 42 0000000000000000
49 -65 49 0000000000000000
49 -65 56 0000000000000000
49 -65 63 0000000000000000
49 -65 70 0000000000000000
49 -65 77 0000000000000000
49 -65 84 0000000000000000
49 -65 91 0000000000000000
49 -65 98 0000000000000000
49 -62 -70 0000000000000000
49 -62 -63 0000000000000000
49 -62 -56 0000000000000000
49 -62 -49 0000000000000000
49 -62 -42 0000000000000000
49 -62 -35 0000000000000000
49 -62 -28 0000000000000000
49 -62 -21 0000000000000000
49 -62 -14 0000000000000000
49 -62 -7 0000000000000000
49 -62 0 0000000000000000
49 -62 7 0000000000000000
49 -62 14 0000000000000000
49 -62 21 0000000000000000
49 -62 28 0000000000000000
49 -62 35 0000000000000000
49 -62 42 0000000000000000
49 -62 49 0000000000000000
49 -62 56 0000000000000000
49 -62 63 0000000000000000
49 -62 70 0000000000000000
49 -62 77 0000000000000000
49 -62 84 0000000000000000
49 -62 91 0000000000000000
49 -62 98 0000000000000000
49 -59 -70 0000000000000000
49 -59 -63 0000000000000000
49 -59 -56 0000000000000000
49 -59 -49 0000000000000000
49 -59 -42 0000000000000000
49 -59 -35 0000000000000000
49 -59 -28 0000000000000000
49 -59 -21 0000000000000000
49 -59 -14 0000000000000000
49 -59 -7 0000000000000000
49 -59 0 0000000000000000
49 -59 7 0000000000000000
49 -59 14 0000000000000000
49 -59 21 0000000000000000
49 -59 28 0000000000000000
49 -59 35 0000000000000000
49 -59 42 0000000000000000
49 -59 49 0000000000000000
49 -59 56 0000000000000000
49 -59 63 0000000000000000
49 -59 70 0000000000000000
49 -59 77 0000000000000000
49 -59 84 0000000000000000
49 -59 91 0000000000000000
49 -59 98 0000000000000000
49 -56 -70 0000000000000000
49 -56 -63 0000000000000000
49 -56 -56 0000000000000000
49 -56 -49 0000000000000000
49 -56 -42 0000000000000000
49 -56 -35 0000000000000000
49 -56 -28 0000000000000000
49 -56 -21 0000000000000000
49 -56 -14 0000000000000000
49 -56 -7 0000000000000000
49 -56 0 0000000000000000
49 -56 7 0000000000000000
49 -56 14 0000000000000000
49 -56 21 0000000000000000
49 -56 28 0000000000000000
49 -56 35 0000000000000000
49 -56 42 0000000000000000
49 -56 49 0000000000000000
49 -56 56 0000000000000000
49 -56 63 0000000000000000
49 -56 70 0000000000000000
49 -56 77 0000000000000000
49 -56 84 0000000000000000
49 -56 91 0000000000000000
49 -56 98 0000000000000000
49 -53 -70 0000000000000000
49 -53 -63 0000000000000000
49 -53 -56 0000000000000000
49 -53 -49 0000000000000000
49 -53 -42 0000000000000000
49 -53 -35 0000000000000000
49 -53 -28 0000000000000000
49 -53 -21 0000000000000000
49 -53 -14 0000000000000000
49 -53 -7 0000000000000000
49 -53 0 0000000000000000
49 -53 7 0000000000000000
49 -53 14 0000000000000000
49 -53 21 0000000000000000
49 -53 28 0000000000000000
49 -53 35 0000000000000000
49 -53 42 0000000000000000
49 -53 49 0000000000000000
49 -53 56 0000000000000000
49 -53 63 0000000000000000
49 -53 70 0000000000000000
49 -53 77 0000000000000000
49 -53 84 0000000000000000
49 -53 91 0000000000000000
49 -53 98 0000000000000000
49 -50 -70 0000000000000000
49 -50 -63 0000000000000000
49 -50 -56 0000000000000000
49 -50 -49 0000000000000000
49 -50 -42 0000000000000000
49 -50 -35 0000000000000000
49 -50 -28 0000000000000000
49 -50 -21 0000000000000000
49 -50 -14 0000000000000000
49 -50 -7 0000000000000000
49 -50 0 0000000000000000
49 -50 7 0000000000000000
49 -50 14 0000000000000000
49 -50 21 0000000000000000
49 -50 28 0000000000000000
49 -50 35 0000000000000000
49 -50 42 0000000000000000
49 -50 49 0000000000000000
49 -50 56 0000000000000000
49 -50 63 0000000000000000
49 -50 70 0000000000000000
49 -50 77 0000000000000000
49 -50 84 0000000000000000
49 -50 91 0000000000000000
49 -50 98 0000000000000000
49 -47 -70 0000000000000000
49 -47 -63 0000000000000000
49 -47 -56 0000000000000000
49 -47 -49 0000000000000000
49 -47 -42 0000000000000000
49 -47 -35 0000000000000000
49 -47 -28 0000000000000000
49 -47 -21 0000000000000000
49 -47 -14 0000000000000000
49 -47 -7 0000000000000000
49 -47 0 0000000000000000
49 -47 7 0000000000000000
49 -47 14 0000000000000000
49 -47 21 0000000000000000
49 -47 28 0000000000000000
49 -47 35 0000000000000000
49 -47 42 0000000000000000
49 -47 49 0000000000000000
49 -47 56 0000000000000000
49 -47 63 0000000000000000
49 -47 70 0000000000000000
49 -47 77 0000000000000000
49 -47 84 0000000000000000
49 -47 91 0000000000000000
49 -47 98 0000000000000000
49 -44 -70 0000000000000000
49 -44 -63 0000000000000000
49 -44 -56 0000000000000000
49 -44 -49 0000000000000000
49 -44 -42 0000000000000000
49 -44 -35 0000000000000000
49 -44 -28 0000000000000000
49 -44 -21 0000000000000000
49 -44 -14 0000000000000000
49 -44 -7 0000000000000000
49 -44 0 0000000000000000
49 -44 7 0000000000000000
49 -44 14 0000000000000000
49 -44 21 0000000000000000
49 -44 28 0000000000000000
49 -44 35 0000000000000000
49 -44 42 0000000000000000
49 -44 49 0000000000000000
49 -44 56 0000000000000000
49 -44 63 0000000000000000
49 -44 70 0000000000000000
49 -44 77 0000000000000000
49 -44 84 0000000000000000
49 -44 91 0000000000000000
49 -44 98 0000000000000000
49 -41 -70 0000000000000000
49 -41 -63 0000000000000000
49 -41 -56 0000000000000000
49 -41 -49 0000000000000000
49 -41 -42 0000000000000000
49 -41 -35 0000000000000000
49 -41 -28 0000000000000000
49 -41 -21 0000000000000000
49 -41 -14 0000000000000000
49 -41 -7 0000000000000000
49 -41 0 0000000000000000
49 -41 7 0000000000000000
49 -41 14 0000000000000000
49 -41 21 0000000000000000
49 -41 28 0000000000000000
49 -41 35 0000000000000000
49 -41 42 0000000000000000
49 -41 49 0000000000000000
49 -41 56 0000000000000000
49 -41 63 0000000000000000
49 -41 70 0000000000000000
49 -41 77 0000000000000000
49 -41 84 0000000000000000
49 -41 91 0000000000000000
49 -41 98 0000000000000000
49 -38 -70 0000000000000000
49 -38 -63 0000000000000000
49 -38 -56 0000000000000000
49 -38 -49 0000000000000000
49 -38 -42 0000000000000000
49 -38 -35 0000000000000000
49 -38 -28 0000000000000000
49 -38 -21 0000000000000000
49 -38 -14 0000000000000000
49 -38 -7 0000000000000000
49 -38 0 0000000000000000
49 -38 7 0000000000000000
49 -38 14 0000000000000000
49 -38 21 0000000000000000
49 -38 28 0000000000000000
49 -38 35 0000000000000000
49 -38 42 0000000000000000
49 -38 49 0000000000000000
49 -38 56 0000000000000000
49 -38 63 0000000000000000
49 -38 70 0000000000000000
49 -38 77 0000000000000000
49 -38 84 0000000000000000
49 -38 91 0000000000000000
49 -38 98 0000000000000000
49 -35 -70 0000000000000000
49 -35 -63 0000000000000000
49 -35 -56 0000000000000000
49 -35 -49 0000000000000000
49 -35 -42 0000000000000000
49 -35 -35 0000000000000000
49 -35 -28 0000000000000000
49 -35 -21 0000000000000000
49 -35 -14 0000000000000000
49 -35 -7 0000000000000000
49 -35 0 0000000000000000
49 -35 7 0000000000000000
49 -35 14 0000000000000000
49 -35 21 0000000000000000
49 -35 28 0000000000000000
49 -35 35 0000000000000000
49 -35 42 0000000000000000
49 -35 49 0000000000000000
49 -35 56 0000000000000000
49 -35 63 0000000000000000
49 -35 70 0000000000000000
49 -35 77 0000000000000000
49 -35 84 0000000000000000
49 -35 91 0000000000000000
49 -35 98 0000000000000000
49 -32 -70 0000000000000000
49 -32 -63 0000000000000000
49 -32 -56 0000000000000000
49 -32 -49 0000000000000000
49 -32 -42 0000000000000000
49 -32 -35 0000000000000000
49 -32 -28 0000000000000000
49 -32 -21 0000000000000000
49 -32 -14 0000000000000000
49 -32 -7 0000000000000000
49 -32 0 0000000000000000
49 -32 7 0000000000000000
49 -32 14 0000000000000000
49 -32 21 0000000000000000
49 -32 28 0000000000000000
49 -32 35 0000000000000000
49 -32 42 0000000000000000
49 -32 49 0000000000000000
49 -32 56 0000000000000000
49 -32 63 0000000000000000
49 -32 70 0000000000000000
49 -32 77 0000000000000000
49 -32 84 0000000000000000
49 -32 91 0000000000000000
49 -32 98 0000000000000000
49 -29 -70 0000000000000000
49 -29 -63 0000000000000000
49 -29 -56 0000000000000000
49 -29 -49 0000000000000000
49 -29 -42 0000000000000000
49 -29 -35 0000000000000000
49 -29 -28 0000000000000000
49 -29 -21 3f9fe90f8d0481e7
49 -29 -14 3fc25b3de902d3b3
49 -29 -7 3fc25b3de902d3b3
49 -29 0 3fc25b3de902d3b3
49 -29 7 3fb760fbf8f90f47
49 -29 14 0000000000000000
49 -29 21 0000000000000000
49 -29 28 0000000000000000
49 -29 35 0000000000000000
49 -29 42 0000000000000000
49 -29 49 0000000000000000
49 -29 56 0000000000000000
49 -29 63 0000000000000000
49 -29 70 0000000000000000
49 -29 77 0000000000000000
49 -29 84 0000000000000000
49 -29 91 0000000000000000
49 -29 98 0000000000000000
49 -26 -70 0000000000000000
49 -26 -63 0000000000000000
49 -26 -56 0000000000000000
49 -26 -49 0000000000000000
49 -26 -42 0000000000000000
49 -26 -35 0000000000000000
49 -26 -28 0000000000000000
49 -26 -21 3fc659a92d8716d0
49 -26 -14 3fd46ec0c820b11f
49 -26 -7 3fd46ec0c820b11f
49 -26 0 3fd46ec0c820b11f
49 -26 7 3fd0042369335bad
49 -26 14 0000000000000000
49 -26 21 0000000000000000
49 -26 28 0000000000000000
49 -26 35 0000000000000000
49 -26 42 0000000000000000
49 -26 49 0000000000000000
49 -26 56 0000000000000000
49 -26 63 0000000000000000
49 -26 70 0000000000000000
49 -26 77 0000000000000000
49 -26 84 0000000000000000
49 -26 91 0000000000000000
49 -26 98 0000000000000000
49 -23 -70 0000000000000000
49 -23 -63 0000000000000000
49 -23 -56 0000000000000000
49 -23 -49 0000000000000000
49 -23 -42 0000000000000000
49 -23 -35 0000000000000000
49 -23 -28 0000000000000000
49 -23 -21 3fd1e0531a56fb4d
49 -23 -14 3fdddddddddddddd
49 -23 -7 3fdddddddddddddd
49 -23 0 3fdddddddddddddd
49 -23 7 3fd7e147e4aaabbc
49 -23 14 0000000000000000
49 -23 21 0000000000000000
49 -23 28 0000000000000000
49 -23 35 0000000000000000
49 -23 42 0000000000000000
49 -23 49 0000000000000000
49 -23 56 0000000000000000
49 -23 63 0000000000000000
49 -23 70 0000000000000000
49 -23 77 0000000000000000
49 -23 84 0000000000000000
49 -23 91 0000000000000000
49 -23 98 0000000000000000
49 -20 -70 0000000000000000
49 -20 -63 0000000000000000
49 -20 -56 0000000000000000
49 -20 -49 0000000000000000
49 -20 -42 0000000000000000
49 -20 -35 0000000000000000
49 -20 -28 0000000000000000
49 -20 -21 3fd46ec0c820b11f
49 -20 -14 3fe1111111111112
49 -20 -7 3fe1111111111112
49 -20 0 3fe1111111111112
49 -20 7 3fdb10681b34047a
49 -20 14 3f9428be3c41e21a
49 -20 21 0000000000000000
49 -20 28 0000000000000000
49 -20 35 0000000000000000
49 -20 42 0000000000000000
49 -20 49 0000000000000000
49 -20 56 0000000000000000
49 -20 63 0000000000000000
49 -20 70 0000000000000000
49 -20 77 0000000000000000
49 -20 84 0000000000000000
49 -20 91 0000000000000000
49 -20 98 0000000000000000
49 -17 -70 0000000000000000
49 -17 -63 0000000000000000
49 -17 -56 0000000000000000
49 -17 -49 0000000000000000
49 -17 -42 0000000000000000
49 -17 -35 0000000000000000
49 -17 -28 0000000000000000
49 -17 -21 3fd46ec0c820b11f
49 -17 -14 3fe1111111111112
49 -17 -7 3fe1111111111112
49 -17 0 3fe1111111111112
49 -17 7 3fdb10681b34047a
49 -17 14 3f9428be3c41e21a
49 -17 21 3ea84c2bda0cdd90
49 -17 28 3f1d3f9b7e2a713d
49 -17 35 3f230d1c530886ac
49 -17 42 3f230d1c530886ac
49 -17 49 3f1d3f9b7e2a713d
49 -17 56 3ea84c2bda0cdd90
49 -17 63 0000000000000000
49 -17 70 0000000000000000
49 -17 77 0000000000000000
49 -17 84 0000000000000000
49 -17 91 0000000000000000
49 -17 98 0000000000000000
49 -14 -70 0000000000000000
49 -14 -63 0000000000000000
49 -14 -56 0000000000000000
49 -14 -49 0000000000000000
49 -14 -42 0000000000000000
49 -14 -35 0000000000000000
49 -14 -28 0000000000000000
49 -14 -21 3fd46ec0c820b11f
49 -14 -14 3fe1111111111112
49 -14 -7 3fe1111111111112
49 -14 0 3fe1111111111112
49 -14 7 3fdb10681b34047a
49 -14 14 3f9428be3c41e21a
49 -14 21 3efc31b6f2bb9737
49 -14 28 3f732ed472aa3400
49 -14 35 3f79ce21cf021285
49 -14 42 3f799f24cdb098fa
49 -14 49 3f732e96a734177a
49 -14 56 3efc31b6f2bb9737
49 -14 63 0000000000000000
49 -14 70 0000000000000000
49 -14 77 0000000000000000
49 -14 84 0000000000000000
49 -14 91 0000000000000000
49 -14 98 0000000000000000
49 -11 -70 0000000000000000
49 -11 -63 0000000000000000
49 -11 -56 0000000000000000
49 -11 -49 0000000000000000
49 -11 -42 0000000000000000
49 -11 -35 0000000000000000
49 -11 -28 0000000000000000
49 -11 -21 3fd46ec0c820b11f
49 -11 -14 3fe1111111111112
49 -11 -7 3fe1111111111112
49 -11 0 3fe1111111111112
49 -11 7 3fdb10681b34047a
49 -11 14 3f9428be3c41e21a
49 -11 21 3f3278d6ed925b0b
49 -11 28 3faffe02acfe5409
49 -11 35 3fb6afc5f88279f8
49 -11 42 3fb65af6f665fc40
49 -11 49 3faffd46efb867da
49 -11 56 3f3278d6ed925b0b
49 -11 63 0000000000000000
49 -11 70 0000000000000000
49 -11 77 0000000000000000
49 -11 84 0000000000000000
49 -11 91 0000000000000000
49 -11 98 0000000000000000
49 -8 -70 0000000000000000
49 -8 -63 0000000000000000
49 -8 -56 0000000000000000
49 -8 -49 0000000000000000
49 -8 -42 0000000000000000
49 -8 -35 0000000000000000
49 -8 -28 0000000000000000
49 -8 -21 3fd46ec0c820b11f
49 -8 -14 3fe1111111111112
49 -8 -7 3fe1111111111112
49 -8 0 3fe1111111111112
49 -8 7 3fdb10681b34047a
49 -8 14 3f9428be3c41e21a
49 -8 21 3f4536b36bebfd14
49 -8 28 3fcdcad02eb2b940
49 -8 35 3fda407e4345730b
49 -8 42 3fd985d708f6b56f
49 -8 49 3fcdc99fc72346e8
49 -8 56 3f4536b36bebfd14
49 -8 63 0000000000000000
49 -8 70 0000000000000000
49 -8 77 0000000000000000
49 -8 84 0000000000000000
49 -8 91 0000000000000000
49 -8 98 0000000000000000
49 -5 -70 0000000000000000
49 -5 -63 0000000000000000
49 -5 -56 0000000000000000
49 -5 -49 0000000000000000
49 -5 -42 0000000000000000
49 -5 -35 0000000000000000
49 -5 -28 0000000000000000
49 -5 -21 3fd46ec0c820b11f
49 -5 -14 3fe1111111111112
49 -5 -7 3fe1111111111112
49 -5 0 3fe1111111111112
49 -5 7 3fdb10681b34047a
49 -5 14 3f9428be3c41e21a
49 -5 21 bf2995bd716cec07
49 -5 28 bfbae5c04c160d36
49 -5 35 bfe07a36d0733c92
49 -5 42 bfe119f9c322e400
49 -5 49 bfbae868ce9c95dd
49 -5 56 bf2995bd716cec07
49 -5 63 0000000000000000
49 -5 70 0000000000000000
49 -5 77 0000000000000000
49 -5 84 0000000000000000
49 -5 91 0000000000000000
49 -5 98 0000000000000000
49 -2 -70 0000000000000000
49 -2 -63 0000000000000000
49 -2 -56 0000000000000000
49 -2 -49 0000000000000000
49 -2 -42 0000000000000000
49 -2 -35 0000000000000000
49 -2 -28 0000000000000000
49 -2 -21 3fd46ec0c820b11f
49 -2 -14 3fe1111111111112
49 -2 -7 3fe1111111111112
49 -2 0 3fe1111111111112
49 -2 7 3fdb10681b34047a
49 -2 14 3f9428be3c41e21a
49 -2 21 bf43c0e86708dbec
49 -2 28 bfc6c49eadd51cf0
49 -2 35 bfd37d7f18a515ec
49 -2 42 bfd23df93345c711
49 -2 49 bfc6c34a6c91d89d
49 -2 56 bf43c0e86708dbec
49 -2 63 0000000000000000
49 -2 70 0000000000000000
49 -2 77 0000000000000000
49 -2 84 0000000000000000
49 -2 91 0000000000000000
49 -2 98 0000000000000000
49 1 -70 0000000000000000
49 1 -63 0000000000000000
49 1 -56 0000000000000000
49 1 -49 0000000000000000
49 1 -42 0000000000000000
49 1 -35 0000000000000000
49 1 -28 0000000000000000
49 1 -21 3fd46ec0c820b11f
49 1 -14 3fe1111111111112
49 1 -7 3fe1111111111112
49 1 0 3fe1111111111112
49 1 7 3fdb10681b34047a
49 1 14 3f9428be3c41e21a
49 1 21 bf23904a26380bbd
49 1 28 bf9ec3924eec93b9
49 1 35 bfb1637ef7ac307e
49 1 42 bfacf1c41ce27420
49 1 49 bf9eba0f127100f7
49 1 56 bf23904a26380bbd
49 1 63 0000000000000000
49 1 70 0000000000000000
49 1 77 0000000000000000
49 1 84 0000000000000000
49 1 91 0000000000000000
49 1 98 0000000000000000
49 4 -70 0000000000000000
49 4 -63 0000000000000000
49 4 -56 0000000000000000
49 4 -49 0000000000000000
49 4 -42 0000000000000000
49 4 -35 0000000000000000
49 4 -28 0000000000000000
49 4 -21 3fd46ec0c820b11f
49 4 -14 3fe1111111111112
49 4 -7 3fe1111111111112
49 4 0 3fe1111111111112
49 4 7 3fdb10681b34047a
49 4 14 3f9428be3c41e21a
49 4 21 bee3580da9d3c7d3
49 4 28 bf592ce4f43c8f15
49 4 35 bf75fa76d66c5da2
49 4 42 bf70ad86b4a48222
49 4 49 bf59156d4b7f093f
49 4 56 bee3580da9d3c7d3
49 4 63 0000000000000000
49 4 70 0000000000000000
49 4 77 0000000000000000
49 4 84 0000000000000000
49 4 91 0000000000000000
49 4 98 0000000000000000
49 7 -70 0000000000000000
49 7 -63 0000000000000000
49 7 -56 0000000000000000
49 7 -49 0000000000000000
49 7 -42 0000000000000000
49 7 -35 0000000000000000
49 7 -28 0000000000000000
49 7 -21 3fd3456cba3b783c
49 7 -14 3fe00f37ad044a52
49 7 -7 3fe00f37ad044a52
49 7 0 3fe00f37ad044a52
49 7 7 3fd999999999999a
49 7 14 3f81280ff8e21100
49 7 21 0000000000000000
49 7 28 be94cac9c37a2577
49 7 35 bf1f9a50651f756d
49 7 42 bf13db1010c112a4
49 7 49 be755fb0f1629530
49 7 56 0000000000000000
49 7 63 0000000000000000
49 7 70 0000000000000000
49 7 77 0000000000000000
49 7 84 0000000000000000
49 7 91 0000000000000000
49 7 98 0000000000000000
49 10 -70 0000000000000000
49 10 -63 0000000000000000
49 10 -56 0000000000000000
49 10 -49 0000000000000000
49 10 -42 0000000000000000
49 10 -35 0000000000000000
49 10 -28 0000000000000000
49 10 -21 3fcb8532a2d1cd4a
49 10 -14 3fd7e147e4aaabbc
49 10 -7 3fd7e147e4aaabbc
49 10 0 3fd7e147e4aaabbc
49 10 7 3fd2fcc47b5f22d2
49 10 14 0000000000000000
49 10 21 0000000000000000
49 10 28 0000000000000000
49 10 35 0000000000000000
49 10 42 0000000000000000
49 10 49 0000000000000000
49 10 56 0000000000000000
49 10 63 0000000000000000
49 10 70 0000000000000000
49 10 77 0000000000000000
49 10 84 0000000000000000
49 10 91 0000000000000000
49 10 98 0000000000000000
49 13 -70 0000000000000000
49 13 -63 0000000000000000
49 13 -56 0000000000000000
49 13 -49 0000000000000000
49 13 -42 0000000000000000
49 13 -35 0000000000000000
49 13 -28 0000000000000000
49 13 -21 3fb4fc830b7033a0
49 13 -14 3fca135701bbec24
49 13 -7 3fca135701bbec24
49 13 0 3fca135701bbec24
49 13 7 3fc2ca6e9972a5a3
49 13 14 0000000000000000
49 13 21 0000000000000000
49 13 28 0000000000000000
49 13 35 0000000000000000
49 13 42 0000000000000000
49 13 49 0000000000000000
49 13 56 0000000000000000
49 13 63 0000000000000000
49 13 70 0000000000000000
49 13 77 0000000000000000
49 13 84 0000000000000000
49 13 91 0000000000000000
49 13 98 0000000000000000
49 16 -70 0000000000000000
49 16 -63 0000000000000000
49 16 -56 0000000000000000
49 16 -49 0000000000000000
49 16 -42 0000000000000000
49 16 -35 0000000000000000
49 16 -28 0000000000000000
49 16 -21 0000000000000000
49 16 -14 3f9428be3c41e21a
49 16 -7 3f9428be3c41e21a
49 16 0 3f9428be3c41e21a
49 16 7 0000000000000000
49 16 14 0000000000000000
49 16 21 0000000000000000
49 16 28 0000000000000000
49 16 35 0000000000000000
49 16 42 0000000000000000
49 16 49 0000000000000000
49 16 56 0000000000000000
49 16 63 0000000000000000
49 16 70 0000000000000000
49 16 77 0000000000000000
49 16 84 0000000000000000
49 16 91 0000000000000000
49 16 98 0000000000000000
49 19 -70 0000000000000000
49 19 -63 0000000000000000
49 19 -56 0000000000000000
49 19 -49 0000000000000000
49 19 -42 0000000000000000
49 19 -35 0000000000000000
49 19 -28 0000000000000000
49 19 -21 0000000000000000
49 19 -14 0000000000000000
49 19 -7 0000000000000000
49 19 0 0000000000000000
49 19 7 0000000000000000
49 19 14 0000000000000000
49 19 21 0000000000000000
49 19 28 0000000000000000
49 19 35 0000000000000000
49 19 42 0000000000000000
49 19 49 0000000000000000
49 19 56 0000000000000000
49 19 63 0000000000000000
49 19 70 0000000000000000
49 19 77 0000000000000000
49 19 84 0000000000000000
49 19 91 0000000000000000
49 19 98 0000000000000000
49 22 -70 0000000000000000
49 22 -63 0000000000000000
49 22 -56 0000000000000000
49 22 -49 0000000000000000
49 22 -42 0000000000000000
49 22 -35 0000000000000000
49 22 -28 0000000000000000
49 22 -21 0000000000000000
49 22 -14 0000000000000000
49 22 -7 0000000000000000
49 22 0 0000000000000000
49 22 7 0000000000000000
49 22 14 0000000000000000
49 22 21 0000000000000000
49 22 28 0000000000000000
49 22 35 0000000000000000
49 22 42 0000000000000000
49 22 49 0000000000000000
49 22 56 0000000000000000
49 22 63 0000000000000000
49 22 70 0000000000000000
49 22 77 0000000000000000
49 22 84 0000000000000000
49 22 91 0000000000000000
49 22 98 0000000000000000
49 25 -70 0000000000000000
49 25 -63 0000000000000000
49 25 -56 0000000000000000
49 25 -49 0000000000000000
49 25 -42 0000000000000000
49 25 -35 0000000000000000
49 25 -28 0000000000000000
49 25 -21 0000000000000000
49 25 -14 0000000000000000
49 25 -7 0000000000000000
49 25 0 0000000000000000
49 25 7 0000000000000000
49 25 14 0000000000000000
49 25 21 0000000000000000
49 25 28 0000000000000000
49 25 35 0000000000000000
49 25 42 0000000000000000
49 25 49 0000000000000000
49 25 56 0000000000000000
49 25 63 0000000000000000
49 25 70 0000000000000000
49 25 77 0000000000000000
49 25 84 0000000000000000
49 25 91 0000000000000000
49 25 98 0000000000000000
49 28 -70 0000000000000000
49 28 -63 0000000000000000
49 28 -56 0000000000000000
49 28 -49 0000000000000000
49 28 -42 0000000000000000
49 28 -35 0000000000000000
49 28 -28 0000000000000000
49 28 -21 0000000000000000
49 28 -14 0000000000000000
49 28 -7 0000000000000000
49 28 0 0000000000000000
49 28 7 0000000000000000
49 28 14 0000000000000000
49 28 21 0000000000000000
49 28 28 0000000000000000
49 28 35 0000000000000000
49 28 42 0000000000000000
49 28 49 0000000000000000
49 28 56 0000000000000000
49 28 63 0000000000000000
49 28 70 0000000000000000
49 28 77 0000000000000000
49 28 84 0000000000000000
49 28 91 0000000000000000
49 28 98 0000000000000000
49 31 -70 0000000000000000
49 31 -63 0000000000000000
49 31 -56 0000000000000000
49 31 -49 0000000000000000
49 31 -42 0000000000000000
49 31 -35 0000000000000000
49 31 -28 0000000000000000
49 31 -21 0000000000000000
49 31 -14 0000000000000000
49 31 -7 0000000000000000
49 31 0 0000000000000000
49 31 7 0000000000000000
49 31 14 0000000000000000
49 31 21 0000000000000000
49 31 28 0000000000000000
49 31 35 0000000000000000
49 31 42 0000000000000000
49 31 49 0000000000000000
49 31 56 0000000000000000
49 31 63 0000000000000000
49 31 70 0000000000000000
49 31 77 0000000000000000
49 31 84 0000000000000000
49 31 91 0000000000000000
49 31 98 0000000000000000
49 34 -70 0000000000000000
49 34 -63 0000000000000000
49 34 -56 0000000000000000
49 34 -49 0000000000000000
49 34 -42 0000000000000000
49 34 -35 0000000000000000
49 34 -28 0000000000000000
49 34 -21 0000000000000000
49 34 -14 0000000000000000
49 34 -7 0000000000000000
49 34 0 0000000000000000
49 34 7 0000000000000000
49 34 14 0000000000000000
49 34 21 0000000000000000
49 34 28 0000000000000000
49 34 35 0000000000000000
49 34 42 0000000000000000
49 34 49 0000000000000000
49 34 56 0000000000000000
49 34 63 0000000000000000
49 34 70 0000000000000000
49 34 77 0000000000000000
49 34 84 0000000000000000
49 34 91 0000000000000000
49 34 98 0000000000000000
49 37 -70 0000000000000000
49 37 -63 0000000000000000
49 37 -56 0000000000000000
49 37 -49 0000000000000000
49 37 -42 0000000000000000
49 37 -35 0000000000000000
49 37 -28 0000000000000000
49 37 -21 0000000000000000
49 37 -14 0000000000000000
49 37 -7 0000000000000000
49 37 0 0000000000000000
49 37 7 0000000000000000
49 37 14 0000000000000000
49 37 21 0000000000000000
49 37 28 0000000000000000
49 37 35 0000000000000000
49 37 42 0000000000000000
49 37 49 0000000000000000
49 37 56 0000000000000000
49 37 63 0000000000000000
49 37 70 0000000000000000
49 37 77 0000000000000000
49 37 84 0000000000000000
49 37 91 0000000000000000
49 37 98 0000000000000000
49 40 -70 0000000000000000
49 40 -63 0000000000000000
49 40 -56 0000000000000000
49 40 -49 0000000000000000
49 40 -42 0000000000000000
49 40 -35 0000000000000000
49 40 -28 0000000000000000
49 40 -21 0000000000000000
49 40 -14 0000000000000000
49 40 -7 0000000000000000
49 40 0 0000000000000000
49 40 7 0000000000000000
49 40 14 0000000000000000
49 40 21 0000000000000000
49 40 28 0000000000000000
49 40 35 0000000000000000
49 40 42 0000000000000000
49 40 49 0000000000000000
49 40 56 0000000000000000
49 40 63 0000000000000000
49 40 70 0000000000000000
49 40 77 0000000000000000
49 40 84 0000000000000000
49 40 91 0000000000000000
49 40 98 0000000000000000
49 43 -70 0000000000000000
49 43 -63 0000000000000000
49 43 -56 0000000000000000
49 43 -49 0000000000000000
49 43 -42 0000000000000000
49 43 -35 0000000000000000
49 43 -28 0000000000000000
49 43 -21 0000000000000000
49 43 -14 0000000000000000
49 43 -7 0000000000000000
49 43 0 0000000000000000
49 43 7 0000000000000000
49 43 14 0000000000000000
49 43 21 0000000000000000
49 43 28 0000000000000000
49 43 35 0000000000000000
49 43 42 0000000000000000
49 43 49 0000000000000000
49 43 56 0000000000000000
49 43 63 0000000000000000
49 43 70 0000000000000000
49 43 77 0000000000000000
49 43 84 0000000000000000
49 43 91 0000000000000000
49 43 98 0000000000000000
56 -95 -70 0000000000000000
56 -95 -63 0000000000000000
56 -95 -56 0000000000000000
56 -95 -49 0000000000000000
56 -95 -42 0000000000000000
56 -95 -35 0000000000000000
56 -95 -28 0000000000000000
56 -95 -21 0000000000000000
56 -95 -14 0000000000000000
56 -95 -7 0000000000000000
56 -95 0 0000000000000000
56 -95 7 0000000000000000
56 -95 14 0000000000000000
56 -95 21 0000000000000000
56 -95 28 0000000000000000
56 -95 35 0000000000000000
56 -95 42 0000000000000000
56 -95 49 0000000000000000
56 -95 56 0000000000000000
56 -95 63 0000000000000000
56 -95 70 0000000000000000
56 -95 77 0000000000000000
56 -95 84 0000000000000000
56 -95 91 0000000000000000
56 -95 98 0000000000000000
56 -92 -70 0000000000000000
56 -92 -63 0000000000000000
56 -92 -56 0000000000000000
56 -92 -49 0000000000000000
56 -92 -42 0000000000000000
56 -92 -35 0000000000000000
56 -92 -28 0000000000000000
56 -92 -21 0000000000000000
56 -92 -14 0000000000000000
56 -92 -7 0000000000000000
56 -92 0 0000000000000000
56 -92 7 0000000000000000
56 -92 14 0000000000000000
56 -92 21 0000000000000000
56 -92 28 0000000000000000
56 -92 35 0000000000000000
56 -92 42 0000000000000000
56 -92 49 0000000000000000
56 -92 56 0000000000000000
56 -92 63 0000000000000000
56 -92 70 0000000000000000
56 -92 77 0000000000000000
56 -92 84 0000000000000000
56 -92 91 0000000000000000
56 -92 98 0000000000000000
56 -89 -70 0000000000000000
56 -89 -63 0000000000000000
56 -89 -56 0000000000000000
56 -89 -49 0000000000000000
56 -89 -42 0000000000000000
56 -89 -35 0000000000000000
56 -89 -28 0000000000000000
56 -89 -21 0000000000000000
56 -89 -14 0000000000000000
56 -89 -7 0000000000000000
56 -89 0 0000000000000000
56 -89 7 0000000000000000
56 -89 14 0000000000000000
56 -89 21 0000000000000000
56 -89 28 0000000000000000
56 -89 35 0000000000000000
56 -89 42 0000000000000000
56 -89 49 0000000000000000
56 -89 56 0000000000000000
56 -89 63 0000000000000000
56 -89 70 0000000000000000
56 -89 77 0000000000000000
56 -89 84 0000000000000000
56 -89 91 0000000000000000
56 -89 98 0000000000000000
56 -86 -70 0000000000000000
56 -86 -63 0000000000000000
56 -86 -56 0000000000000000
56 -86 -49 0000000000000000
56 -86 -42 0000000000000000
56 -86 -35 0000000000000000
56 -86 -28 0000000000000000
56 -86 -21 0000000000000000
56 -86 -14 0000000000000000
56 -86 -7 0000000000000000
56 -86 0 0000000000000000
56 -86 7 0000000000000000
56 -86 14 0000000000000000
56 -86 21 0000000000000000
56 -86 28 0000000000000000
56 -86 35 0000000000000000
56 -86 42 0000000000000000
56 -86 49 0000000000000000
56 -86 56 0000000000000000
56 -86 63 0000000000000000
56 -86 70 0000000000000000
56 -86 77 0000000000000000
56 -86 84 0000000000000000
56 -86 91 0000000000000000
56 -86 98 0000000000000000
56 -83 -70 0000000000000000
56 -83 -63 0000000000000000
56 -83 -56 0000000000000000
56 -83 -49 0000000000000000
56 -83 -42 0000000000000000
56 -83 -35 0000000000000000
56 -83 -28 0000000000000000
56 -83 -21 0000000000000000
56 -83 -14 0000000000000000
56 -83 -7 0000000000000000
56 -83 0 0000000000000000
56 -83 7 0000000000000000
56 -83 14 0000000000000000
56 -83 21 0000000000000000
56 -83 28 0000000000000000
56 -83 35 0000000000000000
56 -83 42 0000000000000000
56 -83 49 0000000000000000
56 -83 56 0000000000000000
56 -83 63 0000000000000000
56 -83 70 0000000000000000
56 -83 77 0000000000000000
56 -83 84 0000000000000000
56 -83 91 0000000000000000
56 -83 98 0000000000000000
56 -80 -70 0000000000000000
56 -80 -63 0000000000000000
56 -80 -56 0000000000000000
56 -80 -49 0000000000000000
56 -80 -42 0000000000000000
56 -80 -35 0000000000000000
56 -80 -28 0000000000000000
56 -80 -21 0000000000000000
56 -80 -14 0000000000000000
56 -80 -7 0000000000000000
56 -80 0 0000000000000000
56 -80 7 0000000000000000
56 -80 14 0000000000000000
56 -80 21 0000000000000000
56 -80 28 0000000000000000
56 -80 35 0000000000000000
56 -80 42 0000000000000000
56 -80 49 0000000000000000
56 -80 56 0000000000000000
56 -80 63 0000000000000000
56 -80 70 0000000000000000
56 -80 77 0000000000000000
56 -80 84 0000000000000000
56 -80 91 0000000000000000
56 -80 98 0000000000000000
56 -77 -70 0000000000000000
56 -77 -63 0000000000000000
56 -77 -56 0000000000000000
56 -77 -49 0000000000000000
56 -77 -42 0000000000000000
56 -77 -35 0000000000000000
56 -77 -28 0000000000000000
56 -77 -21 0000000000000000
56 -77 -14 0000000000000000
56 -77 -7 0000000000000000
56 -77 0 0000000000000000
56 -77 7 0000000000000000
56 -77 14 0000000000000000
56 -77 21 0000000000000000
56 -77 28 0000000000000000
56 -77 35 0000000000000000
56 -77 42 0000000000000000
56 -77 49 0000000000000000
56 -77 56 0000000000000000
56 -77 63 0000000000000000
56 -77 70 0000000000000000
56 -77 77 0000000000000000
56 -77 84 0000000000000000
56 -77 91 0000000000000000
56 -77 98 0000000000000000
56 -74 -70 0000000000000000
56 -74 -63 0000000000000000
56 -74 -56 0000000000000000
56 -74 -49 0000000000000000
56 -74 -42 0000000000000000
56 -74 -35 0000000000000000
56 -74 -28 0000000000000000
56 -74 -21 0000000000000000
56 -74 -14 0000000000000000
56 -74 -7 0000000000000000
56 -74 0 0000000000000000
56 -74 7 0000000000000000
56 -74 14 0000000000000000
56 -74 21 0000000000000000
56 -74 28 0000000000000000
56 -74 35 0000000000000000
56 -74 42 0000000000000000
56 -74 49 0000000000000000
56 -74 56 0000000000000000
56 -74 63 0000000000000000
56 -74 70 0000000000000000
56 -74 77 0000000000000000
56 -74 84 0000000000000000
56 -74 91 0000000000000000
56 -74 98 0000000000000000
56 -71 -70 0000000000000000
56 -71 -63 0000000000000000
56 -71 -56 0000000000000000
56 -71 -49 0000000000000000
56 -71 -42 0000000000000000
56 -71 -35 0000000000000000
56 -71 -28 0000000000000000
56 -71 -21 0000000000000000
56 -71 -14 0000000000000000
56 -71 -7 0000000000000000
56 -71 0 0000000000000000
56 -71 7 0000000000000000
56 -71 14 0000000000000000
56 -71 21 0000000000000000
56 -71 28 0000000000000000
56 -71 35 0000000000000000
56 -71 42 0000000000000000
56 -71 49 0000000000000000
56 -71 56 0000000000000000
56 -71 63 0000000000000000
56 -71 70 0000000000000000
56 -71 77 0000000000000000
56 -71 84 0000000000000000
56 -71 91 0000000000000000
56 -71 98 0000000000000000
56 -68 -70 0000000000000000
56 -68 -63 0000000000000000
56 -68 -56 0000000000000000
56 -68 -49 0000000000000000
56 -68 -42 0000000000000000
56 -68 -35 0000000000000000
56 -68 -28 0000000000000000
56 -68 -21 0000000000000000
56 -68 -14 0000000000000000
56 -68 -7 0000000000000000
56 -68 0 0000000000000000
56 -68 7 0000000000000000
56 -68 14 0000000000000000
56 -68 21 0000000000000000
56 -68 28 0000000000000000
56 -68 35 0000000000000000
56 -68 42 0000000000000000
56 -68 49 0000000000000000
56 -68 56 0000000000000000
56 -68 63 0000000000000000
56 -68 70 0000000000000000
56 -68 77 0000000000000000
56 -68 84 0000000000000000
56 -68 91 0000000000000000
56 -68 98 0000000000000000
56 -65 -70 0000000000000000
56 -65 -63 0000000000000000
56 -65 -56 0000000000000000
56 -65 -49 0000000000000000
56 -65 -42 0000000000000000
56 -65 -35 0000000000000000
56 -65 -28 0000000000000000
56 -65 -21 0000000000000000
56 -65 -14 0000000000000000
56 -65 -7 0000000000000000
56 -65 0 0000000000000000
56 -65 7 0000000000000000
56 -65 14 0000000000000000
56 -65 21 0000000000000000
56 -65 28 0000000000000000
56 -65 35 0000000000000000
56 -65 42 0000000000000000
56 -65 49 0000000000000000
56 -65 56 0000000000000000
56 -65 63 0000000000000000
56 -65 70 0000000000000000
56 -65 77 0000000000000000
56 -65 84 0000000000000000
56 -65 91 0000000000000000
56 -65 98 0000000000000000
56 -62 -70 0000000000000000
56 -62 -63 0000000000000000
56 -62 -56 0000000000000000
56 -62 -49 0000000000000000
56 -62 -42 0000000000000000
56 -62 -35 0000000000000000
56 -62 -28 0000000000000000
56 -62 -21 0000000000000000
56 -62 -14 0000000000000000
56 -62 -7 0000000000000000
56 -62 0 0000000000000000
56 -62 7 0000000000000000
56 -62 14 0000000000000000
56 -62 21 0000000000000000
56 -62 28 0000000000000000
56 -62 35 0000000000000000
56 -62 42 0000000000000000
56 -62 49 0000000000000000
56 -62 56 0000000000000000
56 -62 63 0000000000000000
56 -62 70 0000000000000000
56 -62 77 0000000000000000
56 -62 84 0000000000000000
56 -62 91 0000000000000000
56 -62 98 0000000000000000
56 -59 -70 0000000000000000
56 -59 -63 0000000000000000
56 -59 -56 0000000000000000
56 -59 -49 0000000000000000
56 -59 -42 0000000000000000
56 -59 -35 0000000000000000
56 -59 -28 0000000000000000
56 -59 -21 0000000000000000
56 -59 -14 0000000000000000
56 -59 -7 0000000000000000
56 -59 0 0000000000000000
56 -59 7 0000000000000000
56 -59 14 0000000000000000
56 -59 21 0000000000000000
56 -59 28 0000000000000000
56 -59 35 0000000000000000
56 -59 42 0000000000000000
56 -59 49 0000000000000000
56 -59 56 0000000000000000
56 -59 63 0000000000000000
56 -59 70 0000000000000000
56 -59 77 0000000000000000
56 -59 84 0000000000000000
56 -59 91 0000000000000000
56 -59 98 0000000000000000
56 -56 -70 0000000000000000
56 -56 -63 0000000000000000
56 -56 -56 0000000000000000
56 -56 -49 0000000000000000
56 -56 -42 0000000000000000
56 -56 -35 0000000000000000
56 -56 -28 0000000000000000
56 -56 -21 0000000000000000
56 -56 -14 0000000000000000
56 -56 -7 0000000000000000
56 -56 0 0000000000000000
56 -56 7 0000000000000000
56 -56 14 0000000000000000
56 -56 21 0000000000000000
56 -56 28 0000000000000000
56 -56 35 0000000000000000
56 -56 42 0000000000000000
56 -56 49 0000000000000000
56 -56 56 0000000000000000
56 -56 63 0000000000000000
56 -56 70 0000000000000000
56 -56 77 0000000000000000
56 -56 84 0000000000000000
56 -56 91 0000000000000000
56 -56 98 0000000000000000
56 -53 -70 0000000000000000
56 -53 -63 0000000000000000
56 -53 -56 0000000000000000
56 -53 -49 0000000000000000
56 -53 -42 0000000000000000
56 -53 -35 0000000000000000
56 -53 -28 0000000000000000
56 -53 -21 0000000000000000
56 -53 -14 0000000000000000
56 -53 -7 0000000000000000
56 -53 0 0000000000000000
56 -53 7 0000000000000000
56 -53 14 0000000000000000
56 -53 21 0000000000000000
56 -53 28 0000000000000000
56 -53 35 0000000000000000
56 -53 42 0000000000000000
56 -53 49 0000000000000000
56 -53 56 0000000000000000
56 -53 63 0000000000000000
56 -53 70 0000000000000000
56 -53 77 0000000000000000
56 -53 84 0000000000000000
56 -53 91 0000000000000000
56 -53 98 0000000000000000
56 -50 -70 0000000000000000
56 -50 -63 0000000000000000
56 -50 -56 0000000000000000
56 -50 -49 0000000000000000
56 -50 -42 0000000000000000
56 -50 -35 0000000000000000
56 -50 -28 0000000000000000
56 -50 -21 0000000000000000
56 -50 -14 0000000000000000
56 -50 -7 0000000000000000
56 -50 0 0000000000000000
56 -50 7 0000000000000000
56 -50 14 0000000000000000
56 -50 21 0000000000000000
56 -50 28 0000000000000000
56 -50 35 0000000000000000
56 -50 42 0000000000000000
56 -50 49 0000000000000000
56 -50 56 0000000000000000
56 -50 63 0000000000000000
56 -50 70 0000000000000000
56 -50 77 0000000000000000
56 -50 84 0000000000000000
56 -50 91 0000000000000000
56 -50 98 0000000000000000
56 -47 -70 0000000000000000
56 -47 -63 0000000000000000
56 -47 -56 0000000000000000
56 -47 -49 0000000000000000
56 -47 -42 0000000000000000
56 -47 -35 0000000000000000
56 -47 -28 0000000000000000
56 -47 -21 0000000000000000
56 -47 -14 0000000000000000
56 -47 -7 0000000000000000
56 -47 0 0000000000000000
56 -47 7 0000000000000000
56 -47 14 0000000000000000
56 -47 21 0000000000000000
56 -47 28 0000000000000000
56 -47 35 0000000000000000
56 -47 42 0000000000000000
56 -47 49 0000000000000000
56 -47 56 0000000000000000
56 -47 63 0000000000000000
56 -47 70 0000000000000000
56 -47 77 0000000000000000
56 -47 84 0000000000000000
56 -47 91 0000000000000000
56 -47 98 0000000000000000
56 -44 -70 0000000000000000
56 -44 -63 0000000000000000
56 -44 -56 0000000000000000
56 -44 -49 0000000000000000
56 -44 -42 0000000000000000
56 -44 -35 0000000000000000
56 -44 -28 0000000000000000
56 -44 -21 0000000000000000
56 -44 -14 0000000000000000
56 -44 -7 0000000000000000
56 -44 0 0000000000000000
56 -44 7 0000000000000000
56 -44 14 0000000000000000
56 -44 21 0000000000000000
56 -44 28 0000000000000000
56 -44 35 0000000000000000
56 -44 42 0000000000000000
56 -44 49 0000000000000000
56 -44 56 0000000000000000
56 -44 63 0000000000000000
56 -44 70 0000000000000000
56 -44 77 0000000000000000
56 -44 84 0000000000000000
56 -44 91 0000000000000000
56 -44 98 0000000000000000
56 -41 -70 0000000000000000
56 -41 -63 0000000000000000
56 -41 -56 0000000000000000
56 -41 -49 0000000000000000
56 -41 -42 0000000000000000
56 -41 -35 0000000000000000
56 -41 -28 0000000000000000
56 -41 -21 0000000000000000
56 -41 -14 0000000000000000
56 -41 -7 0000000000000000
56 -41 0 0000000000000000
56 -41 7 0000000000000000
56 -41 14 0000000000000000
56 -41 21 0000000000000000
56 -41 28 0000000000000000
56 -41 35 0000000000000000
56 -41 42 0000000000000000
56 -41 49 0000000000000000
56 -41 56 0000000000000000
56 -41 63 0000000000000000
56 -41 70 0000000000000000
56 -41 77 0000000000000000
56 -41 84 0000000000000000
56 -41 91 0000000000000000
56 -41 98 0000000000000000
56 -38 -70 0000000000000000
56 -38 -63 0000000000000000
56 -38 -56 0000000000000000
56 -38 -49 0000000000000000
56 -38 -42 0000000000000000
56 -38 -35 0000000000000000
56 -38 -28 0000000000000000
56 -38 -21 0000000000000000
56 -38 -14 0000000000000000
56 -38 -7 0000000000000000
56 -38 0 0000000000000000
56 -38 7 0000000000000000
56 -38 14 0000000000000000
56 -38 21 0000000000000000
56 -38 28 0000000000000000
56 -38 35 0000000000000000
56 -38 42 0000000000000000
56 -38 49 0000000000000000
56 -38 56 0000000000000000
56 -38 63 0000000000000000
56 -38 70 0000000000000000
56 -38 77 0000000000000000
56 -38 84 0000000000000000
56 -38 91 0000000000000000
56 -38 98 0000000000000000
56 -35 -70 0000000000000000
56 -35 -63 0000000000000000
56 -35 -56 0000000000000000
56 -35 -49 0000000000000000
56 -35 -42 0000000000000000
56 -35 -35 0000000000000000
56 -35 -28 0000000000000000
56 -35 -21 0000000000000000
56 -35 -14 0000000000000000
56 -35 -7 0000000000000000
56 -35 0 0000000000000000
56 -35 7 0000000000000000
56 -35 14 0000000000000000
56 -35 21 0000000000000000
56 -35 28 0000000000000000
56 -35 35 0000000000000000
56 -35 42 0000000000000000
56 -35 49 0000000000000000
56 -35 56 0000000000000000
56 -35 63 0000000000000000
56 -35 70 0000000000000000
56 -35 77 0000000000000000
56 -35 84 0000000000000000
56 -35 91 0000000000000000
56 -35 98 0000000000000000
56 -32 -70 0000000000000000
56 -32 -63 0000000000000000
56 -32 -56 0000000000000000
56 -32 -49 0000000000000000
56 -32 -42 0000000000000000
56 -32 -35 0000000000000000
56 -32 -28 0000000000000000
56 -32 -21 0000000000000000
56 -32 -14 0000000000000000
56 -32 -7 0000000000000000
56 -32 0 0000000000000000
56 -32 7 0000000000000000
56 -32 14 0000000000000000
56 -32 21 0000000000000000
56 -32 28 0000000000000000
56 -32 35 0000000000000000
56 -32 42 0000000000000000
56 -32 49 0000000000000000
56 -32 56 0000000000000000
56 -32 63 0000000000000000
56 -32 70 0000000000000000
56 -32 77 0000000000000000
56 -32 84 0000000000000000
56 -32 91 0000000000000000
56 -32 98 0000000000000000
56 -29 -70 0000000000000000
56 -29 -63 0000000000000000
56 -29 -56 0000000000000000
56 -29 -49 0000000000000000
56 -29 -42 0000000000000000
56 -29 -35 0000000000000000
56 -29 -28 0000000000000000
56 -29 -21 0000000000000000
56 -29 -14 0000000000000000
56 -29 -7 0000000000000000
56 -29 0 0000000000000000
56 -29 7 0000000000000000
56 -29 14 0000000000000000
56 -29 21 0000000000000000
56 -29 28 0000000000000000
56 -29 35 0000000000000000
56 -29 42 0000000000000000
56 -29 49 0000000000000000
56 -29 56 0000000000000000
56 -29 63 0000000000000000
56 -29 70 0000000000000000
56 -29 77 0000000000000000
56 -29 84 0000000000000000
56 -29 91 0000000000000000
56 -29 98 0000000000000000
56 -26 -70 0000000000000000
56 -26 -63 0000000000000000
56 -26 -56 0000000000000000
56 -26 -49 0000000000000000
56 -26 -42 0000000000000000
56 -26 -35 0000000000000000
56 -26 -28 0000000000000000
56 -26 -21 0000000000000000
56 -26 -14 0000000000000000
56 -26 -7 0000000000000000
56 -26 0 0000000000000000
56 -26 7 0000000000000000
56 -26 14 0000000000000000
56 -26 21 0000000000000000
56 -26 28 0000000000000000
56 -26 35 0000000000000000
56 -26 42 0000000000000000
56 -26 49 0000000000000000
56 -26 56 0000000000000000
56 -26 63 0000000000000000
56 -26 70 0000000000000000
56 -26 77 0000000000000000
56 -26 84 0000000000000000
56 -26 91 0000000000000000
56 -26 98 0000000000000000
56 -23 -70 0000000000000000
56 -23 -63 0000000000000000
56 -23 -56 0000000000000000
56 -23 -49 0000000000000000
56 -23 -42 0000000000000000
56 -23 -35 0000000000000000
56 -23 -28 0000000000000000
56 -23 -21 0000000000000000
56 -23 -14 3fa46b8d16430167
56 -23 -7 3fa46b8d16430167
56 -23 0 3fa46b8d16430167
56 -23 7 0000000000000000
56 -23 14 0000000000000000
56 -23 21 0000000000000000
56 -23 28 0000000000000000
56 -23 35 0000000000000000
56 -23 42 0000000000000000
56 -23 49 0000000000000000
56 -23 56 0000000000000000
56 -23 63 0000000000000000
56 -23 70 0000000000000000
56 -23 77 0000000000000000
56 -23 84 0000000000000000
56 -23 91 0000000000000000
56 -23 98 0000000000000000
56 -20 -70 0000000000000000
56 -20 -63 0000000000000000
56 -20 -56 0000000000000000
56 -20 -49 0000000000000000
56 -20 -42 0000000000000000
56 -20 -35 0000000000000000
56 -20 -28 0000000000000000
56 -20 -21 0000000000000000
56 -20 -14 3fb1111111111113
56 -20 -7 3fb1111111111113
56 -20 0 3fb1111111111113
56 -20 7 3f9428be3c41e21a
56 -20 14 0000000000000000
56 -20 21 0000000000000000
56 -20 28 0000000000000000
56 -20 35 0000000000000000
56 -20 42 0000000000000000
56 -20 49 0000000000000000
56 -20 56 0000000000000000
56 -20 63 0000000000000000
56 -20 70 0000000000000000
56 -20 77 0000000000000000
56 -20 84 0000000000000000
56 -20 91 0000000000000000
56 -20 98 0000000000000000
56 -17 -70 0000000000000000
56 -17 -63 0000000000000000
56 -17 -56 0000000000000000
56 -17 -49 0000000000000000
56 -17 -42 0000000000000000
56 -17 -35 0000000000000000
56 -17 -28 0000000000000000
56 -17 -21 0000000000000000
56 -17 -14 3fb1111111111113
56 -17 -7 3fb1111111111113
56 -17 0 3fb1111111111113
56 -17 7 3f9428be3c41e21a
56 -17 14 0000000000000000
56 -17 21 3ea84c2bda0cdd90
56 -17 28 3f1d3f9b7e2a713d
56 -17 35 3f230d1c530886ac
56 -17 42 3f230d1c530886ac
56 -17 49 3f1d3f9b7e2a713d
56 -17 56 3ea84c2bda0cdd90
56 -17 63 0000000000000000
56 -17 70 0000000000000000
56 -17 77 0000000000000000
56 -17 84 0000000000000000
56 -17 91 0000000000000000
56 -17 98 0000000000000000
56 -14 -70 0000000000000000
56 -14 -63 0000000000000000
56 -14 -56 0000000000000000
56 -14 -49 0000000000000000
56 -14 -42 0000000000000000
56 -14 -35 0000000000000000
56 -14 -28 0000000000000000
56 -14 -21 0000000000000000
56 -14 -14 3fb1111111111113
56 -14 -7 3fb1111111111113
56 -14 0 3fb1111111111113
56 -14 7 3f9428be3c41e21a
56 -14 14 0000000000000000
56 -14 21 3efc31b6f2bb9737
56 -14 28 3f732e81dbfad8cb
56 -14 35 3f795086ebf167bb
56 -14 42 3f79503b84c63136
56 -14 49 3f732e816e16bcfa
56 -14 56 3efc31b6f2bb9737
56 -14 63 0000000000000000
56 -14 70 0000000000000000
56 -14 77 0000000000000000
56 -14 84 0000000000000000
56 -14 91 0000000000000000
56 -14 98 0000000000000000
56 -11 -70 0000000000000000
56 -11 -63 0000000000000000
56 -11 -56 0000000000000000
56 -11 -49 0000000000000000
56 -11 -42 0000000000000000
56 -11 -35 0000000000000000
56 -11 -28 0000000000000000
56 -11 -21 0000000000000000
56 -11 -14 3fb1111111111113
56 -11 -7 3fb1111111111113
56 -11 0 3fb1111111111113
56 -11 7 3f9428be3c41e21a
56 -11 14 0000000000000000
56 -11 21 3f3278d6ed925b0b
56 -11 28 3faffd0913786b08
56 -11 35 3fb5d4cc1a048de4
56 -11 42 3fb5d4579796b58d
56 -11 49 3faffd07d4f390ce
56 -11 56 3f3278d6ed925b0b
56 -11 63 0000000000000000
56 -11 70 0000000000000000
56 -11 77 0000000000000000
56 -11 84 0000000000000000
56 -11 91 0000000000000000
56 -11 98 0000000000000000
56 -8 -70 0000000000000000
56 -8 -63 0000000000000000
56 -8 -56 0000000000000000
56 -8 -49 0000000000000000
56 -8 -42 0000000000000000
56 -8 -35 0000000000000000
56 -8 -28 0000000000000000
56 -8 -21 0000000000000000
56 -8 -14 3fb1111111111113
56 -8 -7 3fb1111111111113
56 -8 0 3fb1111111111113
56 -8 7 3f9428be3c41e21a
56 -8 14 0000000000000000
56 -8 21 3f4536b36bebfd14
56 -8 28 3fcdc93d42c37c1f
56 -8 35 3fd87e48e102681c
56 -8 42 3fd87d87277e882a
56 -8 49 3fcdc93b5593b098
56 -8 56 3f4536b36bebfd14
56 -8 63 0000000000000000
56 -8 70 0000000000000000
56 -8 77 0000000000000000
56 -8 84 0000000000000000
56 -8 91 0000000000000000
56 -8 98 0000000000000000
56 -5 -70 0000000000000000
56 -5 -63 0000000000000000
56 -5 -56 0000000000000000
56 -5 -49 0000000000000000
56 -5 -42 0000000000000000
56 -5 -35 0000000000000000
56 -5 -28 0000000000000000
56 -5 -21 0000000000000000
56 -5 -14 3fb1111111111113
56 -5 -7 3fb1111111111113
56 -5 0 3fb1111111111113
56 -5 7 3f9428be3c41e21a
56 -5 14 0000000000000000
56 -5 21 bf2995bd716cec07
56 -5 28 bfbae940b12a44b3
56 -5 35 bfe1cff980321c0f
56 -5 42 bfe1d066d2d2c076
56 -5 49 bfbae944d8e684a3
56 -5 56 bf2995bd716cec07
56 -5 63 0000000000000000
56 -5 70 0000000000000000
56 -5 77 0000000000000000
56 -5 84 0000000000000000
56 -5 91 0000000000000000
56 -5 98 0000000000000000
56 -2 -70 0000000000000000
56 -2 -63 0000000000000000
56 -2 -56 0000000000000000
56 -2 -49 0000000000000000
56 -2 -42 0000000000000000
56 -2 -35 0000000000000000
56 -2 -28 0000000000000000
56 -2 -21 0000000000000000
56 -2 -14 3fb1111111111113
56 -2 -7 3fb1111111111113
56 -2 0 3fb1111111111113
56 -2 7 3f9428be3c41e21a
56 -2 14 0000000000000000
56 -2 21 bf43c0e86708dbec
56 -2 28 bfc6c2de7b4b0132
56 -2 35 bfd0d1f9b92756f1
56 -2 42 bfd0d11f13e60e24
56 -2 49 bfc6c2dc676ce13a
56 -2 56 bf43c0e86708dbec
56 -2 63 0000000000000000
56 -2 70 0000000000000000
56 -2 77 0000000000000000
56 -2 84 0000000000000000
56 -2 91 0000000000000000
56 -2 98 0000000000000000
56 1 -70 0000000000000000
56 1 -63 0000000000000000
56 1 -56 0000000000000000
56 1 -49 0000000000000000
56 1 -42 0000000000000000
56 1 -35 0000000000000000
56 1 -28 0000000000000000
56 1 -21 0000000000000000
56 1 -14 3fb1111111111113
56 1 -7 3fb1111111111113
56 1 0 3fb1111111111113
56 1 7 3f9428be3c41e21a
56 1 14 0000000000000000
56 1 21 bf23904a26380bbd
56 1 28 bf9eb6faef72aab4
56 1 35 bfa4b552dd400985
56 1 42 bfa4af45112109f7
56 1 49 bf9eb6eb85f44e79
56 1 56 bf23904a26380bbd
56 1 63 0000000000000000
56 1 70 0000000000000000
56 1 77 0000000000000000
56 1 84 0000000000000000
56 1 91 0000000000000000
56 1 98 0000000000000000
56 4 -70 0000000000000000
56 4 -63 0000000000000000
56 4 -56 0000000000000000
56 4 -49 0000000000000000
56 4 -42 0000000000000000
56 4 -35 0000000000000000
56 4 -28 0000000000000000
56 4 -21 0000000000000000
56 4 -14 3fb1111111111113
56 4 -7 3fb1111111111113
56 4 0 3fb1111111111113
56 4 7 3f9428be3c41e21a
56 4 14 0000000000000000
56 4 21 bee3580da9d3c7d3
56 4 28 bf590db1c37f6efa
56 4 35 bf6095b1dd1b38c2
56 4 42 bf6087218f602dd3
56 4 49 bf590d89f2e427d3
56 4 56 bee3580da9d3c7d3
56 4 63 0000000000000000
56 4 70 0000000000000000
56 4 77 0000000000000000
56 4 84 0000000000000000
56 4 91 0000000000000000
56 4 98 0000000000000000
56 7 -70 0000000000000000
56 7 -63 0000000000000000
56 7 -56 0000000000000000
56 7 -49 0000000000000000
56 7 -42 0000000000000000
56 7 -35 0000000000000000
56 7 -28 0000000000000000
56 7 -21 0000000000000000
56 7 -14 3fabfa4ca2453640
56 7 -7 3fabfa4ca2453640
56 7 0 3fabfa4ca2453640
56 7 7 3f81280ff8e21100
56 7 14 0000000000000000
56 7 21 0000000000000000
56 7 28 be228ef6567ada43
56 7 35 bea9cbd07a61831f
56 7 42 bea05eeb1390d4b8
56 7 49 be0349cb71833d2d
56 7 56 0000000000000000
56 7 63 0000000000000000
56 7 70 0000000000000000
56 7 77 0000000000000000
56 7 84 0000000000000000
56 7 91 0000000000000000
56 7 98 0000000000000000
56 10 -70 0000000000000000
56 10 -63 0000000000000000
56 10 -56 0000000000000000
56 10 -49 0000000000000000
56 10 -42 0000000000000000
56 10 -35 0000000000000000
56 10 -28 0000000000000000
56 10 -21 0000000000000000
56 10 -14 0000000000000000
56 10 -7 0000000000000000
56 10 0 0000000000000000
56 10 7 0000000000000000
56 10 14 0000000000000000
56 10 21 0000000000000000
56 10 28 0000000000000000
56 10 35 0000000000000000
56 10 42 0000000000000000
56 10 49 0000000000000000
56 10 56 0000000000000000
56 10 63 0000000000000000
56 10 70 0000000000000000
56 10 77 0000000000000000
56 10 84 0000000000000000
56 10 91 0000000000000000
56 10 98 0000000000000000
56 13 -70 0000000000000000
56 13 -63 0000000000000000
56 13 -56 0000000000000000
56 13 -49 0000000000000000
56 13 -42 0000000000000000
56 13 -35 0000000000000000
56 13 -28 0000000000000000
56 13 -21 0000000000000000
56 13 -14 0000000000000000
56 13 -7 0000000000000000
56 13 0 0000000000000000
56 13 7 0000000000000000
56 13 14 0000000000000000
56 13 21 0000000000000000
56 13 28 0000000000000000
56 13 35 0000000000000000
56 13 42 0000000000000000
56 13 49 0000000000000000
56 13 56 0000000000000000
56 13 63 0000000000000000
56 13 70 0000000000000000
56 13 77 0000000000000000
56 13 84 0000000000000000
56 13 91 0000000000000000
56 13 98 0000000000000000
56 16 -70 0000000000000000
56 16 -63 0000000000000000
56 16 -56 0000000000000000
56 16 -49 0000000000000000
56 16 -42 0000000000000000
56 16 -35 0000000000000000
56 16 -28 0000000000000000
56 16 -21 0000000000000000
56 16 -14 0000000000000000
56 16 -7 0000000000000000
56 16 0 0000000000000000
56 16 7 0000000000000000
56 16 14 0000000000000000
56 16 21 0000000000000000
56 16 28 0000000000000000
56 16 35 0000000000000000
56 16 42 0000000000000000
56 16 49 0000000000000000
56 16 56 0000000000000000
56 16 63 0000000000000000
56 16 70 0000000000000000
56 16 77 0000000000000000
56 16 84 0000000000000000
56 16 91 0000000000000000
56 16 98 0000000000000000
56 19 -70 0000000000000000
56 19 -63 0000000000000000
56 19 -56 0000000000000000
56 19 -49 0000000000000000
56 19 -42 0000000000000000
56 19 -35 0000000000000000
56 19 -28 0000000000000000
56 19 -21 0000000000000000
56 19 -14 0000000000000000
56 19 -7 0000000000000000
56 19 0 0000000000000000
56 19 7 0000000000000000
56 19 14 0000000000000000
56 19 21 0000000000000000
56 19 28 0000000000000000
56 19 35 0000000000000000
56 19 42 0000000000000000
56 19 49 0000000000000000
56 19 56 0000000000000000
56 19 63 0000000000000000
56 19 70 0000000000000000
56 19 77 0000000000000000
56 19 84 0000000000000000
56 19 91 0000000000000000
56 19 98 0000000000000000
56 22 -70 0000000000000000
56 22 -63 0000000000000000
56 22 -56 0000000000000000
56 22 -49 0000000000000000
56 22 -42 0000000000000000
56 22 -35 0000000000000000
56 22 -28 0000000000000000
56 22 -21 0000000000000000
56 22 -14 0000000000000000
56 22 -7 0000000000000000
56 22 0 0000000000000000
56 22 7 0000000000000000
56 22 14 0000000000000000
56 22 21 0000000000000000
56 22 28 0000000000000000
56 22 35 0000000000000000
56 22 42 0000000000000000
56 22 49 0000000000000000
56 22 56 0000000000000000
56 22 63 0000000000000000
56 22 70 0000000000000000
56 22 77 0000000000000000
56 22 84 0000000000000000
56 22 91 0000000000000000
56 22 98 0000000000000000
56 25 -70 0000000000000000
56 25 -63 0000000000000000
56 25 -56 0000000000000000
56 25 -49 0000000000000000
56 25 -42 0000000000000000
56 25 -35 0000000000000000
56 25 -28 0000000000000000
56 25 -21 0000000000000000
56 25 -14 0000000000000000
56 25 -7 0000000000000000
56 25 0 0000000000000000
56 25 7 0000000000000000
56 25 14 0000000000000000
56 25 21 0000000000000000
56 25 28 0000000000000000
56 25 35 0000000000000000
56 25 42 0000000000000000
56 25 49 0000000000000000
56 25 56 0000000000000000
56 25 63 0000000000000000
56 25 70 0000000000000000
56 25 77 0000000000000000
56 25 84 0000000000000000
56 25 91 0000000000000000
56 25 98 0000000000000000
56 28 -70 0000000000000000
56 28 -63 0000000000000000
56 28 -56 0000000000000000
56 28 -49 0000000000000000
56 28 -42 0000000000000000
56 28 -35 0000000000000000
56 28 -28 0000000000000000
56 28 -21 0000000000000000
56 28 -14 0000000000000000
56 28 -7 0000000000000000
56 28 0 0000000000000000
56 28 7 0000000000000000
56 28 14 0000000000000000
56 28 21 0000000000000000
56 28 28 0000000000000000
56 28 35 0000000000000000
56 28 42 0000000000000000
56 28 49 0000000000000000
56 28 56 0000000000000000
56 28 63 0000000000000000
56 28 70 0000000000000000
56 28 77 0000000000000000
56 28 84 0000000000000000
56 28 91 0000000000000000
56 28 98 0000000000000000
56 31 -70 0000000000000000
56 31 -63 0000000000000000
56 31 -56 0000000000000000
56 31 -49 0000000000000000
56 31 -42 0000000000000000
56 31 -35 0000000000000000
56 31 -28 0000000000000000
56 31 -21 0000000000000000
56 31 -14 0000000000000000
56 31 -7 0000000000000000
56 31 0 0000000000000000
56 31 7 0000000000000000
56 31 14 0000000000000000
56 31 21 0000000000000000
56 31 28 0000000000000000
56 31 35 0000000000000000
56 31 42 0000000000000000
56 31 49 0000000000000000
56 31 56 0000000000000000
56 31 63 0000000000000000
56 31 70 0000000000000000
56 31 77 0000000000000000
56 31 84 0000000000000000
56 31 91 0000000000000000
56 31 98 0000000000000000
56 34 -70 0000000000000000
56 34 -63 0000000000000000
56 34 -56 0000000000000000
56 34 -49 0000000000000000
56 34 -42 0000000000000000
56 34 -35 0000000000000000
56 34 -28 0000000000000000
56 34 -21 0000000000000000
56 34 -14 0000000000000000
56 34 -7 0000000000000000
56 34 0 0000000000000000
56 34 7 0000000000000000
56 34 14 0000000000000000
56 34 21 0000000000000000
56 34 28 0000000000000000
56 34 35 0000000000000000
56 34 42 0000000000000000
56 34 49 0000000000000000
56 34 56 0000000000000000
56 34 63 0000000000000000
56 34 70 0000000000000000
56 34 77 0000000000000000
56 34 84 0000000000000000
56 34 91 0000000000000000
56 34 98 0000000000000000
56 37 -70 0000000000000000
56 37 -63 0000000000000000
56 37 -56 0000000000000000
56 37 -49 0000000000000000
56 37 -42 0000000000000000
56 37 -35 0000000000000000
56 37 -28 0000000000000000
56 37 -21 0000000000000000
56 37 -14 0000000000000000
56 37 -7 0000000000000000
56 37 0 0000000000000000
56 37 7 0000000000000000
56 37 14 0000000000000000
56 37 21 0000000000000000
56 37 28 0000000000000000
56 37 35 0000000000000000
56 37 42 0000000000000000
56 37 49 0000000000000000
56 37 56 0000000000000000
56 37 63 0000000000000000
56 37 70 0000000000000000
56 37 77 0000000000000000
56 37 84 0000000000000000
56 37 91 0000000000000000
56 37 98 0000000000000000
56 40 -70 0000000000000000
56 40 -63 0000000000000000
56 40 -56 0000000000000000
56 40 -49 0000000000000000
56 40 -42 0000000000000000
56 40 -35 0000000000000000
56 40 -28 0000000000000000
56 40 -21 0000000000000000
56 40 -14 0000000000000000
56 40 -7 0000000000000000
56 40 0 0000000000000000
56 40 7 0000000000000000
56 40 14 0000000000000000
56 40 21 0000000000000000
56 40 28 0000000000000000
56 40 35 0000000000000000
56 40 42 0000000000000000
56 40 49 0000000000000000
56 40 56 0000000000000000
56 40 63 0000000000000000
56 40 70 0000000000000000
56 40 77 0000000000000000
56 40 84 0000000000000000
56 40 91 0000000000000000
56 40 98 0000000000000000
56 43 -70 0000000000000000
56 43 -63 0000000000000000
56 43 -56 0000000000000000
56 43 -49 0000000000000000
56 43 -42 0000000000000000
56 43 -35 0000000000000000
56 43 -28 0000000000000000
56 43 -21 0000000000000000
56 43 -14 0000000000000000
56 43 -7 0000000000000000
56 43 0 0000000000000000
56 43 7 0000000000000000
56 43 14 0000000000000000
56 43 21 0000000000000000
56 43 28 0000000000000000
56 43 35 0000000000000000
56 43 42 0000000000000000
56 43 49 0000000000000000
56 43 56 0000000000000000
56 43 63 0000000000000000
56 43 70 0000000000000000
56 43 77 0000000000000000
56 43 84 0000000000000000
56 43 91 0000000000000000
56 43 98 0000000000000000
63 -95 -70 0000000000000000
63 -95 -63 0000000000000000
63 -95 -56 0000000000000000
63 -95 -49 0000000000000000
63 -95 -42 0000000000000000
63 -95 -35 0000000000000000
63 -95 -28 0000000000000000
63 -95 -21 0000000000000000
63 -95 -14 0000000000000000
63 -95 -7 0000000000000000
63 -95 0 0000000000000000
63 -95 7 0000000000000000
63 -95 14 0000000000000000
63 -95 21 0000000000000000
63 -95 28 0000000000000000
63 -95 35 0000000000000000
63 -95 42 0000000000000000
63 -95 49 0000000000000000
63 -95 56 0000000000000000
63 -95 63 0000000000000000
63 -95 70 0000000000000000
63 -95 77 0000000000000000
63 -95 84 0000000000000000
63 -95 91 0000000000000000
63 -95 98 0000000000000000
63 -92 -70 0000000000000000
63 -92 -63 0000000000000000
63 -92 -56 0000000000000000
63 -92 -49 0000000000000000
63 -92 -42 0000000000000000
63 -92 -35 0000000000000000
63 -92 -28 0000000000000000
63 -92 -21 0000000000000000
63 -92 -14 0000000000000000
63 -92 -7 0000000000000000
63 -92 0 0000000000000000
63 -92 7 0000000000000000
63 -92 14 0000000000000000
63 -92 21 0000000000000000
63 -92 28 0000000000000000
63 -92 35 0000000000000000
63 -92 42 0000000000000000
63 -92 49 0000000000000000
63 -92 56 0000000000000000
63 -92 63 0000000000000000
63 -92 70 0000000000000000
63 -92 77 0000000000000000
63 -92 84 0000000000000000
63 -92 91 0000000000000000
63 -92 98 0000000000000000
63 -89 -70 0000000000000000
63 -89 -63 0000000000000000
63 -89 -56 0000000000000000
63 -89 -49 0000000000000000
63 -89 -42 0000000000000000
63 -89 -35 0000000000000000
63 -89 -28 0000000000000000
63 -89 -21 0000000000000000
63 -89 -14 0000000000000000
63 -89 -7 0000000000000000
63 -89 0 0000000000000000
63 -89 7 0000000000000000
63 -89 14 0000000000000000
63 -89 21 0000000000000000
63 -89 28 0000000000000000
63 -89 35 0000000000000000
63 -89 42 0000000000000000
63 -89 49 0000000000000000
63 -89 56 0000000000000000
63 -89 63 0000000000000000
63 -89 70 0000000000000000
63 -89 77 0000000000000000
63 -89 84 0000000000000000
63 -89 91 0000000000000000
63 -89 98 0000000000000000
63 -86 -70 0000000000000000
63 -86 -63 0000000000000000
63 -86 -56 0000000000000000
63 -86 -49 0000000000000000
63 -86 -42 0000000000000000
63 -86 -35 0000000000000000
63 -86 -28 0000000000000000
63 -86 -21 0000000000000000
63 -86 -14 0000000000000000
63 -86 -7 0000000000000000
63 -86 0 0000000000000000
63 -86 7 0000000000000000
63 -86 14 0000000000000000
63 -86 21 0000000000000000
63 -86 28 0000000000000000
63 -86 35 0000000000000000
63 -86 42 0000000000000000
63 -86 49 0000000000000000
63 -86 56 0000000000000000
63 -86 63 0000000000000000
63 -86 70 0000000000000000
63 -86 77 0000000000000000
63 -86 84 0000000000000000
63 -86 91 0000000000000000
63 -86 98 0000000000000000
63 -83 -70 0000000000000000
63 -83 -63 0000000000000000
63 -83 -56 0000000000000000
63 -83 -49 0000000000000000
63 -83 -42 0000000000000000
63 -83 -35 0000000000000000
63 -83 -28 0000000000000000
63 -83 -21 0000000000000000
63 -83 -14 0000000000000000
63 -83 -7 0000000000000000
63 -83 0 0000000000000000
63 -83 7 0000000000000000
63 -83 14 0000000000000000
63 -83 21 0000000000000000
63 -83 28 0000000000000000
63 -83 35 0000000000000000
63 -83 42 0000000000000000
63 -83 49 0000000000000000
63 -83 56 0000000000000000
63 -83 63 0000000000000000
63 -83 70 0000000000000000
63 -83 77 0000000000000000
63 -83 84 0000000000000000
63 -83 91 0000000000000000
63 -83 98 0000000000000000
63 -80 -70 0000000000000000
63 -80 -63 0000000000000000
63 -80 -56 0000000000000000
63 -80 -49 0000000000000000
63 -80 -42 0000000000000000
63 -80 -35 0000000000000000
63 -80 -28 0000000000000000
63 -80 -21 0000000000000000
63 -80 -14 0000000000000000
63 -80 -7 0000000000000000
63 -80 0 0000000000000000
63 -80 7 0000000000000000
63 -80 14 0000000000000000
63 -80 21 0000000000000000
63 -80 28 0000000000000000
63 -80 35 0000000000000000
63 -80 42 0000000000000000
63 -80 49 0000000000000000
63 -80 56 0000000000000000
63 -80 63 0000000000000000
63 -80 70 0000000000000000
63 -80 77 0000000000000000
63 -80 84 0000000000000000
63 -80 91 0000000000000000
63 -80 98 0000000000000000
63 -77 -70 0000000000000000
63 -77 -63 0000000000000000
63 -77 -56 0000000000000000
63 -77 -49 0000000000000000
63 -77 -42 0000000000000000
63 -77 -35 0000000000000000
63 -77 -28 0000000000000000
63 -77 -21 0000000000000000
63 -77 -14 0000000000000000
63 -77 -7 0000000000000000
63 -77 0 0000000000000000
63 -77 7 0000000000000000
63 -77 14 0000000000000000
63 -77 21 0000000000000000
63 -77 28 0000000000000000
63 -77 35 0000000000000000
63 -77 42 0000000000000000
63 -77 49 0000000000000000
63 -77 56 0000000000000000
63 -77 63 0000000000000000
63 -77 70 0000000000000000
63 -77 77 0000000000000000
63 -77 84 0000000000000000
63 -77 91 0000000000000000
63 -77 98 0000000000000000
63 -74 -70 0000000000000000
63 -74 -63 0000000000000000
63 -74 -56 0000000000000000
63 -74 -49 0000000000000000
63 -74 -42 0000000000000000
63 -74 -35 0000000000000000
63 -74 -28 0000000000000000
63 -74 -21 0000000000000000
63 -74 -14 0000000000000000
63 -74 -7 0000000000000000
63 -74 0 0000000000000000
63 -74 7 0000000000000000
63 -74 14 0000000000000000
63 -74 21 0000000000000000
63 -74 28 0000000000000000
63 -74 35 0000000000000000
63 -74 42 0000000000000000
63 -74 49 0000000000000000
63 -74 56 0000000000000000
63 -74 63 0000000000000000
63 -74 70 0000000000000000
63 -74 77 0000000000000000
63 -74 84 0000000000000000
63 -74 91 0000000000000000
63 -74 98 0000000000000000
63 -71 -70 0000000000000000
63 -71 -63 0000000000000000
63 -71 -56 0000000000000000
63 -71 -49 0000000000000000
63 -71 -42 0000000000000000
63 -71 -35 0000000000000000
63 -71 -28 0000000000000000
63 -71 -21 0000000000000000
63 -71 -14 0000000000000000
63 -71 -7 0000000000000000
63 -71 0 0000000000000000
63 -71 7 0000000000000000
63 -71 14 0000000000000000
63 -71 21 0000000000000000
63 -71 28 0000000000000000
63 -71 35 0000000000000000
63 -71 42 0000000000000000
63 -71 49 0000000000000000
63 -71 56 0000000000000000
63 -71 63 0000000000000000
63 -71 70 0000000000000000
63 -71 77 0000000000000000
63 -71 84 0000000000000000
63 -71 91 0000000000000000
63 -71 98 0000000000000000
63 -68 -70 0000000000000000
63 -68 -63 0000000000000000
63 -68 -56 0000000000000000
63 -68 -49 0000000000000000
63 -68 -42 0000000000000000
63 -68 -35 0000000000000000
63 -68 -28 0000000000000000
63 -68 -21 0000000000000000
63 -68 -14 0000000000000000
63 -68 -7 0000000000000000
63 -68 0 0000000000000000
63 -68 7 0000000000000000
63 -68 14 0000000000000000
63 -68 21 0000000000000000
63 -68 28 0000000000000000
63 -68 35 0000000000000000
63 -68 42 0000000000000000
63 -68 49 0000000000000000
63 -68 56 0000000000000000
63 -68 63 0000000000000000
63 -68 70 0000000000000000
63 -68 77 0000000000000000
63 -68 84 0000000000000000
63 -68 91 0000000000000000
63 -68 98 0000000000000000
63 -65 -70 0000000000000000
63 -65 -63 0000000000000000
63 -65 -56 0000000000000000
63 -65 -49 0000000000000000
63 -65 -42 0000000000000000
63 -65 -35 0000000000000000
63 -65 -28 0000000000000000
63 -65 -21 0000000000000000
63 -65 -14 0000000000000000
63 -65 -7 0000000000000000
63 -65 0 0000000000000000
63 -65 7 0000000000000000
63 -65 14 0000000000000000
63 -65 21 0000000000000000
63 -65 28 0000000000000000
63 -65 35 0000000000000000
63 -65 42 0000000000000000
63 -65 49 0000000000000000
63 -65 56 0000000000000000
63 -65 63 0000000000000000
63 -65 70 0000000000000000
63 -65 77 0000000000000000
63 -65 84 0000000000000000
63 -65 91 0000000000000000
63 -65 98 0000000000000000
63 -62 -70 0000000000000000
63 -62 -63 0000000000000000
63 -62 -56 0000000000000000
63 -62 -49 0000000000000000
63 -62 -42 0000000000000000
63 -62 -35 0000000000000000
63 -62 -28 0000000000000000
63 -62 -21 0000000000000000
63 -62 -14 0000000000000000
63 -62 -7 0000000000000000
63 -62 0 0000000000000000
63 -62 7 0000000000000000
63 -62 14 0000000000000000
63 -62 21 0000000000000000
63 -62 28 0000000000000000
63 -62 35 0000000000000000
63 -62 42 0000000000000000
63 -62 49 0000000000000000
63 -62 56 0000000000000000
63 -62 63 0000000000000000
63 -62 70 0000000000000000
63 -62 77 0000000000000000
63 -62 84 0000000000000000
63 -62 91 0000000000000000
63 -62 98 0000000000000000
63 -59 -70 0000000000000000
63 -59 -63 0000000000000000
63 -59 -56 0000000000000000
63 -59 -49 0000000000000000
63 -59 -42 0000000000000000
63 -59 -35 0000000000000000
63 -59 -28 0000000000000000
63 -59 -21 0000000000000000
63 -59 -14 0000000000000000
63 -59 -7 0000000000000000
63 -59 0 0000000000000000
63 -59 7 0000000000000000
63 -59 14 0000000000000000
63 -59 21 0000000000000000
63 -59 28 0000000000000000
63 -59 35 0000000000000000
63 -59 42 0000000000000000
63 -59 49 0000000000000000
63 -59 56 0000000000000000
63 -59 63 0000000000000000
63 -59 70 0000000000000000
63 -59 77 0000000000000000
63 -59 84 0000000000000000
63 -59 91 0000000000000000
63 -59 98 0000000000000000
63 -56 -70 0000000000000000
63 -56 -63 0000000000000000
63 -56 -56 0000000000000000
63 -56 -49 0000000000000000
63 -56 -42 0000000000000000
63 -56 -35 0000000000000000
63 -56 -28 0000000000000000
63 -56 -21 0000000000000000
63 -56 -14 0000000000000000
63 -56 -7 0000000000000000
63 -56 0 0000000000000000
63 -56 7 0000000000000000
63 -56 14 0000000000000000
63 -56 21 0000000000000000
63 -56 28 0000000000000000
63 -56 35 0000000000000000
63 -56 42 0000000000000000
63 -56 49 0000000000000000
63 -56 56 0000000000000000
63 -56 63 0000000000000000
63 -56 70 0000000000000000
63 -56 77 0000000000000000
63 -56 84 0000000000000000
63 -56 91 0000000000000000
63 -56 98 0000000000000000
63 -53 -70 0000000000000000
63 -53 -63 0000000000000000
63 -53 -56 0000000000000000
63 -53 -49 0000000000000000
63 -53 -42 0000000000000000
63 -53 -35 0000000000000000
63 -53 -28 0000000000000000
63 -53 -21 0000000000000000
63 -53 -14 0000000000000000
63 -53 -7 0000000000000000
63 -53 0 0000000000000000
63 -53 7 0000000000000000
63 -53 14 0000000000000000
63 -53 21 0000000000000000
63 -53 28 0000000000000000
63 -53 35 0000000000000000
63 -53 42 0000000000000000
63 -53 49 0000000000000000
63 -53 56 0000000000000000
63 -53 63 0000000000000000
63 -53 70 0000000000000000
63 -53 77 0000000000000000
63 -53 84 0000000000000000
63 -53 91 0000000000000000
63 -53 98 0000000000000000
63 -50 -70 0000000000000000
63 -50 -63 0000000000000000
63 -50 -56 0000000000000000
63 -50 -49 0000000000000000
63 -50 -42 0000000000000000
63 -50 -35 0000000000000000
63 -50 -28 0000000000000000
63 -50 -21 0000000000000000
63 -50 -14 0000000000000000
63 -50 -7 0000000000000000
63 -50 0 0000000000000000
63 -50 7 0000000000000000
63 -50 14 0000000000000000
63 -50 21 0000000000000000
63 -50 28 0000000000000000
63 -50 35 0000000000000000
63 -50 42 0000000000000000
63 -50 49 0000000000000000
63 -50 56 0000000000000000
63 -50 63 0000000000000000
63 -50 70 0000000000000000
63 -50 77 0000000000000000
63 -50 84 0000000000000000
63 -50 91 0000000000000000
63 -50 98 0000000000000000
63 -47 -70 0000000000000000
63 -47 -63 0000000000000000
63 -47 -56 0000000000000000
63 -47 -49 0000000000000000
63 -47 -42 0000000000000000
63 -47 -35 0000000000000000
63 -47 -28 0000000000000000
63 -47 -21 0000000000000000
63 -47 -14 0000000000000000
63 -47 -7 0000000000000000
63 -47 0 0000000000000000
63 -47 7 0000000000000000
63 -47 14 0000000000000000
63 -47 21 0000000000000000
63 -47 28 0000000000000000
63 -47 35 0000000000000000
63 -47 42 0000000000000000
63 -47 49 0000000000000000
63 -47 56 0000000000000000
63 -47 63 0000000000000000
63 -47 70 0000000000000000
63 -47 77 0000000000000000
63 -47 84 0000000000000000
63 -47 91 0000000000000000
63 -47 98 0000000000000000
63 -44 -70 0000000000000000
63 -44 -63 0000000000000000
63 -44 -56 0000000000000000
63 -44 -49 0000000000000000
63 -44 -42 0000000000000000
63 -44 -35 0000000000000000
63 -44 -28 0000000000000000
63 -44 -21 0000000000000000
63 -44 -14 0000000000000000
63 -44 -7 0000000000000000
63 -44 0 0000000000000000
63 -44 7 0000000000000000
63 -44 14 0000000000000000
63 -44 21 0000000000000000
63 -44 28 0000000000000000
63 -44 35 0000000000000000
63 -44 42 0000000000000000
63 -44 49 0000000000000000
63 -44 56 0000000000000000
63 -44 63 0000000000000000
63 -44 70 0000000000000000
63 -44 77 0000000000000000
63 -44 84 0000000000000000
63 -44 91 0000000000000000
63 -44 98 0000000000000000
63 -41 -70 0000000000000000
63 -41 -63 0000000000000000
63 -41 -56 0000000000000000
63 -41 -49 0000000000000000
63 -41 -42 0000000000000000
63 -41 -35 0000000000000000
63 -41 -28 0000000000000000
63 -41 -21 0000000000000000
63 -41 -14 0000000000000000
63 -41 -7 0000000000000000
63 -41 0 0000000000000000
63 -41 7 0000000000000000
63 -41 14 0000000000000000
63 -41 21 0000000000000000
63 -41 28 0000000000000000
63 -41 35 0000000000000000
63 -41 42 0000000000000000
63 -41 49 0000000000000000
63 -41 56 0000000000000000
63 -41 63 0000000000000000
63 -41 70 0000000000000000
63 -41 77 0000000000000000
63 -41 84 0000000000000000
63 -41 91 0000000000000000
63 -41 98 0000000000000000
63 -38 -70 0000000000000000
63 -38 -63 0000000000000000
63 -38 -56 0000000000000000
63 -38 -49 0000000000000000
63 -38 -42 0000000000000000
63 -38 -35 0000000000000000
63 -38 -28 0000000000000000
63 -38 -21 0000000000000000
63 -38 -14 0000000000000000
63 -38 -7 0000000000000000
63 -38 0 0000000000000000
63 -38 7 0000000000000000
63 -38 14 0000000000000000
63 -38 21 0000000000000000
63 -38 28 0000000000000000
63 -38 35 0000000000000000
63 -38 42 0000000000000000
63 -38 49 0000000000000000
63 -38 56 0000000000000000
63 -38 63 0000000000000000
63 -38 70 0000000000000000
63 -38 77 0000000000000000
63 -38 84 0000000000000000
63 -38 91 0000000000000000
63 -38 98 0000000000000000
63 -35 -70 0000000000000000
63 -35 -63 0000000000000000
63 -35 -56 0000000000000000
63 -35 -49 0000000000000000
63 -35 -42 0000000000000000
63 -35 -35 0000000000000000
63 -35 -28 0000000000000000
63 -35 -21 0000000000000000
63 -35 -14 0000000000000000
63 -35 -7 0000000000000000
63 -35 0 0000000000000000
63 -35 7 0000000000000000
63 -35 14 0000000000000000
63 -35 21 0000000000000000
63 -35 28 0000000000000000
63 -35 35 0000000000000000
63 -35 42 0000000000000000
63 -35 49 0000000000000000
63 -35 56 0000000000000000
63 -35 63 0000000000000000
63 -35 70 0000000000000000
63 -35 77 0000000000000000
63 -35 84 0000000000000000
63 -35 91 0000000000000000
63 -35 98 0000000000000000
63 -32 -70 0000000000000000
63 -32 -63 0000000000000000
63 -32 -56 0000000000000000
63 -32 -49 0000000000000000
63 -32 -42 0000000000000000
63 -32 -35 0000000000000000
63 -32 -28 0000000000000000
63 -32 -21 0000000000000000
63 -32 -14 0000000000000000
63 -32 -7 0000000000000000
63 -32 0 0000000000000000
63 -32 7 0000000000000000
63 -32 14 0000000000000000
63 -32 21 0000000000000000
63 -32 28 0000000000000000
63 -32 35 0000000000000000
63 -32 42 0000000000000000
63 -32 49 0000000000000000
63 -32 56 0000000000000000
63 -32 63 0000000000000000
63 -32 70 0000000000000000
63 -32 77 0000000000000000
63 -32 84 0000000000000000
63 -32 91 0000000000000000
63 -32 98 0000000000000000
63 -29 -70 0000000000000000
63 -29 -63 0000000000000000
63 -29 -56 0000000000000000
63 -29 -49 0000000000000000
63 -29 -42 0000000000000000
63 -29 -35 0000000000000000
63 -29 -28 0000000000000000
63 -29 -21 0000000000000000
63 -29 -14 0000000000000000
63 -29 -7 0000000000000000
63 -29 0 0000000000000000
63 -29 7 0000000000000000
63 -29 14 0000000000000000
63 -29 21 0000000000000000
63 -29 28 0000000000000000
63 -29 35 0000000000000000
63 -29 42 0000000000000000
63 -29 49 0000000000000000
63 -29 56 0000000000000000
63 -29 63 0000000000000000
63 -29 70 0000000000000000
63 -29 77 0000000000000000
63 -29 84 0000000000000000
63 -29 91 0000000000000000
63 -29 98 0000000000000000
63 -26 -70 0000000000000000
63 -26 -63 0000000000000000
63 -26 -56 0000000000000000
63 -26 -49 0000000000000000
63 -26 -42 0000000000000000
63 -26 -35 0000000000000000
63 -26 -28 0000000000000000
63 -26 -21 0000000000000000
63 -26 -14 0000000000000000
63 -26 -7 0000000000000000
63 -26 0 0000000000000000
63 -26 7 0000000000000000
63 -26 14 0000000000000000
63 -26 21 0000000000000000
63 -26 28 0000000000000000
63 -26 35 0000000000000000
63 -26 42 0000000000000000
63 -26 49 0000000000000000
63 -26 56 0000000000000000
63 -26 63 0000000000000000
63 -26 70 0000000000000000
63 -26 77 0000000000000000
63 -26 84 0000000000000000
63 -26 91 0000000000000000
63 -26 98 0000000000000000
63 -23 -70 0000000000000000
63 -23 -63 0000000000000000
63 -23 -56 0000000000000000
63 -23 -49 0000000000000000
63 -23 -42 0000000000000000
63 -23 -35 0000000000000000
63 -23 -28 0000000000000000
63 -23 -21 0000000000000000
63 -23 -14 0000000000000000
63 -23 -7 0000000000000000
63 -23 0 0000000000000000
63 -23 7 0000000000000000
63 -23 14 0000000000000000
63 -23 21 0000000000000000
63 -23 28 0000000000000000
63 -23 35 0000000000000000
63 -23 42 0000000000000000
63 -23 49 0000000000000000
63 -23 56 0000000000000000
63 -23 63 0000000000000000
63 -23 70 0000000000000000
63 -23 77 0000000000000000
63 -23 84 0000000000000000
63 -23 91 0000000000000000
63 -23 98 0000000000000000
63 -20 -70 0000000000000000
63 -20 -63 0000000000000000
63 -20 -56 0000000000000000
63 -20 -49 0000000000000000
63 -20 -42 0000000000000000
63 -20 -35 0000000000000000
63 -20 -28 0000000000000000
63 -20 -21 0000000000000000
63 -20 -14 0000000000000000
63 -20 -7 0000000000000000
63 -20 0 0000000000000000
63 -20 7 0000000000000000
63 -20 14 0000000000000000
63 -20 21 0000000000000000
63 -20 28 0000000000000000
63 -20 35 0000000000000000
63 -20 42 0000000000000000
63 -20 49 0000000000000000
63 -20 56 0000000000000000
63 -20 63 0000000000000000
63 -20 70 0000000000000000
63 -20 77 0000000000000000
63 -20 84 0000000000000000
63 -20 91 0000000000000000
63 -20 98 0000000000000000
63 -17 -70 0000000000000000
63 -17 -63 0000000000000000
63 -17 -56 0000000000000000
63 -17 -49 0000000000000000
63 -17 -42 0000000000000000
63 -17 -35 0000000000000000
63 -17 -28 0000000000000000
63 -17 -21 0000000000000000
63 -17 -14 0000000000000000
63 -17 -7 0000000000000000
63 -17 0 0000000000000000
63 -17 7 0000000000000000
63 -17 14 0000000000000000
63 -17 21 3e834963570b6f8c
63 -17 28 3ef68cfd95b6910a
63 -17 35 3efd53375d6dd652
63 -17 42 3efd53375d6dd652
63 -17 49 3ef68cfd95b6910a
63 -17 56 3e834963570b6f8c
63 -17 63 0000000000000000
63 -17 70 0000000000000000
63 -17 77 0000000000000000
63 -17 84 0000000000000000
63 -17 91 0000000000000000
63 -17 98 0000000000000000
63 -14 -70 0000000000000000
63 -14 -63 0000000000000000
63 -14 -56 0000000000000000
63 -14 -49 0000000000000000
63 -14 -42 0000000000000000
63 -14 -35 0000000000000000
63 -14 -28 0000000000000000
63 -14 -21 0000000000000000
63 -14 -14 0000000000000000
63 -14 -7 0000000000000000
63 -14 0 0000000000000000
63 -14 7 0000000000000000
63 -14 14 0000000000000000
63 -14 21 3ed5e64b3599f7a5
63 -14 28 3f4bf2464e64200a
63 -14 35 3f524ccad1e2b724
63 -14 42 3f524ccad1e2b724
63 -14 49 3f4bf2464e64200a
63 -14 56 3ed5e64b3599f7a5
63 -14 63 0000000000000000
63 -14 70 0000000000000000
63 -14 77 0000000000000000
63 -14 84 0000000000000000
63 -14 91 0000000000000000
63 -14 98 0000000000000000
63 -11 -70 0000000000000000
63 -11 -63 0000000000000000
63 -11 -56 0000000000000000
63 -11 -49 0000000000000000
63 -11 -42 0000000000000000
63 -11 -35 0000000000000000
63 -11 -28 0000000000000000
63 -11 -21 0000000000000000
63 -11 -14 0000000000000000
63 -11 -7 0000000000000000
63 -11 0 0000000000000000
63 -11 7 0000000000000000
63 -11 14 0000000000000000
63 -11 21 3f0bfa0f2ac46c50
63 -11 28 3f8461fdc55a3130
63 -11 35 3f8b16ddb822230a
63 -11 42 3f8b16ddb822230a
63 -11 49 3f8461fdc55a3130
63 -11 56 3f0bfa0f2ac46c50
63 -11 63 0000000000000000
63 -11 70 0000000000000000
63 -11 77 0000000000000000
63 -11 84 0000000000000000
63 -11 91 0000000000000000
63 -11 98 0000000000000000
63 -8 -70 0000000000000000
63 -8 -63 0000000000000000
63 -8 -56 0000000000000000
63 -8 -49 0000000000000000
63 -8 -42 0000000000000000
63 -8 -35 0000000000000000
63 -8 -28 0000000000000000
63 -8 -21 0000000000000000
63 -8 -14 0000000000000000
63 -8 -7 0000000000000000
63 -8 0 0000000000000000
63 -8 7 0000000000000000
63 -8 14 0000000000000000
63 -8 21 3f1f6836aea46f7d
63 -8 28 3f9aef8a02b0bd60
63 -8 35 3fa2570ff0e90cae
63 -8 42 3fa2570ff0e90cae
63 -8 49 3f9aef8a02b0bd60
63 -8 56 3f1f6836aea46f7d
63 -8 63 0000000000000000
63 -8 70 0000000000000000
63 -8 77 0000000000000000
63 -8 84 0000000000000000
63 -8 91 0000000000000000
63 -8 98 0000000000000000
63 -5 -70 0000000000000000
63 -5 -63 0000000000000000
63 -5 -56 0000000000000000
63 -5 -49 0000000000000000
63 -5 -42 0000000000000000
63 -5 -35 0000000000000000
63 -5 -28 0000000000000000
63 -5 -21 0000000000000000
63 -5 -14 0000000000000000
63 -5 -7 0000000000000000
63 -5 0 0000000000000000
63 -5 7 0000000000000000
63 -5 14 0000000000000000
63 -5 21 bf02ca82ea4ba4fd
63 -5 28 bf8132166635285b
63 -5 35 bf87c7b0d81a31a1
63 -5 42 bf87c7b0d81a31a1
63 -5 49 bf8132166635285b
63 -5 56 bf02ca82ea4ba4fd
63 -5 63 0000000000000000
63 -5 70 0000000000000000
63 -5 77 0000000000000000
63 -5 84 0000000000000000
63 -5 91 0000000000000000
63 -5 98 0000000000000000
63 -2 -70 0000000000000000
63 -2 -63 0000000000000000
63 -2 -56 0000000000000000
63 -2 -49 0000000000000000
63 -2 -42 0000000000000000
63 -2 -35 0000000000000000
63 -2 -28 0000000000000000
63 -2 -21 0000000000000000
63 -2 -14 0000000000000000
63 -2 -7 0000000000000000
63 -2 0 0000000000000000
63 -2 7 0000000000000000
63 -2 14 0000000000000000
63 -2 21 bf1d68915dad6b28
63 -2 28 bf97f4cc7d12a419
63 -2 35 bfa030ba13b9edcf
63 -2 42 bfa030ba13b9edcf
63 -2 49 bf97f4cc7d12a419
63 -2 56 bf1d68915dad6b28
63 -2 63 0000000000000000
63 -2 70 0000000000000000
63 -2 77 0000000000000000
63 -2 84 0000000000000000
63 -2 91 0000000000000000
63 -2 98 0000000000000000
63 1 -70 0000000000000000
63 1 -63 0000000000000000
63 1 -56 0000000000000000
63 1 -49 0000000000000000
63 1 -42 0000000000000000
63 1 -35 0000000000000000
63 1 -28 0000000000000000
63 1 -21 0000000000000000
63 1 -14 0000000000000000
63 1 -7 0000000000000000
63 1 0 0000000000000000
63 1 7 0000000000000000
63 1 14 0000000000000000
63 1 21 befdf65e8bad2c07
63 1 28 bf74c01da5ebbc88
63 1 35 bf7b7010fd358d6c
63 1 42 bf7b7010fd358d6c
63 1 49 bf74c01da5ebbc88
63 1 56 befdf65e8bad2c07
63 1 63 0000000000000000
63 1 70 0000000000000000
63 1 77 0000000000000000
63 1 84 0000000000000000
63 1 91 0000000000000000
63 1 98 0000000000000000
63 4 -70 0000000000000000
63 4 -63 0000000000000000
63 4 -56 0000000000000000
63 4 -49 0000000000000000
63 4 -42 0000000000000000
63 4 -35 0000000000000000
63 4 -28 0000000000000000
63 4 -21 0000000000000000
63 4 -14 0000000000000000
63 4 -7 0000000000000000
63 4 0 0000000000000000
63 4 7 0000000000000000
63 4 14 0000000000000000
63 4 21 bebe4633b3307d68
63 4 28 bf32a96a23f4cc4f
63 4 35 bf3866990f54ff51
63 4 42 bf3866990f54ff51
63 4 49 bf32a96a23f4cc4f
63 4 56 bebe4633b3307d68
63 4 63 0000000000000000
63 4 70 0000000000000000
63 4 77 0000000000000000
63 4 84 0000000000000000
63 4 91 0000000000000000
63 4 98 0000000000000000
63 7 -70 0000000000000000
63 7 -63 0000000000000000
63 7 -56 0000000000000000
63 7 -49 0000000000000000
63 7 -42 0000000000000000
63 7 -35 0000000000000000
63 7 -28 0000000000000000
63 7 -21 0000000000000000
63 7 -14 0000000000000000
63 7 -7 0000000000000000
63 7 0 0000000000000000
63 7 7 0000000000000000
63 7 14 0000000000000000
63 7 21 0000000000000000
63 7 28 0000000000000000
63 7 35 0000000000000000
63 7 42 0000000000000000
63 7 49 0000000000000000
63 7 56 0000000000000000
63 7 63 0000000000000000
63 7 70 0000000000000000
63 7 77 0000000000000000
63 7 84 0000000000000000
63 7 91 0000000000000000
63 7 98 0000000000000000
63 10 -70 0000000000000000
63 10 -63 0000000000000000
63 10 -56 0000000000000000
63 10 -49 0000000000000000
63 10 -42 0000000000000000
63 10 -35 0000000000000000
63 10 -28 0000000000000000
63 10 -21 0000000000000000
63 10 -14 0000000000000000
63 10 -7 0000000000000000
63 10 0 0000000000000000
63 10 7 0000000000000000
63 10 14 0000000000000000
63 10 21 0000000000000000
63 10 28 0000000000000000
63 10 35 0000000000000000
63 10 42 0000000000000000
63 10 49 0000000000000000
63 10 56 0000000000000000
63 10 63 0000000000000000
63 10 70 0000000000000000
63 10 77 0000000000000000
63 10 84 0000000000000000
63 10 91 0000000000000000
63 10 98 0000000000000000
63 13 -70 0000000000000000
63 13 -63 0000000000000000
63 13 -56 0000000000000000
63 13 -49 0000000000000000
63 13 -42 0000000000000000
63 13 -35 0000000000000000
63 13 -28 0000000000000000
63 13 -21 0000000000000000
63 13 -14 0000000000000000
63 13 -7 0000000000000000
63 13 0 0000000000000000
63 13 7 0000000000000000
63 13 14 0000000000000000
63 13 21 0000000000000000
63 13 28 0000000000000000
63 13 35 0000000000000000
63 13 42 0000000000000000
63 13 49 0000000000000000
63 13 56 0000000000000000
63 13 63 0000000000000000
63 13 70 0000000000000000
63 13 77 0000000000000000
63 13 84 0000000000000000
63 13 91 0000000000000000
63 13 98 0000000000000000
63 16 -70 0000000000000000
63 16 -63 0000000000000000
63 16 -56 0000000000000000
63 16 -49 0000000000000000
63 16 -42 0000000000000000
63 16 -35 0000000000000000
63 16 -28 0000000000000000
63 16 -21 0000000000000000
63 16 -14 0000000000000000
63 16 -7 0000000000000000
63 16 0 0000000000000000
63 16 7 0000000000000000
63 16 14 0000000000000000
63 16 21 0000000000000000
63 16 28 0000000000000000
63 16 35 0000000000000000
63 16 42 0000000000000000
63 16 49 0000000000000000
63 16 56 0000000000000000
63 16 63 0000000000000000
63 16 70 0000000000000000
63 16 77 0000000000000000
63 16 84 0000000000000000
63 16 91 0000000000000000
63 16 98 0000000000000000
63 19 -70 0000000000000000
63 19 -63 0000000000000000
63 19 -56 0000000000000000
63 19 -49 0000000000000000
63 19 -42 0000000000000000
63 19 -35 0000000000000000
63 19 -28 0000000000000000
63 19 -21 0000000000000000
63 19 -14 0000000000000000
63 19 -7 0000000000000000
63 19 0 0000000000000000
63 19 7 0000000000000000
63 19 14 0000000000000000
63 19 21 0000000000000000
63 19 28 0000000000000000
63 19 35 0000000000000000
63 19 42 0000000000000000
63 19 49 0000000000000000
63 19 56 0000000000000000
63 19 63 0000000000000000
63 19 70 0000000000000000
63 19 77 0000000000000000
63 19 84 0000000000000000
63 19 91 0000000000000000
63 19 98 0000000000000000
63 22 -70 0000000000000000
63 22 -63 0000000000000000
63 22 -56 0000000000000000
63 22 -49 0000000000000000
63 22 -42 0000000000000000
63 22 -35 0000000000000000
63 22 -28 0000000000000000
63 22 -21 0000000000000000
63 22 -14 0000000000000000
63 22 -7 0000000000000000
63 22 0 0000000000000000
63 22 7 0000000000000000
63 22 14 0000000000000000
63 22 21 0000000000000000
63 22 28 0000000000000000
63 22 35 0000000000000000
63 22 42 0000000000000000
63 22 49 0000000000000000
63 22 56 0000000000000000
63 22 63 0000000000000000
63 22 70 0000000000000000
63 22 77 0000000000000000
63 22 84 0000000000000000
63 22 91 0000000000000000
63 22 98 0000000000000000
63 25 -70 0000000000000000
63 25 -63 0000000000000000
63 25 -56 0000000000000000
63 25 -49 0000000000000000
63 25 -42 0000000000000000
63 25 -35 0000000000000000
63 25 -28 0000000000000000
63 25 -21 0000000000000000
63 25 -14 0000000000000000
63 25 -7 0000000000000000
63 25 0 0000000000000000
63 25 7 0000000000000000
63 25 14 0000000000000000
63 25 21 0000000000000000
63 25 28 0000000000000000
63 25 35 0000000000000000
63 25 42 0000000000000000
63 25 49 0000000000000000
63 25 56 0000000000000000
63 25 63 0000000000000000
63 25 70 0000000000000000
63 25 77 0000000000000000
63 25 84 0000000000000000
63 25 91 0000000000000000
63 25 98 0000000000000000
63 28 -70 0000000000000000
63 28 -63 0000000000000000
63 28 -56 0000000000000000
63 28 -49 0000000000000000
63 28 -42 0000000000000000
63 28 -35 0000000000000000
63 28 -28 0000000000000000
63 28 -21 0000000000000000
63 28 -14 0000000000000000
63 28 -7 0000000000000000
63 28 0 0000000000000000
63 28 7 0000000000000000
63 28 14 0000000000000000
63 28 21 0000000000000000
63 28 28 0000000000000000
63 28 35 0000000000000000
63 28 42 0000000000000000
63 28 49 0000000000000000
63 28 56 0000000000000000
63 28 63 0000000000000000
63 28 70 0000000000000000
63 28 77 0000000000000000
63 28 84 0000000000000000
63 28 91 0000000000000000
63 28 98 0000000000000000
63 31 -70 0000000000000000
63 31 -63 0000000000000000
63 31 -56 0000000000000000
63 31 -49 0000000000000000
63 31 -42 0000000000000000
63 31 -35 0000000000000000
63 31 -28 0000000000000000
63 31 -21 0000000000000000
63 31 -14 0000000000000000
63 31 -7 0000000000000000
63 31 0 0000000000000000
63 31 7 0000000000000000
63 31 14 0000000000000000
63 31 21 0000000000000000
63 31 28 0000000000000000
63 31 35 0000000000000000
63 31 42 0000000000000000
63 31 49 0000000000000000
63 31 56 0000000000000000
63 31 63 0000000000000000
63 31 70 0000000000000000
63 31 77 0000000000000000
63 31 84 0000000000000000
63 31 91 0000000000000000
63 31 98 0000000000000000
63 34 -70 0000000000000000
63 34 -63 0000000000000000
63 34 -56 0000000000000000
63 34 -49 0000000000000000
63 34 -42 0000000000000000
63 34 -35 0000000000000000
63 34 -28 0000000000000000
63 34 -21 0000000000000000
63 34 -14 0000000000000000
63 34 -7 0000000000000000
63 34 0 0000000000000000
63 34 7 0000000000000000
63 34 14 0000000000000000
63 34 21 0000000000000000
63 34 28 0000000000000000
63 34 35 0000000000000000
63 34 42 0000000000000000
63 34 49 0000000000000000
63 34 56 0000000000000000
63 34 63 0000000000000000
63 34 70 0000000000000000
63 34 77 0000000000000000
63 34 84 0000000000000000
63 34 91 0000000000000000
63 34 98 0000000000000000
63 37 -70 0000000000000000
63 37 -63 0000000000000000
63 37 -56 0000000000000000
63 37 -49 0000000000000000
63 37 -42 0000000000000000
63 37 -35 0000000000000000
63 37 -28 0000000000000000
63 37 -21 0000000000000000
63 37 -14 0000000000000000
63 37 -7 0000000000000000
63 37 0 0000000000000000
63 37 7 0000000000000000
63 37 14 0000000000000000
63 37 21 0000000000000000
63 37 28 0000000000000000
63 37 35 0000000000000000
63 37 42 0000000000000000
63 37 49 0000000000000000
63 37 56 0000000000000000
63 37 63 0000000000000000
63 37 70 0000000000000000
63 37 77 0000000000000000
63 37 84 0000000000000000
63 37 91 0000000000000000
63 37 98 0000000000000000
63 40 -70 0000000000000000
63 40 -63 0000000000000000
63 40 -56 0000000000000000
63 40 -49 0000000000000000
63 40 -42 0000000000000000
63 40 -35 0000000000000000
63 40 -28 0000000000000000
63 40 -21 0000000000000000
63 40 -14 0000000000000000
63 40 -7 0000000000000000
63 40 0 0000000000000000
63 40 7 0000000000000000
63 40 14 0000000000000000
63 40 21 0000000000000000
63 40 28 0000000000000000
63 40 35 0000000000000000
63 40 42 0000000000000000
63 40 49 0000000000000000
63 40 56 0000000000000000
63 40 63 0000000000000000
63 40 70 0000000000000000
63 40 77 0000000000000000
63 40 84 0000000000000000
63 40 91 0000000000000000
63 40 98 0000000000000000
63 43 -70 0000000000000000
63 43 -63 0000000000000000
63 43 -56 0000000000000000
63 43 -49 0000000000000000
63 43 -42 0000000000000000
63 43 -35 0000000000000000
63 43 -28 0000000000000000
63 43 -21 0000000000000000
63 43 -14 0000000000000000
63 43 -7 0000000000000000
63 43 0 0000000000000000
63 43 7 0000000000000000
63 43 14 0000000000000000
63 43 21 0000000000000000
63 43 28 0000000000000000
63 43 35 0000000000000000
63 43 42 0000000000000000
63 43 49 0000000000000000
63 43 56 0000000000000000
63 43 63 0000000000000000
63 43 70 0000000000000000
63 43 77 0000000000000000
63 43 84 0000000000000000
63 43 91 0000000000000000
63 43 98 0000000000000000
70 -95 -70 0000000000000000
70 -95 -63 0000000000000000
70 -95 -56 0000000000000000
70 -95 -49 0000000000000000
70 -95 -42 0000000000000000
70 -95 -35 0000000000000000
70 -95 -28 0000000000000000
70 -95 -21 0000000000000000
70 -95 -14 0000000000000000
70 -95 -7 0000000000000000
70 -95 0 0000000000000000
70 -95 7 0000000000000000
70 -95 14 0000000000000000
70 -95 21 0000000000000000
70 -95 28 0000000000000000
70 -95 35 0000000000000000
70 -95 42 0000000000000000
70 -95 49 0000000000000000
70 -95 56 0000000000000000
70 -95 63 0000000000000000
70 -95 70 0000000000000000
70 -95 77 0000000000000000
70 -95 84 0000000000000000
70 -95 91 0000000000000000
70 -95 98 0000000000000000
70 -92 -70 0000000000000000
70 -92 -63 0000000000000000
70 -92 -56 0000000000000000
70 -92 -49 0000000000000000
70 -92 -42 0000000000000000
70 -92 -35 0000000000000000
70 -92 -28 0000000000000000
70 -92 -21 0000000000000000
70 -92 -14 0000000000000000
70 -92 -7 0000000000000000
70 -92 0 0000000000000000
70 -92 7 0000000000000000
70 -92 14 0000000000000000
70 -92 21 0000000000000000
70 -92 28 0000000000000000
70 -92 35 0000000000000000
70 -92 42 0000000000000000
70 -92 49 0000000000000000
70 -92 56 0000000000000000
70 -92 63 0000000000000000
70 -92 70 0000000000000000
70 -92 77 0000000000000000
70 -92 84 0000000000000000
70 -92 91 0000000000000000
70 -92 98 0000000000000000
70 -89 -70 0000000000000000
70 -89 -63 0000000000000000
70 -89 -56 0000000000000000
70 -89 -49 0000000000000000
70 -89 -42 0000000000000000
70 -89 -35 0000000000000000
70 -89 -28 0000000000000000
70 -89 -21 0000000000000000
70 -89 -14 0000000000000000
70 -89 -7 0000000000000000
70 -89 0 0000000000000000
70 -89 7 0000000000000000
70 -89 14 0000000000000000
70 -89 21 0000000000000000
70 -89 28 0000000000000000
70 -89 35 0000000000000000
70 -89 42 0000000000000000
70 -89 49 0000000000000000
70 -89 56 0000000000000000
70 -89 63 0000000000000000
70 -89 70 0000000000000000
70 -89 77 0000000000000000
70 -89 84 0000000000000000
70 -89 91 0000000000000000
70 -89 98 0000000000000000
70 -86 -70 0000000000000000
70 -86 -63 0000000000000000
70 -86 -56 0000000000000000
70 -86 -49 0000000000000000
70 -86 -42 0000000000000000
70 -86 -35 0000000000000000
70 -86 -28 0000000000000000
70 -86 -21 0000000000000000
70 -86 -14 0000000000000000
70 -86 -7 0000000000000000
70 -86 0 0000000000000000
70 -86 7 0000000000000000
70 -86 14 0000000000000000
70 -86 21 0000000000000000
70 -86 28 0000000000000000
70 -86 35 0000000000000000
70 -86 42 0000000000000000
70 -86 49 0000000000000000
70 -86 56 0000000000000000
70 -86 63 0000000000000000
70 -86 70 0000000000000000
70 -86 77 0000000000000000
70 -86 84 0000000000000000
70 -86 91 0000000000000000
70 -86 98 0000000000000000
70 -83 -70 0000000000000000
70 -83 -63 0000000000000000
70 -83 -56 0000000000000000
70 -83 -49 0000000000000000
70 -83 -42 0000000000000000
70 -83 -35 0000000000000000
70 -83 -28 0000000000000000
70 -83 -21 0000000000000000
70 -83 -14 0000000000000000
70 -83 -7 0000000000000000
70 -83 0 0000000000000000
70 -83 7 0000000000000000
70 -83 14 0000000000000000
70 -83 21 0000000000000000
70 -83 28 0000000000000000
70 -83 35 0000000000000000
70 -83 42 0000000000000000
70 -83 49 0000000000000000
70 -83 56 0000000000000000
70 -83 63 0000000000000000
70 -83 70 0000000000000000
70 -83 77 0000000000000000
70 -83 84 0000000000000000
70 -83 91 0000000000000000
70 -83 98 0000000000000000
70 -80 -70 0000000000000000
70 -80 -63 0000000000000000
70 -80 -56 0000000000000000
70 -80 -49 0000000000000000
70 -80 -42 0000000000000000
70 -80 -35 0000000000000000
70 -80 -28 0000000000000000
70 -80 -21 0000000000000000
70 -80 -14 0000000000000000
70 -80 -7 0000000000000000
70 -80 0 0000000000000000
70 -80 7 0000000000000000
70 -80 14 0000000000000000
70 -80 21 0000000000000000
70 -80 28 0000000000000000
70 -80 35 0000000000000000
70 -80 42 0000000000000000
70 -80 49 0000000000000000
70 -80 56 0000000000000000
70 -80 63 0000000000000000
70 -80 70 0000000000000000
70 -80 77 0000000000000000
70 -80 84 0000000000000000
70 -80 91 0000000000000000
70 -80 98 0000000000000000
70 -77 -70 0000000000000000
70 -77 -63 0000000000000000
70 -77 -56 0000000000000000
70 -77 -49 0000000000000000
70 -77 -42 0000000000000000
70 -77 -35 0000000000000000
70 -77 -28 0000000000000000
70 -77 -21 0000000000000000
70 -77 -14 0000000000000000
70 -77 -7 0000000000000000
70 -77 0 0000000000000000
70 -77 7 0000000000000000
70 -77 14 0000000000000000
70 -77 21 0000000000000000
70 -77 28 0000000000000000
70 -77 35 0000000000000000
70 -77 42 0000000000000000
70 -77 49 0000000000000000
70 -77 56 0000000000000000
70 -77 63 0000000000000000
70 -77 70 0000000000000000
70 -77 77 0000000000000000
70 -77 84 0000000000000000
70 -77 91 0000000000000000
70 -77 98 0000000000000000
70 -74 -70 0000000000000000
70 -74 -63 0000000000000000
70 -74 -56 0000000000000000
70 -74 -49 0000000000000000
70 -74 -42 0000000000000000
70 -74 -35 0000000000000000
70 -74 -28 0000000000000000
70 -74 -21 0000000000000000
70 -74 -14 0000000000000000
70 -74 -7 0000000000000000
70 -74 0 0000000000000000
70 -74 7 0000000000000000
70 -74 14 0000000000000000
70 -74 21 0000000000000000
70 -74 28 0000000000000000
70 -74 35 0000000000000000
70 -74 42 0000000000000000
70 -74 49 0000000000000000
70 -74 56 0000000000000000
70 -74 63 0000000000000000
70 -74 70 0000000000000000
70 -74 77 0000000000000000
70 -74 84 0000000000000000
70 -74 91 0000000000000000
70 -74 98 0000000000000000
70 -71 -70 0000000000000000
70 -71 -63 0000000000000000
70 -71 -56 0000000000000000
70 -71 -49 0000000000000000
70 -71 -42 0000000000000000
70 -71 -35 0000000000000000
70 -71 -28 0000000000000000
70 -71 -21 0000000000000000
70 -71 -14 0000000000000000
70 -71 -7 0000000000000000
70 -71 0 0000000000000000
70 -71 7 0000000000000000
70 -71 14 0000000000000000
70 -71 21 0000000000000000
70 -71 28 0000000000000000
70 -71 35 0000000000000000
70 -71 42 0000000000000000
70 -71 49 0000000000000000
70 -71 56 0000000000000000
70 -71 63 0000000000000000
70 -71 70 0000000000000000
70 -71 77 0000000000000000
70 -71 84 0000000000000000
70 -71 91 0000000000000000
70 -71 98 0000000000000000
70 -68 -70 0000000000000000
70 -68 -63 0000000000000000
70 -68 -56 0000000000000000
70 -68 -49 0000000000000000
70 -68 -42 0000000000000000
70 -68 -35 0000000000000000
70 -68 -28 0000000000000000
70 -68 -21 0000000000000000
70 -68 -14 0000000000000000
70 -68 -7 0000000000000000
70 -68 0 0000000000000000
70 -68 7 0000000000000000
70 -68 14 0000000000000000
70 -68 21 0000000000000000
70 -68 28 0000000000000000
70 -68 35 0000000000000000
70 -68 42 0000000000000000
70 -68 49 0000000000000000
70 -68 56 0000000000000000
70 -68 63 0000000000000000
70 -68 70 0000000000000000
70 -68 77 0000000000000000
70 -68 84 0000000000000000
70 -68 91 0000000000000000
70 -68 98 0000000000000000
70 -65 -70 0000000000000000
70 -65 -63 0000000000000000
70 -65 -56 0000000000000000
70 -65 -49 0000000000000000
70 -65 -42 0000000000000000
70 -65 -35 0000000000000000
70 -65 -28 0000000000000000
70 -65 -21 0000000000000000
70 -65 -14 0000000000000000
70 -65 -7 0000000000000000
70 -65 0 0000000000000000
70 -65 7 0000000000000000
70 -65 14 0000000000000000
70 -65 21 0000000000000000
70 -65 28 0000000000000000
70 -65 35 0000000000000000
70 -65 42 0000000000000000
70 -65 49 0000000000000000
70 -65 56 0000000000000000
70 -65 63 0000000000000000
70 -65 70 0000000000000000
70 -65 77 0000000000000000
70 -65 84 0000000000000000
70 -65 91 0000000000000000
70 -65 98 0000000000000000
70 -62 -70 0000000000000000
70 -62 -63 0000000000000000
70 -62 -56 0000000000000000
70 -62 -49 0000000000000000
70 -62 -42 0000000000000000
70 -62 -35 0000000000000000
70 -62 -28 0000000000000000
70 -62 -21 0000000000000000
70 -62 -14 0000000000000000
70 -62 -7 0000000000000000
70 -62 0 0000000000000000
70 -62 7 0000000000000000
70 -62 14 0000000000000000
70 -62 21 0000000000000000
70 -62 28 0000000000000000
70 -62 35 0000000000000000
70 -62 42 0000000000000000
70 -62 49 0000000000000000
70 -62 56 0000000000000000
70 -62 63 0000000000000000
70 -62 70 0000000000000000
70 -62 77 0000000000000000
70 -62 84 0000000000000000
70 -62 91 0000000000000000
70 -62 98 0000000000000000
70 -59 -70 0000000000000000
70 -59 -63 0000000000000000
70 -59 -56 0000000000000000
70 -59 -49 0000000000000000
70 -59 -42 0000000000000000
70 -59 -35 0000000000000000
70 -59 -28 0000000000000000
70 -59 -21 0000000000000000
70 -59 -14 0000000000000000
70 -59 -7 0000000000000000
70 -59 0 0000000000000000
70 -59 7 0000000000000000
70 -59 14 0000000000000000
70 -59 21 0000000000000000
70 -59 28 0000000000000000
70 -59 35 0000000000000000
70 -59 42 0000000000000000
70 -59 49 0000000000000000
70 -59 56 0000000000000000
70 -59 63 0000000000000000
70 -59 70 0000000000000000
70 -59 77 0000000000000000
70 -59 84 0000000000000000
70 -59 91 0000000000000000
70 -59 98 0000000000000000
70 -56 -70 0000000000000000
70 -56 -63 0000000000000000
70 -56 -56 0000000000000000
70 -56 -49 0000000000000000
70 -56 -42 0000000000000000
70 -56 -35 0000000000000000
70 -56 -28 0000000000000000
70 -56 -21 0000000000000000
70 -56 -14 0000000000000000
70 -56 -7 0000000000000000
70 -56 0 0000000000000000
70 -56 7 0000000000000000
70 -56 14 0000000000000000
70 -56 21 0000000000000000
70 -56 28 0000000000000000
70 -56 35 0000000000000000
70 -56 42 0000000000000000
70 -56 49 0000000000000000
70 -56 56 0000000000000000
70 -56 63 0000000000000000
70 -56 70 0000000000000000
70 -56 77 0000000000000000
70 -56 84 0000000000000000
70 -56 91 0000000000000000
70 -56 98 0000000000000000
70 -53 -70 0000000000000000
70 -53 -63 0000000000000000
70 -53 -56 0000000000000000
70 -53 -49 0000000000000000
70 -53 -42 0000000000000000
70 -53 -35 0000000000000000
70 -53 -28 0000000000000000
70 -53 -21 0000000000000000
70 -53 -14 0000000000000000
70 -53 -7 0000000000000000
70 -53 0 0000000000000000
70 -53 7 0000000000000000
70 -53 14 0000000000000000
70 -53 21 0000000000000000
70 -53 28 0000000000000000
70 -53 35 0000000000000000
70 -53 42 0000000000000000
70 -53 49 0000000000000000
70 -53 56 0000000000000000
70 -53 63 0000000000000000
70 -53 70 0000000000000000
70 -53 77 0000000000000000
70 -53 84 0000000000000000
70 -53 91 0000000000000000
70 -53 98 0000000000000000
70 -50 -70 0000000000000000
70 -50 -63 0000000000000000
70 -50 -56 0000000000000000
70 -50 -49 0000000000000000
70 -50 -42 0000000000000000
70 -50 -35 0000000000000000
70 -50 -28 0000000000000000
70 -50 -21 0000000000000000
70 -50 -14 0000000000000000
70 -50 -7 0000000000000000
70 -50 0 0000000000000000
70 -50 7 0000000000000000
70 -50 14 0000000000000000
70 -50 21 0000000000000000
70 -50 28 0000000000000000
70 -50 35 0000000000000000
70 -50 42 0000000000000000
70 -50 49 0000000000000000
70 -50 56 0000000000000000
70 -50 63 0000000000000000
70 -50 70 0000000000000000
70 -50 77 0000000000000000
70 -50 84 0000000000000000
70 -50 91 0000000000000000
70 -50 98 0000000000000000
70 -47 -70 0000000000000000
70 -47 -63 0000000000000000
70 -47 -56 0000000000000000
70 -47 -49 0000000000000000
70 -47 -42 0000000000000000
70 -47 -35 0000000000000000
70 -47 -28 0000000000000000
70 -47 -21 0000000000000000
70 -47 -14 0000000000000000
70 -47 -7 0000000000000000
70 -47 0 0000000000000000
70 -47 7 0000000000000000
70 -47 14 0000000000000000
70 -47 21 0000000000000000
70 -47 28 0000000000000000
70 -47 35 0000000000000000
70 -47 42 0000000000000000
70 -47 49 0000000000000000
70 -47 56 0000000000000000
70 -47 63 0000000000000000
70 -47 70 0000000000000000
70 -47 77 0000000000000000
70 -47 84 0000000000000000
70 -47 91 0000000000000000
70 -47 98 0000000000000000
70 -44 -70 0000000000000000
70 -44 -63 0000000000000000
70 -44 -56 0000000000000000
70 -44 -49 0000000000000000
70 -44 -42 0000000000000000
70 -44 -35 0000000000000000
70 -44 -28 0000000000000000
70 -44 -21 0000000000000000
70 -44 -14 0000000000000000
70 -44 -7 0000000000000000
70 -44 0 0000000000000000
70 -44 7 0000000000000000
70 -44 14 0000000000000000
70 -44 21 0000000000000000
70 -44 28 0000000000000000
70 -44 35 0000000000000000
70 -44 42 0000000000000000
70 -44 49 0000000000000000
70 -44 56 0000000000000000
70 -44 63 0000000000000000
70 -44 70 0000000000000000
70 -44 77 0000000000000000
70 -44 84 0000000000000000
70 -44 91 0000000000000000
70 -44 98 0000000000000000
70 -41 -70 0000000000000000
70 -41 -63 0000000000000000
70 -41 -56 0000000000000000
70 -41 -49 0000000000000000
70 -41 -42 0000000000000000
70 -41 -35 0000000000000000
70 -41 -28 0000000000000000
70 -41 -21 0000000000000000
70 -41 -14 0000000000000000
70 -41 -7 0000000000000000
70 -41 0 0000000000000000
70 -41 7 0000000000000000
70 -41 14 0000000000000000
70 -41 21 0000000000000000
70 -41 28 0000000000000000
70 -41 35 0000000000000000
70 -41 42 0000000000000000
70 -41 49 0000000000000000
70 -41 56 0000000000000000
70 -41 63 0000000000000000
70 -41 70 0000000000000000
70 -41 77 0000000000000000
70 -41 84 0000000000000000
70 -41 91 0000000000000000
70 -41 98 0000000000000000
70 -38 -70 0000000000000000
70 -38 -63 0000000000000000
70 -38 -56 0000000000000000
70 -38 -49 0000000000000000
70 -38 -42 0000000000000000
70 -38 -35 0000000000000000
70 -38 -28 0000000000000000
70 -38 -21 0000000000000000
70 -38 -14 0000000000000000
70 -38 -7 0000000000000000
70 -38 0 0000000000000000
70 -38 7 0000000000000000
70 -38 14 0000000000000000
70 -38 21 0000000000000000
70 -38 28 0000000000000000
70 -38 35 0000000000000000
70 -38 42 0000000000000000
70 -38 49 0000000000000000
70 -38 56 0000000000000000
70 -38 63 0000000000000000
70 -38 70 0000000000000000
70 -38 77 0000000000000000
70 -38 84 0000000000000000
70 -38 91 0000000000000000
70 -38 98 0000000000000000
70 -35 -70 0000000000000000
70 -35 -63 0000000000000000
70 -35 -56 0000000000000000
70 -35 -49 0000000000000000
70 -35 -42 0000000000000000
70 -35 -35 0000000000000000
70 -35 -28 0000000000000000
70 -35 -21 0000000000000000
70 -35 -14 0000000000000000
70 -35 -7 0000000000000000
70 -35 0 0000000000000000
70 -35 7 0000000000000000
70 -35 14 0000000000000000
70 -35 21 0000000000000000
70 -35 28 0000000000000000
70 -35 35 0000000000000000
70 -35 42 0000000000000000
70 -35 49 0000000000000000
70 -35 56 0000000000000000
70 -35 63 0000000000000000
70 -35 70 0000000000000000
70 -35 77 0000000000000000
70 -35 84 0000000000000000
70 -35 91 0000000000000000
70 -35 98 0000000000000000
70 -32 -70 0000000000000000
70 -32 -63 0000000000000000
70 -32 -56 0000000000000000
70 -32 -49 0000000000000000
70 -32 -42 0000000000000000
70 -32 -35 0000000000000000
70 -32 -28 0000000000000000
70 -32 -21 0000000000000000
70 -32 -14 0000000000000000
70 -32 -7 0000000000000000
70 -32 0 0000000000000000
70 -32 7 0000000000000000
70 -32 14 0000000000000000
70 -32 21 0000000000000000
70 -32 28 0000000000000000
70 -32 35 0000000000000000
70 -32 42 0000000000000000
70 -32 49 0000000000000000
70 -32 56 0000000000000000
70 -32 63 0000000000000000
70 -32 70 0000000000000000
70 -32 77 0000000000000000
70 -32 84 0000000000000000
70 -32 91 0000000000000000
70 -32 98 0000000000000000
70 -29 -70 0000000000000000
70 -29 -63 0000000000000000
70 -29 -56 0000000000000000
70 -29 -49 0000000000000000
70 -29 -42 0000000000000000
70 -29 -35 0000000000000000
70 -29 -28 0000000000000000
70 -29 -21 0000000000000000
70 -29 -14 0000000000000000
70 -29 -7 0000000000000000
70 -29 0 0000000000000000
70 -29 7 0000000000000000
70 -29 14 0000000000000000
70 -29 21 0000000000000000
70 -29 28 0000000000000000
70 -29 35 0000000000000000
70 -29 42 0000000000000000
70 -29 49 0000000000000000
70 -29 56 0000000000000000
70 -29 63 0000000000000000
70 -29 70 0000000000000000
70 -29 77 0000000000000000
70 -29 84 0000000000000000
70 -29 91 0000000000000000
70 -29 98 0000000000000000
70 -26 -70 0000000000000000
70 -26 -63 0000000000000000
70 -26 -56 0000000000000000
70 -26 -49 0000000000000000
70 -26 -42 0000000000000000
70 -26 -35 0000000000000000
70 -26 -28 0000000000000000
70 -26 -21 0000000000000000
70 -26 -14 0000000000000000
70 -26 -7 0000000000000000
70 -26 0 0000000000000000
70 -26 7 0000000000000000
70 -26 14 0000000000000000
70 -26 21 0000000000000000
70 -26 28 0000000000000000
70 -26 35 0000000000000000
70 -26 42 0000000000000000
70 -26 49 0000000000000000
70 -26 56 0000000000000000
70 -26 63 0000000000000000
70 -26 70 0000000000000000
70 -26 77 0000000000000000
70 -26 84 0000000000000000
70 -26 91 0000000000000000
70 -26 98 0000000000000000
70 -23 -70 0000000000000000
70 -23 -63 0000000000000000
70 -23 -56 0000000000000000
70 -23 -49 0000000000000000
70 -23 -42 0000000000000000
70 -23 -35 0000000000000000
70 -23 -28 0000000000000000
70 -23 -21 0000000000000000
70 -23 -14 0000000000000000
70 -23 -7 0000000000000000
70 -23 0 0000000000000000
70 -23 7 0000000000000000
70 -23 14 0000000000000000
70 -23 21 0000000000000000
70 -23 28 0000000000000000
70 -23 35 0000000000000000
70 -23 42 0000000000000000
70 -23 49 0000000000000000
70 -23 56 0000000000000000
70 -23 63 0000000000000000
70 -23 70 0000000000000000
70 -23 77 0000000000000000
70 -23 84 0000000000000000
70 -23 91 0000000000000000
70 -23 98 0000000000000000
70 -20 -70 0000000000000000
70 -20 -63 0000000000000000
70 -20 -56 0000000000000000
70 -20 -49 0000000000000000
70 -20 -42 0000000000000000
70 -20 -35 0000000000000000
70 -20 -28 0000000000000000
70 -20 -21 0000000000000000
70 -20 -14 0000000000000000
70 -20 -7 0000000000000000
70 -20 0 0000000000000000
70 -20 7 0000000000000000
70 -20 14 0000000000000000
70 -20 21 0000000000000000
70 -20 28 0000000000000000
70 -20 35 0000000000000000
70 -20 42 0000000000000000
70 -20 49 0000000000000000
70 -20 56 0000000000000000
70 -20 63 0000000000000000
70 -20 70 0000000000000000
70 -20 77 0000000000000000
70 -20 84 0000000000000000
70 -20 91 0000000000000000
70 -20 98 0000000000000000
70 -17 -70 0000000000000000
70 -17 -63 0000000000000000
70 -17 -56 0000000000000000
70 -17 -49 0000000000000000
70 -17 -42 0000000000000000
70 -17 -35 0000000000000000
70 -17 -28 0000000000000000
70 -17 -21 0000000000000000
70 -17 -14 0000000000000000
70 -17 -7 0000000000000000
70 -17 0 0000000000000000
70 -17 7 0000000000000000
70 -17 14 0000000000000000
70 -17 21 0000000000000000
70 -17 28 0000000000000000
70 -17 35 0000000000000000
70 -17 42 0000000000000000
70 -17 49 0000000000000000
70 -17 56 0000000000000000
70 -17 63 0000000000000000
70 -17 70 0000000000000000
70 -17 77 0000000000000000
70 -17 84 0000000000000000
70 -17 91 0000000000000000
70 -17 98 0000000000000000
70 -14 -70 0000000000000000
70 -14 -63 0000000000000000
70 -14 -56 0000000000000000
70 -14 -49 0000000000000000
70 -14 -42 0000000000000000
70 -14 -35 0000000000000000
70 -14 -28 0000000000000000
70 -14 -21 0000000000000000
70 -14 -14 0000000000000000
70 -14 -7 0000000000000000
70 -14 0 0000000000000000
70 -14 7 0000000000000000
70 -14 14 0000000000000000
70 -14 21 0000000000000000
70 -14 28 0000000000000000
70 -14 35 0000000000000000
70 -14 42 0000000000000000
70 -14 49 0000000000000000
70 -14 56 0000000000000000
70 -14 63 0000000000000000
70 -14 70 0000000000000000
70 -14 77 0000000000000000
70 -14 84 0000000000000000
70 -14 91 0000000000000000
70 -14 98 0000000000000000
70 -11 -70 0000000000000000
70 -11 -63 0000000000000000
70 -11 -56 0000000000000000
70 -11 -49 0000000000000000
70 -11 -42 0000000000000000
70 -11 -35 0000000000000000
70 -11 -28 0000000000000000
70 -11 -21 0000000000000000
70 -11 -14 0000000000000000
70 -11 -7 0000000000000000
70 -11 0 0000000000000000
70 -11 7 0000000000000000
70 -11 14 0000000000000000
70 -11 21 0000000000000000
70 -11 28 0000000000000000
70 -11 35 0000000000000000
70 -11 42 0000000000000000
70 -11 49 0000000000000000
70 -11 56 0000000000000000
70 -11 63 0000000000000000
70 -11 70 0000000000000000
70 -11 77 0000000000000000
70 -11 84 0000000000000000
70 -11 91 0000000000000000
70 -11 98 0000000000000000
70 -8 -70 0000000000000000
70 -8 -63 0000000000000000
70 -8 -56 0000000000000000
70 -8 -49 0000000000000000
70 -8 -42 0000000000000000
70 -8 -35 0000000000000000
70 -8 -28 0000000000000000
70 -8 -21 0000000000000000
70 -8 -14 0000000000000000
70 -8 -7 0000000000000000
70 -8 0 0000000000000000
70 -8 7 0000000000000000
70 -8 14 0000000000000000
70 -8 21 0000000000000000
70 -8 28 0000000000000000
70 -8 35 0000000000000000
70 -8 42 0000000000000000
70 -8 49 0000000000000000
70 -8 56 0000000000000000
70 -8 63 0000000000000000
70 -8 70 0000000000000000
70 -8 77 0000000000000000
70 -8 84 0000000000000000
70 -8 91 0000000000000000
70 -8 98 0000000000000000
70 -5 -70 0000000000000000
70 -5 -63 0000000000000000
70 -5 -56 0000000000000000
70 -5 -49 0000000000000000
70 -5 -42 0000000000000000
70 -5 -35 0000000000000000
70 -5 -28 0000000000000000
70 -5 -21 0000000000000000
70 -5 -14 0000000000000000
70 -5 -7 0000000000000000
70 -5 0 0000000000000000
70 -5 7 0000000000000000
70 -5 14 0000000000000000
70 -5 21 0000000000000000
70 -5 28 0000000000000000
70 -5 35 0000000000000000
70 -5 42 0000000000000000
70 -5 49 0000000000000000
70 -5 56 0000000000000000
70 -5 63 0000000000000000
70 -5 70 0000000000000000
70 -5 77 0000000000000000
70 -5 84 0000000000000000
70 -5 91 0000000000000000
70 -5 98 0000000000000000
70 -2 -70 0000000000000000
70 -2 -63 0000000000000000
70 -2 -56 0000000000000000
70 -2 -49 0000000000000000
70 -2 -42 0000000000000000
70 -2 -35 0000000000000000
70 -2 -28 0000000000000000
70 -2 -21 0000000000000000
70 -2 -14 0000000000000000
70 -2 -7 0000000000000000
70 -2 0 0000000000000000
70 -2 7 0000000000000000
70 -2 14 0000000000000000
70 -2 21 0000000000000000
70 -2 28 0000000000000000
70 -2 35 0000000000000000
70 -2 42 0000000000000000
70 -2 49 0000000000000000
70 -2 56 0000000000000000
70 -2 63 0000000000000000
70 -2 70 0000000000000000
70 -2 77 0000000000000000
70 -2 84 0000000000000000
70 -2 91 0000000000000000
70 -2 98 0000000000000000
70 1 -70 0000000000000000
70 1 -63 0000000000000000
70 1 -56 0000000000000000
70 1 -49 0000000000000000
70 1 -42 0000000000000000
70 1 -35 0000000000000000
70 1 -28 0000000000000000
70 1 -21 0000000000000000
70 1 -14 0000000000000000
70 1 -7 0000000000000000
70 1 0 0000000000000000
70 1 7 0000000000000000
70 1 14 0000000000000000
70 1 21 0000000000000000
70 1 28 0000000000000000
70 1 35 0000000000000000
70 1 42 0000000000000000
70 1 49 0000000000000000
70 1 56 0000000000000000
70 1 63 0000000000000000
70 1 70 0000000000000000
70 1 77 0000000000000000
70 1 84 0000000000000000
70 1 91 0000000000000000
70 1 98 0000000000000000
70 4 -70 0000000000000000
70 4 -63 0000000000000000
70 4 -56 0000000000000000
70 4 -49 0000000000000000
70 4 -42 0000000000000000
70 4 -35 0000000000000000
70 4 -28 0000000000000000
70 4 -21 0000000000000000
70 4 -14 0000000000000000
70 4 -7 0000000000000000
70 4 0 0000000000000000
70 4 7 0000000000000000
70 4 14 0000000000000000
70 4 21 0000000000000000
70 4 28 0000000000000000
70 4 35 0000000000000000
70 4 42 0000000000000000
70 4 49 0000000000000000
70 4 56 0000000000000000
70 4 63 0000000000000000
70 4 70 0000000000000000
70 4 77 0000000000000000
70 4 84 0000000000000000
70 4 91 0000000000000000
70 4 98 0000000000000000
70 7 -70 0000000000000000
70 7 -63 0000000000000000
70 7 -56 0000000000000000
70 7 -49 0000000000000000
70 7 -42 0000000000000000
70 7 -35 0000000000000000
70 7 -28 0000000000000000
70 7 -21 0000000000000000
70 7 -14 0000000000000000
70 7 -7 0000000000000000
70 7 0 0000000000000000
70 7 7 0000000000000000
70 7 14 0000000000000000
70 7 21 0000000000000000
70 7 28 0000000000000000
70 7 35 0000000000000000
70 7 42 0000000000000000
70 7 49 0000000000000000
70 7 56 0000000000000000
70 7 63 0000000000000000
70 7 70 0000000000000000
70 7 77 0000000000000000
70 7 84 0000000000000000
70 7 91 0000000000000000
70 7 98 0000000000000000
70 10 -70 0000000000000000
70 10 -63 0000000000000000
70 10 -56 0000000000000000
70 10 -49 0000000000000000
70 10 -42 0000000000000000
70 10 -35 0000000000000000
70 10 -28 0000000000000000
70 10 -21 0000000000000000
70 10 -14 0000000000000000
70 10 -7 0000000000000000
70 10 0 0000000000000000
70 10 7 0000000000000000
70 10 14 0000000000000000
70 10 21 0000000000000000
70 10 28 0000000000000000
70 10 35 0000000000000000
70 10 42 0000000000000000
70 10 49 0000000000000000
70 10 56 0000000000000000
70 10 63 0000000000000000
70 10 70 0000000000000000
70 10 77 0000000000000000
70 10 84 0000000000000000
70 10 91 0000000000000000
70 10 98 0000000000000000
70 13 -70 0000000000000000
70 13 -63 0000000000000000
70 13 -56 0000000000000000
70 13 -49 0000000000000000
70 13 -42 0000000000000000
70 13 -35 0000000000000000
70 13 -28 0000000000000000
70 13 -21 0000000000000000
70 13 -14 0000000000000000
70 13 -7 0000000000000000
70 13 0 0000000000000000
70 13 7 0000000000000000
70 13 14 0000000000000000
70 13 21 0000000000000000
70 13 28 0000000000000000
70 13 35 0000000000000000
70 13 42 0000000000000000
70 13 49 0000000000000000
70 13 56 0000000000000000
70 13 63 0000000000000000
70 13 70 0000000000000000
70 13 77 0000000000000000
70 13 84 0000000000000000
70 13 91 0000000000000000
70 13 98 0000000000000000
70 16 -70 0000000000000000
70 16 -63 0000000000000000
70 16 -56 0000000000000000
70 16 -49 0000000000000000
70 16 -42 0000000000000000
70 16 -35 0000000000000000
70 16 -28 0000000000000000
70 16 -21 0000000000000000
70 16 -14 0000000000000000
70 16 -7 0000000000000000
70 16 0 0000000000000000
70 16 7 0000000000000000
70 16 14 0000000000000000
70 16 21 0000000000000000
70 16 28 0000000000000000
70 16 35 0000000000000000
70 16 42 0000000000000000
70 16 49 0000000000000000
70 16 56 0000000000000000
70 16 63 0000000000000000
70 16 70 0000000000000000
70 16 77 0000000000000000
70 16 84 0000000000000000
70 16 91 0000000000000000
70 16 98 0000000000000000
70 19 -70 0000000000000000
70 19 -63 0000000000000000
70 19 -56 0000000000000000
70 19 -49 0000000000000000
70 19 -42 0000000000000000
70 19 -35 0000000000000000
70 19 -28 0000000000000000
70 19 -21 0000000000000000
70 19 -14 0000000000000000
70 19 -7 0000000000000000
70 19 0 0000000000000000
70 19 7 0000000000000000
70 19 14 0000000000000000
70 19 21 0000000000000000
70 19 28 0000000000000000
70 19 35 0000000000000000
70 19 42 0000000000000000
70 19 49 0000000000000000
70 19 56 0000000000000000
70 19 63 0000000000000000
70 19 70 0000000000000000
70 19 77 0000000000000000
70 19 84 0000000000000000
70 19 91 0000000000000000
70 19 98 0000000000000000
70 22 -70 0000000000000000
70 22 -63 0000000000000000
70 22 -56 0000000000000000
70 22 -49 0000000000000000
70 22 -42 0000000000000000
70 22 -35 0000000000000000
70 22 -28 0000000000000000
70 22 -21 0000000000000000
70 22 -14 0000000000000000
70 22 -7 0000000000000000
70 22 0 0000000000000000
70 22 7 0000000000000000
70 22 14 0000000000000000
70 22 21 0000000000000000
70 22 28 0000000000000000
70 22 35 0000000000000000
70 22 42 0000000000000000
70 22 49 0000000000000000
70 22 56 0000000000000000
70 22 63 0000000000000000
70 22 70 0000000000000000
70 22 77 0000000000000000
70 22 84 0000000000000000
70 22 91 0000000000000000
70 22 98 0000000000000000
70 25 -70 0000000000000000
70 25 -63 0000000000000000
70 25 -56 0000000000000000
70 25 -49 0000000000000000
70 25 -42 0000000000000000
70 25 -35 0000000000000000
70 25 -28 0000000000000000
70 25 -21 0000000000000000
70 25 -14 0000000000000000
70 25 -7 0000000000000000
70 25 0 0000000000000000
70 25 7 0000000000000000
70 25 14 0000000000000000
70 25 21 0000000000000000
70 25 28 0000000000000000
70 25 35 0000000000000000
70 25 42 0000000000000000
70 25 49 0000000000000000
70 25 56 0000000000000000
70 25 63 0000000000000000
70 25 70 0000000000000000
70 25 77 0000000000000000
70 25 84 0000000000000000
70 25 91 0000000000000000
70 25 98 0000000000000000
70 28 -70 0000000000000000
70 28 -63 0000000000000000
70 28 -56 0000000000000000
70 28 -49 0000000000000000
70 28 -42 0000000000000000
70 28 -35 0000000000000000
70 28 -28 0000000000000000
70 28 -21 0000000000000000
70 28 -14 0000000000000000
70 28 -7 0000000000000000
70 28 0 0000000000000000
70 28 7 0000000000000000
70 28 14 0000000000000000
70 28 21 0000000000000000
70 28 28 0000000000000000
70 28 35 0000000000000000
70 28 42 0000000000000000
70 28 49 0000000000000000
70 28 56 0000000000000000
70 28 63 0000000000000000
70 28 70 0000000000000000
70 28 77 0000000000000000
70 28 84 0000000000000000
70 28 91 0000000000000000
70 28 98 0000000000000000
70 31 -70 0000000000000000
70 31 -63 0000000000000000
70 31 -56 0000000000000000
70 31 -49 0000000000000000
70 31 -42 0000000000000000
70 31 -35 0000000000000000
70 31 -28 0000000000000000
70 31 -21 0000000000000000
70 31 -14 0000000000000000
70 31 -7 0000000000000000
70 31 0 0000000000000000
70 31 7 0000000000000000
70 31 14 0000000000000000
70 31 21 0000000000000000
70 31 28 0000000000000000
70 31 35 0000000000000000
70 31 42 0000000000000000
70 31 49 0000000000000000
70 31 56 0000000000000000
70 31 63 0000000000000000
70 31 70 0000000000000000
70 31 77 0000000000000000
70 31 84 0000000000000000
70 31 91 0000000000000000
70 31 98 0000000000000000
70 34 -70 0000000000000000
70 34 -63 0000000000000000
70 34 -56 0000000000000000
70 34 -49 0000000000000000
70 34 -42 0000000000000000
70 34 -35 0000000000000000
70 34 -28 0000000000000000
70 34 -21 0000000000000000
70 34 -14 0000000000000000
70 34 -7 0000000000000000
70 34 0 0000000000000000
70 34 7 0000000000000000
70 34 14 0000000000000000
70 34 21 0000000000000000
70 34 28 0000000000000000
70 34 35 0000000000000000
70 34 42 0000000000000000
70 34 49 0000000000000000
70 34 56 0000000000000000
70 34 63 0000000000000000
70 34 70 0000000000000000
70 34 77 0000000000000000
70 34 84 0000000000000000
70 34 91 0000000000000000
70 34 98 0000000000000000
70 37 -70 0000000000000000
70 37 -63 0000000000000000
70 37 -56 0000000000000000
70 37 -49 0000000000000000
70 37 -42 0000000000000000
70 37 -35 0000000000000000
70 37 -28 0000000000000000
70 37 -21 0000000000000000
70 37 -14 0000000000000000
70 37 -7 0000000000000000
70 37 0 0000000000000000
70 37 7 0000000000000000
70 37 14 0000000000000000
70 37 21 0000000000000000
70 37 28 0000000000000000
70 37 35 0000000000000000
70 37 42 0000000000000000
70 37 49 0000000000000000
70 37 56 0000000000000000
70 37 63 0000000000000000
70 37 70 0000000000000000
70 37 77 0000000000000000
70 37 84 0000000000000000
70 37 91 0000000000000000
70 37 98 0000000000000000
70 40 -70 0000000000000000
70 40 -63 0000000000000000
70 40 -56 0000000000000000
70 40 -49 0000000000000000
70 40 -42 0000000000000000
70 40 -35 0000000000000000
70 40 -28 0000000000000000
70 40 -21 0000000000000000
70 40 -14 0000000000000000
70 40 -7 0000000000000000
70 40 0 0000000000000000
70 40 7 0000000000000000
70 40 14 0000000000000000
70 40 21 0000000000000000
70 40 28 0000000000000000
70 40 35 0000000000000000
70 40 42 0000000000000000
70 40 49 0000000000000000
70 40 56 0000000000000000
70 40 63 0000000000000000
70 40 70 0000000000000000
70 40 77 0000000000000000
70 40 84 0000000000000000
70 40 91 0000000000000000
70 40 98 0000000000000000
70 43 -70 0000000000000000
70 43 -63 0000000000000000
70 43 -56 0000000000000000
70 43 -49 0000000000000000
70 43 -42 0000000000000000
70 43 -35 0000000000000000
70 43 -28 0000000000000000
70 43 -21 0000000000000000
70 43 -14 0000000000000000
70 43 -7 0000000000000000
70 43 0 0000000000000000
70 43 7 0000000000000000
70 43 14 0000000000000000
70 43 21 0000000000000000
70 43 28 0000000000000000
70 43 35 0000000000000000
70 43 42 0000000000000000
70 43 49 0000000000000000
70 43 56 0000000000000000
70 43 63 0000000000000000
70 43 70 0000000000000000
70 43 77 0000000000000000
70 43 84 0000000000000000
70 43 91 0000000000000000
70 43 98 0000000000000000
77 -95 -70 0000000000000000
77 -95 -63 0000000000000000
77 -95 -56 0000000000000000
77 -95 -49 0000000000000000
77 -95 -42 0000000000000000
77 -95 -35 0000000000000000
77 -95 -28 0000000000000000
77 -95 -21 0000000000000000
77 -95 -14 0000000000000000
77 -95 -7 0000000000000000
77 -95 0 0000000000000000
77 -95 7 0000000000000000
77 -95 14 0000000000000000
77 -95 21 0000000000000000
77 -95 28 0000000000000000
77 -95 35 0000000000000000
77 -95 42 0000000000000000
77 -95 49 0000000000000000
77 -95 56 0000000000000000
77 -95 63 0000000000000000
77 -95 70 0000000000000000
77 -95 77 0000000000000000
77 -95 84 0000000000000000
77 -95 91 0000000000000000
77 -95 98 0000000000000000
77 -92 -70 0000000000000000
77 -92 -63 0000000000000000
77 -92 -56 0000000000000000
77 -92 -49 0000000000000000
77 -92 -42 0000000000000000
77 -92 -35 0000000000000000
77 -92 -28 0000000000000000
77 -92 -21 0000000000000000
77 -92 -14 0000000000000000
77 -92 -7 0000000000000000
77 -92 0 0000000000000000
77 -92 7 0000000000000000
77 -92 14 0000000000000000
77 -92 21 0000000000000000
77 -92 28 0000000000000000
77 -92 35 0000000000000000
77 -92 42 0000000000000000
77 -92 49 0000000000000000
77 -92 56 0000000000000000
77 -92 63 0000000000000000
77 -92 70 0000000000000000
77 -92 77 0000000000000000
77 -92 84 0000000000000000
77 -92 91 0000000000000000
77 -92 98 0000000000000000
77 -89 -70 0000000000000000
77 -89 -63 0000000000000000
77 -89 -56 0000000000000000
77 -89 -49 0000000000000000
77 -89 -42 0000000000000000
77 -89 -35 0000000000000000
77 -89 -28 0000000000000000
77 -89 -21 0000000000000000
77 -89 -14 0000000000000000
77 -89 -7 0000000000000000
77 -89 0 0000000000000000
77 -89 7 0000000000000000
77 -89 14 0000000000000000
77 -89 21 0000000000000000
77 -89 28 0000000000000000
77 -89 35 0000000000000000
77 -89 42 0000000000000000
77 -89 49 0000000000000000
77 -89 56 0000000000000000
77 -89 63 0000000000000000
77 -89 70 0000000000000000
77 -89 77 0000000000000000
77 -89 84 0000000000000000
77 -89 91 0000000000000000
77 -89 98 0000000000000000
77 -86 -70 0000000000000000
77 -86 -63 0000000000000000
77 -86 -56 0000000000000000
77 -86 -49 0000000000000000
77 -86 -42 0000000000000000
77 -86 -35 0000000000000000
77 -86 -28 0000000000000000
77 -86 -21 0000000000000000
77 -86 -14 0000000000000000
77 -86 -7 0000000000000000
77 -86 0 0000000000000000
77 -86 7 0000000000000000
77 -86 14 0000000000000000
77 -86 21 0000000000000000
77 -86 28 0000000000000000
77 -86 35 0000000000000000
77 -86 42 0000000000000000
77 -86 49 0000000000000000
77 -86 56 0000000000000000
77 -86 63 0000000000000000
77 -86 70 0000000000000000
77 -86 77 0000000000000000
77 -86 84 0000000000000000
77 -86 91 0000000000000000
77 -86 98 0000000000000000
77 -83 -70 0000000000000000
77 -83 -63 0000000000000000
77 -83 -56 0000000000000000
77 -83 -49 0000000000000000
77 -83 -42 0000000000000000
77 -83 -35 0000000000000000
77 -83 -28 0000000000000000
77 -83 -21 0000000000000000
77 -83 -14 0000000000000000
77 -83 -7 0000000000000000
77 -83 0 0000000000000000
77 -83 7 0000000000000000
77 -83 14 0000000000000000
77 -83 21 0000000000000000
77 -83 28 0000000000000000
77 -83 35 0000000000000000
77 -83 42 0000000000000000
77 -83 49 0000000000000000
77 -83 56 0000000000000000
77 -83 63 0000000000000000
77 -83 70 0000000000000000
77 -83 77 0000000000000000
77 -83 84 0000000000000000
77 -83 91 0000000000000000
77 -83 98 0000000000000000
77 -80 -70 0000000000000000
77 -80 -63 0000000000000000
77 -80 -56 0000000000000000
77 -80 -49 0000000000000000
77 -80 -42 0000000000000000
77 -80 -35 0000000000000000
77 -80 -28 0000000000000000
77 -80 -21 0000000000000000
77 -80 -14 0000000000000000
77 -80 -7 0000000000000000
77 -80 0 0000000000000000
77 -80 7 0000000000000000
77 -80 14 0000000000000000
77 -80 21 0000000000000000
77 -80 28 0000000000000000
77 -80 35 0000000000000000
77 -80 42 0000000000000000
77 -80 49 0000000000000000
77 -80 56 0000000000000000
77 -80 63 0000000000000000
77 -80 70 0000000000000000
77 -80 77 0000000000000000
77 -80 84 0000000000000000
77 -80 91 0000000000000000
77 -80 98 0000000000000000
77 -77 -70 0000000000000000
77 -77 -63 0000000000000000
77 -77 -56 0000000000000000
77 -77 -49 0000000000000000
77 -77 -42 0000000000000000
77 -77 -35 0000000000000000
77 -77 -28 0000000000000000
77 -77 -21 0000000000000000
77 -77 -14 0000000000000000
77 -77 -7 0000000000000000
77 -77 0 0000000000000000
77 -77 7 0000000000000000
77 -77 14 0000000000000000
77 -77 21 0000000000000000
77 -77 28 0000000000000000
77 -77 35 0000000000000000
77 -77 42 0000000000000000
77 -77 49 0000000000000000
77 -77 56 0000000000000000
77 -77 63 0000000000000000
77 -77 70 0000000000000000
77 -77 77 0000000000000000
77 -77 84 0000000000000000
77 -77 91 0000000000000000
77 -77 98 0000000000000000
77 -74 -70 0000000000000000
77 -74 -63 0000000000000000
77 -74 -56 0000000000000000
77 -74 -49 0000000000000000
77 -74 -42 0000000000000000
77 -74 -35 0000000000000000
77 -74 -28 0000000000000000
77 -74 -21 0000000000000000
77 -74 -14 0000000000000000
77 -74 -7 0000000000000000
77 -74 0 0000000000000000
77 -74 7 0000000000000000
77 -74 14 0000000000000000
77 -74 21 0000000000000000
77 -74 28 0000000000000000
77 -74 35 0000000000000000
77 -74 42 0000000000000000
77 -74 49 0000000000000000
77 -74 56 0000000000000000
77 -74 63 0000000000000000
77 -74 70 0000000000000000
77 -74 77 0000000000000000
77 -74 84 0000000000000000
77 -74 91 0000000000000000
77 -74 98 0000000000000000
77 -71 -70 0000000000000000
77 -71 -63 0000000000000000
77 -71 -56 0000000000000000
77 -71 -49 0000000000000000
77 -71 -42 0000000000000000
77 -71 -35 0000000000000000
77 -71 -28 0000000000000000
77 -71 -21 0000000000000000
77 -71 -14 0000000000000000
77 -71 -7 0000000000000000
77 -71 0 0000000000000000
77 -71 7 0000000000000000
77 -71 14 0000000000000000
77 -71 21 0000000000000000
77 -71 28 0000000000000000
77 -71 35 0000000000000000
77 -71 42 0000000000000000
77 -71 49 0000000000000000
77 -71 56 0000000000000000
77 -71 63 0000000000000000
77 -71 70 0000000000000000
77 -71 77 0000000000000000
77 -71 84 0000000000000000
77 -71 91 0000000000000000
77 -71 98 0000000000000000
77 -68 -70 0000000000000000
77 -68 -63 0000000000000000
77 -68 -56 0000000000000000
77 -68 -49 0000000000000000
77 -68 -42 0000000000000000
77 -68 -35 0000000000000000
77 -68 -28 0000000000000000
77 -68 -21 0000000000000000
77 -68 -14 0000000000000000
77 -68 -7 0000000000000000
77 -68 0 0000000000000000
77 -68 7 0000000000000000
77 -68 14 0000000000000000
77 -68 21 0000000000000000
77 -68 28 0000000000000000
77 -68 35 0000000000000000
77 -68 42 0000000000000000
77 -68 49 0000000000000000
77 -68 56 0000000000000000
77 -68 63 0000000000000000
77 -68 70 0000000000000000
77 -68 77 0000000000000000
77 -68 84 0000000000000000
77 -68 91 0000000000000000
77 -68 98 0000000000000000
77 -65 -70 0000000000000000
77 -65 -63 0000000000000000
77 -65 -56 0000000000000000
77 -65 -49 0000000000000000
77 -65 -42 0000000000000000
77 -65 -35 0000000000000000
77 -65 -28 0000000000000000
77 -65 -21 0000000000000000
77 -65 -14 0000000000000000
77 -65 -7 0000000000000000
77 -65 0 0000000000000000
77 -65 7 0000000000000000
77 -65 14 0000000000000000
77 -65 21 0000000000000000
77 -65 28 0000000000000000
77 -65 35 0000000000000000
77 -65 42 0000000000000000
77 -65 49 0000000000000000
77 -65 56 0000000000000000
77 -65 63 0000000000000000
77 -65 70 0000000000000000
77 -65 77 0000000000000000
77 -65 84 0000000000000000
77 -65 91 0000000000000000
77 -65 98 0000000000000000
77 -62 -70 0000000000000000
77 -62 -63 0000000000000000
77 -62 -56 0000000000000000
77 -62 -49 0000000000000000
77 -62 -42 0000000000000000
77 -62 -35 0000000000000000
77 -62 -28 0000000000000000
77 -62 -21 0000000000000000
77 -62 -14 0000000000000000
77 -62 -7 0000000000000000
77 -62 0 0000000000000000
77 -62 7 0000000000000000
77 -62 14 0000000000000000
77 -62 21 0000000000000000
77 -62 28 0000000000000000
77 -62 35 0000000000000000
77 -62 42 0000000000000000
77 -62 49 0000000000000000
77 -62 56 0000000000000000
77 -62 63 0000000000000000
77 -62 70 0000000000000000
77 -62 77 0000000000000000
77 -62 84 0000000000000000
77 -62 91 0000000000000000
77 -62 98 0000000000000000
77 -59 -70 0000000000000000
77 -59 -63 0000000000000000
77 -59 -56 0000000000000000
77 -59 -49 0000000000000000
77 -59 -42 0000000000000000
77 -59 -35 0000000000000000
77 -59 -28 0000000000000000
77 -59 -21 0000000000000000
77 -59 -14 0000000000000000
77 -59 -7 0000000000000000
77 -59 0 0000000000000000
77 -59 7 0000000000000000
77 -59 14 0000000000000000
77 -59 21 0000000000000000
77 -59 28 0000000000000000
77 -59 35 0000000000000000
77 -59 42 0000000000000000
77 -59 49 0000000000000000
77 -59 56 0000000000000000
77 -59 63 0000000000000000
77 -59 70 0000000000000000
77 -59 77 0000000000000000
77 -59 84 0000000000000000
77 -59 91 0000000000000000
77 -59 98 0000000000000000
77 -56 -70 0000000000000000
77 -56 -63 0000000000000000
77 -56 -56 0000000000000000
77 -56 -49 0000000000000000
77 -56 -42 0000000000000000
77 -56 -35 0000000000000000
77 -56 -28 0000000000000000
77 -56 -21 0000000000000000
77 -56 -14 0000000000000000
77 -56 -7 0000000000000000
77 -56 0 0000000000000000
77 -56 7 0000000000000000
77 -56 14 0000000000000000
77 -56 21 0000000000000000
77 -56 28 0000000000000000
77 -56 35 0000000000000000
77 -56 42 0000000000000000
77 -56 49 0000000000000000
77 -56 56 0000000000000000
77 -56 63 0000000000000000
77 -56 70 0000000000000000
77 -56 77 0000000000000000
77 -56 84 0000000000000000
77 -56 91 0000000000000000
77 -56 98 0000000000000000
77 -53 -70 0000000000000000
77 -53 -63 0000000000000000
77 -53 -56 0000000000000000
77 -53 -49 0000000000000000
77 -53 -42 0000000000000000
77 -53 -35 0000000000000000
77 -53 -28 0000000000000000
77 -53 -21 0000000000000000
77 -53 -14 0000000000000000
77 -53 -7 0000000000000000
77 -53 0 0000000000000000
77 -53 7 0000000000000000
77 -53 14 0000000000000000
77 -53 21 0000000000000000
77 -53 28 0000000000000000
77 -53 35 0000000000000000
77 -53 42 0000000000000000
77 -53 49 0000000000000000
77 -53 56 0000000000000000
77 -53 63 0000000000000000
77 -53 70 0000000000000000
77 -53 77 0000000000000000
77 -53 84 0000000000000000
77 -53 91 0000000000000000
77 -53 98 0000000000000000
77 -50 -70 0000000000000000
77 -50 -63 0000000000000000
77 -50 -56 0000000000000000
77 -50 -49 0000000000000000
77 -50 -42 0000000000000000
77 -50 -35 0000000000000000
77 -50 -28 0000000000000000
77 -50 -21 0000000000000000
77 -50 -14 0000000000000000
77 -50 -7 0000000000000000
77 -50 0 0000000000000000
77 -50 7 0000000000000000
77 -50 14 0000000000000000
77 -50 21 0000000000000000
77 -50 28 0000000000000000
77 -50 35 0000000000000000
77 -50 42 0000000000000000
77 -50 49 0000000000000000
77 -50 56 0000000000000000
77 -50 63 0000000000000000
77 -50 70 0000000000000000
77 -50 77 0000000000000000
77 -50 84 0000000000000000
77 -50 91 0000000000000000
77 -50 98 0000000000000000
77 -47 -70 0000000000000000
77 -47 -63 0000000000000000
77 -47 -56 0000000000000000
77 -47 -49 0000000000000000
77 -47 -42 0000000000000000
77 -47 -35 0000000000000000
77 -47 -28 0000000000000000
77 -47 -21 0000000000000000
77 -47 -14 0000000000000000
77 -47 -7 0000000000000000
77 -47 0 0000000000000000
77 -47 7 0000000000000000
77 -47 14 0000000000000000
77 -47 21 0000000000000000
77 -47 28 0000000000000000
77 -47 35 0000000000000000
77 -47 42 0000000000000000
77 -47 49 0000000000000000
77 -47 56 0000000000000000
77 -47 63 0000000000000000
77 -47 70 0000000000000000
77 -47 77 0000000000000000
77 -47 84 0000000000000000
77 -47 91 0000000000000000
77 -47 98 0000000000000000
77 -44 -70 0000000000000000
77 -44 -63 0000000000000000
77 -44 -56 0000000000000000
77 -44 -49 0000000000000000
77 -44 -42 0000000000000000
77 -44 -35 0000000000000000
77 -44 -28 0000000000000000
77 -44 -21 0000000000000000
77 -44 -14 0000000000000000
77 -44 -7 0000000000000000
77 -44 0 0000000000000000
77 -44 7 0000000000000000
77 -44 14 0000000000000000
77 -44 21 0000000000000000
77 -44 28 0000000000000000
77 -44 35 0000000000000000
77 -44 42 0000000000000000
77 -44 49 0000000000000000
77 -44 56 0000000000000000
77 -44 63 0000000000000000
77 -44 70 0000000000000000
77 -44 77 0000000000000000
77 -44 84 0000000000000000
77 -44 91 0000000000000000
77 -44 98 0000000000000000
77 -41 -70 0000000000000000
77 -41 -63 0000000000000000
77 -41 -56 0000000000000000
77 -41 -49 0000000000000000
77 -41 -42 0000000000000000
77 -41 -35 0000000000000000
77 -41 -28 0000000000000000
77 -41 -21 0000000000000000
77 -41 -14 0000000000000000
77 -41 -7 0000000000000000
77 -41 0 0000000000000000
77 -41 7 0000000000000000
77 -41 14 0000000000000000
77 -41 21 0000000000000000
77 -41 28 0000000000000000
77 -41 35 0000000000000000
77 -41 42 0000000000000000
77 -41 49 0000000000000000
77 -41 56 0000000000000000
77 -41 63 0000000000000000
77 -41 70 0000000000000000
77 -41 77 0000000000000000
77 -41 84 0000000000000000
77 -41 91 0000000000000000
77 -41 98 0000000000000000
77 -38 -70 0000000000000000
77 -38 -63 0000000000000000
77 -38 -56 0000000000000000
77 -38 -49 0000000000000000
77 -38 -42 0000000000000000
77 -38 -35 0000000000000000
77 -38 -28 0000000000000000
77 -38 -21 0000000000000000
77 -38 -14 0000000000000000
77 -38 -7 0000000000000000
77 -38 0 0000000000000000
77 -38 7 0000000000000000
77 -38 14 0000000000000000
77 -38 21 0000000000000000
77 -38 28 0000000000000000
77 -38 35 0000000000000000
77 -38 42 0000000000000000
77 -38 49 0000000000000000
77 -38 56 0000000000000000
77 -38 63 0000000000000000
77 -38 70 0000000000000000
77 -38 77 0000000000000000
77 -38 84 0000000000000000
77 -38 91 0000000000000000
77 -38 98 0000000000000000
77 -35 -70 0000000000000000
77 -35 -63 0000000000000000
77 -35 -56 0000000000000000
77 -35 -49 0000000000000000
77 -35 -42 0000000000000000
77 -35 -35 0000000000000000
77 -35 -28 0000000000000000
77 -35 -21 0000000000000000
77 -35 -14 0000000000000000
77 -35 -7 0000000000000000
77 -35 0 0000000000000000
77 -35 7 0000000000000000
77 -35 14 0000000000000000
77 -35 21 0000000000000000
77 -35 28 0000000000000000
77 -35 35 0000000000000000
77 -35 42 0000000000000000
77 -35 49 0000000000000000
77 -35 56 0000000000000000
77 -35 63 0000000000000000
77 -35 70 0000000000000000
77 -35 77 0000000000000000
77 -35 84 0000000000000000
77 -35 91 0000000000000000
77 -35 98 0000000000000000
77 -32 -70 0000000000000000
77 -32 -63 0000000000000000
77 -32 -56 0000000000000000
77 -32 -49 0000000000000000
77 -32 -42 0000000000000000
77 -32 -35 0000000000000000
77 -32 -28 0000000000000000
77 -32 -21 0000000000000000
77 -32 -14 0000000000000000
77 -32 -7 0000000000000000
77 -32 0 0000000000000000
77 -32 7 0000000000000000
77 -32 14 0000000000000000
77 -32 21 0000000000000000
77 -32 28 0000000000000000
77 -32 35 0000000000000000
77 -32 42 0000000000000000
77 -32 49 0000000000000000
77 -32 56 0000000000000000
77 -32 63 0000000000000000
77 -32 70 0000000000000000
77 -32 77 0000000000000000
77 -32 84 0000000000000000
77 -32 91 0000000000000000
77 -32 98 0000000000000000
77 -29 -70 0000000000000000
77 -29 -63 0000000000000000
77 -29 -56 0000000000000000
77 -29 -49 0000000000000000
77 -29 -42 0000000000000000
77 -29 -35 0000000000000000
77 -29 -28 0000000000000000
77 -29 -21 0000000000000000
77 -29 -14 0000000000000000
77 -29 -7 0000000000000000
77 -29 0 0000000000000000
77 -29 7 0000000000000000
77 -29 14 0000000000000000
77 -29 21 0000000000000000
77 -29 28 0000000000000000
77 -29 35 0000000000000000
77 -29 42 0000000000000000
77 -29 49 0000000000000000
77 -29 56 0000000000000000
77 -29 63 0000000000000000
77 -29 70 0000000000000000
77 -29 77 0000000000000000
77 -29 84 0000000000000000
77 -29 91 0000000000000000
77 -29 98 0000000000000000
77 -26 -70 0000000000000000
77 -26 -63 0000000000000000
77 -26 -56 0000000000000000
77 -26 -49 0000000000000000
77 -26 -42 0000000000000000
77 -26 -35 0000000000000000
77 -26 -28 0000000000000000
77 -26 -21 0000000000000000
77 -26 -14 0000000000000000
77 -26 -7 0000000000000000
77 -26 0 0000000000000000
77 -26 7 0000000000000000
77 -26 14 0000000000000000
77 -26 21 0000000000000000
77 -26 28 0000000000000000
77 -26 35 0000000000000000
77 -26 42 0000000000000000
77 -26 49 0000000000000000
77 -26 56 0000000000000000
77 -26 63 0000000000000000
77 -26 70 0000000000000000
77 -26 77 0000000000000000
77 -26 84 0000000000000000
77 -26 91 0000000000000000
77 -26 98 0000000000000000
77 -23 -70 0000000000000000
77 -23 -63 0000000000000000
77 -23 -56 0000000000000000
77 -23 -49 0000000000000000
77 -23 -42 0000000000000000
77 -23 -35 0000000000000000
77 -23 -28 0000000000000000
77 -23 -21 0000000000000000
77 -23 -14 0000000000000000
77 -23 -7 0000000000000000
77 -23 0 0000000000000000
77 -23 7 0000000000000000
77 -23 14 0000000000000000
77 -23 21 0000000000000000
77 -23 28 0000000000000000
77 -23 35 0000000000000000
77 -23 42 0000000000000000
77 -23 49 0000000000000000
77 -23 56 0000000000000000
77 -23 63 0000000000000000
77 -23 70 0000000000000000
77 -23 77 0000000000000000
77 -23 84 0000000000000000
77 -23 91 0000000000000000
77 -23 98 0000000000000000
77 -20 -70 0000000000000000
77 -20 -63 0000000000000000
77 -20 -56 0000000000000000
77 -20 -49 0000000000000000
77 -20 -42 0000000000000000
77 -20 -35 0000000000000000
77 -20 -28 0000000000000000
77 -20 -21 0000000000000000
77 -20 -14 0000000000000000
77 -20 -7 0000000000000000
77 -20 0 0000000000000000
77 -20 7 0000000000000000
77 -20 14 0000000000000000
77 -20 21 0000000000000000
77 -20 28 0000000000000000
77 -20 35 0000000000000000
77 -20 42 0000000000000000
77 -20 49 0000000000000000
77 -20 56 0000000000000000
77 -20 63 0000000000000000
77 -20 70 0000000000000000
77 -20 77 0000000000000000
77 -20 84 0000000000000000
77 -20 91 0000000000000000
77 -20 98 0000000000000000
77 -17 -70 0000000000000000
77 -17 -63 0000000000000000
77 -17 -56 0000000000000000
77 -17 -49 0000000000000000
77 -17 -42 0000000000000000
77 -17 -35 0000000000000000
77 -17 -28 0000000000000000
77 -17 -21 0000000000000000
77 -17 -14 0000000000000000
77 -17 -7 0000000000000000
77 -17 0 0000000000000000
77 -17 7 0000000000000000
77 -17 14 0000000000000000
77 -17 21 0000000000000000
77 -17 28 0000000000000000
77 -17 35 0000000000000000
77 -17 42 0000000000000000
77 -17 49 0000000000000000
77 -17 56 0000000000000000
77 -17 63 0000000000000000
77 -17 70 0000000000000000
77 -17 77 0000000000000000
77 -17 84 0000000000000000
77 -17 91 0000000000000000
77 -17 98 0000000000000000
77 -14 -70 0000000000000000
77 -14 -63 0000000000000000
77 -14 -56 0000000000000000
77 -14 -49 0000000000000000
77 -14 -42 0000000000000000
77 -14 -35 0000000000000000
77 -14 -28 0000000000000000
77 -14 -21 0000000000000000
77 -14 -14 0000000000000000
77 -14 -7 0000000000000000
77 -14 0 0000000000000000
77 -14 7 0000000000000000
77 -14 14 0000000000000000
77 -14 21 0000000000000000
77 -14 28 0000000000000000
77 -14 35 0000000000000000
77 -14 42 0000000000000000
77 -14 49 0000000000000000
77 -14 56 0000000000000000
77 -14 63 0000000000000000
77 -14 70 0000000000000000
77 -14 77 0000000000000000
77 -14 84 0000000000000000
77 -14 91 0000000000000000
77 -14 98 0000000000000000
77 -11 -70 0000000000000000
77 -11 -63 0000000000000000
77 -11 -56 0000000000000000
77 -11 -49 0000000000000000
77 -11 -42 0000000000000000
77 -11 -35 0000000000000000
77 -11 -28 0000000000000000
77 -11 -21 0000000000000000
77 -11 -14 0000000000000000
77 -11 -7 0000000000000000
77 -11 0 0000000000000000
77 -11 7 0000000000000000
77 -11 14 0000000000000000
77 -11 21 0000000000000000
77 -11 28 0000000000000000
77 -11 35 0000000000000000
77 -11 42 0000000000000000
77 -11 49 0000000000000000
77 -11 56 0000000000000000
77 -11 63 0000000000000000
77 -11 70 0000000000000000
77 -11 77 0000000000000000
77 -11 84 0000000000000000
77 -11 91 0000000000000000
77 -11 98 0000000000000000
77 -8 -70 0000000000000000
77 -8 -63 0000000000000000
77 -8 -56 0000000000000000
77 -8 -49 0000000000000000
77 -8 -42 0000000000000000
77 -8 -35 0000000000000000
77 -8 -28 0000000000000000
77 -8 -21 0000000000000000
77 -8 -14 0000000000000000
77 -8 -7 0000000000000000
77 -8 0 0000000000000000
77 -8 7 0000000000000000
77 -8 14 0000000000000000
77 -8 21 0000000000000000
77 -8 28 0000000000000000
77 -8 35 0000000000000000
77 -8 42 0000000000000000
77 -8 49 0000000000000000
77 -8 56 0000000000000000
77 -8 63 0000000000000000
77 -8 70 0000000000000000
77 -8 77 0000000000000000
77 -8 84 0000000000000000
77 -8 91 0000000000000000
77 -8 98 0000000000000000
77 -5 -70 0000000000000000
77 -5 -63 0000000000000000
77 -5 -56 0000000000000000
77 -5 -49 0000000000000000
77 -5 -42 0000000000000000
77 -5 -35 0000000000000000
77 -5 -28 0000000000000000
77 -5 -21 0000000000000000
77 -5 -14 0000000000000000
77 -5 -7 0000000000000000
77 -5 0 0000000000000000
77 -5 7 0000000000000000
77 -5 14 0000000000000000
77 -5 21 0000000000000000
77 -5 28 0000000000000000
77 -5 35 0000000000000000
77 -5 42 0000000000000000
77 -5 49 0000000000000000
77 -5 56 0000000000000000
77 -5 63 0000000000000000
77 -5 70 0000000000000000
77 -5 77 0000000000000000
77 -5 84 0000000000000000
77 -5 91 0000000000000000
77 -5 98 0000000000000000
77 -2 -70 0000000000000000
77 -2 -63 0000000000000000
77 -2 -56 0000000000000000
77 -2 -49 0000000000000000
77 -2 -42 0000000000000000
77 -2 -35 0000000000000000
77 -2 -28 0000000000000000
77 -2 -21 0000000000000000
77 -2 -14 0000000000000000
77 -2 -7 0000000000000000
77 -2 0 0000000000000000
77 -2 7 0000000000000000
77 -2 14 0000000000000000
77 -2 21 0000000000000000
77 -2 28 0000000000000000
77 -2 35 0000000000000000
77 -2 42 0000000000000000
77 -2 49 0000000000000000
77 -2 56 0000000000000000
77 -2 63 0000000000000000
77 -2 70 0000000000000000
77 -2 77 0000000000000000
77 -2 84 0000000000000000
77 -2 91 0000000000000000
77 -2 98 0000000000000000
77 1 -70 0000000000000000
77 1 -63 0000000000000000
77 1 -56 0000000000000000
77 1 -49 0000000000000000
77 1 -42 0000000000000000
77 1 -35 0000000000000000
77 1 -28 0000000000000000
77 1 -21 0000000000000000
77 1 -14 0000000000000000
77 1 -7 0000000000000000
77 1 0 0000000000000000
77 1 7 0000000000000000
77 1 14 0000000000000000
77 1 21 0000000000000000
77 1 28 0000000000000000
77 1 35 0000000000000000
77 1 42 0000000000000000
77 1 49 0000000000000000
77 1 56 0000000000000000
77 1 63 0000000000000000
77 1 70 0000000000000000
77 1 77 0000000000000000
77 1 84 0000000000000000
77 1 91 0000000000000000
77 1 98 0000000000000000
77 4 -70 0000000000000000
77 4 -63 0000000000000000
77 4 -56 0000000000000000
77 4 -49 0000000000000000
77 4 -42 0000000000000000
77 4 -35 0000000000000000
77 4 -28 0000000000000000
77 4 -21 0000000000000000
77 4 -14 0000000000000000
77 4 -7 0000000000000000
77 4 0 0000000000000000
77 4 7 0000000000000000
77 4 14 0000000000000000
77 4 21 0000000000000000
77 4 28 0000000000000000
77 4 35 0000000000000000
77 4 42 0000000000000000
77 4 49 0000000000000000
77 4 56 0000000000000000
77 4 63 0000000000000000
77 4 70 0000000000000000
77 4 77 0000000000000000
77 4 84 0000000000000000
77 4 91 0000000000000000
77 4 98 0000000000000000
77 7 -70 0000000000000000
77 7 -63 0000000000000000
77 7 -56 0000000000000000
77 7 -49 0000000000000000
77 7 -42 0000000000000000
77 7 -35 0000000000000000
77 7 -28 0000000000000000
77 7 -21 0000000000000000
77 7 -14 0000000000000000
77 7 -7 0000000000000000
77 7 0 0000000000000000
77 7 7 0000000000000000
77 7 14 0000000000000000
77 7 21 0000000000000000
77 7 28 0000000000000000
77 7 35 0000000000000000
77 7 42 0000000000000000
77 7 49 0000000000000000
77 7 56 0000000000000000
77 7 63 0000000000000000
77 7 70 0000000000000000
77 7 77 0000000000000000
77 7 84 0000000000000000
77 7 91 0000000000000000
77 7 98 0000000000000000
77 10 -70 0000000000000000
77 10 -63 0000000000000000
77 10 -56 0000000000000000
77 10 -49 0000000000000000
77 10 -42 0000000000000000
77 10 -35 0000000000000000
77 10 -28 0000000000000000
77 10 -21 0000000000000000
77 10 -14 0000000000000000
77 10 -7 0000000000000000
77 10 0 0000000000000000
77 10 7 0000000000000000
77 10 14 0000000000000000
77 10 21 0000000000000000
77 10 28 0000000000000000
77 10 35 0000000000000000
77 10 42 0000000000000000
77 10 49 0000000000000000
77 10 56 0000000000000000
77 10 63 0000000000000000
77 10 70 0000000000000000
77 10 77 0000000000000000
77 10 84 0000000000000000
77 10 91 0000000000000000
77 10 98 0000000000000000
77 13 -70 0000000000000000
77 13 -63 0000000000000000
77 13 -56 0000000000000000
77 13 -49 0000000000000000
77 13 -42 0000000000000000
77 13 -35 0000000000000000
77 13 -28 0000000000000000
77 13 -21 0000000000000000
77 13 -14 0000000000000000
77 13 -7 0000000000000000
77 13 0 0000000000000000
77 13 7 0000000000000000
77 13 14 0000000000000000
77 13 21 0000000000000000
77 13 28 0000000000000000
77 13 35 0000000000000000
77 13 42 0000000000000000
77 13 49 0000000000000000
77 13 56 0000000000000000
77 13 63 0000000000000000
77 13 70 0000000000000000
77 13 77 0000000000000000
77 13 84 0000000000000000
77 13 91 0000000000000000
77 13 98 0000000000000000
77 16 -70 0000000000000000
77 16 -63 0000000000000000
77 16 -56 0000000000000000
77 16 -49 0000000000000000
77 16 -42 0000000000000000
77 16 -35 0000000000000000
77 16 -28 0000000000000000
77 16 -21 0000000000000000
77 16 -14 0000000000000000
77 16 -7 0000000000000000
77 16 0 0000000000000000
77 16 7 0000000000000000
77 16 14 0000000000000000
77 16 21 0000000000000000
77 16 28 0000000000000000
77 16 35 0000000000000000
77 16 42 0000000000000000
77 16 49 0000000000000000
77 16 56 0000000000000000
77 16 63 0000000000000000
77 16 70 0000000000000000
77 16 77 0000000000000000
77 16 84 0000000000000000
77 16 91 0000000000000000
77 16 98 0000000000000000
77 19 -70 0000000000000000
77 19 -63 0000000000000000
77 19 -56 0000000000000000
77 19 -49 0000000000000000
77 19 -42 0000000000000000
77 19 -35 0000000000000000
77 19 -28 0000000000000000
77 19 -21 0000000000000000
77 19 -14 0000000000000000
77 19 -7 0000000000000000
77 19 0 0000000000000000
77 19 7 0000000000000000
77 19 14 0000000000000000
77 19 21 0000000000000000
77 19 28 0000000000000000
77 19 35 0000000000000000
77 19 42 0000000000000000
77 19 49 0000000000000000
77 19 56 0000000000000000
77 19 63 0000000000000000
77 19 70 0000000000000000
77 19 77 0000000000000000
77 19 84 0000000000000000
77 19 91 0000000000000000
77 19 98 0000000000000000
77 22 -70 0000000000000000
77 22 -63 0000000000000000
77 22 -56 0000000000000000
77 22 -49 0000000000000000
77 22 -42 0000000000000000
77 22 -35 0000000000000000
77 22 -28 0000000000000000
77 22 -21 0000000000000000
77 22 -14 0000000000000000
77 22 -7 0000000000000000
77 22 0 0000000000000000
77 22 7 0000000000000000
77 22 14 0000000000000000
77 22 21 0000000000000000
77 22 28 0000000000000000
77 22 35 0000000000000000
77 22 42 0000000000000000
77 22 49 0000000000000000
77 22 56 0000000000000000
77 22 63 0000000000000000
77 22 70 0000000000000000
77 22 77 0000000000000000
77 22 84 0000000000000000
77 22 91 0000000000000000
77 22 98 0000000000000000
77 25 -70 0000000000000000
77 25 -63 0000000000000000
77 25 -56 0000000000000000
77 25 -49 0000000000000000
77 25 -42 0000000000000000
77 25 -35 0000000000000000
77 25 -28 0000000000000000
77 25 -21 0000000000000000
77 25 -14 0000000000000000
77 25 -7 0000000000000000
77 25 0 0000000000000000
77 25 7 0000000000000000
77 25 14 0000000000000000
77 25 21 0000000000000000
77 25 28 0000000000000000
77 25 35 0000000000000000
77 25 42 0000000000000000
77 25 49 0000000000000000
77 25 56 0000000000000000
77 25 63 0000000000000000
77 25 70 0000000000000000
77 25 77 0000000000000000
77 25 84 0000000000000000
77 25 91 0000000000000000
77 25 98 0000000000000000
77 28 -70 0000000000000000
77 28 -63 0000000000000000
77 28 -56 0000000000000000
77 28 -49 0000000000000000
77 28 -42 0000000000000000
77 28 -35 0000000000000000
77 28 -28 0000000000000000
77 28 -21 0000000000000000
77 28 -14 0000000000000000
77 28 -7 0000000000000000
77 28 0 0000000000000000
77 28 7 0000000000000000
77 28 14 0000000000000000
77 28 21 0000000000000000
77 28 28 0000000000000000
77 28 35 0000000000000000
77 28 42 0000000000000000
77 28 49 0000000000000000
77 28 56 0000000000000000
77 28 63 0000000000000000
77 28 70 0000000000000000
77 28 77 0000000000000000
77 28 84 0000000000000000
77 28 91 0000000000000000
77 28 98 0000000000000000
77 31 -70 0000000000000000
77 31 -63 0000000000000000
77 31 -56 0000000000000000
77 31 -49 0000000000000000
77 31 -42 0000000000000000
77 31 -35 0000000000000000
77 31 -28 0000000000000000
77 31 -21 0000000000000000
77 31 -14 0000000000000000
77 31 -7 0000000000000000
77 31 0 0000000000000000
77 31 7 0000000000000000
77 31 14 0000000000000000
77 31 21 0000000000000000
77 31 28 0000000000000000
77 31 35 0000000000000000
77 31 42 0000000000000000
77 31 49 0000000000000000
77 31 56 0000000000000000
77 31 63 0000000000000000
77 31 70 0000000000000000
77 31 77 0000000000000000
77 31 84 0000000000000000
77 31 91 0000000000000000
77 31 98 0000000000000000
77 34 -70 0000000000000000
77 34 -63 0000000000000000
77 34 -56 0000000000000000
77 34 -49 0000000000000000
77 34 -42 0000000000000000
77 34 -35 0000000000000000
77 34 -28 0000000000000000
77 34 -21 0000000000000000
77 34 -14 0000000000000000
77 34 -7 0000000000000000
77 34 0 0000000000000000
77 34 7 0000000000000000
77 34 14 0000000000000000
77 34 21 0000000000000000
77 34 28 0000000000000000
77 34 35 0000000000000000
77 34 42 0000000000000000
77 34 49 0000000000000000
77 34 56 0000000000000000
77 34 63 0000000000000000
77 34 70 0000000000000000
77 34 77 0000000000000000
77 34 84 0000000000000000
77 34 91 0000000000000000
77 34 98 0000000000000000
77 37 -70 0000000000000000
77 37 -63 0000000000000000
77 37 -56 0000000000000000
77 37 -49 0000000000000000
77 37 -42 0000000000000000
77 37 -35 0000000000000000
77 37 -28 0000000000000000
77 37 -21 0000000000000000
77 37 -14 0000000000000000
77 37 -7 0000000000000000
77 37 0 0000000000000000
77 37 7 0000000000000000
77 37 14 0000000000000000
77 37 21 0000000000000000
77 37 28 0000000000000000
77 37 35 0000000000000000
77 37 42 0000000000000000
77 37 49 0000000000000000
77 37 56 0000000000000000
77 37 63 0000000000000000
77 37 70 0000000000000000
77 37 77 0000000000000000
77 37 84 0000000000000000
77 37 91 0000000000000000
77 37 98 0000000000000000
77 40 -70 0000000000000000
77 40 -63 0000000000000000
77 40 -56 0000000000000000
77 40 -49 0000000000000000
77 40 -42 0000000000000000
77 40 -35 0000000000000000
77 40 -28 0000000000000000
77 40 -21 0000000000000000
77 40 -14 0000000000000000
77 40 -7 0000000000000000
77 40 0 0000000000000000
77 40 7 0000000000000000
77 40 14 0000000000000000
77 40 21 0000000000000000
77 40 28 0000000000000000
77 40 35 0000000000000000
77 40 42 0000000000000000
77 40 49 0000000000000000
77 40 56 0000000000000000
77 40 63 0000000000000000
77 40 70 0000000000000000
77 40 77 0000000000000000
77 40 84 0000000000000000
77 40 91 0000000000000000
77 40 98 0000000000000000
77 43 -70 0000000000000000
77 43 -63 0000000000000000
77 43 -56 0000000000000000
77 43 -49 0000000000000000
77 43 -42 0000000000000000
77 43 -35 0000000000000000
77 43 -28 0000000000000000
77 43 -21 0000000000000000
77 43 -14 0000000000000000
77 43 -7 0000000000000000
77 43 0 0000000000000000
77 43 7 0000000000000000
77 43 14 0000000000000000
77 43 21 0000000000000000
77 43 28 0000000000000000
77 43 35 0000000000000000
77 43 42 0000000000000000
77 43 49 0000000000000000
77 43 56 0000000000000000
77 43 63 0000000000000000
77 43 70 0000000000000000
77 43 77 0000000000000000
77 43 84 0000000000000000
77 43 91 0000000000000000
77 43 98 0000000000000000
84 -95 -70 0000000000000000
84 -95 -63 0000000000000000
84 -95 -56 0000000000000000
84 -95 -49 0000000000000000
84 -95 -42 0000000000000000
84 -95 -35 0000000000000000
84 -95 -28 0000000000000000
84 -95 -21 0000000000000000
84 -95 -14 0000000000000000
84 -95 -7 0000000000000000
84 -95 0 0000000000000000
84 -95 7 0000000000000000
84 -95 14 0000000000000000
84 -95 21 0000000000000000
84 -95 28 0000000000000000
84 -95 35 0000000000000000
84 -95 42 0000000000000000
84 -95 49 0000000000000000
84 -95 56 0000000000000000
84 -95 63 0000000000000000
84 -95 70 0000000000000000
84 -95 77 0000000000000000
84 -95 84 0000000000000000
84 -95 91 0000000000000000
84 -95 98 0000000000000000
84 -92 -70 0000000000000000
84 -92 -63 0000000000000000
84 -92 -56 0000000000000000
84 -92 -49 0000000000000000
84 -92 -42 0000000000000000
84 -92 -35 0000000000000000
84 -92 -28 0000000000000000
84 -92 -21 0000000000000000
84 -92 -14 0000000000000000
84 -92 -7 0000000000000000
84 -92 0 0000000000000000
84 -92 7 0000000000000000
84 -92 14 0000000000000000
84 -92 21 0000000000000000
84 -92 28 0000000000000000
84 -92 35 0000000000000000
84 -92 42 0000000000000000
84 -92 49 0000000000000000
84 -92 56 0000000000000000
84 -92 63 0000000000000000
84 -92 70 0000000000000000
84 -92 77 0000000000000000
84 -92 84 0000000000000000
84 -92 91 0000000000000000
84 -92 98 0000000000000000
84 -89 -70 0000000000000000
84 -89 -63 0000000000000000
84 -89 -56 0000000000000000
84 -89 -49 0000000000000000
84 -89 -42 0000000000000000
84 -89 -35 0000000000000000
84 -89 -28 0000000000000000
84 -89 -21 0000000000000000
84 -89 -14 0000000000000000
84 -89 -7 0000000000000000
84 -89 0 0000000000000000
84 -89 7 0000000000000000
84 -89 14 0000000000000000
84 -89 21 0000000000000000
84 -89 28 0000000000000000
84 -89 35 0000000000000000
84 -89 42 0000000000000000
84 -89 49 0000000000000000
84 -89 56 0000000000000000
84 -89 63 0000000000000000
84 -89 70 0000000000000000
84 -89 77 0000000000000000
84 -89 84 0000000000000000
84 -89 91 0000000000000000
84 -89 98 0000000000000000
84 -86 -70 0000000000000000
84 -86 -63 0000000000000000
84 -86 -56 0000000000000000
84 -86 -49 0000000000000000
84 -86 -42 0000000000000000
84 -86 -35 0000000000000000
84 -86 -28 0000000000000000
84 -86 -21 0000000000000000
84 -86 -14 0000000000000000
84 -86 -7 0000000000000000
84 -86 0 0000000000000000
84 -86 7 0000000000000000
84 -86 14 0000000000000000
84 -86 21 0000000000000000
84 -86 28 0000000000000000
84 -86 35 0000000000000000
84 -86 42 0000000000000000
84 -86 49 0000000000000000
84 -86 56 0000000000000000
84 -86 63 0000000000000000
84 -86 70 0000000000000000
84 -86 77 0000000000000000
84 -86 84 0000000000000000
84 -86 91 0000000000000000
84 -86 98 0000000000000000
84 -83 -70 0000000000000000
84 -83 -63 0000000000000000
84 -83 -56 0000000000000000
84 -83 -49 0000000000000000
84 -83 -42 0000000000000000
84 -83 -35 0000000000000000
84 -83 -28 0000000000000000
84 -83 -21 0000000000000000
84 -83 -14 0000000000000000
84 -83 -7 0000000000000000
84 -83 0 0000000000000000
84 -83 7 0000000000000000
84 -83 14 0000000000000000
84 -83 21 0000000000000000
84 -83 28 0000000000000000
84 -83 35 0000000000000000
84 -83 42 0000000000000000
84 -83 49 0000000000000000
84 -83 56 0000000000000000
84 -83 63 0000000000000000
84 -83 70 0000000000000000
84 -83 77 0000000000000000
84 -83 84 0000000000000000
84 -83 91 0000000000000000
84 -83 98 0000000000000000
84 -80 -70 0000000000000000
84 -80 -63 0000000000000000
84 -80 -56 0000000000000000
84 -80 -49 0000000000000000
84 -80 -42 0000000000000000
84 -80 -35 0000000000000000
84 -80 -28 0000000000000000
84 -80 -21 0000000000000000
84 -80 -14 0000000000000000
84 -80 -7 0000000000000000
84 -80 0 0000000000000000
84 -80 7 0000000000000000
84 -80 14 0000000000000000
84 -80 21 0000000000000000
84 -80 28 0000000000000000
84 -80 35 0000000000000000
84 -80 42 0000000000000000
84 -80 49 0000000000000000
84 -80 56 0000000000000000
84 -80 63 0000000000000000
84 -80 70 0000000000000000
84 -80 77 0000000000000000
84 -80 84 0000000000000000
84 -80 91 0000000000000000
84 -80 98 0000000000000000
84 -77 -70 0000000000000000
84 -77 -63 0000000000000000
84 -77 -56 0000000000000000
84 -77 -49 0000000000000000
84 -77 -42 0000000000000000
84 -77 -35 0000000000000000
84 -77 -28 0000000000000000
84 -77 -21 0000000000000000
84 -77 -14 0000000000000000
84 -77 -7 0000000000000000
84 -77 0 0000000000000000
84 -77 7 0000000000000000
84 -77 14 0000000000000000
84 -77 21 0000000000000000
84 -77 28 0000000000000000
84 -77 35 0000000000000000
84 -77 42 0000000000000000
84 -77 49 0000000000000000
84 -77 56 0000000000000000
84 -77 63 0000000000000000
84 -77 70 0000000000000000
84 -77 77 0000000000000000
84 -77 84 0000000000000000
84 -77 91 0000000000000000
84 -77 98 0000000000000000
84 -74 -70 0000000000000000
84 -74 -63 0000000000000000
84 -74 -56 0000000000000000
84 -74 -49 0000000000000000
84 -74 -42 0000000000000000
84 -74 -35 0000000000000000
84 -74 -28 0000000000000000
84 -74 -21 0000000000000000
84 -74 -14 0000000000000000
84 -74 -7 0000000000000000
84 -74 0 0000000000000000
84 -74 7 0000000000000000
84 -74 14 0000000000000000
84 -74 21 0000000000000000
84 -74 28 0000000000000000
84 -74 35 0000000000000000
84 -74 42 0000000000000000
84 -74 49 0000000000000000
84 -74 56 0000000000000000
84 -74 63 0000000000000000
84 -74 70 0000000000000000
84 -74 77 0000000000000000
84 -74 84 0000000000000000
84 -74 91 0000000000000000
84 -74 98 0000000000000000
84 -71 -70 0000000000000000
84 -71 -63 0000000000000000
84 -71 -56 0000000000000000
84 -71 -49 0000000000000000
84 -71 -42 0000000000000000
84 -71 -35 0000000000000000
84 -71 -28 0000000000000000
84 -71 -21 0000000000000000
84 -71 -14 0000000000000000
84 -71 -7 0000000000000000
84 -71 0 0000000000000000
84 -71 7 0000000000000000
84 -71 14 0000000000000000
84 -71 21 0000000000000000
84 -71 28 0000000000000000
84 -71 35 0000000000000000
84 -71 42 0000000000000000
84 -71 49 0000000000000000
84 -71 56 0000000000000000
84 -71 63 0000000000000000
84 -71 70 0000000000000000
84 -71 77 0000000000000000
84 -71 84 0000000000000000
84 -71 91 0000000000000000
84 -71 98 0000000000000000
84 -68 -70 0000000000000000
84 -68 -63 0000000000000000
84 -68 -56 0000000000000000
84 -68 -49 0000000000000000
84 -68 -42 0000000000000000
84 -68 -35 0000000000000000
84 -68 -28 0000000000000000
84 -68 -21 0000000000000000
84 -68 -14 0000000000000000
84 -68 -7 0000000000000000
84 -68 0 0000000000000000
84 -68 7 0000000000000000
84 -68 14 0000000000000000
84 -68 21 0000000000000000
84 -68 28 0000000000000000
84 -68 35 0000000000000000
84 -68 42 0000000000000000
84 -68 49 0000000000000000
84 -68 56 0000000000000000
84 -68 63 0000000000000000
84 -68 70 0000000000000000
84 -68 77 0000000000000000
84 -68 84 0000000000000000
84 -68 91 0000000000000000
84 -68 98 0000000000000000
84 -65 -70 0000000000000000
84 -65 -63 0000000000000000
84 -65 -56 0000000000000000
84 -65 -49 0000000000000000
84 -65 -42 0000000000000000
84 -65 -35 0000000000000000
84 -65 -28 0000000000000000
84 -65 -21 0000000000000000
84 -65 -14 0000000000000000
84 -65 -7 0000000000000000
84 -65 0 0000000000000000
84 -65 7 0000000000000000
84 -65 14 0000000000000000
84 -65 21 0000000000000000
84 -65 28 0000000000000000
84 -65 35 0000000000000000
84 -65 42 0000000000000000
84 -65 49 0000000000000000
84 -65 56 0000000000000000
84 -65 63 0000000000000000
84 -65 70 0000000000000000
84 -65 77 0000000000000000
84 -65 84 0000000000000000
84 -65 91 0000000000000000
84 -65 98 0000000000000000
84 -62 -70 0000000000000000
84 -62 -63 0000000000000000
84 -62 -56 0000000000000000
84 -62 -49 0000000000000000
84 -62 -42 0000000000000000
84 -62 -35 0000000000000000
84 -62 -28 0000000000000000
84 -62 -21 0000000000000000
84 -62 -14 0000000000000000
84 -62 -7 0000000000000000
84 -62 0 0000000000000000
84 -62 7 0000000000000000
84 -62 14 0000000000000000
84 -62 21 0000000000000000
84 -62 28 0000000000000000
84 -62 35 0000000000000000
84 -62 42 0000000000000000
84 -62 49 0000000000000000
84 -62 56 0000000000000000
84 -62 63 0000000000000000
84 -62 70 0000000000000000
84 -62 77 0000000000000000
84 -62 84 0000000000000000
84 -62 91 0000000000000000
84 -62 98 0000000000000000
84 -59 -70 0000000000000000
84 -59 -63 0000000000000000
84 -59 -56 0000000000000000
84 -59 -49 0000000000000000
84 -59 -42 0000000000000000
84 -59 -35 0000000000000000
84 -59 -28 0000000000000000
84 -59 -21 0000000000000000
84 -59 -14 0000000000000000
84 -59 -7 0000000000000000
84 -59 0 0000000000000000
84 -59 7 0000000000000000
84 -59 14 0000000000000000
84 -59 21 0000000000000000
84 -59 28 0000000000000000
84 -59 35 0000000000000000
84 -59 42 0000000000000000
84 -59 49 0000000000000000
84 -59 56 0000000000000000
84 -59 63 0000000000000000
84 -59 70 0000000000000000
84 -59 77 0000000000000000
84 -59 84 0000000000000000
84 -59 91 0000000000000000
84 -59 98 0000000000000000
84 -56 -70 0000000000000000
84 -56 -63 0000000000000000
84 -56 -56 0000000000000000
84 -56 -49 0000000000000000
84 -56 -42 0000000000000000
84 -56 -35 0000000000000000
84 -56 -28 0000000000000000
84 -56 -21 0000000000000000
84 -56 -14 0000000000000000
84 -56 -7 0000000000000000
84 -56 0 0000000000000000
84 -56 7 0000000000000000
84 -56 14 0000000000000000
84 -56 21 0000000000000000
84 -56 28 0000000000000000
84 -56 35 0000000000000000
84 -56 42 0000000000000000
84 -56 49 0000000000000000
84 -56 56 0000000000000000
84 -56 63 0000000000000000
84 -56 70 0000000000000000
84 -56 77 0000000000000000
84 -56 84 0000000000000000
84 -56 91 0000000000000000
84 -56 98 0000000000000000
84 -53 -70 0000000000000000
84 -53 -63 0000000000000000
84 -53 -56 0000000000000000
84 -53 -49 0000000000000000
84 -53 -42 0000000000000000
84 -53 -35 0000000000000000
84 -53 -28 0000000000000000
84 -53 -21 0000000000000000
84 -53 -14 0000000000000000
84 -53 -7 0000000000000000
84 -53 0 0000000000000000
84 -53 7 0000000000000000
84 -53 14 0000000000000000
84 -53 21 0000000000000000
84 -53 28 0000000000000000
84 -53 35 0000000000000000
84 -53 42 0000000000000000
84 -53 49 0000000000000000
84 -53 56 0000000000000000
84 -53 63 0000000000000000
84 -53 70 0000000000000000
84 -53 77 0000000000000000
84 -53 84 0000000000000000
84 -53 91 0000000000000000
84 -53 98 0000000000000000
84 -50 -70 0000000000000000
84 -50 -63 0000000000000000
84 -50 -56 0000000000000000
84 -50 -49 0000000000000000
84 -50 -42 0000000000000000
84 -50 -35 0000000000000000
84 -50 -28 0000000000000000
84 -50 -21 0000000000000000
84 -50 -14 0000000000000000
84 -50 -7 0000000000000000
84 -50 0 0000000000000000
84 -50 7 0000000000000000
84 -50 14 0000000000000000
84 -50 21 0000000000000000
84 -50 28 0000000000000000
84 -50 35 0000000000000000
84 -50 42 0000000000000000
84 -50 49 0000000000000000
84 -50 56 0000000000000000
84 -50 63 0000000000000000
84 -50 70 0000000000000000
84 -50 77 0000000000000000
84 -50 84 0000000000000000
84 -50 91 0000000000000000
84 -50 98 0000000000000000
84 -47 -70 0000000000000000
84 -47 -63 0000000000000000
84 -47 -56 0000000000000000
84 -47 -49 0000000000000000
84 -47 -42 0000000000000000
84 -47 -35 0000000000000000
84 -47 -28 0000000000000000
84 -47 -21 0000000000000000
84 -47 -14 0000000000000000
84 -47 -7 0000000000000000
84 -47 0 0000000000000000
84 -47 7 0000000000000000
84 -47 14 0000000000000000
84 -47 21 0000000000000000
84 -47 28 0000000000000000
84 -47 35 0000000000000000
84 -47 42 0000000000000000
84 -47 49 0000000000000000
84 -47 56 0000000000000000
84 -47 63 0000000000000000
84 -47 70 0000000000000000
84 -47 77 0000000000000000
84 -47 84 0000000000000000
84 -47 91 0000000000000000
84 -47 98 0000000000000000
84 -44 -70 0000000000000000
84 -44 -63 0000000000000000
84 -44 -56 0000000000000000
84 -44 -49 0000000000000000
84 -44 -42 0000000000000000
84 -44 -35 0000000000000000
84 -44 -28 0000000000000000
84 -44 -21 0000000000000000
84 -44 -14 0000000000000000
84 -44 -7 0000000000000000
84 -44 0 0000000000000000
84 -44 7 0000000000000000
84 -44 14 0000000000000000
84 -44 21 0000000000000000
84 -44 28 0000000000000000
84 -44 35 0000000000000000
84 -44 42 0000000000000000
84 -44 49 0000000000000000
84 -44 56 0000000000000000
84 -44 63 0000000000000000
84 -44 70 0000000000000000
84 -44 77 0000000000000000
84 -44 84 0000000000000000
84 -44 91 0000000000000000
84 -44 98 0000000000000000
84 -41 -70 0000000000000000
84 -41 -63 0000000000000000
84 -41 -56 0000000000000000
84 -41 -49 0000000000000000
84 -41 -42 0000000000000000
84 -41 -35 0000000000000000
84 -41 -28 0000000000000000
84 -41 -21 0000000000000000
84 -41 -14 0000000000000000
84 -41 -7 0000000000000000
84 -41 0 0000000000000000
84 -41 7 0000000000000000
84 -41 14 0000000000000000
84 -41 21 0000000000000000
84 -41 28 0000000000000000
84 -41 35 0000000000000000
84 -41 42 0000000000000000
84 -41 49 0000000000000000
84 -41 56 0000000000000000
84 -41 63 0000000000000000
84 -41 70 0000000000000000
84 -41 77 0000000000000000
84 -41 84 0000000000000000
84 -41 91 0000000000000000
84 -41 98 0000000000000000
84 -38 -70 0000000000000000
84 -38 -63 0000000000000000
84 -38 -56 0000000000000000
84 -38 -49 0000000000000000
84 -38 -42 0000000000000000
84 -38 -35 0000000000000000
84 -38 -28 0000000000000000
84 -38 -21 0000000000000000
84 -38 -14 0000000000000000
84 -38 -7 0000000000000000
84 -38 0 0000000000000000
84 -38 7 0000000000000000
84 -38 14 0000000000000000
84 -38 21 0000000000000000
84 -38 28 0000000000000000
84 -38 35 0000000000000000
84 -38 42 0000000000000000
84 -38 49 0000000000000000
84 -38 56 0000000000000000
84 -38 63 0000000000000000
84 -38 70 0000000000000000
84 -38 77 0000000000000000
84 -38 84 0000000000000000
84 -38 91 0000000000000000
84 -38 98 0000000000000000
84 -35 -70 0000000000000000
84 -35 -63 0000000000000000
84 -35 -56 0000000000000000
84 -35 -49 0000000000000000
84 -35 -42 0000000000000000
84 -35 -35 0000000000000000
84 -35 -28 0000000000000000
84 -35 -21 0000000000000000
84 -35 -14 0000000000000000
84 -35 -7 0000000000000000
84 -35 0 0000000000000000
84 -35 7 0000000000000000
84 -35 14 0000000000000000
84 -35 21 0000000000000000
84 -35 28 0000000000000000
84 -35 35 0000000000000000
84 -35 42 0000000000000000
84 -35 49 0000000000000000
84 -35 56 0000000000000000
84 -35 63 0000000000000000
84 -35 70 0000000000000000
84 -35 77 0000000000000000
84 -35 84 0000000000000000
84 -35 91 0000000000000000
84 -35 98 0000000000000000
84 -32 -70 0000000000000000
84 -32 -63 0000000000000000
84 -32 -56 0000000000000000
84 -32 -49 0000000000000000
84 -32 -42 0000000000000000
84 -32 -35 0000000000000000
84 -32 -28 0000000000000000
84 -32 -21 0000000000000000
84 -32 -14 0000000000000000
84 -32 -7 0000000000000000
84 -32 0 0000000000000000
84 -32 7 0000000000000000
84 -32 14 0000000000000000
84 -32 21 0000000000000000
84 -32 28 0000000000000000
84 -32 35 0000000000000000
84 -32 42 0000000000000000
84 -32 49 0000000000000000
84 -32 56 0000000000000000
84 -32 63 0000000000000000
84 -32 70 0000000000000000
84 -32 77 0000000000000000
84 -32 84 0000000000000000
84 -32 91 0000000000000000
84 -32 98 0000000000000000
84 -29 -70 0000000000000000
84 -29 -63 0000000000000000
84 -29 -56 0000000000000000
84 -29 -49 0000000000000000
84 -29 -42 0000000000000000
84 -29 -35 0000000000000000
84 -29 -28 0000000000000000
84 -29 -21 0000000000000000
84 -29 -14 0000000000000000
84 -29 -7 0000000000000000
84 -29 0 0000000000000000
84 -29 7 0000000000000000
84 -29 14 0000000000000000
84 -29 21 0000000000000000
84 -29 28 0000000000000000
84 -29 35 0000000000000000
84 -29 42 0000000000000000
84 -29 49 0000000000000000
84 -29 56 0000000000000000
84 -29 63 0000000000000000
84 -29 70 0000000000000000
84 -29 77 0000000000000000
84 -29 84 0000000000000000
84 -29 91 0000000000000000
84 -29 98 0000000000000000
84 -26 -70 0000000000000000
84 -26 -63 0000000000000000
84 -26 -56 0000000000000000
84 -26 -49 0000000000000000
84 -26 -42 0000000000000000
84 -26 -35 0000000000000000
84 -26 -28 0000000000000000
84 -26 -21 0000000000000000
84 -26 -14 0000000000000000
84 -26 -7 0000000000000000
84 -26 0 0000000000000000
84 -26 7 0000000000000000
84 -26 14 0000000000000000
84 -26 21 0000000000000000
84 -26 28 0000000000000000
84 -26 35 0000000000000000
84 -26 42 0000000000000000
84 -26 49 0000000000000000
84 -26 56 0000000000000000
84 -26 63 0000000000000000
84 -26 70 0000000000000000
84 -26 77 0000000000000000
84 -26 84 0000000000000000
84 -26 91 0000000000000000
84 -26 98 0000000000000000
84 -23 -70 0000000000000000
84 -23 -63 0000000000000000
84 -23 -56 0000000000000000
84 -23 -49 0000000000000000
84 -23 -42 0000000000000000
84 -23 -35 0000000000000000
84 -23 -28 0000000000000000
84 -23 -21 0000000000000000
84 -23 -14 0000000000000000
84 -23 -7 0000000000000000
84 -23 0 0000000000000000
84 -23 7 0000000000000000
84 -23 14 0000000000000000
84 -23 21 0000000000000000
84 -23 28 0000000000000000
84 -23 35 0000000000000000
84 -23 42 0000000000000000
84 -23 49 0000000000000000
84 -23 56 0000000000000000
84 -23 63 0000000000000000
84 -23 70 0000000000000000
84 -23 77 0000000000000000
84 -23 84 0000000000000000
84 -23 91 0000000000000000
84 -23 98 0000000000000000
84 -20 -70 0000000000000000
84 -20 -63 0000000000000000
84 -20 -56 0000000000000000
84 -20 -49 0000000000000000
84 -20 -42 0000000000000000
84 -20 -35 0000000000000000
84 -20 -28 0000000000000000
84 -20 -21 0000000000000000
84 -20 -14 0000000000000000
84 -20 -7 0000000000000000
84 -20 0 0000000000000000
84 -20 7 0000000000000000
84 -20 14 0000000000000000
84 -20 21 0000000000000000
84 -20 28 0000000000000000
84 -20 35 0000000000000000
84 -20 42 0000000000000000
84 -20 49 0000000000000000
84 -20 56 0000000000000000
84 -20 63 0000000000000000
84 -20 70 0000000000000000
84 -20 77 0000000000000000
84 -20 84 0000000000000000
84 -20 91 0000000000000000
84 -20 98 0000000000000000
84 -17 -70 0000000000000000
84 -17 -63 0000000000000000
84 -17 -56 0000000000000000
84 -17 -49 0000000000000000
84 -17 -42 0000000000000000
84 -17 -35 0000000000000000
84 -17 -28 0000000000000000
84 -17 -21 0000000000000000
84 -17 -14 0000000000000000
84 -17 -7 0000000000000000
84 -17 0 0000000000000000
84 -17 7 0000000000000000
84 -17 14 0000000000000000
84 -17 21 0000000000000000
84 -17 28 0000000000000000
84 -17 35 0000000000000000
84 -17 42 0000000000000000
84 -17 49 0000000000000000
84 -17 56 0000000000000000
84 -17 63 0000000000000000
84 -17 70 0000000000000000
84 -17 77 0000000000000000
84 -17 84 0000000000000000
84 -17 91 0000000000000000
84 -17 98 0000000000000000
84 -14 -70 0000000000000000
84 -14 -63 0000000000000000
84 -14 -56 0000000000000000
84 -14 -49 0000000000000000
84 -14 -42 0000000000000000
84 -14 -35 0000000000000000
84 -14 -28 0000000000000000
84 -14 -21 0000000000000000
84 -14 -14 0000000000000000
84 -14 -7 0000000000000000
84 -14 0 0000000000000000
84 -14 7 0000000000000000
84 -14 14 0000000000000000
84 -14 21 0000000000000000
84 -14 28 0000000000000000
84 -14 35 0000000000000000
84 -14 42 0000000000000000
84 -14 49 0000000000000000
84 -14 56 0000000000000000
84 -14 63 0000000000000000
84 -14 70 0000000000000000
84 -14 77 0000000000000000
84 -14 84 0000000000000000
84 -14 91 0000000000000000
84 -14 98 0000000000000000
84 -11 -70 0000000000000000
84 -11 -63 0000000000000000
84 -11 -56 0000000000000000
84 -11 -49 0000000000000000
84 -11 -42 0000000000000000
84 -11 -35 0000000000000000
84 -11 -28 0000000000000000
84 -11 -21 0000000000000000
84 -11 -14 0000000000000000
84 -11 -7 0000000000000000
84 -11 0 0000000000000000
84 -11 7 0000000000000000
84 -11 14 0000000000000000
84 -11 21 0000000000000000
84 -11 28 0000000000000000
84 -11 35 0000000000000000
84 -11 42 0000000000000000
84 -11 49 0000000000000000
84 -11 56 0000000000000000
84 -11 63 0000000000000000
84 -11 70 0000000000000000
84 -11 77 0000000000000000
84 -11 84 0000000000000000
84 -11 91 0000000000000000
84 -11 98 0000000000000000
84 -8 -70 0000000000000000
84 -8 -63 0000000000000000
84 -8 -56 0000000000000000
84 -8 -49 0000000000000000
84 -8 -42 0000000000000000
84 -8 -35 0000000000000000
84 -8 -28 0000000000000000
84 -8 -21 0000000000000000
84 -8 -14 0000000000000000
84 -8 -7 0000000000000000
84 -8 0 0000000000000000
84 -8 7 0000000000000000
84 -8 14 0000000000000000
84 -8 21 0000000000000000
84 -8 28 0000000000000000
84 -8 35 0000000000000000
84 -8 42 0000000000000000
84 -8 49 0000000000000000
84 -8 56 0000000000000000
84 -8 63 0000000000000000
84 -8 70 0000000000000000
84 -8 77 0000000000000000
84 -8 84 0000000000000000
84 -8 91 0000000000000000
84 -8 98 0000000000000000
84 -5 -70 0000000000000000
84 -5 -63 0000000000000000
84 -5 -56 0000000000000000
84 -5 -49 0000000000000000
84 -5 -42 0000000000000000
84 -5 -35 0000000000000000
84 -5 -28 0000000000000000
84 -5 -21 0000000000000000
84 -5 -14 0000000000000000
84 -5 -7 0000000000000000
84 -5 0 0000000000000000
84 -5 7 0000000000000000
84 -5 14 0000000000000000
84 -5 21 0000000000000000
84 -5 28 0000000000000000
84 -5 35 0000000000000000
84 -5 42 0000000000000000
84 -5 49 0000000000000000
84 -5 56 0000000000000000
84 -5 63 0000000000000000
84 -5 70 0000000000000000
84 -5 77 0000000000000000
84 -5 84 0000000000000000
84 -5 91 0000000000000000
84 -5 98 0000000000000000
84 -2 -70 0000000000000000
84 -2 -63 0000000000000000
84 -2 -56 0000000000000000
84 -2 -49 0000000000000000
84 -2 -42 0000000000000000
84 -2 -35 0000000000000000
84 -2 -28 0000000000000000
84 -2 -21 0000000000000000
84 -2 -14 0000000000000000
84 -2 -7 0000000000000000
84 -2 0 0000000000000000
84 -2 7 0000000000000000
84 -2 14 0000000000000000
84 -2 21 0000000000000000
84 -2 28 0000000000000000
84 -2 35 0000000000000000
84 -2 42 0000000000000000
84 -2 49 0000000000000000
84 -2 56 0000000000000000
84 -2 63 0000000000000000
84 -2 70 0000000000000000
84 -2 77 0000000000000000
84 -2 84 0000000000000000
84 -2 91 0000000000000000
84 -2 98 0000000000000000
84 1 -70 0000000000000000
84 1 -63 0000000000000000
84 1 -56 0000000000000000
84 1 -49 0000000000000000
84 1 -42 0000000000000000
84 1 -35 0000000000000000
84 1 -28 0000000000000000
84 1 -21 0000000000000000
84 1 -14 0000000000000000
84 1 -7 0000000000000000
84 1 0 0000000000000000
84 1 7 0000000000000000
84 1 14 0000000000000000
84 1 21 0000000000000000
84 1 28 0000000000000000
84 1 35 0000000000000000
84 1 42 0000000000000000
84 1 49 0000000000000000
84 1 56 0000000000000000
84 1 63 0000000000000000
84 1 70 0000000000000000
84 1 77 0000000000000000
84 1 84 0000000000000000
84 1 91 0000000000000000
84 1 98 0000000000000000
84 4 -70 0000000000000000
84 4 -63 0000000000000000
84 4 -56 0000000000000000
84 4 -49 0000000000000000
84 4 -42 0000000000000000
84 4 -35 0000000000000000
84 4 -28 0000000000000000
84 4 -21 0000000000000000
84 4 -14 0000000000000000
84 4 -7 0000000000000000
84 4 0 0000000000000000
84 4 7 0000000000000000
84 4 14 0000000000000000
84 4 21 0000000000000000
84 4 28 0000000000000000
84 4 35 0000000000000000
84 4 42 0000000000000000
84 4 49 0000000000000000
84 4 56 0000000000000000
84 4 63 0000000000000000
84 4 70 0000000000000000
84 4 77 0000000000000000
84 4 84 0000000000000000
84 4 91 0000000000000000
84 4 98 0000000000000000
84 7 -70 0000000000000000
84 7 -63 0000000000000000
84 7 -56 0000000000000000
84 7 -49 0000000000000000
84 7 -42 0000000000000000
84 7 -35 0000000000000000
84 7 -28 0000000000000000
84 7 -21 0000000000000000
84 7 -14 0000000000000000
84 7 -7 0000000000000000
84 7 0 0000000000000000
84 7 7 0000000000000000
84 7 14 0000000000000000
84 7 21 0000000000000000
84 7 28 0000000000000000
84 7 35 0000000000000000
84 7 42 0000000000000000
84 7 49 0000000000000000
84 7 56 0000000000000000
84 7 63 0000000000000000
84 7 70 0000000000000000
84 7 77 0000000000000000
84 7 84 0000000000000000
84 7 91 0000000000000000
84 7 98 0000000000000000
84 10 -70 0000000000000000
84 10 -63 0000000000000000
84 10 -56 0000000000000000
84 10 -49 0000000000000000
84 10 -42 0000000000000000
84 10 -35 0000000000000000
84 10 -28 0000000000000000
84 10 -21 0000000000000000
84 10 -14 0000000000000000
84 10 -7 0000000000000000
84 10 0 0000000000000000
84 10 7 0000000000000000
84 10 14 0000000000000000
84 10 21 0000000000000000
84 10 28 0000000000000000
84 10 35 0000000000000000
84 10 42 0000000000000000
84 10 49 0000000000000000
84 10 56 0000000000000000
84 10 63 0000000000000000
84 10 70 0000000000000000
84 10 77 0000000000000000
84 10 84 0000000000000000
84 10 91 0000000000000000
84 10 98 0000000000000000
84 13 -70 0000000000000000
84 13 -63 0000000000000000
84 13 -56 0000000000000000
84 13 -49 0000000000000000
84 13 -42 0000000000000000
84 13 -35 0000000000000000
84 13 -28 0000000000000000
84 13 -21 0000000000000000
84 13 -14 0000000000000000
84 13 -7 0000000000000000
84 13 0 0000000000000000
84 13 7 0000000000000000
84 13 14 0000000000000000
84 13 21 0000000000000000
84 13 28 0000000000000000
84 13 35 0000000000000000
84 13 42 0000000000000000
84 13 49 0000000000000000
84 13 56 0000000000000000
84 13 63 0000000000000000
84 13 70 0000000000000000
84 13 77 0000000000000000
84 13 84 0000000000000000
84 13 91 0000000000000000
84 13 98 0000000000000000
84 16 -70 0000000000000000
84 16 -63 0000000000000000
84 16 -56 0000000000000000
84 16 -49 0000000000000000
84 16 -42 0000000000000000
84 16 -35 0000000000000000
84 16 -28 0000000000000000
84 16 -21 0000000000000000
84 16 -14 0000000000000000
84 16 -7 0000000000000000
84 16 0 0000000000000000
84 16 7 0000000000000000
84 16 14 0000000000000000
84 16 21 0000000000000000
84 16 28 0000000000000000
84 16 35 0000000000000000
84 16 42 0000000000000000
84 16 49 0000000000000000
84 16 56 0000000000000000
84 16 63 0000000000000000
84 16 70 0000000000000000
84 16 77 0000000000000000
84 16 84 0000000000000000
84 16 91 0000000000000000
84 16 98 0000000000000000
84 19 -70 0000000000000000
84 19 -63 0000000000000000
84 19 -56 0000000000000000
84 19 -49 0000000000000000
84 19 -42 0000000000000000
84 19 -35 0000000000000000
84 19 -28 0000000000000000
84 19 -21 0000000000000000
84 19 -14 0000000000000000
84 19 -7 0000000000000000
84 19 0 0000000000000000
84 19 7 0000000000000000
84 19 14 0000000000000000
84 19 21 0000000000000000
84 19 28 0000000000000000
84 19 35 0000000000000000
84 19 42 0000000000000000
84 19 49 0000000000000000
84 19 56 0000000000000000
84 19 63 0000000000000000
84 19 70 0000000000000000
84 19 77 0000000000000000
84 19 84 0000000000000000
84 19 91 0000000000000000
84 19 98 0000000000000000
84 22 -70 0000000000000000
84 22 -63 0000000000000000
84 22 -56 0000000000000000
84 22 -49 0000000000000000
84 22 -42 0000000000000000
84 22 -35 0000000000000000
84 22 -28 0000000000000000
84 22 -21 0000000000000000
84 22 -14 0000000000000000
84 22 -7 0000000000000000
84 22 0 0000000000000000
84 22 7 0000000000000000
84 22 14 0000000000000000
84 22 21 0000000000000000
84 22 28 0000000000000000
84 22 35 0000000000000000
84 22 42 0000000000000000
84 22 49 0000000000000000
84 22 56 0000000000000000
84 22 63 0000000000000000
84 22 70 0000000000000000
84 22 77 0000000000000000
84 22 84 0000000000000000
84 22 91 0000000000000000
84 22 98 0000000000000000
84 25 -70 0000000000000000
84 25 -63 0000000000000000
84 25 -56 0000000000000000
84 25 -49 0000000000000000
84 25 -42 0000000000000000
84 25 -35 0000000000000000
84 25 -28 0000000000000000
84 25 -21 0000000000000000
84 25 -14 0000000000000000
84 25 -7 0000000000000000
84 25 0 0000000000000000
84 25 7 0000000000000000
84 25 14 0000000000000000
84 25 21 0000000000000000
84 25 28 0000000000000000
84 25 35 0000000000000000
84 25 42 0000000000000000
84 25 49 0000000000000000
84 25 56 0000000000000000
84 25 63 0000000000000000
84 25 70 0000000000000000
84 25 77 0000000000000000
84 25 84 0000000000000000
84 25 91 0000000000000000
84 25 98 0000000000000000
84 28 -70 0000000000000000
84 28 -63 0000000000000000
84 28 -56 0000000000000000
84 28 -49 0000000000000000
84 28 -42 0000000000000000
84 28 -35 0000000000000000
84 28 -28 0000000000000000
84 28 -21 0000000000000000
84 28 -14 0000000000000000
84 28 -7 0000000000000000
84 28 0 0000000000000000
84 28 7 0000000000000000
84 28 14 0000000000000000
84 28 21 0000000000000000
84 28 28 0000000000000000
84 28 35 0000000000000000
84 28 42 0000000000000000
84 28 49 0000000000000000
84 28 56 0000000000000000
84 28 63 0000000000000000
84 28 70 0000000000000000
84 28 77 0000000000000000
84 28 84 0000000000000000
84 28 91 0000000000000000
84 28 98 0000000000000000
84 31 -70 0000000000000000
84 31 -63 0000000000000000
84 31 -56 0000000000000000
84 31 -49 0000000000000000
84 31 -42 0000000000000000
84 31 -35 0000000000000000
84 31 -28 0000000000000000
84 31 -21 0000000000000000
84 31 -14 0000000000000000
84 31 -7 0000000000000000
84 31 0 0000000000000000
84 31 7 0000000000000000
84 31 14 0000000000000000
84 31 21 0000000000000000
84 31 28 0000000000000000
84 31 35 0000000000000000
84 31 42 0000000000000000
84 31 49 0000000000000000
84 31 56 0000000000000000
84 31 63 0000000000000000
84 31 70 0000000000000000
84 31 77 0000000000000000
84 31 84 0000000000000000
84 31 91 0000000000000000
84 31 98 0000000000000000
84 34 -70 0000000000000000
84 34 -63 0000000000000000
84 34 -56 0000000000000000
84 34 -49 0000000000000000
84 34 -42 0000000000000000
84 34 -35 0000000000000000
84 34 -28 0000000000000000
84 34 -21 0000000000000000
84 34 -14 0000000000000000
84 34 -7 0000000000000000
84 34 0 0000000000000000
84 34 7 0000000000000000
84 34 14 0000000000000000
84 34 21 0000000000000000
84 34 28 0000000000000000
84 34 35 0000000000000000
84 34 42 0000000000000000
84 34 49 0000000000000000
84 34 56 0000000000000000
84 34 63 0000000000000000
84 34 70 0000000000000000
84 34 77 0000000000000000
84 34 84 0000000000000000
84 34 91 0000000000000000
84 34 98 0000000000000000
84 37 -70 0000000000000000
84 37 -63 0000000000000000
84 37 -56 0000000000000000
84 37 -49 0000000000000000
84 37 -42 0000000000000000
84 37 -35 0000000000000000
84 37 -28 0000000000000000
84 37 -21 0000000000000000
84 37 -14 0000000000000000
84 37 -7 0000000000000000
84 37 0 0000000000000000
84 37 7 0000000000000000
84 37 14 0000000000000000
84 37 21 0000000000000000
84 37 28 0000000000000000
84 37 35 0000000000000000
84 37 42 0000000000000000
84 37 49 0000000000000000
84 37 56 0000000000000000
84 37 63 0000000000000000
84 37 70 0000000000000000
84 37 77 0000000000000000
84 37 84 0000000000000000
84 37 91 0000000000000000
84 37 98 0000000000000000
84 40 -70 0000000000000000
84 40 -63 0000000000000000
84 40 -56 0000000000000000
84 40 -49 0000000000000000
84 40 -42 0000000000000000
84 40 -35 0000000000000000
84 40 -28 0000000000000000
84 40 -21 0000000000000000
84 40 -14 0000000000000000
84 40 -7 0000000000000000
84 40 0 0000000000000000
84 40 7 0000000000000000
84 40 14 0000000000000000
84 40 21 0000000000000000
84 40 28 0000000000000000
84 40 35 0000000000000000
84 40 42 0000000000000000
84 40 49 0000000000000000
84 40 56 0000000000000000
84 40 63 0000000000000000
84 40 70 0000000000000000
84 40 77 0000000000000000
84 40 84 0000000000000000
84 40 91 0000000000000000
84 40 98 0000000000000000
84 43 -70 0000000000000000
84 43 -63 0000000000000000
84 43 -56 0000000000000000
84 43 -49 0000000000000000
84 43 -42 0000000000000000
84 43 -35 0000000000000000
84 43 -28 0000000000000000
84 43 -21 0000000000000000
84 43 -14 0000000000000000
84 43 -7 0000000000000000
84 43 0 0000000000000000
84 43 7 0000000000000000
84 43 14 0000000000000000
84 43 21 0000000000000000
84 43 28 0000000000000000
84 43 35 0000000000000000
84 43 42 0000000000000000
84 43 49 0000000000000000
84 43 56 0000000000000000
84 43 63 0000000000000000
84 43 70 0000000000000000
84 43 77 0000000000000000
84 43 84 0000000000000000
84 43 91 0000000000000000
84 43 98 0000000000000000
91 -95 -70 0000000000000000
91 -95 -63 0000000000000000
91 -95 -56 0000000000000000
91 -95 -49 0000000000000000
91 -95 -42 0000000000000000
91 -95 -35 0000000000000000
91 -95 -28 0000000000000000
91 -95 -21 0000000000000000
91 -95 -14 0000000000000000
91 -95 -7 0000000000000000
91 -95 0 0000000000000000
91 -95 7 0000000000000000
91 -95 14 0000000000000000
91 -95 21 0000000000000000
91 -95 28 0000000000000000
91 -95 35 0000000000000000
91 -95 42 0000000000000000
91 -95 49 0000000000000000
91 -95 56 0000000000000000
91 -95 63 0000000000000000
91 -95 70 0000000000000000
91 -95 77 0000000000000000
91 -95 84 0000000000000000
91 -95 91 0000000000000000
91 -95 98 0000000000000000
91 -92 -70 0000000000000000
91 -92 -63 0000000000000000
91 -92 -56 0000000000000000
91 -92 -49 0000000000000000
91 -92 -42 0000000000000000
91 -92 -35 0000000000000000
91 -92 -28 0000000000000000
91 -92 -21 0000000000000000
91 -92 -14 0000000000000000
91 -92 -7 0000000000000000
91 -92 0 0000000000000000
91 -92 7 0000000000000000
91 -92 14 0000000000000000
91 -92 21 0000000000000000
91 -92 28 0000000000000000
91 -92 35 0000000000000000
91 -92 42 0000000000000000
91 -92 49 0000000000000000
91 -92 56 0000000000000000
91 -92 63 0000000000000000
91 -92 70 0000000000000000
91 -92 77 0000000000000000
91 -92 84 0000000000000000
91 -92 91 0000000000000000
91 -92 98 0000000000000000
91 -89 -70 0000000000000000
91 -89 -63 0000000000000000
91 -89 -56 0000000000000000
91 -89 -49 0000000000000000
91 -89 -42 0000000000000000
91 -89 -35 0000000000000000
91 -89 -28 0000000000000000
91 -89 -21 0000000000000000
91 -89 -14 0000000000000000
91 -89 -7 0000000000000000
91 -89 0 0000000000000000
91 -89 7 0000000000000000
91 -89 14 0000000000000000
91 -89 21 0000000000000000
91 -89 28 0000000000000000
91 -89 35 0000000000000000
91 -89 42 0000000000000000
91 -89 49 0000000000000000
91 -89 56 0000000000000000
91 -89 63 0000000000000000
91 -89 70 0000000000000000
91 -89 77 0000000000000000
91 -89 84 0000000000000000
91 -89 91 0000000000000000
91 -89 98 0000000000000000
91 -86 -70 0000000000000000
91 -86 -63 0000000000000000
91 -86 -56 0000000000000000
91 -86 -49 0000000000000000
91 -86 -42 0000000000000000
91 -86 -35 0000000000000000
91 -86 -28 0000000000000000
91 -86 -21 0000000000000000
91 -86 -14 0000000000000000
91 -86 -7 0000000000000000
91 -86 0 0000000000000000
91 -86 7 0000000000000000
91 -86 14 0000000000000000
91 -86 21 0000000000000000
91 -86 28 0000000000000000
91 -86 35 0000000000000000
91 -86 42 0000000000000000
91 -86 49 0000000000000000
91 -86 56 0000000000000000
91 -86 63 0000000000000000
91 -86 70 0000000000000000
91 -86 77 0000000000000000
91 -86 84 0000000000000000
91 -86 91 0000000000000000
91 -86 98 0000000000000000
91 -83 -70 0000000000000000
91 -83 -63 0000000000000000
91 -83 -56 0000000000000000
91 -83 -49 0000000000000000
91 -83 -42 0000000000000000
91 -83 -35 0000000000000000
91 -83 -28 0000000000000000
91 -83 -21 0000000000000000
91 -83 -14 0000000000000000
91 -83 -7 0000000000000000
91 -83 0 0000000000000000
91 -83 7 0000000000000000
91 -83 14 0000000000000000
91 -83 21 0000000000000000
91 -83 28 0000000000000000
91 -83 35 0000000000000000
91 -83 42 0000000000000000
91 -83 49 0000000000000000
91 -83 56 0000000000000000
91 -83 63 0000000000000000
91 -83 70 0000000000000000
91 -83 77 0000000000000000
91 -83 84 0000000000000000
91 -83 91 0000000000000000
91 -83 98 0000000000000000
91 -80 -70 0000000000000000
91 -80 -63 0000000000000000
91 -80 -56 0000000000000000
91 -80 -49 0000000000000000
91 -80 -42 0000000000000000
91 -80 -35 0000000000000000
91 -80 -28 0000000000000000
91 -80 -21 0000000000000000
91 -80 -14 0000000000000000
91 -80 -7 0000000000000000
91 -80 0 0000000000000000
91 -80 7 0000000000000000
91 -80 14 0000000000000000
91 -80 21 0000000000000000
91 -80 28 0000000000000000
91 -80 35 0000000000000000
91 -80 42 0000000000000000
91 -80 49 0000000000000000
91 -80 56 0000000000000000
91 -80 63 0000000000000000
91 -80 70 0000000000000000
91 -80 77 0000000000000000
91 -80 84 0000000000000000
91 -80 91 0000000000000000
91 -80 98 0000000000000000
91 -77 -70 0000000000000000
91 -77 -63 0000000000000000
91 -77 -56 0000000000000000
91 -77 -49 0000000000000000
91 -77 -42 0000000000000000
91 -77 -35 0000000000000000
91 -77 -28 0000000000000000
91 -77 -21 0000000000000000
91 -77 -14 0000000000000000
91 -77 -7 0000000000000000
91 -77 0 0000000000000000
91 -77 7 0000000000000000
91 -77 14 0000000000000000
91 -77 21 0000000000000000
91 -77 28 0000000000000000
91 -77 35 0000000000000000
91 -77 42 0000000000000000
91 -77 49 0000000000000000
91 -77 56 0000000000000000
91 -77 63 0000000000000000
91 -77 70 0000000000000000
91 -77 77 0000000000000000
91 -77 84 0000000000000000
91 -77 91 0000000000000000
91 -77 98 0000000000000000
91 -74 -70 0000000000000000
91 -74 -63 0000000000000000
91 -74 -56 0000000000000000
91 -74 -49 0000000000000000
91 -74 -42 0000000000000000
91 -74 -35 0000000000000000
91 -74 -28 0000000000000000
91 -74 -21 0000000000000000
91 -74 -14 0000000000000000
91 -74 -7 0000000000000000
91 -74 0 0000000000000000
91 -74 7 0000000000000000
91 -74 14 0000000000000000
91 -74 21 0000000000000000
91 -74 28 0000000000000000
91 -74 35 0000000000000000
91 -74 42 0000000000000000
91 -74 49 0000000000000000
91 -74 56 0000000000000000
91 -74 63 0000000000000000
91 -74 70 0000000000000000
91 -74 77 0000000000000000
91 -74 84 0000000000000000
91 -74 91 0000000000000000
91 -74 98 0000000000000000
91 -71 -70 0000000000000000
91 -71 -63 0000000000000000
91 -71 -56 0000000000000000
91 -71 -49 0000000000000000
91 -71 -42 0000000000000000
91 -71 -35 0000000000000000
91 -71 -28 0000000000000000
91 -71 -21 0000000000000000
91 -71 -14 0000000000000000
91 -71 -7 0000000000000000
91 -71 0 0000000000000000
91 -71 7 0000000000000000
91 -71 14 0000000000000000
91 -71 21 0000000000000000
91 -71 28 0000000000000000
91 -71 35 0000000000000000
91 -71 42 0000000000000000
91 -71 49 0000000000000000
91 -71 56 0000000000000000
91 -71 63 0000000000000000
91 -71 70 0000000000000000
91 -71 77 0000000000000000
91 -71 84 0000000000000000
91 -71 91 0000000000000000
91 -71 98 0000000000000000
91 -68 -70 0000000000000000
91 -68 -63 0000000000000000
91 -68 -56 0000000000000000
91 -68 -49 0000000000000000
91 -68 -42 0000000000000000
91 -68 -35 0000000000000000
91 -68 -28 0000000000000000
91 -68 -21 0000000000000000
91 -68 -14 0000000000000000
91 -68 -7 0000000000000000
91 -68 0 0000000000000000
91 -68 7 0000000000000000
91 -68 14 0000000000000000
91 -68 21 0000000000000000
91 -68 28 0000000000000000
91 -68 35 0000000000000000
91 -68 42 0000000000000000
91 -68 49 0000000000000000
91 -68 56 0000000000000000
91 -68 63 0000000000000000
91 -68 70 0000000000000000
91 -68 77 0000000000000000
91 -68 84 0000000000000000
91 -68 91 0000000000000000
91 -68 98 0000000000000000
91 -65 -70 0000000000000000
91 -65 -63 0000000000000000
91 -65 -56 0000000000000000
91 -65 -49 0000000000000000
91 -65 -42 0000000000000000
91 -65 -35 0000000000000000
91 -65 -28 0000000000000000
91 -65 -21 0000000000000000
91 -65 -14 0000000000000000
91 -65 -7 0000000000000000
91 -65 0 0000000000000000
91 -65 7 0000000000000000
91 -65 14 0000000000000000
91 -65 21 0000000000000000
91 -65 28 0000000000000000
91 -65 35 0000000000000000
91 -65 42 0000000000000000
91 -65 49 0000000000000000
91 -65 56 0000000000000000
91 -65 63 0000000000000000
91 -65 70 0000000000000000
91 -65 77 0000000000000000
91 -65 84 0000000000000000
91 -65 91 0000000000000000
91 -65 98 0000000000000000
91 -62 -70 0000000000000000
91 -62 -63 0000000000000000
91 -62 -56 0000000000000000
91 -62 -49 0000000000000000
91 -62 -42 0000000000000000
91 -62 -35 0000000000000000
91 -62 -28 0000000000000000
91 -62 -21 0000000000000000
91 -62 -14 0000000000000000
91 -62 -7 0000000000000000
91 -62 0 0000000000000000
91 -62 7 0000000000000000
91 -62 14 0000000000000000
91 -62 21 0000000000000000
91 -62 28 0000000000000000
91 -62 35 0000000000000000
91 -62 42 0000000000000000
91 -62 49 0000000000000000
91 -62 56 0000000000000000
91 -62 63 0000000000000000
91 -62 70 0000000000000000
91 -62 77 0000000000000000
91 -62 84 0000000000000000
91 -62 91 0000000000000000
91 -62 98 0000000000000000
91 -59 -70 0000000000000000
91 -59 -63 0000000000000000
91 -59 -56 0000000000000000
91 -59 -49 0000000000000000
91 -59 -42 0000000000000000
91 -59 -35 0000000000000000
91 -59 -28 0000000000000000
91 -59 -21 0000000000000000
91 -59 -14 0000000000000000
91 -59 -7 0000000000000000
91 -59 0 0000000000000000
91 -59 7 0000000000000000
91 -59 14 0000000000000000
91 -59 21 0000000000000000
91 -59 28 0000000000000000
91 -59 35 0000000000000000
91 -59 42 0000000000000000
91 -59 49 0000000000000000
91 -59 56 0000000000000000
91 -59 63 0000000000000000
91 -59 70 0000000000000000
91 -59 77 0000000000000000
91 -59 84 0000000000000000
91 -59 91 0000000000000000
91 -59 98 0000000000000000
91 -56 -70 0000000000000000
91 -56 -63 0000000000000000
91 -56 -56 0000000000000000
91 -56 -49 0000000000000000
91 -56 -42 0000000000000000
91 -56 -35 0000000000000000
91 -56 -28 0000000000000000
91 -56 -21 0000000000000000
91 -56 -14 0000000000000000
91 -56 -7 0000000000000000
91 -56 0 0000000000000000
91 -56 7 0000000000000000
91 -56 14 0000000000000000
91 -56 21 0000000000000000
91 -56 28 0000000000000000
91 -56 35 0000000000000000
91 -56 42 0000000000000000
91 -56 49 0000000000000000
91 -56 56 0000000000000000
91 -56 63 0000000000000000
91 -56 70 0000000000000000
91 -56 77 0000000000000000
91 -56 84 0000000000000000
91 -56 91 0000000000000000
91 -56 98 0000000000000000
91 -53 -70 0000000000000000
91 -53 -63 0000000000000000
91 -53 -56 0000000000000000
91 -53 -49 0000000000000000
91 -53 -42 0000000000000000
91 -53 -35 0000000000000000
91 -53 -28 0000000000000000
91 -53 -21 0000000000000000
91 -53 -14 0000000000000000
91 -53 -7 0000000000000000
91 -53 0 0000000000000000
91 -53 7 0000000000000000
91 -53 14 0000000000000000
91 -53 21 0000000000000000
91 -53 28 0000000000000000
91 -53 35 0000000000000000
91 -53 42 0000000000000000
91 -53 49 0000000000000000
91 -53 56 0000000000000000
91 -53 63 0000000000000000
91 -53 70 0000000000000000
91 -53 77 0000000000000000
91 -53 84 0000000000000000
91 -53 91 0000000000000000
91 -53 98 0000000000000000
91 -50 -70 0000000000000000
91 -50 -63 0000000000000000
91 -50 -56 0000000000000000
91 -50 -49 0000000000000000
91 -50 -42 0000000000000000
91 -50 -35 0000000000000000
91 -50 -28 0000000000000000
91 -50 -21 0000000000000000
91 -50 -14 0000000000000000
91 -50 -7 0000000000000000
91 -50 0 0000000000000000
91 -50 7 0000000000000000
91 -50 14 0000000000000000
91 -50 21 0000000000000000
91 -50 28 0000000000000000
91 -50 35 0000000000000000
91 -50 42 0000000000000000
91 -50 49 0000000000000000
91 -50 56 0000000000000000
91 -50 63 0000000000000000
91 -50 70 0000000000000000
91 -50 77 0000000000000000
91 -50 84 0000000000000000
91 -50 91 0000000000000000
91 -50 98 0000000000000000
91 -47 -70 0000000000000000
91 -47 -63 0000000000000000
91 -47 -56 0000000000000000
91 -47 -49 0000000000000000
91 -47 -42 0000000000000000
91 -47 -35 0000000000000000
91 -47 -28 0000000000000000
91 -47 -21 0000000000000000
91 -47 -14 0000000000000000
91 -47 -7 0000000000000000
91 -47 0 0000000000000000
91 -47 7 0000000000000000
91 -47 14 0000000000000000
91 -47 21 0000000000000000
91 -47 28 0000000000000000
91 -47 35 0000000000000000
91 -47 42 0000000000000000
91 -47 49 0000000000000000
91 -47 56 0000000000000000
91 -47 63 0000000000000000
91 -47 70 0000000000000000
91 -47 77 0000000000000000
91 -47 84 0000000000000000
91 -47 91 0000000000000000
91 -47 98 0000000000000000
91 -44 -70 0000000000000000
91 -44 -63 0000000000000000
91 -44 -56 0000000000000000
91 -44 -49 0000000000000000
91 -44 -42 0000000000000000
91 -44 -35 0000000000000000
91 -44 -28 0000000000000000
91 -44 -21 0000000000000000
91 -44 -14 0000000000000000
91 -44 -7 0000000000000000
91 -44 0 0000000000000000
91 -44 7 0000000000000000
91 -44 14 0000000000000000
91 -44 21 0000000000000000
91 -44 28 0000000000000000
91 -44 35 0000000000000000
91 -44 42 0000000000000000
91 -44 49 0000000000000000
91 -44 56 0000000000000000
91 -44 63 0000000000000000
91 -44 70 0000000000000000
91 -44 77 0000000000000000
91 -44 84 0000000000000000
91 -44 91 0000000000000000
91 -44 98 0000000000000000
91 -41 -70 0000000000000000
91 -41 -63 0000000000000000
91 -41 -56 0000000000000000
91 -41 -49 0000000000000000
91 -41 -42 0000000000000000
91 -41 -35 0000000000000000
91 -41 -28 0000000000000000
91 -41 -21 0000000000000000
91 -41 -14 0000000000000000
91 -41 -7 0000000000000000
91 -41 0 0000000000000000
91 -41 7 0000000000000000
91 -41 14 0000000000000000
91 -41 21 0000000000000000
91 -41 28 0000000000000000
91 -41 35 0000000000000000
91 -41 42 0000000000000000
91 -41 49 0000000000000000
91 -41 56 0000000000000000
91 -41 63 0000000000000000
91 -41 70 0000000000000000
91 -41 77 0000000000000000
91 -41 84 0000000000000000
91 -41 91 0000000000000000
91 -41 98 0000000000000000
91 -38 -70 0000000000000000
91 -38 -63 0000000000000000
91 -38 -56 0000000000000000
91 -38 -49 0000000000000000
91 -38 -42 0000000000000000
91 -38 -35 0000000000000000
91 -38 -28 0000000000000000
91 -38 -21 0000000000000000
91 -38 -14 0000000000000000
91 -38 -7 0000000000000000
91 -38 0 0000000000000000
91 -38 7 0000000000000000
91 -38 14 0000000000000000
91 -38 21 0000000000000000
91 -38 28 0000000000000000
91 -38 35 0000000000000000
91 -38 42 0000000000000000
91 -38 49 0000000000000000
91 -38 56 0000000000000000
91 -38 63 0000000000000000
91 -38 70 0000000000000000
91 -38 77 0000000000000000
91 -38 84 0000000000000000
91 -38 91 0000000000000000
91 -38 98 0000000000000000
91 -35 -70 0000000000000000
91 -35 -63 0000000000000000
91 -35 -56 0000000000000000
91 -35 -49 0000000000000000
91 -35 -42 0000000000000000
91 -35 -35 0000000000000000
91 -35 -28 0000000000000000
91 -35 -21 0000000000000000
91 -35 -14 0000000000000000
91 -35 -7 0000000000000000
91 -35 0 0000000000000000
91 -35 7 0000000000000000
91 -35 14 0000000000000000
91 -35 21 0000000000000000
91 -35 28 0000000000000000
91 -35 35 0000000000000000
91 -35 42 0000000000000000
91 -35 49 0000000000000000
91 -35 56 0000000000000000
91 -35 63 0000000000000000
91 -35 70 0000000000000000
91 -35 77 0000000000000000
91 -35 84 0000000000000000
91 -35 91 0000000000000000
91 -35 98 0000000000000000
91 -32 -70 0000000000000000
91 -32 -63 0000000000000000
91 -32 -56 0000000000000000
91 -32 -49 0000000000000000
91 -32 -42 0000000000000000
91 -32 -35 0000000000000000
91 -32 -28 0000000000000000
91 -32 -21 0000000000000000
91 -32 -14 0000000000000000
91 -32 -7 0000000000000000
91 -32 0 0000000000000000
91 -32 7 0000000000000000
91 -32 14 0000000000000000
91 -32 21 0000000000000000
91 -32 28 0000000000000000
91 -32 35 0000000000000000
91 -32 42 0000000000000000
91 -32 49 0000000000000000
91 -32 56 0000000000000000
91 -32 63 0000000000000000
91 -32 70 0000000000000000
91 -32 77 0000000000000000
91 -32 84 0000000000000000
91 -32 91 0000000000000000
91 -32 98 0000000000000000
91 -29 -70 0000000000000000
91 -29 -63 0000000000000000
91 -29 -56 0000000000000000
91 -29 -49 0000000000000000
91 -29 -42 0000000000000000
91 -29 -35 0000000000000000
91 -29 -28 0000000000000000
91 -29 -21 0000000000000000
91 -29 -14 0000000000000000
91 -29 -7 0000000000000000
91 -29 0 0000000000000000
91 -29 7 0000000000000000
91 -29 14 0000000000000000
91 -29 21 0000000000000000
91 -29 28 0000000000000000
91 -29 35 0000000000000000
91 -29 42 0000000000000000
91 -29 49 0000000000000000
91 -29 56 0000000000000000
91 -29 63 0000000000000000
91 -29 70 0000000000000000
91 -29 77 0000000000000000
91 -29 84 0000000000000000
91 -29 91 0000000000000000
91 -29 98 0000000000000000
91 -26 -70 0000000000000000
91 -26 -63 0000000000000000
91 -26 -56 0000000000000000
91 -26 -49 0000000000000000
91 -26 -42 0000000000000000
91 -26 -35 0000000000000000
91 -26 -28 0000000000000000
91 -26 -21 0000000000000000
91 -26 -14 0000000000000000
91 -26 -7 0000000000000000
91 -26 0 0000000000000000
91 -26 7 0000000000000000
91 -26 14 0000000000000000
91 -26 21 0000000000000000
91 -26 28 0000000000000000
91 -26 35 0000000000000000
91 -26 42 0000000000000000
91 -26 49 0000000000000000
91 -26 56 0000000000000000
91 -26 63 0000000000000000
91 -26 70 0000000000000000
91 -26 77 0000000000000000
91 -26 84 0000000000000000
91 -26 91 0000000000000000
91 -26 98 0000000000000000
91 -23 -70 0000000000000000
91 -23 -63 0000000000000000
91 -23 -56 0000000000000000
91 -23 -49 0000000000000000
91 -23 -42 0000000000000000
91 -23 -35 0000000000000000
91 -23 -28 0000000000000000
91 -23 -21 0000000000000000
91 -23 -14 0000000000000000
91 -23 -7 0000000000000000
91 -23 0 0000000000000000
91 -23 7 0000000000000000
91 -23 14 0000000000000000
91 -23 21 0000000000000000
91 -23 28 0000000000000000
91 -23 35 0000000000000000
91 -23 42 0000000000000000
91 -23 49 0000000000000000
91 -23 56 0000000000000000
91 -23 63 0000000000000000
91 -23 70 0000000000000000
91 -23 77 0000000000000000
91 -23 84 0000000000000000
91 -23 91 0000000000000000
91 -23 98 0000000000000000
91 -20 -70 0000000000000000
91 -20 -63 0000000000000000
91 -20 -56 0000000000000000
91 -20 -49 0000000000000000
91 -20 -42 0000000000000000
91 -20 -35 0000000000000000
91 -20 -28 0000000000000000
91 -20 -21 0000000000000000
91 -20 -14 0000000000000000
91 -20 -7 0000000000000000
91 -20 0 0000000000000000
91 -20 7 0000000000000000
91 -20 14 0000000000000000
91 -20 21 0000000000000000
91 -20 28 0000000000000000
91 -20 35 0000000000000000
91 -20 42 0000000000000000
91 -20 49 0000000000000000
91 -20 56 0000000000000000
91 -20 63 0000000000000000
91 -20 70 0000000000000000
91 -20 77 0000000000000000
91 -20 84 0000000000000000
91 -20 91 0000000000000000
91 -20 98 0000000000000000
91 -17 -70 0000000000000000
91 -17 -63 0000000000000000
91 -17 -56 0000000000000000
91 -17 -49 0000000000000000
91 -17 -42 0000000000000000
91 -17 -35 0000000000000000
91 -17 -28 0000000000000000
91 -17 -21 0000000000000000
91 -17 -14 0000000000000000
91 -17 -7 0000000000000000
91 -17 0 0000000000000000
91 -17 7 0000000000000000
91 -17 14 0000000000000000
91 -17 21 0000000000000000
91 -17 28 0000000000000000
91 -17 35 0000000000000000
91 -17 42 0000000000000000
91 -17 49 0000000000000000
91 -17 56 0000000000000000
91 -17 63 0000000000000000
91 -17 70 0000000000000000
91 -17 77 0000000000000000
91 -17 84 0000000000000000
91 -17 91 0000000000000000
91 -17 98 0000000000000000
91 -14 -70 0000000000000000
91 -14 -63 0000000000000000
91 -14 -56 0000000000000000
91 -14 -49 0000000000000000
91 -14 -42 0000000000000000
91 -14 -35 0000000000000000
91 -14 -28 0000000000000000
91 -14 -21 0000000000000000
91 -14 -14 0000000000000000
91 -14 -7 0000000000000000
91 -14 0 0000000000000000
91 -14 7 0000000000000000
91 -14 14 0000000000000000
91 -14 21 0000000000000000
91 -14 28 0000000000000000
91 -14 35 0000000000000000
91 -14 42 0000000000000000
91 -14 49 0000000000000000
91 -14 56 0000000000000000
91 -14 63 0000000000000000
91 -14 70 0000000000000000
91 -14 77 0000000000000000
91 -14 84 0000000000000000
91 -14 91 0000000000000000
91 -14 98 0000000000000000
91 -11 -70 0000000000000000
91 -11 -63 0000000000000000
91 -11 -56 0000000000000000
91 -11 -49 0000000000000000
91 -11 -42 0000000000000000
91 -11 -35 0000000000000000
91 -11 -28 0000000000000000
91 -11 -21 0000000000000000
91 -11 -14 0000000000000000
91 -11 -7 0000000000000000
91 -11 0 0000000000000000
91 -11 7 0000000000000000
91 -11 14 0000000000000000
91 -11 21 0000000000000000
91 -11 28 0000000000000000
91 -11 35 0000000000000000
91 -11 42 0000000000000000
91 -11 49 0000000000000000
91 -11 56 0000000000000000
91 -11 63 0000000000000000
91 -11 70 0000000000000000
91 -11 77 0000000000000000
91 -11 84 0000000000000000
91 -11 91 0000000000000000
91 -11 98 0000000000000000
91 -8 -70 0000000000000000
91 -8 -63 0000000000000000
91 -8 -56 0000000000000000
91 -8 -49 0000000000000000
91 -8 -42 0000000000000000
91 -8 -35 0000000000000000
91 -8 -28 0000000000000000
91 -8 -21 0000000000000000
91 -8 -14 0000000000000000
91 -8 -7 0000000000000000
91 -8 0 0000000000000000
91 -8 7 0000000000000000
91 -8 14 0000000000000000
91 -8 21 0000000000000000
91 -8 28 0000000000000000
91 -8 35 0000000000000000
91 -8 42 0000000000000000
91 -8 49 0000000000000000
91 -8 56 0000000000000000
91 -8 63 0000000000000000
91 -8 70 0000000000000000
91 -8 77 0000000000000000
91 -8 84 0000000000000000
91 -8 91 0000000000000000
91 -8 98 0000000000000000
91 -5 -70 0000000000000000
91 -5 -63 0000000000000000
91 -5 -56 0000000000000000
91 -5 -49 0000000000000000
91 -5 -42 0000000000000000
91 -5 -35 0000000000000000
91 -5 -28 0000000000000000
91 -5 -21 0000000000000000
91 -5 -14 0000000000000000
91 -5 -7 0000000000000000
91 -5 0 0000000000000000
91 -5 7 0000000000000000
91 -5 14 0000000000000000
91 -5 21 0000000000000000
91 -5 28 0000000000000000
91 -5 35 0000000000000000
91 -5 42 0000000000000000
91 -5 49 0000000000000000
91 -5 56 0000000000000000
91 -5 63 0000000000000000
91 -5 70 0000000000000000
91 -5 77 0000000000000000
91 -5 84 0000000000000000
91 -5 91 0000000000000000
91 -5 98 0000000000000000
91 -2 -70 0000000000000000
91 -2 -63 0000000000000000
91 -2 -56 0000000000000000
91 -2 -49 0000000000000000
91 -2 -42 0000000000000000
91 -2 -35 0000000000000000
91 -2 -28 0000000000000000
91 -2 -21 0000000000000000
91 -2 -14 0000000000000000
91 -2 -7 0000000000000000
91 -2 0 0000000000000000
91 -2 7 0000000000000000
91 -2 14 0000000000000000
91 -2 21 0000000000000000
91 -2 28 0000000000000000
91 -2 35 0000000000000000
91 -2 42 0000000000000000
91 -2 49 0000000000000000
91 -2 56 0000000000000000
91 -2 63 0000000000000000
91 -2 70 0000000000000000
91 -2 77 0000000000000000
91 -2 84 0000000000000000
91 -2 91 0000000000000000
91 -2 98 0000000000000000
91 1 -70 0000000000000000
91 1 -63 0000000000000000
91 1 -56 0000000000000000
91 1 -49 0000000000000000
91 1 -42 0000000000000000
91 1 -35 0000000000000000
91 1 -28 0000000000000000
91 1 -21 0000000000000000
91 1 -14 0000000000000000
91 1 -7 0000000000000000
91 1 0 0000000000000000
91 1 7 0000000000000000
91 1 14 0000000000000000
91 1 21 0000000000000000
91 1 28 0000000000000000
91 1 35 0000000000000000
91 1 42 0000000000000000
91 1 49 0000000000000000
91 1 56 0000000000000000
91 1 63 0000000000000000
91 1 70 0000000000000000
91 1 77 0000000000000000
91 1 84 0000000000000000
91 1 91 0000000000000000
91 1 98 0000000000000000
91 4 -70 0000000000000000
91 4 -63 0000000000000000
91 4 -56 0000000000000000
91 4 -49 0000000000000000
91 4 -42 0000000000000000
91 4 -35 0000000000000000
91 4 -28 0000000000000000
91 4 -21 0000000000000000
91 4 -14 0000000000000000
91 4 -7 0000000000000000
91 4 0 0000000000000000
91 4 7 0000000000000000
91 4 14 0000000000000000
91 4 21 0000000000000000
91 4 28 0000000000000000
91 4 35 0000000000000000
91 4 42 0000000000000000
91 4 49 0000000000000000
91 4 56 0000000000000000
91 4 63 0000000000000000
91 4 70 0000000000000000
91 4 77 0000000000000000
91 4 84 0000000000000000
91 4 91 0000000000000000
91 4 98 0000000000000000
91 7 -70 0000000000000000
91 7 -63 0000000000000000
91 7 -56 0000000000000000
91 7 -49 0000000000000000
91 7 -42 0000000000000000
91 7 -35 0000000000000000
91 7 -28 0000000000000000
91 7 -21 0000000000000000
91 7 -14 0000000000000000
91 7 -7 0000000000000000
91 7 0 0000000000000000
91 7 7 0000000000000000
91 7 14 0000000000000000
91 7 21 0000000000000000
91 7 28 0000000000000000
91 7 35 0000000000000000
91 7 42 0000000000000000
91 7 49 0000000000000000
91 7 56 0000000000000000
91 7 63 0000000000000000
91 7 70 0000000000000000
91 7 77 0000000000000000
91 7 84 0000000000000000
91 7 91 0000000000000000
91 7 98 0000000000000000
91 10 -70 0000000000000000
91 10 -63 0000000000000000
91 10 -56 0000000000000000
91 10 -49 0000000000000000
91 10 -42 0000000000000000
91 10 -35 0000000000000000
91 10 -28 0000000000000000
91 10 -21 0000000000000000
91 10 -14 0000000000000000
91 10 -7 0000000000000000
91 10 0 0000000000000000
91 10 7 0000000000000000
91 10 14 0000000000000000
91 10 21 0000000000000000
91 10 28 0000000000000000
91 10 35 0000000000000000
91 10 42 0000000000000000
91 10 49 0000000000000000
91 10 56 0000000000000000
91 10 63 0000000000000000
91 10 70 0000000000000000
91 10 77 0000000000000000
91 10 84 0000000000000000
91 10 91 0000000000000000
91 10 98 0000000000000000
91 13 -70 0000000000000000
91 13 -63 0000000000000000
91 13 -56 0000000000000000
91 13 -49 0000000000000000
91 13 -42 0000000000000000
91 13 -35 0000000000000000
91 13 -28 0000000000000000
91 13 -21 0000000000000000
91 13 -14 0000000000000000
91 13 -7 0000000000000000
91 13 0 0000000000000000
91 13 7 0000000000000000
91 13 14 0000000000000000
91 13 21 0000000000000000
91 13 28 0000000000000000
91 13 35 0000000000000000
91 13 42 0000000000000000
91 13 49 0000000000000000
91 13 56 0000000000000000
91 13 63 0000000000000000
91 13 70 0000000000000000
91 13 77 0000000000000000
91 13 84 0000000000000000
91 13 91 0000000000000000
91 13 98 0000000000000000
91 16 -70 0000000000000000
91 16 -63 0000000000000000
91 16 -56 0000000000000000
91 16 -49 0000000000000000
91 16 -42 0000000000000000
91 16 -35 0000000000000000
91 16 -28 0000000000000000
91 16 -21 0000000000000000
91 16 -14 0000000000000000
91 16 -7 0000000000000000
91 16 0 0000000000000000
91 16 7 0000000000000000
91 16 14 0000000000000000
91 16 21 0000000000000000
91 16 28 0000000000000000
91 16 35 0000000000000000
91 16 42 0000000000000000
91 16 49 0000000000000000
91 16 56 0000000000000000
91 16 63 0000000000000000
91 16 70 0000000000000000
91 16 77 0000000000000000
91 16 84 0000000000000000
91 16 91 0000000000000000
91 16 98 0000000000000000
91 19 -70 0000000000000000
91 19 -63 0000000000000000
91 19 -56 0000000000000000
91 19 -49 0000000000000000
91 19 -42 0000000000000000
91 19 -35 0000000000000000
91 19 -28 0000000000000000
91 19 -21 0000000000000000
91 19 -14 0000000000000000
91 19 -7 0000000000000000
91 19 0 0000000000000000
91 19 7 0000000000000000
91 19 14 0000000000000000
91 19 21 0000000000000000
91 19 28 0000000000000000
91 19 35 0000000000000000
91 19 42 0000000000000000
91 19 49 0000000000000000
91 19 56 0000000000000000
91 19 63 0000000000000000
91 19 70 0000000000000000
91 19 77 0000000000000000
91 19 84 0000000000000000
91 19 91 0000000000000000
91 19 98 0000000000000000
91 22 -70 0000000000000000
91 22 -63 0000000000000000
91 22 -56 0000000000000000
91 22 -49 0000000000000000
91 22 -42 0000000000000000
91 22 -35 0000000000000000
91 22 -28 0000000000000000
91 22 -21 0000000000000000
91 22 -14 0000000000000000
91 22 -7 0000000000000000
91 22 0 0000000000000000
91 22 7 0000000000000000
91 22 14 0000000000000000
91 22 21 0000000000000000
91 22 28 0000000000000000
91 22 35 0000000000000000
91 22 42 0000000000000000
91 22 49 0000000000000000
91 22 56 0000000000000000
91 22 63 0000000000000000
91 22 70 0000000000000000
91 22 77 0000000000000000
91 22 84 0000000000000000
91 22 91 0000000000000000
91 22 98 0000000000000000
91 25 -70 0000000000000000
91 25 -63 0000000000000000
91 25 -56 0000000000000000
91 25 -49 0000000000000000
91 25 -42 0000000000000000
91 25 -35 0000000000000000
91 25 -28 0000000000000000
91 25 -21 0000000000000000
91 25 -14 0000000000000000
91 25 -7 0000000000000000
91 25 0 0000000000000000
91 25 7 0000000000000000
91 25 14 0000000000000000
91 25 21 0000000000000000
91 25 28 0000000000000000
91 25 35 0000000000000000
91 25 42 0000000000000000
91 25 49 0000000000000000
91 25 56 0000000000000000
91 25 63 0000000000000000
91 25 70 0000000000000000
91 25 77 0000000000000000
91 25 84 0000000000000000
91 25 91 0000000000000000
91 25 98 0000000000000000
91 28 -70 0000000000000000
91 28 -63 0000000000000000
91 28 -56 0000000000000000
91 28 -49 0000000000000000
91 28 -42 0000000000000000
91 28 -35 0000000000000000
91 28 -28 0000000000000000
91 28 -21 0000000000000000
91 28 -14 0000000000000000
91 28 -7 0000000000000000
91 28 0 0000000000000000
91 28 7 0000000000000000
91 28 14 0000000000000000
91 28 21 0000000000000000
91 28 28 0000000000000000
91 28 35 0000000000000000
91 28 42 0000000000000000
91 28 49 0000000000000000
91 28 56 0000000000000000
91 28 63 0000000000000000
91 28 70 0000000000000000
91 28 77 0000000000000000
91 28 84 0000000000000000
91 28 91 0000000000000000
91 28 98 0000000000000000
91 31 -70 0000000000000000
91 31 -63 0000000000000000
91 31 -56 0000000000000000
91 31 -49 0000000000000000
91 31 -42 0000000000000000
91 31 -35 0000000000000000
91 31 -28 0000000000000000
91 31 -21 0000000000000000
91 31 -14 0000000000000000
91 31 -7 0000000000000000
91 31 0 0000000000000000
91 31 7 0000000000000000
91 31 14 0000000000000000
91 31 21 0000000000000000
91 31 28 0000000000000000
91 31 35 0000000000000000
91 31 42 0000000000000000
91 31 49 0000000000000000
91 31 56 0000000000000000
91 31 63 0000000000000000
91 31 70 0000000000000000
91 31 77 0000000000000000
91 31 84 0000000000000000
91 31 91 0000000000000000
91 31 98 0000000000000000
91 34 -70 0000000000000000
91 34 -63 0000000000000000
91 34 -56 0000000000000000
91 34 -49 0000000000000000
91 34 -42 0000000000000000
91 34 -35 0000000000000000
91 34 -28 0000000000000000
91 34 -21 0000000000000000
91 34 -14 0000000000000000
91 34 -7 0000000000000000
91 34 0 0000000000000000
91 34 7 0000000000000000
91 34 14 0000000000000000
91 34 21 0000000000000000
91 34 28 0000000000000000
91 34 35 0000000000000000
91 34 42 0000000000000000
91 34 49 0000000000000000
91 34 56 0000000000000000
91 34 63 0000000000000000
91 34 70 0000000000000000
91 34 77 0000000000000000
91 34 84 0000000000000000
91 34 91 0000000000000000
91 34 98 0000000000000000
91 37 -70 0000000000000000
91 37 -63 0000000000000000
91 37 -56 0000000000000000
91 37 -49 0000000000000000
91 37 -42 0000000000000000
91 37 -35 0000000000000000
91 37 -28 0000000000000000
91 37 -21 0000000000000000
91 37 -14 0000000000000000
91 37 -7 0000000000000000
91 37 0 0000000000000000
91 37 7 0000000000000000
91 37 14 0000000000000000
91 37 21 0000000000000000
91 37 28 0000000000000000
91 37 35 0000000000000000
91 37 42 0000000000000000
91 37 49 0000000000000000
91 37 56 0000000000000000
91 37 63 0000000000000000
91 37 70 0000000000000000
91 37 77 0000000000000000
91 37 84 0000000000000000
91 37 91 0000000000000000
91 37 98 0000000000000000
91 40 -70 0000000000000000
91 40 -63 0000000000000000
91 40 -56 0000000000000000
91 40 -49 0000000000000000
91 40 -42 0000000000000000
91 40 -35 0000000000000000
91 40 -28 0000000000000000
91 40 -21 0000000000000000
91 40 -14 0000000000000000
91 40 -7 0000000000000000
91 40 0 0000000000000000
91 40 7 0000000000000000
91 40 14 0000000000000000
91 40 21 0000000000000000
91 40 28 0000000000000000
91 40 35 0000000000000000
91 40 42 0000000000000000
91 40 49 0000000000000000
91 40 56 0000000000000000
91 40 63 0000000000000000
91 40 70 0000000000000000
91 40 77 0000000000000000
91 40 84 0000000000000000
91 40 91 0000000000000000
91 40 98 0000000000000000
91 43 -70 0000000000000000
91 43 -63 0000000000000000
91 43 -56 0000000000000000
91 43 -49 0000000000000000
91 43 -42 0000000000000000
91 43 -35 0000000000000000
91 43 -28 0000000000000000
91 43 -21 0000000000000000
91 43 -14 0000000000000000
91 43 -7 0000000000000000
91 43 0 0000000000000000
91 43 7 0000000000000000
91 43 14 0000000000000000
91 43 21 0000000000000000
91 43 28 0000000000000000
91 43 35 0000000000000000
91 43 42 0000000000000000
91 43 49 0000000000000000
91 43 56 0000000000000000
91 43 63 0000000000000000
91 43 70 0000000000000000
91 43 77 0000000000000000
91 43 84 0000000000000000
91 43 91 0000000000000000
91 43 98 0000000000000000
98 -95 -70 0000000000000000
98 -95 -63 0000000000000000
98 -95 -56 0000000000000000
98 -95 -49 0000000000000000
98 -95 -42 0000000000000000
98 -95 -35 0000000000000000
98 -95 -28 0000000000000000
98 -95 -21 0000000000000000
98 -95 -14 0000000000000000
98 -95 -7 0000000000000000
98 -95 0 0000000000000000
98 -95 7 0000000000000000
98 -95 14 0000000000000000
98 -95 21 0000000000000000
98 -95 28 0000000000000000
98 -95 35 0000000000000000
98 -95 42 0000000000000000
98 -95 49 0000000000000000
98 -95 56 0000000000000000
98 -95 63 0000000000000000
98 -95 70 0000000000000000
98 -95 77 0000000000000000
98 -95 84 0000000000000000
98 -95 91 0000000000000000
98 -95 98 0000000000000000
98 -92 -70 0000000000000000
98 -92 -63 0000000000000000
98 -92 -56 0000000000000000
98 -92 -49 0000000000000000
98 -92 -42 0000000000000000
98 -92 -35 0000000000000000
98 -92 -28 0000000000000000
98 -92 -21 0000000000000000
98 -92 -14 0000000000000000
98 -92 -7 0000000000000000
98 -92 0 0000000000000000
98 -92 7 0000000000000000
98 -92 14 0000000000000000
98 -92 21 0000000000000000
98 -92 28 0000000000000000
98 -92 35 0000000000000000
98 -92 42 0000000000000000
98 -92 49 0000000000000000
98 -92 56 0000000000000000
98 -92 63 0000000000000000
98 -92 70 0000000000000000
98 -92 77 0000000000000000
98 -92 84 0000000000000000
98 -92 91 0000000000000000
98 -92 98 0000000000000000
98 -89 -70 0000000000000000
98 -89 -63 0000000000000000
98 -89 -56 0000000000000000
98 -89 -49 0000000000000000
98 -89 -42 0000000000000000
98 -89 -35 0000000000000000
98 -89 -28 0000000000000000
98 -89 -21 0000000000000000
98 -89 -14 0000000000000000
98 -89 -7 0000000000000000
98 -89 0 0000000000000000
98 -89 7 0000000000000000
98 -89 14 0000000000000000
98 -89 21 0000000000000000
98 -89 28 0000000000000000
98 -89 35 0000000000000000
98 -89 42 0000000000000000
98 -89 49 0000000000000000
98 -89 56 0000000000000000
98 -89 63 0000000000000000
98 -89 70 0000000000000000
98 -89 77 0000000000000000
98 -89 84 0000000000000000
98 -89 91 0000000000000000
98 -89 98 0000000000000000
98 -86 -70 0000000000000000
98 -86 -63 0000000000000000
98 -86 -56 0000000000000000
98 -86 -49 0000000000000000
98 -86 -42 0000000000000000
98 -86 -35 0000000000000000
98 -86 -28 0000000000000000
98 -86 -21 0000000000000000
98 -86 -14 0000000000000000
98 -86 -7 0000000000000000
98 -86 0 0000000000000000
98 -86 7 0000000000000000
98 -86 14 0000000000000000
98 -86 21 0000000000000000
98 -86 28 0000000000000000
98 -86 35 0000000000000000
98 -86 42 0000000000000000
98 -86 49 0000000000000000
98 -86 56 0000000000000000
98 -86 63 0000000000000000
98 -86 70 0000000000000000
98 -86 77 0000000000000000
98 -86 84 0000000000000000
98 -86 91 0000000000000000
98 -86 98 0000000000000000
98 -83 -70 0000000000000000
98 -83 -63 0000000000000000
98 -83 -56 0000000000000000
98 -83 -49 0000000000000000
98 -83 -42 0000000000000000
98 -83 -35 0000000000000000
98 -83 -28 0000000000000000
98 -83 -21 0000000000000000
98 -83 -14 0000000000000000
98 -83 -7 0000000000000000
98 -83 0 0000000000000000
98 -83 7 0000000000000000
98 -83 14 0000000000000000
98 -83 21 0000000000000000
98 -83 28 0000000000000000
98 -83 35 0000000000000000
98 -83 42 0000000000000000
98 -83 49 0000000000000000
98 -83 56 0000000000000000
98 -83 63 0000000000000000
98 -83 70 0000000000000000
98 -83 77 0000000000000000
98 -83 84 0000000000000000
98 -83 91 0000000000000000
98 -83 98 0000000000000000
98 -80 -70 0000000000000000
98 -80 -63 0000000000000000
98 -80 -56 0000000000000000
98 -80 -49 0000000000000000
98 -80 -42 0000000000000000
98 -80 -35 0000000000000000
98 -80 -28 0000000000000000
98 -80 -21 0000000000000000
98 -80 -14 0000000000000000
98 -80 -7 0000000000000000
98 -80 0 0000000000000000
98 -80 7 0000000000000000
98 -80 14 0000000000000000
98 -80 21 0000000000000000
98 -80 28 0000000000000000
98 -80 35 0000000000000000
98 -80 42 0000000000000000
98 -80 49 0000000000000000
98 -80 56 0000000000000000
98 -80 63 0000000000000000
98 -80 70 0000000000000000
98 -80 77 0000000000000000
98 -80 84 0000000000000000
98 -80 91 0000000000000000
98 -80 98 0000000000000000
98 -77 -70 0000000000000000
98 -77 -63 0000000000000000
98 -77 -56 0000000000000000
98 -77 -49 0000000000000000
98 -77 -42 0000000000000000
98 -77 -35 0000000000000000
98 -77 -28 0000000000000000
98 -77 -21 0000000000000000
98 -77 -14 0000000000000000
98 -77 -7 0000000000000000
98 -77 0 0000000000000000
98 -77 7 0000000000000000
98 -77 14 0000000000000000
98 -77 21 0000000000000000
98 -77 28 0000000000000000
98 -77 35 0000000000000000
98 -77 42 0000000000000000
98 -77 49 0000000000000000
98 -77 56 0000000000000000
98 -77 63 0000000000000000
98 -77 70 0000000000000000
98 -77 77 0000000000000000
98 -77 84 0000000000000000
98 -77 91 0000000000000000
98 -77 98 0000000000000000
98 -74 -70 0000000000000000
98 -74 -63 0000000000000000
98 -74 -56 0000000000000000
98 -74 -49 0000000000000000
98 -74 -42 0000000000000000
98 -74 -35 0000000000000000
98 -74 -28 0000000000000000
98 -74 -21 0000000000000000
98 -74 -14 0000000000000000
98 -74 -7 0000000000000000
98 -74 0 0000000000000000
98 -74 7 0000000000000000
98 -74 14 0000000000000000
98 -74 21 0000000000000000
98 -74 28 0000000000000000
98 -74 35 0000000000000000
98 -74 42 0000000000000000
98 -74 49 0000000000000000
98 -74 56 0000000000000000
98 -74 63 0000000000000000
98 -74 70 0000000000000000
98 -74 77 0000000000000000
98 -74 84 0000000000000000
98 -74 91 0000000000000000
98 -74 98 0000000000000000
98 -71 -70 0000000000000000
98 -71 -63 0000000000000000
98 -71 -56 0000000000000000
98 -71 -49 0000000000000000
98 -71 -42 0000000000000000
98 -71 -35 0000000000000000
98 -71 -28 0000000000000000
98 -71 -21 0000000000000000
98 -71 -14 0000000000000000
98 -71 -7 0000000000000000
98 -71 0 0000000000000000
98 -71 7 0000000000000000
98 -71 14 0000000000000000
98 -71 21 0000000000000000
98 -71 28 0000000000000000
98 -71 35 0000000000000000
98 -71 42 0000000000000000
98 -71 49 0000000000000000
98 -71 56 0000000000000000
98 -71 63 0000000000000000
98 -71 70 0000000000000000
98 -71 77 0000000000000000
98 -71 84 0000000000000000
98 -71 91 0000000000000000
98 -71 98 0000000000000000
98 -68 -70 0000000000000000
98 -68 -63 0000000000000000
98 -68 -56 0000000000000000
98 -68 -49 0000000000000000
98 -68 -42 0000000000000000
98 -68 -35 0000000000000000
98 -68 -28 0000000000000000
98 -68 -21 0000000000000000
98 -68 -14 0000000000000000
98 -68 -7 0000000000000000
98 -68 0 0000000000000000
98 -68 7 0000000000000000
98 -68 14 0000000000000000
98 -68 21 0000000000000000
98 -68 28 0000000000000000
98 -68 35 0000000000000000
98 -68 42 0000000000000000
98 -68 49 0000000000000000
98 -68 56 0000000000000000
98 -68 63 0000000000000000
98 -68 70 0000000000000000
98 -68 77 0000000000000000
98 -68 84 0000000000000000
98 -68 91 0000000000000000
98 -68 98 0000000000000000
98 -65 -70 0000000000000000
98 -65 -63 0000000000000000
98 -65 -56 0000000000000000
98 -65 -49 0000000000000000
98 -65 -42 0000000000000000
98 -65 -35 0000000000000000
98 -65 -28 0000000000000000
98 -65 -21 0000000000000000
98 -65 -14 0000000000000000
98 -65 -7 0000000000000000
98 -65 0 0000000000000000
98 -65 7 0000000000000000
98 -65 14 0000000000000000
98 -65 21 0000000000000000
98 -65 28 0000000000000000
98 -65 35 0000000000000000
98 -65 42 0000000000000000
98 -65 49 0000000000000000
98 -65 56 0000000000000000
98 -65 63 0000000000000000
98 -65 70 0000000000000000
98 -65 77 0000000000000000
98 -65 84 0000000000000000
98 -65 91 0000000000000000
98 -65 98 0000000000000000
98 -62 -70 0000000000000000
98 -62 -63 0000000000000000
98 -62 -56 0000000000000000
98 -62 -49 0000000000000000
98 -62 -42 0000000000000000
98 -62 -35 0000000000000000
98 -62 -28 0000000000000000
98 -62 -21 0000000000000000
98 -62 -14 0000000000000000
98 -62 -7 0000000000000000
98 -62 0 0000000000000000
98 -62 7 0000000000000000
98 -62 14 0000000000000000
98 -62 21 0000000000000000
98 -62 28 0000000000000000
98 -62 35 0000000000000000
98 -62 42 0000000000000000
98 -62 49 0000000000000000
98 -62 56 0000000000000000
98 -62 63 0000000000000000
98 -62 70 0000000000000000
98 -62 77 0000000000000000
98 -62 84 0000000000000000
98 -62 91 0000000000000000
98 -62 98 0000000000000000
98 -59 -70 0000000000000000
98 -59 -63 0000000000000000
98 -59 -56 0000000000000000
98 -59 -49 0000000000000000
98 -59 -42 0000000000000000
98 -59 -35 0000000000000000
98 -59 -28 0000000000000000
98 -59 -21 0000000000000000
98 -59 -14 0000000000000000
98 -59 -7 0000000000000000
98 -59 0 0000000000000000
98 -59 7 0000000000000000
98 -59 14 0000000000000000
98 -59 21 0000000000000000
98 -59 28 0000000000000000
98 -59 35 0000000000000000
98 -59 42 0000000000000000
98 -59 49 0000000000000000
98 -59 56 0000000000000000
98 -59 63 0000000000000000
98 -59 70 0000000000000000
98 -59 77 0000000000000000
98 -59 84 0000000000000000
98 -59 91 0000000000000000
98 -59 98 0000000000000000
98 -56 -70 0000000000000000
98 -56 -63 0000000000000000
98 -56 -56 0000000000000000
98 -56 -49 0000000000000000
98 -56 -42 0000000000000000
98 -56 -35 0000000000000000
98 -56 -28 0000000000000000
98 -56 -21 0000000000000000
98 -56 -14 0000000000000000
98 -56 -7 0000000000000000
98 -56 0 0000000000000000
98 -56 7 0000000000000000
98 -56 14 0000000000000000
98 -56 21 0000000000000000
98 -56 28 0000000000000000
98 -56 35 0000000000000000
98 -56 42 0000000000000000
98 -56 49 0000000000000000
98 -56 56 0000000000000000
98 -56 63 0000000000000000
98 -56 70 0000000000000000
98 -56 77 0000000000000000
98 -56 84 0000000000000000
98 -56 91 0000000000000000
98 -56 98 0000000000000000
98 -53 -70 0000000000000000
98 -53 -63 0000000000000000
98 -53 -56 0000000000000000
98 -53 -49 0000000000000000
98 -53 -42 0000000000000000
98 -53 -35 0000000000000000
98 -53 -28 0000000000000000
98 -53 -21 0000000000000000
98 -53 -14 0000000000000000
98 -53 -7 0000000000000000
98 -53 0 0000000000000000
98 -53 7 0000000000000000
98 -53 14 0000000000000000
98 -53 21 0000000000000000
98 -53 28 0000000000000000
98 -53 35 0000000000000000
98 -53 42 0000000000000000
98 -53 49 0000000000000000
98 -53 56 0000000000000000
98 -53 63 0000000000000000
98 -53 70 0000000000000000
98 -53 77 0000000000000000
98 -53 84 0000000000000000
98 -53 91 0000000000000000
98 -53 98 0000000000000000
98 -50 -70 0000000000000000
98 -50 -63 0000000000000000
98 -50 -56 0000000000000000
98 -50 -49 0000000000000000
98 -50 -42 0000000000000000
98 -50 -35 0000000000000000
98 -50 -28 0000000000000000
98 -50 -21 0000000000000000
98 -50 -14 0000000000000000
98 -50 -7 0000000000000000
98 -50 0 0000000000000000
98 -50 7 0000000000000000
98 -50 14 0000000000000000
98 -50 21 0000000000000000
98 -50 28 0000000000000000
98 -50 35 0000000000000000
98 -50 42 0000000000000000
98 -50 49 0000000000000000
98 -50 56 0000000000000000
98 -50 63 0000000000000000
98 -50 70 0000000000000000
98 -50 77 0000000000000000
98 -50 84 0000000000000000
98 -50 91 0000000000000000
98 -50 98 0000000000000000
98 -47 -70 0000000000000000
98 -47 -63 0000000000000000
98 -47 -56 0000000000000000
98 -47 -49 0000000000000000
98 -47 -42 0000000000000000
98 -47 -35 0000000000000000
98 -47 -28 0000000000000000
98 -47 -21 0000000000000000
98 -47 -14 0000000000000000
98 -47 -7 0000000000000000
98 -47 0 0000000000000000
98 -47 7 0000000000000000
98 -47 14 0000000000000000
98 -47 21 0000000000000000
98 -47 28 0000000000000000
98 -47 35 0000000000000000
98 -47 42 0000000000000000
98 -47 49 0000000000000000
98 -47 56 0000000000000000
98 -47 63 0000000000000000
98 -47 70 0000000000000000
98 -47 77 0000000000000000
98 -47 84 0000000000000000
98 -47 91 0000000000000000
98 -47 98 0000000000000000
98 -44 -70 0000000000000000
98 -44 -63 0000000000000000
98 -44 -56 0000000000000000
98 -44 -49 0000000000000000
98 -44 -42 0000000000000000
98 -44 -35 0000000000000000
98 -44 -28 0000000000000000
98 -44 -21 0000000000000000
98 -44 -14 0000000000000000
98 -44 -7 0000000000000000
98 -44 0 0000000000000000
98 -44 7 0000000000000000
98 -44 14 0000000000000000
98 -44 21 0000000000000000
98 -44 28 0000000000000000
98 -44 35 0000000000000000
98 -44 42 0000000000000000
98 -44 49 0000000000000000
98 -44 56 0000000000000000
98 -44 63 0000000000000000
98 -44 70 0000000000000000
98 -44 77 0000000000000000
98 -44 84 0000000000000000
98 -44 91 0000000000000000
98 -44 98 0000000000000000
98 -41 -70 0000000000000000
98 -41 -63 0000000000000000
98 -41 -56 0000000000000000
98 -41 -49 0000000000000000
98 -41 -42 0000000000000000
98 -41 -35 0000000000000000
98 -41 -28 0000000000000000
98 -41 -21 0000000000000000
98 -41 -14 0000000000000000
98 -41 -7 0000000000000000
98 -41 0 0000000000000000
98 -41 7 0000000000000000
98 -41 14 0000000000000000
98 -41 21 0000000000000000
98 -41 28 0000000000000000
98 -41 35 0000000000000000
98 -41 42 0000000000000000
98 -41 49 0000000000000000
98 -41 56 0000000000000000
98 -41 63 0000000000000000
98 -41 70 0000000000000000
98 -41 77 0000000000000000
98 -41 84 0000000000000000
98 -41 91 0000000000000000
98 -41 98 0000000000000000
98 -38 -70 0000000000000000
98 -38 -63 0000000000000000
98 -38 -56 0000000000000000
98 -38 -49 0000000000000000
98 -38 -42 0000000000000000
98 -38 -35 0000000000000000
98 -38 -28 0000000000000000
98 -38 -21 0000000000000000
98 -38 -14 0000000000000000
98 -38 -7 0000000000000000
98 -38 0 0000000000000000
98 -38 7 0000000000000000
98 -38 14 0000000000000000
98 -38 21 0000000000000000
98 -38 28 0000000000000000
98 -38 35 0000000000000000
98 -38 42 0000000000000000
98 -38 49 0000000000000000
98 -38 56 0000000000000000
98 -38 63 0000000000000000
98 -38 70 0000000000000000
98 -38 77 0000000000000000
98 -38 84 0000000000000000
98 -38 91 0000000000000000
98 -38 98 0000000000000000
98 -35 -70 0000000000000000
98 -35 -63 0000000000000000
98 -35 -56 0000000000000000
98 -35 -49 0000000000000000
98 -35 -42 0000000000000000
98 -35 -35 0000000000000000
98 -35 -28 0000000000000000
98 -35 -21 0000000000000000
98 -35 -14 0000000000000000
98 -35 -7 0000000000000000
98 -35 0 0000000000000000
98 -35 7 0000000000000000
98 -35 14 0000000000000000
98 -35 21 0000000000000000
98 -35 28 0000000000000000
98 -35 35 0000000000000000
98 -35 42 0000000000000000
98 -35 49 0000000000000000
98 -35 56 0000000000000000
98 -35 63 0000000000000000
98 -35 70 0000000000000000
98 -35 77 0000000000000000
98 -35 84 0000000000000000
98 -35 91 0000000000000000
98 -35 98 0000000000000000
98 -32 -70 0000000000000000
98 -32 -63 0000000000000000
98 -32 -56 0000000000000000
98 -32 -49 0000000000000000
98 -32 -42 0000000000000000
98 -32 -35 0000000000000000
98 -32 -28 0000000000000000
98 -32 -21 0000000000000000
98 -32 -14 0000000000000000
98 -32 -7 0000000000000000
98 -32 0 0000000000000000
98 -32 7 0000000000000000
98 -32 14 0000000000000000
98 -32 21 0000000000000000
98 -32 28 0000000000000000
98 -32 35 0000000000000000
98 -32 42 0000000000000000
98 -32 49 0000000000000000
98 -32 56 0000000000000000
98 -32 63 0000000000000000
98 -32 70 0000000000000000
98 -32 77 0000000000000000
98 -32 84 0000000000000000
98 -32 91 0000000000000000
98 -32 98 0000000000000000
98 -29 -70 0000000000000000
98 -29 -63 0000000000000000
98 -29 -56 0000000000000000
98 -29 -49 0000000000000000
98 -29 -42 0000000000000000
98 -29 -35 0000000000000000
98 -29 -28 0000000000000000
98 -29 -21 0000000000000000
98 -29 -14 0000000000000000
98 -29 -7 0000000000000000
98 -29 0 0000000000000000
98 -29 7 0000000000000000
98 -29 14 0000000000000000
98 -29 21 0000000000000000
98 -29 28 0000000000000000
98 -29 35 0000000000000000
98 -29 42 0000000000000000
98 -29 49 0000000000000000
98 -29 56 0000000000000000
98 -29 63 0000000000000000
98 -29 70 0000000000000000
98 -29 77 0000000000000000
98 -29 84 0000000000000000
98 -29 91 0000000000000000
98 -29 98 0000000000000000
98 -26 -70 0000000000000000
98 -26 -63 0000000000000000
98 -26 -56 0000000000000000
98 -26 -49 0000000000000000
98 -26 -42 0000000000000000
98 -26 -35 0000000000000000
98 -26 -28 0000000000000000
98 -26 -21 0000000000000000
98 -26 -14 0000000000000000
98 -26 -7 0000000000000000
98 -26 0 0000000000000000
98 -26 7 0000000000000000
98 -26 14 0000000000000000
98 -26 21 0000000000000000
98 -26 28 0000000000000000
98 -26 35 0000000000000000
98 -26 42 0000000000000000
98 -26 49 0000000000000000
98 -26 56 0000000000000000
98 -26 63 0000000000000000
98 -26 70 0000000000000000
98 -26 77 0000000000000000
98 -26 84 0000000000000000
98 -26 91 0000000000000000
98 -26 98 0000000000000000
98 -23 -70 0000000000000000
98 -23 -63 0000000000000000
98 -23 -56 0000000000000000
98 -23 -49 0000000000000000
98 -23 -42 0000000000000000
98 -23 -35 0000000000000000
98 -23 -28 0000000000000000
98 -23 -21 0000000000000000
98 -23 -14 0000000000000000
98 -23 -7 0000000000000000
98 -23 0 0000000000000000
98 -23 7 0000000000000000
98 -23 14 0000000000000000
98 -23 21 0000000000000000
98 -23 28 0000000000000000
98 -23 35 0000000000000000
98 -23 42 0000000000000000
98 -23 49 0000000000000000
98 -23 56 0000000000000000
98 -23 63 0000000000000000
98 -23 70 0000000000000000
98 -23 77 0000000000000000
98 -23 84 0000000000000000
98 -23 91 0000000000000000
98 -23 98 0000000000000000
98 -20 -70 0000000000000000
98 -20 -63 0000000000000000
98 -20 -56 0000000000000000
98 -20 -49 0000000000000000
98 -20 -42 0000000000000000
98 -20 -35 0000000000000000
98 -20 -28 0000000000000000
98 -20 -21 0000000000000000
98 -20 -14 0000000000000000
98 -20 -7 0000000000000000
98 -20 0 0000000000000000
98 -20 7 0000000000000000
98 -20 14 0000000000000000
98 -20 21 0000000000000000
98 -20 28 0000000000000000
98 -20 35 0000000000000000
98 -20 42 0000000000000000
98 -20 49 0000000000000000
98 -20 56 0000000000000000
98 -20 63 0000000000000000
98 -20 70 0000000000000000
98 -20 77 0000000000000000
98 -20 84 0000000000000000
98 -20 91 0000000000000000
98 -20 98 0000000000000000
98 -17 -70 0000000000000000
98 -17 -63 0000000000000000
98 -17 -56 0000000000000000
98 -17 -49 0000000000000000
98 -17 -42 0000000000000000
98 -17 -35 0000000000000000
98 -17 -28 0000000000000000
98 -17 -21 0000000000000000
98 -17 -14 0000000000000000
98 -17 -7 0000000000000000
98 -17 0 0000000000000000
98 -17 7 0000000000000000
98 -17 14 0000000000000000
98 -17 21 0000000000000000
98 -17 28 0000000000000000
98 -17 35 0000000000000000
98 -17 42 0000000000000000
98 -17 49 0000000000000000
98 -17 56 0000000000000000
98 -17 63 0000000000000000
98 -17 70 0000000000000000
98 -17 77 0000000000000000
98 -17 84 0000000000000000
98 -17 91 0000000000000000
98 -17 98 0000000000000000
98 -14 -70 0000000000000000
98 -14 -63 0000000000000000
98 -14 -56 0000000000000000
98 -14 -49 0000000000000000
98 -14 -42 0000000000000000
98 -14 -35 0000000000000000
98 -14 -28 0000000000000000
98 -14 -21 0000000000000000
98 -14 -14 0000000000000000
98 -14 -7 0000000000000000
98 -14 0 0000000000000000
98 -14 7 0000000000000000
98 -14 14 0000000000000000
98 -14 21 0000000000000000
98 -14 28 0000000000000000
98 -14 35 0000000000000000
98 -14 42 0000000000000000
98 -14 49 0000000000000000
98 -14 56 0000000000000000
98 -14 63 0000000000000000
98 -14 70 0000000000000000
98 -14 77 0000000000000000
98 -14 84 0000000000000000
98 -14 91 0000000000000000
98 -14 98 0000000000000000
98 -11 -70 0000000000000000
98 -11 -63 0000000000000000
98 -11 -56 0000000000000000
98 -11 -49 0000000000000000
98 -11 -42 0000000000000000
98 -11 -35 0000000000000000
98 -11 -28 0000000000000000
98 -11 -21 0000000000000000
98 -11 -14 0000000000000000
98 -11 -7 0000000000000000
98 -11 0 0000000000000000
98 -11 7 0000000000000000
98 -11 14 0000000000000000
98 -11 21 0000000000000000
98 -11 28 0000000000000000
98 -11 35 0000000000000000
98 -11 42 0000000000000000
98 -11 49 0000000000000000
98 -11 56 0000000000000000
98 -11 63 0000000000000000
98 -11 70 0000000000000000
98 -11 77 0000000000000000
98 -11 84 0000000000000000
98 -11 91 0000000000000000
98 -11 98 0000000000000000
98 -8 -70 0000000000000000
98 -8 -63 0000000000000000
98 -8 -56 0000000000000000
98 -8 -49 0000000000000000
98 -8 -42 0000000000000000
98 -8 -35 0000000000000000
98 -8 -28 0000000000000000
98 -8 -21 0000000000000000
98 -8 -14 0000000000000000
98 -8 -7 0000000000000000
98 -8 0 0000000000000000
98 -8 7 0000000000000000
98 -8 14 0000000000000000
98 -8 21 0000000000000000
98 -8 28 0000000000000000
98 -8 35 0000000000000000
98 -8 42 0000000000000000
98 -8 49 0000000000000000
98 -8 56 0000000000000000
98 -8 63 0000000000000000
98 -8 70 0000000000000000
98 -8 77 0000000000000000
98 -8 84 0000000000000000
98 -8 91 0000000000000000
98 -8 98 0000000000000000
98 -5 -70 0000000000000000
98 -5 -63 0000000000000000
98 -5 -56 0000000000000000
98 -5 -49 0000000000000000
98 -5 -42 0000000000000000
98 -5 -35 0000000000000000
98 -5 -28 0000000000000000
98 -5 -21 0000000000000000
98 -5 -14 0000000000000000
98 -5 -7 0000000000000000
98 -5 0 0000000000000000
98 -5 7 0000000000000000
98 -5 14 0000000000000000
98 -5 21 0000000000000000
98 -5 28 0000000000000000
98 -5 35 0000000000000000
98 -5 42 0000000000000000
98 -5 49 0000000000000000
98 -5 56 0000000000000000
98 -5 63 0000000000000000
98 -5 70 0000000000000000
98 -5 77 0000000000000000
98 -5 84 0000000000000000
98 -5 91 0000000000000000
98 -5 98 0000000000000000
98 -2 -70 0000000000000000
98 -2 -63 0000000000000000
98 -2 -56 0000000000000000
98 -2 -49 0000000000000000
98 -2 -42 0000000000000000
98 -2 -35 0000000000000000
98 -2 -28 0000000000000000
98 -2 -21 0000000000000000
98 -2 -14 0000000000000000
98 -2 -7 0000000000000000
98 -2 0 0000000000000000
98 -2 7 0000000000000000
98 -2 14 0000000000000000
98 -2 21 0000000000000000
98 -2 28 0000000000000000
98 -2 35 0000000000000000
98 -2 42 0000000000000000
98 -2 49 0000000000000000
98 -2 56 0000000000000000
98 -2 63 0000000000000000
98 -2 70 0000000000000000
98 -2 77 0000000000000000
98 -2 84 0000000000000000
98 -2 91 0000000000000000
98 -2 98 0000000000000000
98 1 -70 0000000000000000
98 1 -63 0000000000000000
98 1 -56 0000000000000000
98 1 -49 0000000000000000
98 1 -42 0000000000000000
98 1 -35 0000000000000000
98 1 -28 0000000000000000
98 1 -21 0000000000000000
98 1 -14 0000000000000000
98 1 -7 0000000000000000
98 1 0 0000000000000000
98 1 7 0000000000000000
98 1 14 0000000000000000
98 1 21 0000000000000000
98 1 28 0000000000000000
98 1 35 0000000000000000
98 1 42 0000000000000000
98 1 49 0000000000000000
98 1 56 0000000000000000
98 1 63 0000000000000000
98 1 70 0000000000000000
98 1 77 0000000000000000
98 1 84 0000000000000000
98 1 91 0000000000000000
98 1 98 0000000000000000
98 4 -70 0000000000000000
98 4 -63 0000000000000000
98 4 -56 0000000000000000
98 4 -49 0000000000000000
98 4 -42 0000000000000000
98 4 -35 0000000000000000
98 4 -28 0000000000000000
98 4 -21 0000000000000000
98 4 -14 0000000000000000
98 4 -7 0000000000000000
98 4 0 0000000000000000
98 4 7 0000000000000000
98 4 14 0000000000000000
98 4 21 0000000000000000
98 4 28 0000000000000000
98 4 35 0000000000000000
98 4 42 0000000000000000
98 4 49 0000000000000000
98 4 56 0000000000000000
98 4 63 0000000000000000
98 4 70 0000000000000000
98 4 77 0000000000000000
98 4 84 0000000000000000
98 4 91 0000000000000000
98 4 98 0000000000000000
98 7 -70 0000000000000000
98 7 -63 0000000000000000
98 7 -56 0000000000000000
98 7 -49 0000000000000000
98 7 -42 0000000000000000
98 7 -35 0000000000000000
98 7 -28 0000000000000000
98 7 -21 0000000000000000
98 7 -14 0000000000000000
98 7 -7 0000000000000000
98 7 0 0000000000000000
98 7 7 0000000000000000
98 7 14 0000000000000000
98 7 21 0000000000000000
98 7 28 0000000000000000
98 7 35 0000000000000000
98 7 42 0000000000000000
98 7 49 0000000000000000
98 7 56 0000000000000000
98 7 63 0000000000000000
98 7 70 0000000000000000
98 7 77 0000000000000000
98 7 84 0000000000000000
98 7 91 0000000000000000
98 7 98 0000000000000000
98 10 -70 0000000000000000
98 10 -63 0000000000000000
98 10 -56 0000000000000000
98 10 -49 0000000000000000
98 10 -42 0000000000000000
98 10 -35 0000000000000000
98 10 -28 0000000000000000
98 10 -21 0000000000000000
98 10 -14 0000000000000000
98 10 -7 0000000000000000
98 10 0 0000000000000000
98 10 7 0000000000000000
98 10 14 0000000000000000
98 10 21 0000000000000000
98 10 28 0000000000000000
98 10 35 0000000000000000
98 10 42 0000000000000000
98 10 49 0000000000000000
98 10 56 0000000000000000
98 10 63 0000000000000000
98 10 70 0000000000000000
98 10 77 0000000000000000
98 10 84 0000000000000000
98 10 91 0000000000000000
98 10 98 0000000000000000
98 13 -70 0000000000000000
98 13 -63 0000000000000000
98 13 -56 0000000000000000
98 13 -49 0000000000000000
98 13 -42 0000000000000000
98 13 -35 0000000000000000
98 13 -28 0000000000000000
98 13 -21 0000000000000000
98 13 -14 0000000000000000
98 13 -7 0000000000000000
98 13 0 0000000000000000
98 13 7 0000000000000000
98 13 14 0000000000000000
98 13 21 0000000000000000
98 13 28 0000000000000000
98 13 35 0000000000000000
98 13 42 0000000000000000
98 13 49 0000000000000000
98 13 56 0000000000000000
98 13 63 0000000000000000
98 13 70 0000000000000000
98 13 77 0000000000000000
98 13 84 0000000000000000
98 13 91 0000000000000000
98 13 98 0000000000000000
98 16 -70 0000000000000000
98 16 -63 0000000000000000
98 16 -56 0000000000000000
98 16 -49 0000000000000000
98 16 -42 0000000000000000
98 16 -35 0000000000000000
98 16 -28 0000000000000000
98 16 -21 0000000000000000
98 16 -14 0000000000000000
98 16 -7 0000000000000000
98 16 0 0000000000000000
98 16 7 0000000000000000
98 16 14 0000000000000000
98 16 21 0000000000000000
98 16 28 0000000000000000
98 16 35 0000000000000000
98 16 42 0000000000000000
98 16 49 0000000000000000
98 16 56 0000000000000000
98 16 63 0000000000000000
98 16 70 0000000000000000
98 16 77 0000000000000000
98 16 84 0000000000000000
98 16 91 0000000000000000
98 16 98 0000000000000000
98 19 -70 0000000000000000
98 19 -63 0000000000000000
98 19 -56 0000000000000000
98 19 -49 0000000000000000
98 19 -42 0000000000000000
98 19 -35 0000000000000000
98 19 -28 0000000000000000
98 19 -21 0000000000000000
98 19 -14 0000000000000000
98 19 -7 0000000000000000
98 19 0 0000000000000000
98 19 7 0000000000000000
98 19 14 0000000000000000
98 19 21 0000000000000000
98 19 28 0000000000000000
98 19 35 0000000000000000
98 19 42 0000000000000000
98 19 49 0000000000000000
98 19 56 0000000000000000
98 19 63 0000000000000000
98 19 70 0000000000000000
98 19 77 0000000000000000
98 19 84 0000000000000000
98 19 91 0000000000000000
98 19 98 0000000000000000
98 22 -70 0000000000000000
98 22 -63 0000000000000000
98 22 -56 0000000000000000
98 22 -49 0000000000000000
98 22 -42 0000000000000000
98 22 -35 0000000000000000
98 22 -28 0000000000000000
98 22 -21 0000000000000000
98 22 -14 0000000000000000
98 22 -7 0000000000000000
98 22 0 0000000000000000
98 22 7 0000000000000000
98 22 14 0000000000000000
98 22 21 0000000000000000
98 22 28 0000000000000000
98 22 35 0000000000000000
98 22 42 0000000000000000
98 22 49 0000000000000000
98 22 56 0000000000000000
98 22 63 0000000000000000
98 22 70 0000000000000000
98 22 77 0000000000000000
98 22 84 0000000000000000
98 22 91 0000000000000000
98 22 98 0000000000000000
98 25 -70 0000000000000000
98 25 -63 0000000000000000
98 25 -56 0000000000000000
98 25 -49 0000000000000000
98 25 -42 0000000000000000
98 25 -35 0000000000000000
98 25 -28 0000000000000000
98 25 -21 0000000000000000
98 25 -14 0000000000000000
98 25 -7 0000000000000000
98 25 0 0000000000000000
98 25 7 0000000000000000
98 25 14 0000000000000000
98 25 21 0000000000000000
98 25 28 0000000000000000
98 25 35 0000000000000000
98 25 42 0000000000000000
98 25 49 0000000000000000
98 25 56 0000000000000000
98 25 63 0000000000000000
98 25 70 0000000000000000
98 25 77 0000000000000000
98 25 84 0000000000000000
98 25 91 0000000000000000
98 25 98 0000000000000000
98 28 -70 0000000000000000
98 28 -63 0000000000000000
98 28 -56 0000000000000000
98 28 -49 0000000000000000
98 28 -42 0000000000000000
98 28 -35 0000000000000000
98 28 -28 0000000000000000
98 28 -21 0000000000000000
98 28 -14 0000000000000000
98 28 -7 0000000000000000
98 28 0 0000000000000000
98 28 7 0000000000000000
98 28 14 0000000000000000
98 28 21 0000000000000000
98 28 28 0000000000000000
98 28 35 0000000000000000
98 28 42 0000000000000000
98 28 49 0000000000000000
98 28 56 0000000000000000
98 28 63 0000000000000000
98 28 70 0000000000000000
98 28 77 0000000000000000
98 28 84 0000000000000000
98 28 91 0000000000000000
98 28 98 0000000000000000
98 31 -70 0000000000000000
98 31 -63 0000000000000000
98 31 -56 0000000000000000
98 31 -49 0000000000000000
98 31 -42 0000000000000000
98 31 -35 0000000000000000
98 31 -28 0000000000000000
98 31 -21 0000000000000000
98 31 -14 0000000000000000
98 31 -7 0000000000000000
98 31 0 0000000000000000
98 31 7 0000000000000000
98 31 14 0000000000000000
98 31 21 0000000000000000
98 31 28 0000000000000000
98 31 35 0000000000000000
98 31 42 0000000000000000
98 31 49 0000000000000000
98 31 56 0000000000000000
98 31 63 0000000000000000
98 31 70 0000000000000000
98 31 77 0000000000000000
98 31 84 0000000000000000
98 31 91 0000000000000000
98 31 98 0000000000000000
98 34 -70 0000000000000000
98 34 -63 0000000000000000
98 34 -56 0000000000000000
98 34 -49 0000000000000000
98 34 -42 0000000000000000
98 34 -35 0000000000000000
98 34 -28 0000000000000000
98 34 -21 0000000000000000
98 34 -14 0000000000000000
98 34 -7 0000000000000000
98 34 0 0000000000000000
98 34 7 0000000000000000
98 34 14 0000000000000000
98 34 21 0000000000000000
98 34 28 0000000000000000
98 34 35 0000000000000000
98 34 42 0000000000000000
98 34 49 0000000000000000
98 34 56 0000000000000000
98 34 63 0000000000000000
98 34 70 0000000000000000
98 34 77 0000000000000000
98 34 84 0000000000000000
98 34 91 0000000000000000
98 34 98 0000000000000000
98 37 -70 0000000000000000
98 37 -63 0000000000000000
98 37 -56 0000000000000000
98 37 -49 0000000000000000
98 37 -42 0000000000000000
98 37 -35 0000000000000000
98 37 -28 0000000000000000
98 37 -21 0000000000000000
98 37 -14 0000000000000000
98 37 -7 0000000000000000
98 37 0 0000000000000000
98 37 7 0000000000000000
98 37 14 0000000000000000
98 37 21 0000000000000000
98 37 28 0000000000000000
98 37 35 0000000000000000
98 37 42 0000000000000000
98 37 49 0000000000000000
98 37 56 0000000000000000
98 37 63 0000000000000000
98 37 70 0000000000000000
98 37 77 0000000000000000
98 37 84 0000000000000000
98 37 91 0000000000000000
98 37 98 0000000000000000
98 40 -70 0000000000000000
98 40 -63 0000000000000000
98 40 -56 0000000000000000
98 40 -49 0000000000000000
98 40 -42 0000000000000000
98 40 -35 0000000000000000
98 40 -28 0000000000000000
98 40 -21 0000000000000000
98 40 -14 0000000000000000
98 40 -7 0000000000000000
98 40 0 0000000000000000
98 40 7 0000000000000000
98 40 14 0000000000000000
98 40 21 0000000000000000
98 40 28 0000000000000000
98 40 35 0000000000000000
98 40 42 0000000000000000
98 40 49 0000000000000000
98 40 56 0000000000000000
98 40 63 0000000000000000
98 40 70 0000000000000000
98 40 77 0000000000000000
98 40 84 0000000000000000
98 40 91 0000000000000000
98 40 98 0000000000000000
98 43 -70 0000000000000000
98 43 -63 0000000000000000
98 43 -56 0000000000000000
98 43 -49 0000000000000000
98 43 -42 0000000000000000
98 43 -35 0000000000000000
98 43 -28 0000000000000000
98 43 -21 0000000000000000
98 43 -14 0000000000000000
98 43 -7 0000000000000000
98 43 0 0000000000000000
98 43 7 0000000000000000
98 43 14 0000000000000000
98 43 21 0000000000000000
98 43 28 0000000000000000
98 43 35 0000000000000000
98 43 42 0000000000000000
98 43 49 0000000000000000
98 43 56 0000000000000000
98 43 63 0000000000000000
98 43 70 0000000000000000
98 43 77 0000000000000000
98 43 84 0000000000000000
98 43 91 0000000000000000
98 43 98 0000000000000000
