# MC 26.2 surface-stage golden vectors, seed 1234567890
seed 1234567890
obfuscated_seed 7304622306158335831
sea_level 63
section quart_biomes qx -8 11 qy -16 79 qz -8 11
palette 0 minecraft:jungle
palette 1 minecraft:beach
palette 2 minecraft:river
palette 3 minecraft:lush_caves
qy -16
0 0 0 0 0 0 0 0 0 0 0 1 0 0 0 1 1 1 1 1
0 0 0 0 0 0 0 0 0 0 0 0 0 0 0 0 1 1 1 1
0 0 0 0 0 0 0 0 0 0 0 0 0 0 0 0 1 1 1 1
0 0 0 0 0 0 0 0 0 0 0 0 0 0 0 0 1 1 1 1
0 0 0 0 0 0 0 0 0 0 0 0 0 0 0 0 1 1 1 1
0 0 0 0 0 0 0 0 0 0 0 0 0 0 0 0 0 1 1 1
0 0 0 0 0 0 0 0 0 0 0 0 0 0 0 0 0 1 1 1
0 0 0 0 0 0 0 0 0 0 0 0 0 0 0 0 1 1 1 1
0 0 0 0 0 0 0 0 0 0 0 0 0 0 0 0 1 1 1 1
0 0 0 0 0 0 0 0 0 0 0 0 0 0 0 0 0 1 1 1
0 0 0 0 0 0 0 0 0 0 0 0 0 0 0 0 0 1 1 1
0 0 0 0 0 0 0 0 0 0 0 0 0 0 0 0 0 0 0 1
0 0 0 0 0 0 0 0 0 0 0 0 0 0 0 0 0 0 1 1
0 0 0 0 0 0 0 0 0 0 0 0 0 0 0 0 0 0 1 1
0 0 0 0 0 0 0 0 0 0 0 0 0 0 0 0 0 1 1 1
0 0 0 0 0 0 0 0 0 0 0 0 0 0 0 0 0 1 1 1
0 0 0 0 0 0 0 0 0 0 0 0 0 0 0 0 0 0 1 1
0 0 0 0 0 0 0 0 0 0 0 0 0 0 0 0 0 0 0 1
0 0 0 0 0 0 0 0 0 0 0 0 0 0 0 0 0 0 0 2
0 0 0 0 0 0 0 0 0 0 0 0 0 0 0 0 0 0 0 2
qy -15
0 0 0 0 0 0 0 0 0 0 0 1 0 0 0 1 1 1 1 1
0 0 0 0 0 0 0 0 0 0 0 0 0 0 0 0 1 1 1 1
0 0 0 0 0 0 0 0 0 0 0 0 0 0 0 0 1 1 1 1
0 0 0 0 0 0 0 0 0 0 0 0 0 0 0 0 1 1 1 1
0 0 0 0 0 0 0 0 0 0 0 0 0 0 0 0 1 1 1 1
0 0 0 0 0 0 0 0 0 0 0 0 0 0 0 0 0 1 1 1
0 0 0 0 0 0 0 0 0 0 0 0 0 0 0 0 0 1 1 1
0 0 0 0 0 0 0 0 0 0 0 0 0 0 0 0 1 1 1 1
0 0 0 0 0 0 0 0 0 0 0 0 0 0 0 0 1 1 1 1
0 0 0 0 0 0 0 0 0 0 0 0 0 0 0 0 0 1 1 1
0 0 0 0 0 0 0 0 0 0 0 0 0 0 0 0 0 1 1 1
0 0 0 0 0 0 0 0 0 0 0 0 0 0 0 0 0 0 0 1
0 0 0 0 0 0 0 0 0 0 0 0 0 0 0 0 0 0 1 1
0 0 0 0 0 0 0 0 0 0 0 0 0 0 0 0 0 0 1 1
0 0 0 0 0 0 0 0 0 0 0 0 0 0 0 0 0 1 1 1
0 0 0 0 0 0 0 0 0 0 0 0 0 0 0 0 0 1 1 1
0 0 0 0 0 0 0 0 0 0 0 0 0 0 0 0 0 0 1 1
0 0 0 0 0 0 0 0 0 0 0 0 0 0 0 0 0 0 0 1
0 0 0 0 0 0 0 0 0 0 0 0 0 0 0 0 0 0 0 2
0 0 0 0 0 0 0 0 0 0 0 0 0 0 0 0 0 0 0 2
qy -14
0 0 0 0 0 0 0 0 0 0 0 1 0 0 0 1 1 1 1 1
0 0 0 0 0 0 0 0 0 0 0 0 0 0 0 0 1 1 1 1
0 0 0 0 0 0 0 0 0 0 0 0 0 0 0 0 1 1 1 1
0 0 0 0 0 0 0 0 0 0 0 0 0 0 0 0 1 1 1 1
0 0 0 0 0 0 0 0 0 0 0 0 0 0 0 0 1 1 1 1
0 0 0 0 0 0 0 0 0 0 0 0 0 0 0 0 0 1 1 1
0 0 0 0 0 0 0 0 0 0 0 0 0 0 0 0 0 1 1 1
0 0 0 0 0 0 0 0 0 0 0 0 0 0 0 0 1 1 1 1
0 0 0 0 0 0 0 0 0 0 0 0 0 0 0 0 1 1 1 1
0 0 0 0 0 0 0 0 0 0 0 0 0 0 0 0 0 1 1 1
0 0 0 0 0 0 0 0 0 0 0 0 0 0 0 0 0 1 1 1
0 0 0 0 0 0 0 0 0 0 0 0 0 0 0 0 0 0 0 1
0 0 0 0 0 0 0 0 0 0 0 0 0 0 0 0 0 0 1 1
0 0 0 0 0 0 0 0 0 0 0 0 0 0 0 0 0 0 1 1
0 0 0 0 0 0 0 0 0 0 0 0 0 0 0 0 0 1 1 1
0 0 0 0 0 0 0 0 0 0 0 0 0 0 0 0 0 1 1 1
0 0 0 0 0 0 0 0 0 0 0 0 0 0 0 0 0 0 1 1
0 0 0 0 0 0 0 0 0 0 0 0 0 0 0 0 0 0 0 1
0 0 0 0 0 0 0 0 0 0 0 0 0 0 0 0 0 0 0 2
0 0 0 0 0 0 0 0 0 0 0 0 0 0 0 0 0 0 0 2
qy -13
0 0 0 0 0 0 0 0 0 0 0 1 0 0 0 1 1 1 1 1
0 0 0 0 0 0 0 0 0 0 0 0 0 0 0 0 1 1 1 1
0 0 0 0 0 0 0 0 0 0 0 0 0 0 0 0 1 1 1 1
0 0 0 0 0 0 0 0 0 0 0 0 0 0 0 0 1 1 1 1
0 0 0 0 0 0 0 0 0 0 0 0 0 0 0 0 1 1 1 1
0 0 0 0 0 0 0 0 0 0 0 0 0 0 0 0 0 1 1 1
0 0 0 0 0 0 0 0 0 0 0 0 0 0 0 0 0 1 1 1
0 0 0 0 0 0 0 0 0 0 0 0 0 0 0 0 1 1 1 1
0 0 0 0 0 0 0 0 0 0 0 0 0 0 0 0 1 1 1 1
0 0 0 0 0 0 0 0 0 0 0 0 0 0 0 0 0 1 1 1
0 0 0 0 0 0 0 0 0 0 0 0 0 0 0 0 0 1 1 1
0 0 0 0 0 0 0 0 0 0 0 0 0 0 0 0 0 0 0 1
0 0 0 0 0 0 0 0 0 0 0 0 0 0 0 0 0 0 1 1
0 0 0 0 0 0 0 0 0 0 0 0 0 0 0 0 0 0 1 1
0 0 0 0 0 0 0 0 0 0 0 0 0 0 0 0 0 1 1 1
0 0 0 0 0 0 0 0 0 0 0 0 0 0 0 0 0 1 1 1
0 0 0 0 0 0 0 0 0 0 0 0 0 0 0 0 0 0 1 1
0 0 0 0 0 0 0 0 0 0 0 0 0 0 0 0 0 0 0 1
0 0 0 0 0 0 0 0 0 0 0 0 0 0 0 0 0 0 0 2
0 0 0 0 0 0 0 0 0 0 0 0 0 0 0 0 0 0 0 2
qy -12
0 0 0 0 0 0 0 0 0 0 0 1 0 0 0 1 1 1 1 1
0 0 0 0 0 0 0 0 0 0 0 0 0 0 0 0 1 1 1 1
0 0 0 0 0 0 0 0 0 0 0 0 0 0 0 0 1 1 1 1
0 0 0 0 0 0 0 0 0 0 0 0 0 0 0 0 1 1 1 1
0 0 0 0 0 0 0 0 0 0 0 0 0 0 0 0 1 1 1 1
0 0 0 0 0 0 0 0 0 0 0 0 0 0 0 0 0 1 1 1
0 0 0 0 0 0 0 0 0 0 0 0 0 0 0 0 0 1 1 1
0 0 0 0 0 0 0 0 0 0 0 0 0 0 0 0 1 1 1 1
0 0 0 0 0 0 0 0 0 0 0 0 0 0 0 0 1 1 1 1
0 0 0 0 0 0 0 0 0 0 0 0 0 0 0 0 0 1 1 1
0 0 0 0 0 0 0 0 0 0 0 0 0 0 0 0 0 1 1 1
0 0 0 0 0 0 0 0 0 0 0 0 0 0 0 0 0 0 0 1
0 0 0 0 0 0 0 0 0 0 0 0 0 0 0 0 0 0 1 1
0 0 0 0 0 0 0 0 0 0 0 0 0 0 0 0 0 0 1 1
0 0 0 0 0 0 0 0 0 0 0 0 0 0 0 0 0 1 1 1
0 0 0 0 0 0 0 0 0 0 0 0 0 0 0 0 0 1 1 1
0 0 0 0 0 0 0 0 0 0 0 0 0 0 0 0 0 0 1 1
0 0 0 0 0 0 0 0 0 0 0 0 0 0 0 0 0 0 0 1
0 0 0 0 0 0 0 0 0 0 0 0 0 0 0 0 0 0 0 2
0 0 0 0 0 0 0 0 0 0 0 0 0 0 0 0 0 0 0 2
qy -11
0 0 0 0 0 0 0 0 0 0 0 1 0 0 0 1 1 1 1 1
0 0 0 0 0 0 0 0 0 0 0 0 0 0 0 0 1 1 1 1
0 0 0 0 0 0 0 0 0 0 0 0 0 0 0 0 1 1 1 1
0 0 0 0 0 0 0 0 0 0 0 0 0 0 0 0 1 1 1 1
0 0 0 0 0 0 0 0 0 0 0 0 0 0 0 0 1 1 1 1
0 0 0 0 0 0 0 0 0 0 0 0 0 0 0 0 0 1 1 1
0 0 0 0 0 0 0 0 0 0 0 0 0 0 0 0 0 1 1 1
0 0 0 0 0 0 0 0 0 0 0 0 0 0 0 0 1 1 1 1
0 0 0 0 0 0 0 0 0 0 0 0 0 0 0 0 1 1 1 1
0 0 0 0 0 0 0 0 0 0 0 0 0 0 0 0 0 1 1 1
0 0 0 0 0 0 0 0 0 0 0 0 0 0 0 0 0 1 1 1
0 0 0 0 0 0 0 0 0 0 0 0 0 0 0 0 0 0 0 1
0 0 0 0 0 0 0 0 0 0 0 0 0 0 0 0 0 0 1 1
0 0 0 0 0 0 0 0 0 0 0 0 0 0 0 0 0 0 1 1
0 0 0 0 0 0 0 0 0 0 0 0 0 0 0 0 0 1 1 1
0 0 0 0 0 0 0 0 0 0 0 0 0 0 0 0 0 1 1 1
0 0 0 0 0 0 0 0 0 0 0 0 0 0 0 0 0 0 1 1
0 0 0 0 0 0 0 0 0 0 0 0 0 0 0 0 0 0 0 1
0 0 0 0 0 0 0 0 0 0 0 0 0 0 0 0 0 0 0 2
0 0 0 0 0 0 0 0 0 0 0 0 0 0 0 0 0 0 0 2
qy -10
0 0 0 0 0 0 0 0 0 0 0 1 0 0 0 1 1 1 1 1
0 0 0 0 0 0 0 0 0 0 0 0 0 0 0 0 1 1 1 1
0 0 0 0 0 0 0 0 0 0 0 0 0 0 0 0 1 1 1 1
0 0 0 0 0 0 0 0 0 0 0 0 0 0 0 0 1 1 1 1
0 0 0 0 0 0 0 0 0 0 0 0 0 0 0 0 1 1 1 1
0 0 0 0 0 0 0 0 0 0 0 0 0 0 0 0 0 1 1 1
0 0 0 0 0 0 0 0 0 0 0 0 0 0 0 0 0 1 1 1
0 0 0 0 0 0 0 0 0 0 0 0 0 0 0 0 1 1 1 1
0 0 0 0 0 0 0 0 0 0 0 0 0 0 0 0 1 1 1 1
0 0 0 0 0 0 0 0 0 0 0 0 0 0 0 0 0 1 1 1
0 0 0 0 0 0 0 0 0 0 0 0 0 0 0 0 0 1 1 1
0 0 0 0 0 0 0 0 0 0 0 0 0 0 0 0 0 0 0 1
0 0 0 0 0 0 0 0 0 0 0 0 0 0 0 0 0 0 1 1
0 0 0 0 0 0 0 0 0 0 0 0 0 0 0 0 0 0 1 1
0 0 0 0 0 0 0 0 0 0 0 0 0 0 0 0 0 1 1 1
0 0 0 0 0 0 0 0 0 0 0 0 0 0 0 0 0 1 1 1
0 0 0 0 0 0 0 0 0 0 0 0 0 0 0 0 0 0 1 1
0 0 0 0 0 0 0 0 0 0 0 0 0 0 0 0 0 0 0 1
0 0 0 0 0 0 0 0 0 0 0 0 0 0 0 0 0 0 0 2
0 0 0 0 0 0 0 0 0 0 0 0 0 0 0 0 0 0 0 2
qy -9
0 0 0 0 0 0 0 0 0 0 0 1 0 0 0 1 1 1 1 1
0 0 0 0 0 0 0 0 0 0 0 0 0 0 0 0 1 1 1 1
0 0 0 0 0 0 0 0 0 0 0 0 0 0 0 0 1 1 1 1
0 0 0 0 0 0 0 0 0 0 0 0 0 0 0 0 1 1 1 1
0 0 0 0 0 0 0 0 0 0 0 0 0 0 0 0 1 1 1 1
0 0 0 0 0 0 0 0 0 0 0 0 0 0 0 0 0 1 1 1
0 0 0 0 0 0 0 0 0 0 0 0 0 0 0 0 0 1 1 1
0 0 0 0 0 0 0 0 0 0 0 0 0 0 0 0 1 1 1 1
0 0 0 0 0 0 0 0 0 0 0 0 0 0 0 0 1 1 1 1
0 0 0 0 0 0 0 0 0 0 0 0 0 0 0 0 0 1 1 1
0 0 0 0 0 0 0 0 0 0 0 0 0 0 0 0 0 1 1 1
0 0 0 0 0 0 0 0 0 0 0 0 0 0 0 0 0 0 0 1
0 0 0 0 0 0 0 0 0 0 0 0 0 0 0 0 0 0 1 1
0 0 0 0 0 0 0 0 0 0 0 0 0 0 0 0 0 0 1 1
0 0 0 0 0 0 0 0 0 0 0 0 0 0 0 0 0 1 1 1
0 0 0 0 0 0 0 0 0 0 0 0 0 0 0 0 0 1 1 1
0 0 0 0 0 0 0 0 0 0 0 0 0 0 0 0 0 0 1 1
0 0 0 0 0 0 0 0 0 0 0 0 0 0 0 0 0 0 0 1
0 0 0 0 0 0 0 0 0 0 0 0 0 0 0 0 0 0 0 2
0 0 0 0 0 0 0 0 0 0 0 0 0 0 0 0 0 0 0 2
qy -8
0 0 0 0 0 0 0 0 0 0 0 1 0 0 0 1 1 1 1 1
0 0 0 0 0 0 0 0 0 0 0 0 0 0 0 0 1 1 1 1
0 0 0 0 0 0 0 0 0 0 0 0 0 0 0 0 1 1 1 1
0 0 0 0 0 0 0 0 0 0 0 0 0 0 0 0 1 1 1 1
0 0 0 0 0 0 0 0 0 0 0 0 0 0 0 0 1 1 1 1
0 0 0 0 0 0 0 0 0 0 0 0 0 0 0 0 0 1 1 1
0 0 0 0 0 0 0 0 0 0 0 0 0 0 0 0 0 1 1 1
0 0 0 0 0 0 0 0 0 0 0 0 0 0 0 0 1 1 1 1
0 0 0 0 0 0 0 0 0 0 0 0 0 0 0 0 1 1 1 1
0 0 0 0 0 0 0 0 0 0 0 0 0 0 0 0 0 1 1 1
0 0 0 0 0 0 0 0 0 0 0 0 0 0 0 0 0 1 1 1
0 0 0 0 0 0 0 0 0 0 0 0 0 0 0 0 0 0 0 1
0 0 0 0 0 0 0 0 0 0 0 0 0 0 0 0 0 0 1 1
0 0 0 0 0 0 0 0 0 0 0 0 0 0 0 0 0 0 1 1
0 0 0 0 0 0 0 0 0 0 0 0 0 0 0 0 0 1 1 1
0 0 0 0 0 0 0 0 0 0 0 0 0 0 0 0 0 1 1 1
0 0 0 0 0 0 0 0 0 0 0 0 0 0 0 0 0 0 1 1
0 0 0 0 0 0 0 0 0 0 0 0 0 0 0 0 0 0 0 1
0 0 0 0 0 0 0 0 0 0 0 0 0 0 0 0 0 0 0 2
0 0 0 0 0 0 0 0 0 0 0 0 0 0 0 0 0 0 0 2
qy -7
0 0 0 0 0 0 0 0 0 0 0 1 0 0 0 1 1 1 1 1
0 0 0 0 0 0 0 0 0 0 0 0 0 0 0 0 1 1 1 1
0 0 0 0 0 0 0 0 0 0 0 0 0 0 0 0 1 1 1 1
0 0 0 0 0 0 0 0 0 0 0 0 0 0 0 0 1 1 1 1
0 0 0 0 0 0 0 0 0 0 0 0 0 0 0 0 1 1 1 1
0 0 0 0 0 0 0 0 0 0 0 0 0 0 0 0 0 1 1 1
0 0 0 0 0 0 0 0 0 0 0 0 0 0 0 0 0 1 1 1
0 0 0 0 0 0 0 0 0 0 0 0 0 0 0 0 1 1 1 1
0 0 0 0 0 0 0 0 0 0 0 0 0 0 0 0 1 1 1 1
0 0 0 0 0 0 0 0 0 0 0 0 0 0 0 0 0 1 1 1
0 0 0 0 0 0 0 0 0 0 0 0 0 0 0 0 0 1 1 1
0 0 0 0 0 0 0 0 0 0 0 0 0 0 0 0 0 0 0 1
0 0 0 0 0 0 0 0 0 0 0 0 0 0 0 0 0 0 1 1
0 0 0 0 0 0 0 0 0 0 0 0 0 0 0 0 0 0 1 1
0 0 0 0 0 0 0 0 0 0 0 0 0 0 0 0 0 1 1 1
0 0 0 0 0 0 0 0 0 0 0 0 0 0 0 0 0 1 1 1
0 0 0 0 0 0 0 0 0 0 0 0 0 0 0 0 0 0 1 1
0 0 0 0 0 0 0 0 0 0 0 0 0 0 0 0 0 0 0 1
0 0 0 0 0 0 0 0 0 0 0 0 0 0 0 0 0 0 0 2
0 0 0 0 0 0 0 0 0 0 0 0 0 0 0 0 0 0 0 3
qy -6
0 0 0 0 0 0 0 0 0 0 0 1 0 0 0 1 1 1 1 3
0 0 0 0 0 0 0 0 0 0 0 0 0 0 0 0 1 1 1 3
0 0 0 0 0 0 0 0 0 0 0 0 0 0 0 0 1 1 1 3
0 0 0 0 0 0 0 0 0 0 0 0 0 0 0 0 1 1 1 3
0 0 0 0 0 0 0 0 0 0 0 0 0 0 0 0 1 1 1 1
0 0 0 0 0 0 0 0 0 0 0 0 0 0 0 0 0 1 1 1
0 0 0 0 0 0 0 0 0 0 0 0 0 0 0 0 0 1 1 1
0 0 0 0 0 0 0 0 0 0 0 0 0 0 0 0 1 1 1 1
0 0 0 0 0 0 0 0 0 0 0 0 0 0 0 0 1 1 1 1
0 0 0 0 0 0 0 0 0 0 0 0 0 0 0 0 0 1 1 1
0 0 0 0 0 0 0 0 0 0 0 0 0 0 0 0 0 1 1 1
0 0 0 0 0 0 0 0 0 0 0 0 0 0 0 0 0 0 0 1
0 0 0 0 0 0 0 0 0 0 0 0 0 0 0 0 0 0 1 1
0 0 0 0 0 0 0 0 0 0 0 0 0 0 0 0 0 0 1 1
0 0 0 0 0 0 0 0 0 0 0 0 0 0 0 0 0 1 1 1
0 0 0 0 0 0 0 0 0 0 0 0 0 0 0 0 0 1 1 1
0 0 0 0 0 0 0 0 0 0 0 0 0 0 0 0 0 0 1 1
0 0 0 0 0 0 0 0 0 0 0 0 0 0 0 0 0 0 0 3
0 0 0 0 0 0 0 0 0 0 0 0 0 0 0 0 0 0 3 3
0 0 0 0 0 0 0 0 0 0 0 0 0 0 0 0 0 0 3 3
qy -5
0 0 0 0 0 0 0 0 0 0 0 1 0 0 0 1 1 3 3 3
0 0 0 0 0 0 0 0 0 0 0 0 0 0 0 0 1 1 3 3
0 0 0 0 0 0 0 0 0 0 0 0 0 0 0 0 1 1 3 3
0 0 0 0 0 0 0 0 0 0 0 0 0 0 0 0 1 1 3 3
0 0 0 0 0 0 0 0 0 0 0 0 0 0 0 0 1 1 3 3
0 0 0 0 0 0 0 0 0 0 0 0 0 0 0 0 0 1 1 3
0 0 0 0 0 0 0 0 0 0 0 0 0 0 0 0 0 1 1 3
0 0 0 0 0 0 0 0 0 0 0 0 0 0 0 0 1 1 1 3
0 0 0 0 0 0 0 0 0 0 0 0 0 0 0 0 1 1 1 3
0 0 0 0 0 0 0 0 0 0 0 0 0 0 0 0 0 1 1 1
0 0 0 0 0 0 0 0 0 0 0 0 0 0 0 0 0 1 1 1
0 0 0 0 0 0 0 0 0 0 0 0 0 0 0 0 0 0 0 1
0 0 0 0 0 0 0 0 0 0 0 0 0 0 0 0 0 0 1 1
0 0 0 0 0 0 0 0 0 0 0 0 0 0 0 0 0 0 3 3
0 0 0 0 0 0 0 0 0 0 0 0 0 0 0 0 0 3 3 3
0 0 0 0 0 0 0 0 0 0 0 0 0 0 0 0 0 3 3 3
0 0 0 0 0 0 0 0 0 0 0 0 0 0 0 0 3 3 3 3
0 0 0 0 0 0 0 0 0 0 0 0 0 0 0 0 0 3 3 3
0 0 0 0 0 0 0 0 0 0 0 0 0 0 0 0 3 3 3 3
0 0 0 0 0 0 0 0 0 0 0 0 0 0 0 3 3 3 3 3
qy -4
0 0 0 0 0 0 0 0 0 0 0 1 0 3 3 3 3 3 3 3
0 0 0 0 0 0 0 0 0 0 0 0 0 3 3 3 3 3 3 3
0 0 0 0 0 0 0 0 0 0 0 0 0 3 3 3 3 3 3 3
0 0 0 0 0 0 0 0 0 0 3 3 3 3 3 3 3 3 3 3
0 0 0 0 0 0 0 0 0 3 3 3 3 3 3 3 3 3 3 3
0 0 0 0 0 0 0 0 3 3 3 3 3 3 3 3 3 3 3 3
0 0 0 0 0 0 0 0 3 3 3 3 3 3 3 3 3 3 3 3
0 0 0 0 0 0 0 0 3 3 3 3 3 3 3 3 3 3 3 3
0 0 0 0 0 0 0 0 3 3 3 3 3 3 3 3 3 3 3 3
0 0 0 0 0 0 0 0 3 3 3 3 3 3 3 3 3 3 3 3
0 0 0 0 0 0 0 3 3 3 3 3 3 3 3 3 3 3 3 3
0 0 0 0 0 0 3 3 3 3 3 3 3 3 3 3 3 3 3 3
0 0 0 0 3 3 3 3 3 3 3 3 3 3 3 3 3 3 3 3
0 0 0 0 3 3 3 3 3 3 3 3 3 3 3 3 3 3 3 3
0 0 0 0 3 3 3 3 3 3 3 3 3 3 3 3 3 3 3 3
0 0 0 3 3 3 3 3 3 3 3 3 3 3 3 3 3 3 3 3
0 0 3 3 3 3 3 3 3 3 3 3 3 3 3 3 3 3 3 3
0 3 3 3 3 3 3 3 3 3 3 3 3 3 3 3 3 3 3 3
3 3 3 3 3 3 3 3 3 3 3 3 3 3 3 3 3 3 3 3
3 3 3 3 3 3 3 3 3 3 3 3 3 3 3 3 3 3 3 3
qy -3
0 0 0 3 3 3 3 3 3 3 3 3 3 3 3 3 3 3 3 3
0 0 0 3 3 3 3 3 3 3 3 3 3 3 3 3 3 3 3 3
0 0 0 3 3 3 3 3 3 3 3 3 3 3 3 3 3 3 3 3
0 0 3 3 3 3 3 3 3 3 3 3 3 3 3 3 3 3 3 3
0 0 3 3 3 3 3 3 3 3 3 3 3 3 3 3 3 3 3 3
0 0 3 3 3 3 3 3 3 3 3 3 3 3 3 3 3 3 3 3
0 0 3 3 3 3 3 3 3 3 3 3 3 3 3 3 3 3 3 3
0 0 3 3 3 3 3 3 3 3 3 3 3 3 3 3 3 3 3 3
0 3 3 3 3 3 3 3 3 3 3 3 3 3 3 3 3 3 3 3
3 3 3 3 3 3 3 3 3 3 3 3 3 3 3 3 3 3 3 3
3 3 3 3 3 3 3 3 3 3 3 3 3 3 3 3 3 3 3 3
3 3 3 3 3 3 3 3 3 3 3 3 3 3 3 3 3 3 3 3
3 3 3 3 3 3 3 3 3 3 3 3 3 3 3 3 3 3 3 3
3 3 3 3 3 3 3 3 3 3 3 3 3 3 3 3 3 3 3 3
3 3 3 3 3 3 3 3 3 3 3 3 3 3 3 3 3 3 3 3
3 3 3 3 3 3 3 3 3 3 3 3 3 3 3 3 3 3 3 3
3 3 3 3 3 3 3 3 3 3 3 3 3 3 3 3 3 3 3 3
3 3 3 3 3 3 3 3 3 3 3 3 3 3 3 3 3 3 3 3
3 3 3 3 3 3 3 3 3 3 3 3 3 3 3 3 3 3 3 3
3 3 3 3 3 3 3 3 3 3 3 3 3 3 3 3 3 3 3 3
qy -2
3 3 3 3 3 3 3 3 3 3 3 3 3 3 3 3 3 3 3 3
3 3 3 3 3 3 3 3 3 3 3 3 3 3 3 3 3 3 3 3
3 3 3 3 3 3 3 3 3 3 3 3 3 3 3 3 3 3 3 3
3 3 3 3 3 3 3 3 3 3 3 3 3 3 3 3 3 3 3 3
3 3 3 3 3 3 3 3 3 3 3 3 3 3 3 3 3 3 3 3
3 3 3 3 3 3 3 3 3 3 3 3 3 3 3 3 3 3 3 3
3 3 3 3 3 3 3 3 3 3 3 3 3 3 3 3 3 3 3 3
3 3 3 3 3 3 3 3 3 3 3 3 3 3 3 3 3 3 3 3
3 3 3 3 3 3 3 3 3 3 3 3 3 3 3 3 3 3 3 3
3 3 3 3 3 3 3 3 3 3 3 3 3 3 3 3 3 3 3 3
3 3 3 3 3 3 3 3 3 3 3 3 3 3 3 3 3 3 3 3
3 3 3 3 3 3 3 3 3 3 3 3 3 3 3 3 3 3 3 3
3 3 3 3 3 3 3 3 3 3 3 3 3 3 3 3 3 3 3 3
3 3 3 3 3 3 3 3 3 3 3 3 3 3 3 3 3 3 3 3
3 3 3 3 3 3 3 3 3 3 3 3 3 3 3 3 3 3 3 3
3 3 3 3 3 3 3 3 3 3 3 3 3 3 3 3 3 3 3 3
3 3 3 3 3 3 3 3 3 3 3 3 3 3 3 3 3 3 3 3
3 3 3 3 3 3 3 3 3 3 3 3 3 3 3 3 3 3 3 3
3 3 3 3 3 3 3 3 3 3 3 3 3 3 3 3 3 3 3 3
3 3 3 3 3 3 3 3 3 3 3 3 3 3 3 3 3 3 3 3
qy -1
3 3 3 3 3 3 3 3 3 3 3 3 3 3 3 3 3 3 3 3
3 3 3 3 3 3 3 3 3 3 3 3 3 3 3 3 3 3 3 3
3 3 3 3 3 3 3 3 3 3 3 3 3 3 3 3 3 3 3 3
3 3 3 3 3 3 3 3 3 3 3 3 3 3 3 3 3 3 3 3
3 3 3 3 3 3 3 3 3 3 3 3 3 3 3 3 3 3 3 3
3 3 3 3 3 3 3 3 3 3 3 3 3 3 3 3 3 3 3 3
3 3 3 3 3 3 3 3 3 3 3 3 3 3 3 3 3 3 3 3
3 3 3 3 3 3 3 3 3 3 3 3 3 3 3 3 3 3 3 3
3 3 3 3 3 3 3 3 3 3 3 3 3 3 3 3 3 3 3 3
3 3 3 3 3 3 3 3 3 3 3 3 3 3 3 3 3 3 3 3
3 3 3 3 3 3 3 3 3 3 3 3 3 3 3 3 3 3 3 3
3 3 3 3 3 3 3 3 3 3 3 3 3 3 3 3 3 3 3 3
3 3 3 3 3 3 3 3 3 3 3 3 3 3 3 3 3 3 3 3
3 3 3 3 3 3 3 3 3 3 3 3 3 3 3 3 3 3 3 3
3 3 3 3 3 3 3 3 3 3 3 3 3 3 3 3 3 3 3 3
3 3 3 3 3 3 3 3 3 3 3 3 3 3 3 3 3 3 3 3
3 3 3 3 3 3 3 3 3 3 3 3 3 3 3 3 3 3 3 3
3 3 3 3 3 3 3 3 3 3 3 3 3 3 3 3 3 3 3 3
3 3 3 3 3 3 3 3 3 3 3 3 3 3 3 3 3 3 3 3
3 3 3 3 3 3 3 3 3 3 3 3 3 3 3 3 3 3 3 3
qy 0
3 3 3 3 3 3 3 3 3 3 3 3 3 3 3 3 3 3 3 3
3 3 3 3 3 3 3 3 3 3 3 3 3 3 3 3 3 3 3 3
3 3 3 3 3 3 3 3 3 3 3 3 3 3 3 3 3 3 3 3
3 3 3 3 3 3 3 3 3 3 3 3 3 3 3 3 3 3 3 3
3 3 3 3 3 3 3 3 3 3 3 3 3 3 3 3 3 3 3 3
3 3 3 3 3 3 3 3 3 3 3 3 3 3 3 3 3 3 3 3
3 3 3 3 3 3 3 3 3 3 3 3 3 3 3 3 3 3 3 3
3 3 3 3 3 3 3 3 3 3 3 3 3 3 3 3 3 3 3 3
3 3 3 3 3 3 3 3 3 3 3 3 3 3 3 3 3 3 3 3
3 3 3 3 3 3 3 3 3 3 3 3 3 3 3 3 3 3 3 3
3 3 3 3 3 3 3 3 3 3 3 3 3 3 3 3 3 3 3 3
3 3 3 3 3 3 3 3 3 3 3 3 3 3 3 3 3 3 3 3
3 3 3 3 3 3 3 3 3 3 3 3 3 3 3 3 3 3 3 3
3 3 3 3 3 3 3 3 3 3 3 3 3 3 3 3 3 3 3 3
3 3 3 3 3 3 3 3 3 3 3 3 3 3 3 3 3 3 3 3
3 3 3 3 3 3 3 3 3 3 3 3 3 3 3 3 3 3 3 3
3 3 3 3 3 3 3 3 3 3 3 3 3 3 3 3 3 3 3 3
3 3 3 3 3 3 3 3 3 3 3 3 3 3 3 3 3 3 3 3
3 3 3 3 3 3 3 3 3 3 3 3 3 3 3 3 3 3 3 3
3 3 3 3 3 3 3 3 3 3 3 3 3 3 3 3 3 3 3 3
qy 1
3 3 3 3 3 3 3 3 3 3 3 3 3 3 3 3 3 3 3 3
3 3 3 3 3 3 3 3 3 3 3 3 3 3 3 3 3 3 3 3
3 3 3 3 3 3 3 3 3 3 3 3 3 3 3 3 3 3 3 3
3 3 3 3 3 3 3 3 3 3 3 3 3 3 3 3 3 3 3 3
3 3 3 3 3 3 3 3 3 3 3 3 3 3 3 3 3 3 3 3
3 3 3 3 3 3 3 3 3 3 3 3 3 3 3 3 3 3 3 3
3 3 3 3 3 3 3 3 3 3 3 3 3 3 3 3 3 3 3 3
3 3 3 3 3 3 3 3 3 3 3 3 3 3 3 3 3 3 3 3
3 3 3 3 3 3 3 3 3 3 3 3 3 3 3 3 3 3 3 3
3 3 3 3 3 3 3 3 3 3 3 3 3 3 3 3 3 3 3 3
3 3 3 3 3 3 3 3 3 3 3 3 3 3 3 3 3 3 3 3
3 3 3 3 3 3 3 3 3 3 3 3 3 3 3 3 3 3 3 3
3 3 3 3 3 3 3 3 3 3 3 3 3 3 3 3 3 3 3 3
3 3 3 3 3 3 3 3 3 3 3 3 3 3 3 3 3 3 3 3
3 3 3 3 3 3 3 3 3 3 3 3 3 3 3 3 3 3 3 3
3 3 3 3 3 3 3 3 3 3 3 3 3 3 3 3 3 3 3 3
3 3 3 3 3 3 3 3 3 3 3 3 3 3 3 3 3 3 3 3
3 3 3 3 3 3 3 3 3 3 3 3 3 3 3 3 3 3 3 3
3 3 3 3 3 3 3 3 3 3 3 3 3 3 3 3 3 3 3 3
3 3 3 3 3 3 3 3 3 3 3 3 3 3 3 3 3 3 3 3
qy 2
3 3 3 3 3 3 3 3 3 3 3 3 3 3 3 3 3 3 3 3
3 3 3 3 3 3 3 3 3 3 3 3 3 3 3 3 3 3 3 3
3 3 3 3 3 3 3 3 3 3 3 3 3 3 3 3 3 3 3 3
3 3 3 3 3 3 3 3 3 3 3 3 3 3 3 3 3 3 3 3
3 3 3 3 3 3 3 3 3 3 3 3 3 3 3 3 3 3 3 3
3 3 3 3 3 3 3 3 3 3 3 3 3 3 3 3 3 3 3 3
3 3 3 3 3 3 3 3 3 3 3 3 3 3 3 3 3 3 3 3
3 3 3 3 3 3 3 3 3 3 3 3 3 3 3 3 3 3 3 3
3 3 3 3 3 3 3 3 3 3 3 3 3 3 3 3 3 3 3 3
3 3 3 3 3 3 3 3 3 3 3 3 3 3 3 3 3 3 3 3
3 3 3 3 3 3 3 3 3 3 3 3 3 3 3 3 3 3 3 3
3 3 3 3 3 3 3 3 3 3 3 3 3 3 3 3 3 3 3 3
3 3 3 3 3 3 3 3 3 3 3 3 3 3 3 3 3 3 3 3
3 3 3 3 3 3 3 3 3 3 3 3 3 3 3 3 3 3 3 3
3 3 3 3 3 3 3 3 3 3 3 3 3 3 3 3 3 3 3 3
3 3 3 3 3 3 3 3 3 3 3 3 3 3 3 3 3 3 3 3
3 3 3 3 3 3 3 3 3 3 3 3 3 3 3 3 3 3 3 3
3 3 3 3 3 3 3 3 3 3 3 3 3 3 3 3 3 3 3 3
3 3 3 3 3 3 3 3 3 3 3 3 3 3 3 3 3 3 3 3
3 3 3 3 3 3 3 3 3 3 3 3 3 3 3 3 3 3 3 3
qy 3
3 3 3 3 3 3 3 3 3 3 3 3 3 3 3 3 3 3 3 1
3 3 3 3 3 3 3 3 3 3 3 3 3 3 3 3 3 3 3 1
3 3 3 3 3 3 3 3 3 3 3 3 3 3 3 3 3 3 3 1
3 3 3 3 3 3 3 3 3 3 3 3 3 3 3 3 3 3 3 1
3 3 3 3 3 3 3 3 3 3 3 3 3 3 3 3 3 3 3 3
3 3 3 3 3 3 3 3 3 3 3 3 3 3 3 3 3 3 3 3
3 3 3 3 3 3 3 3 3 3 3 3 3 3 3 3 3 3 3 3
3 3 3 3 3 3 3 3 3 3 3 3 3 3 3 3 3 3 3 3
3 3 3 3 3 3 3 3 3 3 3 3 3 3 3 3 3 3 3 3
3 3 3 3 3 3 3 3 3 3 3 3 3 3 3 3 3 3 3 3
3 3 3 3 3 3 3 3 3 3 3 3 3 3 3 3 3 3 3 3
3 3 3 3 3 3 3 3 3 3 3 3 3 3 3 3 3 3 3 3
3 3 3 3 3 3 3 3 3 3 3 3 3 3 3 3 3 3 3 3
3 3 3 3 3 3 3 3 3 3 3 3 3 3 3 3 3 3 3 3
3 3 3 3 3 3 3 3 3 3 3 3 3 3 3 3 3 3 3 3
3 3 3 3 3 3 3 3 3 3 3 3 3 3 3 3 3 3 3 3
3 3 3 3 3 3 3 3 3 3 3 3 3 3 3 3 3 3 3 3
3 3 3 3 3 3 3 3 3 3 3 3 3 3 3 3 3 3 3 3
3 3 3 3 3 3 3 3 3 3 3 3 3 3 3 3 3 3 3 3
3 3 3 3 3 3 3 3 3 3 3 3 3 3 3 3 3 3 3 2
qy 4
0 3 3 3 3 3 3 3 3 3 3 3 3 3 3 3 3 1 1 1
3 3 3 3 3 3 3 3 3 3 3 3 3 3 3 3 3 3 1 1
3 3 3 3 3 3 3 3 3 3 3 3 3 3 3 3 3 3 1 1
3 3 3 3 3 3 3 3 3 3 3 3 3 3 3 3 3 3 1 1
3 3 3 3 3 3 3 3 3 3 3 3 3 3 3 3 3 3 1 1
3 3 3 3 3 3 3 3 3 3 3 3 3 3 3 3 3 3 3 3
3 3 3 3 3 3 3 3 3 3 3 3 3 3 3 3 3 3 3 3
3 3 3 3 3 3 3 3 3 3 3 3 3 3 3 3 3 3 3 3
3 3 3 3 3 3 3 3 3 3 3 3 3 3 3 3 3 3 3 3
3 3 3 3 3 3 3 3 3 3 3 3 3 3 3 3 3 3 3 3
3 3 3 3 3 3 3 3 3 3 3 3 3 3 3 3 3 3 3 3
3 3 3 3 3 3 3 3 3 3 3 3 3 3 3 3 3 3 3 3
3 3 3 3 3 3 3 3 3 3 3 3 3 3 3 3 3 3 3 3
3 3 3 3 3 3 3 3 3 3 3 3 3 3 3 3 3 3 3 3
3 3 3 3 3 3 3 3 3 3 3 3 3 3 3 3 3 3 3 3
3 3 3 3 3 3 3 3 3 3 3 3 3 3 3 3 3 3 3 3
3 3 3 3 3 3 3 3 3 3 3 3 3 3 3 3 3 3 3 1
3 3 3 3 3 3 3 3 3 3 3 3 3 3 3 3 3 3 3 1
3 3 3 3 3 3 3 3 3 3 3 3 3 3 3 3 3 3 0 2
3 3 3 3 3 3 3 3 3 3 3 3 3 3 3 3 3 3 0 2
qy 5
0 0 0 0 0 0 0 0 0 0 0 1 0 0 0 1 1 1 1 1
0 0 0 0 0 0 0 0 0 0 0 0 0 0 0 0 1 1 1 1
0 0 0 0 0 0 0 0 0 0 0 0 0 0 0 0 1 1 1 1
0 0 0 0 0 0 0 0 0 0 0 0 0 0 0 0 1 1 1 1
0 0 0 0 0 0 0 0 0 0 0 0 0 0 0 0 1 1 1 1
0 0 0 0 0 0 0 0 0 0 0 0 0 0 0 0 0 1 1 1
0 0 0 0 0 0 0 0 0 0 0 0 0 0 0 0 0 1 1 1
0 0 0 0 0 0 0 0 0 0 0 0 0 0 0 0 1 1 1 1
0 0 0 0 0 0 0 0 0 0 0 0 0 0 0 0 1 1 1 1
0 0 0 0 0 0 0 0 0 0 0 0 0 0 0 0 0 1 1 1
0 0 0 0 0 0 0 0 0 0 0 0 0 0 0 0 0 1 1 1
0 0 0 0 0 0 0 0 0 0 0 0 0 0 0 0 0 0 0 1
0 0 0 0 0 0 0 0 0 0 0 0 0 0 0 3 3 3 1 1
0 0 0 0 0 0 0 0 0 0 0 0 0 0 3 3 3 0 1 1
0 0 0 0 0 0 0 0 0 0 0 0 0 0 3 3 0 1 1 1
0 0 0 0 0 0 0 0 0 0 0 0 0 3 3 3 0 1 1 1
0 0 0 0 0 0 0 0 0 0 0 0 0 3 3 3 0 0 1 1
0 0 0 0 0 0 0 0 0 0 0 3 3 3 3 3 0 0 0 1
0 0 0 0 0 0 0 0 0 0 3 3 3 3 3 3 0 0 0 2
0 0 0 0 0 0 0 0 0 3 3 3 3 3 3 0 0 0 0 2
qy 6
0 0 0 0 0 0 0 0 0 0 0 1 0 0 0 1 1 1 1 1
0 0 0 0 0 0 0 0 0 0 0 0 0 0 0 0 1 1 1 1
0 0 0 0 0 0 0 0 0 0 0 0 0 0 0 0 1 1 1 1
0 0 0 0 0 0 0 0 0 0 0 0 0 0 0 0 1 1 1 1
0 0 0 0 0 0 0 0 0 0 0 0 0 0 0 0 1 1 1 1
0 0 0 0 0 0 0 0 0 0 0 0 0 0 0 0 0 1 1 1
0 0 0 0 0 0 0 0 0 0 0 0 0 0 0 0 0 1 1 1
0 0 0 0 0 0 0 0 0 0 0 0 0 0 0 0 1 1 1 1
0 0 0 0 0 0 0 0 0 0 0 0 0 0 0 0 1 1 1 1
0 0 0 0 0 0 0 0 0 0 0 0 0 0 0 0 0 1 1 1
0 0 0 0 0 0 0 0 0 0 0 0 0 0 0 0 0 1 1 1
0 0 0 0 0 0 0 0 0 0 0 0 0 0 0 0 0 0 0 1
0 0 0 0 0 0 0 0 0 0 0 0 0 0 0 0 0 0 1 1
0 0 0 0 0 0 0 0 0 0 0 0 0 0 0 0 0 0 1 1
0 0 0 0 0 0 0 0 0 0 0 0 0 0 0 0 0 1 1 1
0 0 0 0 0 0 0 0 0 0 0 0 0 0 0 0 0 1 1 1
0 0 0 0 0 0 0 0 0 0 0 0 0 0 0 0 0 0 1 1
0 0 0 0 0 0 0 0 0 0 0 0 0 0 0 0 0 0 0 1
0 0 0 0 0 0 0 0 0 0 0 0 0 0 0 0 0 0 0 2
0 0 0 0 0 0 0 0 0 0 0 0 0 0 0 0 0 0 0 2
qy 7
0 0 0 0 0 0 0 0 0 0 0 1 0 0 0 1 1 1 1 1
0 0 0 0 0 0 0 0 0 0 0 0 0 0 0 0 1 1 1 1
0 0 0 0 0 0 0 0 0 0 0 0 0 0 0 0 1 1 1 1
0 0 0 0 0 0 0 0 0 0 0 0 0 0 0 0 1 1 1 1
0 0 0 0 0 0 0 0 0 0 0 0 0 0 0 0 1 1 1 1
0 0 0 0 0 0 0 0 0 0 0 0 0 0 0 0 0 1 1 1
0 0 0 0 0 0 0 0 0 0 0 0 0 0 0 0 0 1 1 1
0 0 0 0 0 0 0 0 0 0 0 0 0 0 0 0 1 1 1 1
0 0 0 0 0 0 0 0 0 0 0 0 0 0 0 0 1 1 1 1
0 0 0 0 0 0 0 0 0 0 0 0 0 0 0 0 0 1 1 1
0 0 0 0 0 0 0 0 0 0 0 0 0 0 0 0 0 1 1 1
0 0 0 0 0 0 0 0 0 0 0 0 0 0 0 0 0 0 0 1
0 0 0 0 0 0 0 0 0 0 0 0 0 0 0 0 0 0 1 1
0 0 0 0 0 0 0 0 0 0 0 0 0 0 0 0 0 0 1 1
0 0 0 0 0 0 0 0 0 0 0 0 0 0 0 0 0 1 1 1
0 0 0 0 0 0 0 0 0 0 0 0 0 0 0 0 0 1 1 1
0 0 0 0 0 0 0 0 0 0 0 0 0 0 0 0 0 0 1 1
0 0 0 0 0 0 0 0 0 0 0 0 0 0 0 0 0 0 0 1
0 0 0 0 0 0 0 0 0 0 0 0 0 0 0 0 0 0 0 2
0 0 0 0 0 0 0 0 0 0 0 0 0 0 0 0 0 0 0 2
qy 8
0 0 0 0 0 0 0 0 0 0 0 1 0 0 0 1 1 1 1 1
0 0 0 0 0 0 0 0 0 0 0 0 0 0 0 0 1 1 1 1
0 0 0 0 0 0 0 0 0 0 0 0 0 0 0 0 1 1 1 1
0 0 0 0 0 0 0 0 0 0 0 0 0 0 0 0 1 1 1 1
0 0 0 0 0 0 0 0 0 0 0 0 0 0 0 0 1 1 1 1
0 0 0 0 0 0 0 0 0 0 0 0 0 0 0 0 0 1 1 1
0 0 0 0 0 0 0 0 0 0 0 0 0 0 0 0 0 1 1 1
0 0 0 0 0 0 0 0 0 0 0 0 0 0 0 0 1 1 1 1
0 0 0 0 0 0 0 0 0 0 0 0 0 0 0 0 1 1 1 1
0 0 0 0 0 0 0 0 0 0 0 0 0 0 0 0 0 1 1 1
0 0 0 0 0 0 0 0 0 0 0 0 0 0 0 0 0 1 1 1
0 0 0 0 0 0 0 0 0 0 0 0 0 0 0 0 0 0 0 1
0 0 0 0 0 0 0 0 0 0 0 0 0 0 0 0 0 0 1 1
0 0 0 0 0 0 0 0 0 0 0 0 0 0 0 0 0 0 1 1
0 0 0 0 0 0 0 0 0 0 0 0 0 0 0 0 0 1 1 1
0 0 0 0 0 0 0 0 0 0 0 0 0 0 0 0 0 1 1 1
0 0 0 0 0 0 0 0 0 0 0 0 0 0 0 0 0 0 1 1
0 0 0 0 0 0 0 0 0 0 0 0 0 0 0 0 0 0 0 1
0 0 0 0 0 0 0 0 0 0 0 0 0 0 0 0 0 0 0 2
0 0 0 0 0 0 0 0 0 0 0 0 0 0 0 0 0 0 0 2
qy 9
0 0 0 0 0 0 0 0 0 0 0 1 0 0 0 1 1 1 1 1
0 0 0 0 0 0 0 0 0 0 0 0 0 0 0 0 1 1 1 1
0 0 0 0 0 0 0 0 0 0 0 0 0 0 0 0 1 1 1 1
0 0 0 0 0 0 0 0 0 0 0 0 0 0 0 0 1 1 1 1
0 0 0 0 0 0 0 0 0 0 0 0 0 0 0 0 1 1 1 1
0 0 0 0 0 0 0 0 0 0 0 0 0 0 0 0 0 1 1 1
0 0 0 0 0 0 0 0 0 0 0 0 0 0 0 0 0 1 1 1
0 0 0 0 0 0 0 0 0 0 0 0 0 0 0 0 1 1 1 1
0 0 0 0 0 0 0 0 0 0 0 0 0 0 0 0 1 1 1 1
0 0 0 0 0 0 0 0 0 0 0 0 0 0 0 0 0 1 1 1
0 0 0 0 0 0 0 0 0 0 0 0 0 0 0 0 0 1 1 1
0 0 0 0 0 0 0 0 0 0 0 0 0 0 0 0 0 0 0 1
0 0 0 0 0 0 0 0 0 0 0 0 0 0 0 0 0 0 1 1
0 0 0 0 0 0 0 0 0 0 0 0 0 0 0 0 0 0 1 1
0 0 0 0 0 0 0 0 0 0 0 0 0 0 0 0 0 1 1 1
0 0 0 0 0 0 0 0 0 0 0 0 0 0 0 0 0 1 1 1
0 0 0 0 0 0 0 0 0 0 0 0 0 0 0 0 0 0 1 1
0 0 0 0 0 0 0 0 0 0 0 0 0 0 0 0 0 0 0 1
0 0 0 0 0 0 0 0 0 0 0 0 0 0 0 0 0 0 0 2
0 0 0 0 0 0 0 0 0 0 0 0 0 0 0 0 0 0 0 2
qy 10
0 0 0 0 0 0 0 0 0 0 0 1 0 0 0 1 1 1 1 1
0 0 0 0 0 0 0 0 0 0 0 0 0 0 0 0 1 1 1 1
0 0 0 0 0 0 0 0 0 0 0 0 0 0 0 0 1 1 1 1
0 0 0 0 0 0 0 0 0 0 0 0 0 0 0 0 1 1 1 1
0 0 0 0 0 0 0 0 0 0 0 0 0 0 0 0 1 1 1 1
0 0 0 0 0 0 0 0 0 0 0 0 0 0 0 0 0 1 1 1
0 0 0 0 0 0 0 0 0 0 0 0 0 0 0 0 0 1 1 1
0 0 0 0 0 0 0 0 0 0 0 0 0 0 0 0 1 1 1 1
0 0 0 0 0 0 0 0 0 0 0 0 0 0 0 0 1 1 1 1
0 0 0 0 0 0 0 0 0 0 0 0 0 0 0 0 0 1 1 1
0 0 0 0 0 0 0 0 0 0 0 0 0 0 0 0 0 1 1 1
0 0 0 0 0 0 0 0 0 0 0 0 0 0 0 0 0 0 0 1
0 0 0 0 0 0 0 0 0 0 0 0 0 0 0 0 0 0 1 1
0 0 0 0 0 0 0 0 0 0 0 0 0 0 0 0 0 0 1 1
0 0 0 0 0 0 0 0 0 0 0 0 0 0 0 0 0 1 1 1
0 0 0 0 0 0 0 0 0 0 0 0 0 0 0 0 0 1 1 1
0 0 0 0 0 0 0 0 0 0 0 0 0 0 0 0 0 0 1 1
0 0 0 0 0 0 0 0 0 0 0 0 0 0 0 0 0 0 0 1
0 0 0 0 0 0 0 0 0 0 0 0 0 0 0 0 0 0 0 2
0 0 0 0 0 0 0 0 0 0 0 0 0 0 0 0 0 0 0 2
qy 11
0 0 0 0 0 0 0 0 0 0 0 1 0 0 0 1 1 1 1 1
0 0 0 0 0 0 0 0 0 0 0 0 0 0 0 0 1 1 1 1
0 0 0 0 0 0 0 0 0 0 0 0 0 0 0 0 1 1 1 1
0 0 0 0 0 0 0 0 0 0 0 0 0 0 0 0 1 1 1 1
0 0 0 0 0 0 0 0 0 0 0 0 0 0 0 0 1 1 1 1
0 0 0 0 0 0 0 0 0 0 0 0 0 0 0 0 0 1 1 1
0 0 0 0 0 0 0 0 0 0 0 0 0 0 0 0 0 1 1 1
0 0 0 0 0 0 0 0 0 0 0 0 0 0 0 0 1 1 1 1
0 0 0 0 0 0 0 0 0 0 0 0 0 0 0 0 1 1 1 1
0 0 0 0 0 0 0 0 0 0 0 0 0 0 0 0 0 1 1 1
0 0 0 0 0 0 0 0 0 0 0 0 0 0 0 0 0 1 1 1
0 0 0 0 0 0 0 0 0 0 0 0 0 0 0 0 0 0 0 1
0 0 0 0 0 0 0 0 0 0 0 0 0 0 0 0 0 0 1 1
0 0 0 0 0 0 0 0 0 0 0 0 0 0 0 0 0 0 1 1
0 0 0 0 0 0 0 0 0 0 0 0 0 0 0 0 0 1 1 1
0 0 0 0 0 0 0 0 0 0 0 0 0 0 0 0 0 1 1 1
0 0 0 0 0 0 0 0 0 0 0 0 0 0 0 0 0 0 1 1
0 0 0 0 0 0 0 0 0 0 0 0 0 0 0 0 0 0 0 1
0 0 0 0 0 0 0 0 0 0 0 0 0 0 0 0 0 0 0 2
0 0 0 0 0 0 0 0 0 0 0 0 0 0 0 0 0 0 0 2
qy 12
0 0 0 0 0 0 0 0 0 0 0 1 0 0 0 1 1 1 1 1
0 0 0 0 0 0 0 0 0 0 0 0 0 0 0 0 1 1 1 1
0 0 0 0 0 0 0 0 0 0 0 0 0 0 0 0 1 1 1 1
0 0 0 0 0 0 0 0 0 0 0 0 0 0 0 0 1 1 1 1
0 0 0 0 0 0 0 0 0 0 0 0 0 0 0 0 1 1 1 1
0 0 0 0 0 0 0 0 0 0 0 0 0 0 0 0 0 1 1 1
0 0 0 0 0 0 0 0 0 0 0 0 0 0 0 0 0 1 1 1
0 0 0 0 0 0 0 0 0 0 0 0 0 0 0 0 1 1 1 1
0 0 0 0 0 0 0 0 0 0 0 0 0 0 0 0 1 1 1 1
0 0 0 0 0 0 0 0 0 0 0 0 0 0 0 0 0 1 1 1
0 0 0 0 0 0 0 0 0 0 0 0 0 0 0 0 0 1 1 1
0 0 0 0 0 0 0 0 0 0 0 0 0 0 0 0 0 0 0 1
0 0 0 0 0 0 0 0 0 0 0 0 0 0 0 0 0 0 1 1
0 0 0 0 0 0 0 0 0 0 0 0 0 0 0 0 0 0 1 1
0 0 0 0 0 0 0 0 0 0 0 0 0 0 0 0 0 1 1 1
0 0 0 0 0 0 0 0 0 0 0 0 0 0 0 0 0 1 1 1
0 0 0 0 0 0 0 0 0 0 0 0 0 0 0 0 0 0 1 1
0 0 0 0 0 0 0 0 0 0 0 0 0 0 0 0 0 0 0 1
0 0 0 0 0 0 0 0 0 0 0 0 0 0 0 0 0 0 0 2
0 0 0 0 0 0 0 0 0 0 0 0 0 0 0 0 0 0 0 2
qy 13
0 0 0 0 0 0 0 0 0 0 0 1 0 0 0 1 1 1 1 1
0 0 0 0 0 0 0 0 0 0 0 0 0 0 0 0 1 1 1 1
0 0 0 0 0 0 0 0 0 0 0 0 0 0 0 0 1 1 1 1
0 0 0 0 0 0 0 0 0 0 0 0 0 0 0 0 1 1 1 1
0 0 0 0 0 0 0 0 0 0 0 0 0 0 0 0 1 1 1 1
0 0 0 0 0 0 0 0 0 0 0 0 0 0 0 0 0 1 1 1
0 0 0 0 0 0 0 0 0 0 0 0 0 0 0 0 0 1 1 1
0 0 0 0 0 0 0 0 0 0 0 0 0 0 0 0 1 1 1 1
0 0 0 0 0 0 0 0 0 0 0 0 0 0 0 0 1 1 1 1
0 0 0 0 0 0 0 0 0 0 0 0 0 0 0 0 0 1 1 1
0 0 0 0 0 0 0 0 0 0 0 0 0 0 0 0 0 1 1 1
0 0 0 0 0 0 0 0 0 0 0 0 0 0 0 0 0 0 0 1
0 0 0 0 0 0 0 0 0 0 0 0 0 0 0 0 0 0 1 1
0 0 0 0 0 0 0 0 0 0 0 0 0 0 0 0 0 0 1 1
0 0 0 0 0 0 0 0 0 0 0 0 0 0 0 0 0 1 1 1
0 0 0 0 0 0 0 0 0 0 0 0 0 0 0 0 0 1 1 1
0 0 0 0 0 0 0 0 0 0 0 0 0 0 0 0 0 0 1 1
0 0 0 0 0 0 0 0 0 0 0 0 0 0 0 0 0 0 0 1
0 0 0 0 0 0 0 0 0 0 0 0 0 0 0 0 0 0 0 2
0 0 0 0 0 0 0 0 0 0 0 0 0 0 0 0 0 0 0 2
qy 14
0 0 0 0 0 0 0 0 0 0 0 1 0 0 0 1 1 1 1 1
0 0 0 0 0 0 0 0 0 0 0 0 0 0 0 0 1 1 1 1
0 0 0 0 0 0 0 0 0 0 0 0 0 0 0 0 1 1 1 1
0 0 0 0 0 0 0 0 0 0 0 0 0 0 0 0 1 1 1 1
0 0 0 0 0 0 0 0 0 0 0 0 0 0 0 0 1 1 1 1
0 0 0 0 0 0 0 0 0 0 0 0 0 0 0 0 0 1 1 1
0 0 0 0 0 0 0 0 0 0 0 0 0 0 0 0 0 1 1 1
0 0 0 0 0 0 0 0 0 0 0 0 0 0 0 0 1 1 1 1
0 0 0 0 0 0 0 0 0 0 0 0 0 0 0 0 1 1 1 1
0 0 0 0 0 0 0 0 0 0 0 0 0 0 0 0 0 1 1 1
0 0 0 0 0 0 0 0 0 0 0 0 0 0 0 0 0 1 1 1
0 0 0 0 0 0 0 0 0 0 0 0 0 0 0 0 0 0 0 1
0 0 0 0 0 0 0 0 0 0 0 0 0 0 0 0 0 0 1 1
0 0 0 0 0 0 0 0 0 0 0 0 0 0 0 0 0 0 1 1
0 0 0 0 0 0 0 0 0 0 0 0 0 0 0 0 0 1 1 1
0 0 0 0 0 0 0 0 0 0 0 0 0 0 0 0 0 1 1 1
0 0 0 0 0 0 0 0 0 0 0 0 0 0 0 0 0 0 1 1
0 0 0 0 0 0 0 0 0 0 0 0 0 0 0 0 0 0 0 1
0 0 0 0 0 0 0 0 0 0 0 0 0 0 0 0 0 0 0 2
0 0 0 0 0 0 0 0 0 0 0 0 0 0 0 0 0 0 0 2
qy 15
0 0 0 0 0 0 0 0 0 0 0 1 0 0 0 1 1 1 1 1
0 0 0 0 0 0 0 0 0 0 0 0 0 0 0 0 1 1 1 1
0 0 0 0 0 0 0 0 0 0 0 0 0 0 0 0 1 1 1 1
0 0 0 0 0 0 0 0 0 0 0 0 0 0 0 0 1 1 1 1
0 0 0 0 0 0 0 0 0 0 0 0 0 0 0 0 1 1 1 1
0 0 0 0 0 0 0 0 0 0 0 0 0 0 0 0 0 1 1 1
0 0 0 0 0 0 0 0 0 0 0 0 0 0 0 0 0 1 1 1
0 0 0 0 0 0 0 0 0 0 0 0 0 0 0 0 1 1 1 1
0 0 0 0 0 0 0 0 0 0 0 0 0 0 0 0 1 1 1 1
0 0 0 0 0 0 0 0 0 0 0 0 0 0 0 0 0 1 1 1
0 0 0 0 0 0 0 0 0 0 0 0 0 0 0 0 0 1 1 1
0 0 0 0 0 0 0 0 0 0 0 0 0 0 0 0 0 0 0 1
0 0 0 0 0 0 0 0 0 0 0 0 0 0 0 0 0 0 1 1
0 0 0 0 0 0 0 0 0 0 0 0 0 0 0 0 0 0 1 1
0 0 0 0 0 0 0 0 0 0 0 0 0 0 0 0 0 1 1 1
0 0 0 0 0 0 0 0 0 0 0 0 0 0 0 0 0 1 1 1
0 0 0 0 0 0 0 0 0 0 0 0 0 0 0 0 0 0 1 1
0 0 0 0 0 0 0 0 0 0 0 0 0 0 0 0 0 0 0 1
0 0 0 0 0 0 0 0 0 0 0 0 0 0 0 0 0 0 0 2
0 0 0 0 0 0 0 0 0 0 0 0 0 0 0 0 0 0 0 2
qy 16
0 0 0 0 0 0 0 0 0 0 0 1 0 0 0 1 1 1 1 1
0 0 0 0 0 0 0 0 0 0 0 0 0 0 0 0 1 1 1 1
0 0 0 0 0 0 0 0 0 0 0 0 0 0 0 0 1 1 1 1
0 0 0 0 0 0 0 0 0 0 0 0 0 0 0 0 1 1 1 1
0 0 0 0 0 0 0 0 0 0 0 0 0 0 0 0 1 1 1 1
0 0 0 0 0 0 0 0 0 0 0 0 0 0 0 0 0 1 1 1
0 0 0 0 0 0 0 0 0 0 0 0 0 0 0 0 0 1 1 1
0 0 0 0 0 0 0 0 0 0 0 0 0 0 0 0 1 1 1 1
0 0 0 0 0 0 0 0 0 0 0 0 0 0 0 0 1 1 1 1
0 0 0 0 0 0 0 0 0 0 0 0 0 0 0 0 0 1 1 1
0 0 0 0 0 0 0 0 0 0 0 0 0 0 0 0 0 1 1 1
0 0 0 0 0 0 0 0 0 0 0 0 0 0 0 0 0 0 0 1
0 0 0 0 0 0 0 0 0 0 0 0 0 0 0 0 0 0 1 1
0 0 0 0 0 0 0 0 0 0 0 0 0 0 0 0 0 0 1 1
0 0 0 0 0 0 0 0 0 0 0 0 0 0 0 0 0 1 1 1
0 0 0 0 0 0 0 0 0 0 0 0 0 0 0 0 0 1 1 1
0 0 0 0 0 0 0 0 0 0 0 0 0 0 0 0 0 0 1 1
0 0 0 0 0 0 0 0 0 0 0 0 0 0 0 0 0 0 0 1
0 0 0 0 0 0 0 0 0 0 0 0 0 0 0 0 0 0 0 2
0 0 0 0 0 0 0 0 0 0 0 0 0 0 0 0 0 0 0 2
qy 17
0 0 0 0 0 0 0 0 0 0 0 1 0 0 0 1 1 1 1 1
0 0 0 0 0 0 0 0 0 0 0 0 0 0 0 0 1 1 1 1
0 0 0 0 0 0 0 0 0 0 0 0 0 0 0 0 1 1 1 1
0 0 0 0 0 0 0 0 0 0 0 0 0 0 0 0 1 1 1 1
0 0 0 0 0 0 0 0 0 0 0 0 0 0 0 0 1 1 1 1
0 0 0 0 0 0 0 0 0 0 0 0 0 0 0 0 0 1 1 1
0 0 0 0 0 0 0 0 0 0 0 0 0 0 0 0 0 1 1 1
0 0 0 0 0 0 0 0 0 0 0 0 0 0 0 0 1 1 1 1
0 0 0 0 0 0 0 0 0 0 0 0 0 0 0 0 1 1 1 1
0 0 0 0 0 0 0 0 0 0 0 0 0 0 0 0 0 1 1 1
0 0 0 0 0 0 0 0 0 0 0 0 0 0 0 0 0 1 1 1
0 0 0 0 0 0 0 0 0 0 0 0 0 0 0 0 0 0 0 1
0 0 0 0 0 0 0 0 0 0 0 0 0 0 0 0 0 0 1 1
0 0 0 0 0 0 0 0 0 0 0 0 0 0 0 0 0 0 1 1
0 0 0 0 0 0 0 0 0 0 0 0 0 0 0 0 0 1 1 1
0 0 0 0 0 0 0 0 0 0 0 0 0 0 0 0 0 1 1 1
0 0 0 0 0 0 0 0 0 0 0 0 0 0 0 0 0 0 1 1
0 0 0 0 0 0 0 0 0 0 0 0 0 0 0 0 0 0 0 1
0 0 0 0 0 0 0 0 0 0 0 0 0 0 0 0 0 0 0 2
0 0 0 0 0 0 0 0 0 0 0 0 0 0 0 0 0 0 0 2
qy 18
0 0 0 0 0 0 0 0 0 0 0 1 0 0 0 1 1 1 1 1
0 0 0 0 0 0 0 0 0 0 0 0 0 0 0 0 1 1 1 1
0 0 0 0 0 0 0 0 0 0 0 0 0 0 0 0 1 1 1 1
0 0 0 0 0 0 0 0 0 0 0 0 0 0 0 0 1 1 1 1
0 0 0 0 0 0 0 0 0 0 0 0 0 0 0 0 1 1 1 1
0 0 0 0 0 0 0 0 0 0 0 0 0 0 0 0 0 1 1 1
0 0 0 0 0 0 0 0 0 0 0 0 0 0 0 0 0 1 1 1
0 0 0 0 0 0 0 0 0 0 0 0 0 0 0 0 1 1 1 1
0 0 0 0 0 0 0 0 0 0 0 0 0 0 0 0 1 1 1 1
0 0 0 0 0 0 0 0 0 0 0 0 0 0 0 0 0 1 1 1
0 0 0 0 0 0 0 0 0 0 0 0 0 0 0 0 0 1 1 1
0 0 0 0 0 0 0 0 0 0 0 0 0 0 0 0 0 0 0 1
0 0 0 0 0 0 0 0 0 0 0 0 0 0 0 0 0 0 1 1
0 0 0 0 0 0 0 0 0 0 0 0 0 0 0 0 0 0 1 1
0 0 0 0 0 0 0 0 0 0 0 0 0 0 0 0 0 1 1 1
0 0 0 0 0 0 0 0 0 0 0 0 0 0 0 0 0 1 1 1
0 0 0 0 0 0 0 0 0 0 0 0 0 0 0 0 0 0 1 1
0 0 0 0 0 0 0 0 0 0 0 0 0 0 0 0 0 0 0 1
0 0 0 0 0 0 0 0 0 0 0 0 0 0 0 0 0 0 0 2
0 0 0 0 0 0 0 0 0 0 0 0 0 0 0 0 0 0 0 2
qy 19
0 0 0 0 0 0 0 0 0 0 0 1 0 0 0 1 1 1 1 1
0 0 0 0 0 0 0 0 0 0 0 0 0 0 0 0 1 1 1 1
0 0 0 0 0 0 0 0 0 0 0 0 0 0 0 0 1 1 1 1
0 0 0 0 0 0 0 0 0 0 0 0 0 0 0 0 1 1 1 1
0 0 0 0 0 0 0 0 0 0 0 0 0 0 0 0 1 1 1 1
0 0 0 0 0 0 0 0 0 0 0 0 0 0 0 0 0 1 1 1
0 0 0 0 0 0 0 0 0 0 0 0 0 0 0 0 0 1 1 1
0 0 0 0 0 0 0 0 0 0 0 0 0 0 0 0 1 1 1 1
0 0 0 0 0 0 0 0 0 0 0 0 0 0 0 0 1 1 1 1
0 0 0 0 0 0 0 0 0 0 0 0 0 0 0 0 0 1 1 1
0 0 0 0 0 0 0 0 0 0 0 0 0 0 0 0 0 1 1 1
0 0 0 0 0 0 0 0 0 0 0 0 0 0 0 0 0 0 0 1
0 0 0 0 0 0 0 0 0 0 0 0 0 0 0 0 0 0 1 1
0 0 0 0 0 0 0 0 0 0 0 0 0 0 0 0 0 0 1 1
0 0 0 0 0 0 0 0 0 0 0 0 0 0 0 0 0 1 1 1
0 0 0 0 0 0 0 0 0 0 0 0 0 0 0 0 0 1 1 1
0 0 0 0 0 0 0 0 0 0 0 0 0 0 0 0 0 0 1 1
0 0 0 0 0 0 0 0 0 0 0 0 0 0 0 0 0 0 0 1
0 0 0 0 0 0 0 0 0 0 0 0 0 0 0 0 0 0 0 2
0 0 0 0 0 0 0 0 0 0 0 0 0 0 0 0 0 0 0 2
qy 20
0 0 0 0 0 0 0 0 0 0 0 1 0 0 0 1 1 1 1 1
0 0 0 0 0 0 0 0 0 0 0 0 0 0 0 0 1 1 1 1
0 0 0 0 0 0 0 0 0 0 0 0 0 0 0 0 1 1 1 1
0 0 0 0 0 0 0 0 0 0 0 0 0 0 0 0 1 1 1 1
0 0 0 0 0 0 0 0 0 0 0 0 0 0 0 0 1 1 1 1
0 0 0 0 0 0 0 0 0 0 0 0 0 0 0 0 0 1 1 1
0 0 0 0 0 0 0 0 0 0 0 0 0 0 0 0 0 1 1 1
0 0 0 0 0 0 0 0 0 0 0 0 0 0 0 0 1 1 1 1
0 0 0 0 0 0 0 0 0 0 0 0 0 0 0 0 1 1 1 1
0 0 0 0 0 0 0 0 0 0 0 0 0 0 0 0 0 1 1 1
0 0 0 0 0 0 0 0 0 0 0 0 0 0 0 0 0 1 1 1
0 0 0 0 0 0 0 0 0 0 0 0 0 0 0 0 0 0 0 1
0 0 0 0 0 0 0 0 0 0 0 0 0 0 0 0 0 0 1 1
0 0 0 0 0 0 0 0 0 0 0 0 0 0 0 0 0 0 1 1
0 0 0 0 0 0 0 0 0 0 0 0 0 0 0 0 0 1 1 1
0 0 0 0 0 0 0 0 0 0 0 0 0 0 0 0 0 1 1 1
0 0 0 0 0 0 0 0 0 0 0 0 0 0 0 0 0 0 1 1
0 0 0 0 0 0 0 0 0 0 0 0 0 0 0 0 0 0 0 1
0 0 0 0 0 0 0 0 0 0 0 0 0 0 0 0 0 0 0 2
0 0 0 0 0 0 0 0 0 0 0 0 0 0 0 0 0 0 0 2
qy 21
0 0 0 0 0 0 0 0 0 0 0 1 0 0 0 1 1 1 1 1
0 0 0 0 0 0 0 0 0 0 0 0 0 0 0 0 1 1 1 1
0 0 0 0 0 0 0 0 0 0 0 0 0 0 0 0 1 1 1 1
0 0 0 0 0 0 0 0 0 0 0 0 0 0 0 0 1 1 1 1
0 0 0 0 0 0 0 0 0 0 0 0 0 0 0 0 1 1 1 1
0 0 0 0 0 0 0 0 0 0 0 0 0 0 0 0 0 1 1 1
0 0 0 0 0 0 0 0 0 0 0 0 0 0 0 0 0 1 1 1
0 0 0 0 0 0 0 0 0 0 0 0 0 0 0 0 1 1 1 1
0 0 0 0 0 0 0 0 0 0 0 0 0 0 0 0 1 1 1 1
0 0 0 0 0 0 0 0 0 0 0 0 0 0 0 0 0 1 1 1
0 0 0 0 0 0 0 0 0 0 0 0 0 0 0 0 0 1 1 1
0 0 0 0 0 0 0 0 0 0 0 0 0 0 0 0 0 0 0 1
0 0 0 0 0 0 0 0 0 0 0 0 0 0 0 0 0 0 1 1
0 0 0 0 0 0 0 0 0 0 0 0 0 0 0 0 0 0 1 1
0 0 0 0 0 0 0 0 0 0 0 0 0 0 0 0 0 1 1 1
0 0 0 0 0 0 0 0 0 0 0 0 0 0 0 0 0 1 1 1
0 0 0 0 0 0 0 0 0 0 0 0 0 0 0 0 0 0 1 1
0 0 0 0 0 0 0 0 0 0 0 0 0 0 0 0 0 0 0 1
0 0 0 0 0 0 0 0 0 0 0 0 0 0 0 0 0 0 0 2
0 0 0 0 0 0 0 0 0 0 0 0 0 0 0 0 0 0 0 2
qy 22
0 0 0 0 0 0 0 0 0 0 0 1 0 0 0 1 1 1 1 1
0 0 0 0 0 0 0 0 0 0 0 0 0 0 0 0 1 1 1 1
0 0 0 0 0 0 0 0 0 0 0 0 0 0 0 0 1 1 1 1
0 0 0 0 0 0 0 0 0 0 0 0 0 0 0 0 1 1 1 1
0 0 0 0 0 0 0 0 0 0 0 0 0 0 0 0 1 1 1 1
0 0 0 0 0 0 0 0 0 0 0 0 0 0 0 0 0 1 1 1
0 0 0 0 0 0 0 0 0 0 0 0 0 0 0 0 0 1 1 1
0 0 0 0 0 0 0 0 0 0 0 0 0 0 0 0 1 1 1 1
0 0 0 0 0 0 0 0 0 0 0 0 0 0 0 0 1 1 1 1
0 0 0 0 0 0 0 0 0 0 0 0 0 0 0 0 0 1 1 1
0 0 0 0 0 0 0 0 0 0 0 0 0 0 0 0 0 1 1 1
0 0 0 0 0 0 0 0 0 0 0 0 0 0 0 0 0 0 0 1
0 0 0 0 0 0 0 0 0 0 0 0 0 0 0 0 0 0 1 1
0 0 0 0 0 0 0 0 0 0 0 0 0 0 0 0 0 0 1 1
0 0 0 0 0 0 0 0 0 0 0 0 0 0 0 0 0 1 1 1
0 0 0 0 0 0 0 0 0 0 0 0 0 0 0 0 0 1 1 1
0 0 0 0 0 0 0 0 0 0 0 0 0 0 0 0 0 0 1 1
0 0 0 0 0 0 0 0 0 0 0 0 0 0 0 0 0 0 0 1
0 0 0 0 0 0 0 0 0 0 0 0 0 0 0 0 0 0 0 2
0 0 0 0 0 0 0 0 0 0 0 0 0 0 0 0 0 0 0 2
qy 23
0 0 0 0 0 0 0 0 0 0 0 1 0 0 0 1 1 1 1 1
0 0 0 0 0 0 0 0 0 0 0 0 0 0 0 0 1 1 1 1
0 0 0 0 0 0 0 0 0 0 0 0 0 0 0 0 1 1 1 1
0 0 0 0 0 0 0 0 0 0 0 0 0 0 0 0 1 1 1 1
0 0 0 0 0 0 0 0 0 0 0 0 0 0 0 0 1 1 1 1
0 0 0 0 0 0 0 0 0 0 0 0 0 0 0 0 0 1 1 1
0 0 0 0 0 0 0 0 0 0 0 0 0 0 0 0 0 1 1 1
0 0 0 0 0 0 0 0 0 0 0 0 0 0 0 0 1 1 1 1
0 0 0 0 0 0 0 0 0 0 0 0 0 0 0 0 1 1 1 1
0 0 0 0 0 0 0 0 0 0 0 0 0 0 0 0 0 1 1 1
0 0 0 0 0 0 0 0 0 0 0 0 0 0 0 0 0 1 1 1
0 0 0 0 0 0 0 0 0 0 0 0 0 0 0 0 0 0 0 1
0 0 0 0 0 0 0 0 0 0 0 0 0 0 0 0 0 0 1 1
0 0 0 0 0 0 0 0 0 0 0 0 0 0 0 0 0 0 1 1
0 0 0 0 0 0 0 0 0 0 0 0 0 0 0 0 0 1 1 1
0 0 0 0 0 0 0 0 0 0 0 0 0 0 0 0 0 1 1 1
0 0 0 0 0 0 0 0 0 0 0 0 0 0 0 0 0 0 1 1
0 0 0 0 0 0 0 0 0 0 0 0 0 0 0 0 0 0 0 1
0 0 0 0 0 0 0 0 0 0 0 0 0 0 0 0 0 0 0 2
0 0 0 0 0 0 0 0 0 0 0 0 0 0 0 0 0 0 0 2
qy 24
0 0 0 0 0 0 0 0 0 0 0 1 0 0 0 1 1 1 1 1
0 0 0 0 0 0 0 0 0 0 0 0 0 0 0 0 1 1 1 1
0 0 0 0 0 0 0 0 0 0 0 0 0 0 0 0 1 1 1 1
0 0 0 0 0 0 0 0 0 0 0 0 0 0 0 0 1 1 1 1
0 0 0 0 0 0 0 0 0 0 0 0 0 0 0 0 1 1 1 1
0 0 0 0 0 0 0 0 0 0 0 0 0 0 0 0 0 1 1 1
0 0 0 0 0 0 0 0 0 0 0 0 0 0 0 0 0 1 1 1
0 0 0 0 0 0 0 0 0 0 0 0 0 0 0 0 1 1 1 1
0 0 0 0 0 0 0 0 0 0 0 0 0 0 0 0 1 1 1 1
0 0 0 0 0 0 0 0 0 0 0 0 0 0 0 0 0 1 1 1
0 0 0 0 0 0 0 0 0 0 0 0 0 0 0 0 0 1 1 1
0 0 0 0 0 0 0 0 0 0 0 0 0 0 0 0 0 0 0 1
0 0 0 0 0 0 0 0 0 0 0 0 0 0 0 0 0 0 1 1
0 0 0 0 0 0 0 0 0 0 0 0 0 0 0 0 0 0 1 1
0 0 0 0 0 0 0 0 0 0 0 0 0 0 0 0 0 1 1 1
0 0 0 0 0 0 0 0 0 0 0 0 0 0 0 0 0 1 1 1
0 0 0 0 0 0 0 0 0 0 0 0 0 0 0 0 0 0 1 1
0 0 0 0 0 0 0 0 0 0 0 0 0 0 0 0 0 0 0 1
0 0 0 0 0 0 0 0 0 0 0 0 0 0 0 0 0 0 0 2
0 0 0 0 0 0 0 0 0 0 0 0 0 0 0 0 0 0 0 2
qy 25
0 0 0 0 0 0 0 0 0 0 0 1 0 0 0 1 1 1 1 1
0 0 0 0 0 0 0 0 0 0 0 0 0 0 0 0 1 1 1 1
0 0 0 0 0 0 0 0 0 0 0 0 0 0 0 0 1 1 1 1
0 0 0 0 0 0 0 0 0 0 0 0 0 0 0 0 1 1 1 1
0 0 0 0 0 0 0 0 0 0 0 0 0 0 0 0 1 1 1 1
0 0 0 0 0 0 0 0 0 0 0 0 0 0 0 0 0 1 1 1
0 0 0 0 0 0 0 0 0 0 0 0 0 0 0 0 0 1 1 1
0 0 0 0 0 0 0 0 0 0 0 0 0 0 0 0 1 1 1 1
0 0 0 0 0 0 0 0 0 0 0 0 0 0 0 0 1 1 1 1
0 0 0 0 0 0 0 0 0 0 0 0 0 0 0 0 0 1 1 1
0 0 0 0 0 0 0 0 0 0 0 0 0 0 0 0 0 1 1 1
0 0 0 0 0 0 0 0 0 0 0 0 0 0 0 0 0 0 0 1
0 0 0 0 0 0 0 0 0 0 0 0 0 0 0 0 0 0 1 1
0 0 0 0 0 0 0 0 0 0 0 0 0 0 0 0 0 0 1 1
0 0 0 0 0 0 0 0 0 0 0 0 0 0 0 0 0 1 1 1
0 0 0 0 0 0 0 0 0 0 0 0 0 0 0 0 0 1 1 1
0 0 0 0 0 0 0 0 0 0 0 0 0 0 0 0 0 0 1 1
0 0 0 0 0 0 0 0 0 0 0 0 0 0 0 0 0 0 0 1
0 0 0 0 0 0 0 0 0 0 0 0 0 0 0 0 0 0 0 2
0 0 0 0 0 0 0 0 0 0 0 0 0 0 0 0 0 0 0 2
qy 26
0 0 0 0 0 0 0 0 0 0 0 1 0 0 0 1 1 1 1 1
0 0 0 0 0 0 0 0 0 0 0 0 0 0 0 0 1 1 1 1
0 0 0 0 0 0 0 0 0 0 0 0 0 0 0 0 1 1 1 1
0 0 0 0 0 0 0 0 0 0 0 0 0 0 0 0 1 1 1 1
0 0 0 0 0 0 0 0 0 0 0 0 0 0 0 0 1 1 1 1
0 0 0 0 0 0 0 0 0 0 0 0 0 0 0 0 0 1 1 1
0 0 0 0 0 0 0 0 0 0 0 0 0 0 0 0 0 1 1 1
0 0 0 0 0 0 0 0 0 0 0 0 0 0 0 0 1 1 1 1
0 0 0 0 0 0 0 0 0 0 0 0 0 0 0 0 1 1 1 1
0 0 0 0 0 0 0 0 0 0 0 0 0 0 0 0 0 1 1 1
0 0 0 0 0 0 0 0 0 0 0 0 0 0 0 0 0 1 1 1
0 0 0 0 0 0 0 0 0 0 0 0 0 0 0 0 0 0 0 1
0 0 0 0 0 0 0 0 0 0 0 0 0 0 0 0 0 0 1 1
0 0 0 0 0 0 0 0 0 0 0 0 0 0 0 0 0 0 1 1
0 0 0 0 0 0 0 0 0 0 0 0 0 0 0 0 0 1 1 1
0 0 0 0 0 0 0 0 0 0 0 0 0 0 0 0 0 1 1 1
0 0 0 0 0 0 0 0 0 0 0 0 0 0 0 0 0 0 1 1
0 0 0 0 0 0 0 0 0 0 0 0 0 0 0 0 0 0 0 1
0 0 0 0 0 0 0 0 0 0 0 0 0 0 0 0 0 0 0 2
0 0 0 0 0 0 0 0 0 0 0 0 0 0 0 0 0 0 0 2
qy 27
0 0 0 0 0 0 0 0 0 0 0 1 0 0 0 1 1 1 1 1
0 0 0 0 0 0 0 0 0 0 0 0 0 0 0 0 1 1 1 1
0 0 0 0 0 0 0 0 0 0 0 0 0 0 0 0 1 1 1 1
0 0 0 0 0 0 0 0 0 0 0 0 0 0 0 0 1 1 1 1
0 0 0 0 0 0 0 0 0 0 0 0 0 0 0 0 1 1 1 1
0 0 0 0 0 0 0 0 0 0 0 0 0 0 0 0 0 1 1 1
0 0 0 0 0 0 0 0 0 0 0 0 0 0 0 0 0 1 1 1
0 0 0 0 0 0 0 0 0 0 0 0 0 0 0 0 1 1 1 1
0 0 0 0 0 0 0 0 0 0 0 0 0 0 0 0 1 1 1 1
0 0 0 0 0 0 0 0 0 0 0 0 0 0 0 0 0 1 1 1
0 0 0 0 0 0 0 0 0 0 0 0 0 0 0 0 0 1 1 1
0 0 0 0 0 0 0 0 0 0 0 0 0 0 0 0 0 0 0 1
0 0 0 0 0 0 0 0 0 0 0 0 0 0 0 0 0 0 1 1
0 0 0 0 0 0 0 0 0 0 0 0 0 0 0 0 0 0 1 1
0 0 0 0 0 0 0 0 0 0 0 0 0 0 0 0 0 1 1 1
0 0 0 0 0 0 0 0 0 0 0 0 0 0 0 0 0 1 1 1
0 0 0 0 0 0 0 0 0 0 0 0 0 0 0 0 0 0 1 1
0 0 0 0 0 0 0 0 0 0 0 0 0 0 0 0 0 0 0 1
0 0 0 0 0 0 0 0 0 0 0 0 0 0 0 0 0 0 0 2
0 0 0 0 0 0 0 0 0 0 0 0 0 0 0 0 0 0 0 2
qy 28
0 0 0 0 0 0 0 0 0 0 0 1 0 0 0 1 1 1 1 1
0 0 0 0 0 0 0 0 0 0 0 0 0 0 0 0 1 1 1 1
0 0 0 0 0 0 0 0 0 0 0 0 0 0 0 0 1 1 1 1
0 0 0 0 0 0 0 0 0 0 0 0 0 0 0 0 1 1 1 1
0 0 0 0 0 0 0 0 0 0 0 0 0 0 0 0 1 1 1 1
0 0 0 0 0 0 0 0 0 0 0 0 0 0 0 0 0 1 1 1
0 0 0 0 0 0 0 0 0 0 0 0 0 0 0 0 0 1 1 1
0 0 0 0 0 0 0 0 0 0 0 0 0 0 0 0 1 1 1 1
0 0 0 0 0 0 0 0 0 0 0 0 0 0 0 0 1 1 1 1
0 0 0 0 0 0 0 0 0 0 0 0 0 0 0 0 0 1 1 1
0 0 0 0 0 0 0 0 0 0 0 0 0 0 0 0 0 1 1 1
0 0 0 0 0 0 0 0 0 0 0 0 0 0 0 0 0 0 0 1
0 0 0 0 0 0 0 0 0 0 0 0 0 0 0 0 0 0 1 1
0 0 0 0 0 0 0 0 0 0 0 0 0 0 0 0 0 0 1 1
0 0 0 0 0 0 0 0 0 0 0 0 0 0 0 0 0 1 1 1
0 0 0 0 0 0 0 0 0 0 0 0 0 0 0 0 0 1 1 1
0 0 0 0 0 0 0 0 0 0 0 0 0 0 0 0 0 0 1 1
0 0 0 0 0 0 0 0 0 0 0 0 0 0 0 0 0 0 0 1
0 0 0 0 0 0 0 0 0 0 0 0 0 0 0 0 0 0 0 2
0 0 0 0 0 0 0 0 0 0 0 0 0 0 0 0 0 0 0 2
qy 29
0 0 0 0 0 0 0 0 0 0 0 1 0 0 0 1 1 1 1 1
0 0 0 0 0 0 0 0 0 0 0 0 0 0 0 0 1 1 1 1
0 0 0 0 0 0 0 0 0 0 0 0 0 0 0 0 1 1 1 1
0 0 0 0 0 0 0 0 0 0 0 0 0 0 0 0 1 1 1 1
0 0 0 0 0 0 0 0 0 0 0 0 0 0 0 0 1 1 1 1
0 0 0 0 0 0 0 0 0 0 0 0 0 0 0 0 0 1 1 1
0 0 0 0 0 0 0 0 0 0 0 0 0 0 0 0 0 1 1 1
0 0 0 0 0 0 0 0 0 0 0 0 0 0 0 0 1 1 1 1
0 0 0 0 0 0 0 0 0 0 0 0 0 0 0 0 1 1 1 1
0 0 0 0 0 0 0 0 0 0 0 0 0 0 0 0 0 1 1 1
0 0 0 0 0 0 0 0 0 0 0 0 0 0 0 0 0 1 1 1
0 0 0 0 0 0 0 0 0 0 0 0 0 0 0 0 0 0 0 1
0 0 0 0 0 0 0 0 0 0 0 0 0 0 0 0 0 0 1 1
0 0 0 0 0 0 0 0 0 0 0 0 0 0 0 0 0 0 1 1
0 0 0 0 0 0 0 0 0 0 0 0 0 0 0 0 0 1 1 1
0 0 0 0 0 0 0 0 0 0 0 0 0 0 0 0 0 1 1 1
0 0 0 0 0 0 0 0 0 0 0 0 0 0 0 0 0 0 1 1
0 0 0 0 0 0 0 0 0 0 0 0 0 0 0 0 0 0 0 1
0 0 0 0 0 0 0 0 0 0 0 0 0 0 0 0 0 0 0 2
0 0 0 0 0 0 0 0 0 0 0 0 0 0 0 0 0 0 0 2
qy 30
0 0 0 0 0 0 0 0 0 0 0 1 0 0 0 1 1 1 1 1
0 0 0 0 0 0 0 0 0 0 0 0 0 0 0 0 1 1 1 1
0 0 0 0 0 0 0 0 0 0 0 0 0 0 0 0 1 1 1 1
0 0 0 0 0 0 0 0 0 0 0 0 0 0 0 0 1 1 1 1
0 0 0 0 0 0 0 0 0 0 0 0 0 0 0 0 1 1 1 1
0 0 0 0 0 0 0 0 0 0 0 0 0 0 0 0 0 1 1 1
0 0 0 0 0 0 0 0 0 0 0 0 0 0 0 0 0 1 1 1
0 0 0 0 0 0 0 0 0 0 0 0 0 0 0 0 1 1 1 1
0 0 0 0 0 0 0 0 0 0 0 0 0 0 0 0 1 1 1 1
0 0 0 0 0 0 0 0 0 0 0 0 0 0 0 0 0 1 1 1
0 0 0 0 0 0 0 0 0 0 0 0 0 0 0 0 0 1 1 1
0 0 0 0 0 0 0 0 0 0 0 0 0 0 0 0 0 0 0 1
0 0 0 0 0 0 0 0 0 0 0 0 0 0 0 0 0 0 1 1
0 0 0 0 0 0 0 0 0 0 0 0 0 0 0 0 0 0 1 1
0 0 0 0 0 0 0 0 0 0 0 0 0 0 0 0 0 1 1 1
0 0 0 0 0 0 0 0 0 0 0 0 0 0 0 0 0 1 1 1
0 0 0 0 0 0 0 0 0 0 0 0 0 0 0 0 0 0 1 1
0 0 0 0 0 0 0 0 0 0 0 0 0 0 0 0 0 0 0 1
0 0 0 0 0 0 0 0 0 0 0 0 0 0 0 0 0 0 0 2
0 0 0 0 0 0 0 0 0 0 0 0 0 0 0 0 0 0 0 2
qy 31
0 0 0 0 0 0 0 0 0 0 0 1 0 0 0 1 1 1 1 1
0 0 0 0 0 0 0 0 0 0 0 0 0 0 0 0 1 1 1 1
0 0 0 0 0 0 0 0 0 0 0 0 0 0 0 0 1 1 1 1
0 0 0 0 0 0 0 0 0 0 0 0 0 0 0 0 1 1 1 1
0 0 0 0 0 0 0 0 0 0 0 0 0 0 0 0 1 1 1 1
0 0 0 0 0 0 0 0 0 0 0 0 0 0 0 0 0 1 1 1
0 0 0 0 0 0 0 0 0 0 0 0 0 0 0 0 0 1 1 1
0 0 0 0 0 0 0 0 0 0 0 0 0 0 0 0 1 1 1 1
0 0 0 0 0 0 0 0 0 0 0 0 0 0 0 0 1 1 1 1
0 0 0 0 0 0 0 0 0 0 0 0 0 0 0 0 0 1 1 1
0 0 0 0 0 0 0 0 0 0 0 0 0 0 0 0 0 1 1 1
0 0 0 0 0 0 0 0 0 0 0 0 0 0 0 0 0 0 0 1
0 0 0 0 0 0 0 0 0 0 0 0 0 0 0 0 0 0 1 1
0 0 0 0 0 0 0 0 0 0 0 0 0 0 0 0 0 0 1 1
0 0 0 0 0 0 0 0 0 0 0 0 0 0 0 0 0 1 1 1
0 0 0 0 0 0 0 0 0 0 0 0 0 0 0 0 0 1 1 1
0 0 0 0 0 0 0 0 0 0 0 0 0 0 0 0 0 0 1 1
0 0 0 0 0 0 0 0 0 0 0 0 0 0 0 0 0 0 0 1
0 0 0 0 0 0 0 0 0 0 0 0 0 0 0 0 0 0 0 2
0 0 0 0 0 0 0 0 0 0 0 0 0 0 0 0 0 0 0 2
qy 32
0 0 0 0 0 0 0 0 0 0 0 1 0 0 0 1 1 1 1 1
0 0 0 0 0 0 0 0 0 0 0 0 0 0 0 0 1 1 1 1
0 0 0 0 0 0 0 0 0 0 0 0 0 0 0 0 1 1 1 1
0 0 0 0 0 0 0 0 0 0 0 0 0 0 0 0 1 1 1 1
0 0 0 0 0 0 0 0 0 0 0 0 0 0 0 0 1 1 1 1
0 0 0 0 0 0 0 0 0 0 0 0 0 0 0 0 0 1 1 1
0 0 0 0 0 0 0 0 0 0 0 0 0 0 0 0 0 1 1 1
0 0 0 0 0 0 0 0 0 0 0 0 0 0 0 0 1 1 1 1
0 0 0 0 0 0 0 0 0 0 0 0 0 0 0 0 1 1 1 1
0 0 0 0 0 0 0 0 0 0 0 0 0 0 0 0 0 1 1 1
0 0 0 0 0 0 0 0 0 0 0 0 0 0 0 0 0 1 1 1
0 0 0 0 0 0 0 0 0 0 0 0 0 0 0 0 0 0 0 1
0 0 0 0 0 0 0 0 0 0 0 0 0 0 0 0 0 0 1 1
0 0 0 0 0 0 0 0 0 0 0 0 0 0 0 0 0 0 1 1
0 0 0 0 0 0 0 0 0 0 0 0 0 0 0 0 0 1 1 1
0 0 0 0 0 0 0 0 0 0 0 0 0 0 0 0 0 1 1 1
0 0 0 0 0 0 0 0 0 0 0 0 0 0 0 0 0 0 1 1
0 0 0 0 0 0 0 0 0 0 0 0 0 0 0 0 0 0 0 1
0 0 0 0 0 0 0 0 0 0 0 0 0 0 0 0 0 0 0 2
0 0 0 0 0 0 0 0 0 0 0 0 0 0 0 0 0 0 0 2
qy 33
0 0 0 0 0 0 0 0 0 0 0 1 0 0 0 1 1 1 1 1
0 0 0 0 0 0 0 0 0 0 0 0 0 0 0 0 1 1 1 1
0 0 0 0 0 0 0 0 0 0 0 0 0 0 0 0 1 1 1 1
0 0 0 0 0 0 0 0 0 0 0 0 0 0 0 0 1 1 1 1
0 0 0 0 0 0 0 0 0 0 0 0 0 0 0 0 1 1 1 1
0 0 0 0 0 0 0 0 0 0 0 0 0 0 0 0 0 1 1 1
0 0 0 0 0 0 0 0 0 0 0 0 0 0 0 0 0 1 1 1
0 0 0 0 0 0 0 0 0 0 0 0 0 0 0 0 1 1 1 1
0 0 0 0 0 0 0 0 0 0 0 0 0 0 0 0 1 1 1 1
0 0 0 0 0 0 0 0 0 0 0 0 0 0 0 0 0 1 1 1
0 0 0 0 0 0 0 0 0 0 0 0 0 0 0 0 0 1 1 1
0 0 0 0 0 0 0 0 0 0 0 0 0 0 0 0 0 0 0 1
0 0 0 0 0 0 0 0 0 0 0 0 0 0 0 0 0 0 1 1
0 0 0 0 0 0 0 0 0 0 0 0 0 0 0 0 0 0 1 1
0 0 0 0 0 0 0 0 0 0 0 0 0 0 0 0 0 1 1 1
0 0 0 0 0 0 0 0 0 0 0 0 0 0 0 0 0 1 1 1
0 0 0 0 0 0 0 0 0 0 0 0 0 0 0 0 0 0 1 1
0 0 0 0 0 0 0 0 0 0 0 0 0 0 0 0 0 0 0 1
0 0 0 0 0 0 0 0 0 0 0 0 0 0 0 0 0 0 0 2
0 0 0 0 0 0 0 0 0 0 0 0 0 0 0 0 0 0 0 2
qy 34
0 0 0 0 0 0 0 0 0 0 0 1 0 0 0 1 1 1 1 1
0 0 0 0 0 0 0 0 0 0 0 0 0 0 0 0 1 1 1 1
0 0 0 0 0 0 0 0 0 0 0 0 0 0 0 0 1 1 1 1
0 0 0 0 0 0 0 0 0 0 0 0 0 0 0 0 1 1 1 1
0 0 0 0 0 0 0 0 0 0 0 0 0 0 0 0 1 1 1 1
0 0 0 0 0 0 0 0 0 0 0 0 0 0 0 0 0 1 1 1
0 0 0 0 0 0 0 0 0 0 0 0 0 0 0 0 0 1 1 1
0 0 0 0 0 0 0 0 0 0 0 0 0 0 0 0 1 1 1 1
0 0 0 0 0 0 0 0 0 0 0 0 0 0 0 0 1 1 1 1
0 0 0 0 0 0 0 0 0 0 0 0 0 0 0 0 0 1 1 1
0 0 0 0 0 0 0 0 0 0 0 0 0 0 0 0 0 1 1 1
0 0 0 0 0 0 0 0 0 0 0 0 0 0 0 0 0 0 0 1
0 0 0 0 0 0 0 0 0 0 0 0 0 0 0 0 0 0 1 1
0 0 0 0 0 0 0 0 0 0 0 0 0 0 0 0 0 0 1 1
0 0 0 0 0 0 0 0 0 0 0 0 0 0 0 0 0 1 1 1
0 0 0 0 0 0 0 0 0 0 0 0 0 0 0 0 0 1 1 1
0 0 0 0 0 0 0 0 0 0 0 0 0 0 0 0 0 0 1 1
0 0 0 0 0 0 0 0 0 0 0 0 0 0 0 0 0 0 0 1
0 0 0 0 0 0 0 0 0 0 0 0 0 0 0 0 0 0 0 2
0 0 0 0 0 0 0 0 0 0 0 0 0 0 0 0 0 0 0 2
qy 35
0 0 0 0 0 0 0 0 0 0 0 1 0 0 0 1 1 1 1 1
0 0 0 0 0 0 0 0 0 0 0 0 0 0 0 0 1 1 1 1
0 0 0 0 0 0 0 0 0 0 0 0 0 0 0 0 1 1 1 1
0 0 0 0 0 0 0 0 0 0 0 0 0 0 0 0 1 1 1 1
0 0 0 0 0 0 0 0 0 0 0 0 0 0 0 0 1 1 1 1
0 0 0 0 0 0 0 0 0 0 0 0 0 0 0 0 0 1 1 1
0 0 0 0 0 0 0 0 0 0 0 0 0 0 0 0 0 1 1 1
0 0 0 0 0 0 0 0 0 0 0 0 0 0 0 0 1 1 1 1
0 0 0 0 0 0 0 0 0 0 0 0 0 0 0 0 1 1 1 1
0 0 0 0 0 0 0 0 0 0 0 0 0 0 0 0 0 1 1 1
0 0 0 0 0 0 0 0 0 0 0 0 0 0 0 0 0 1 1 1
0 0 0 0 0 0 0 0 0 0 0 0 0 0 0 0 0 0 0 1
0 0 0 0 0 0 0 0 0 0 0 0 0 0 0 0 0 0 1 1
0 0 0 0 0 0 0 0 0 0 0 0 0 0 0 0 0 0 1 1
0 0 0 0 0 0 0 0 0 0 0 0 0 0 0 0 0 1 1 1
0 0 0 0 0 0 0 0 0 0 0 0 0 0 0 0 0 1 1 1
0 0 0 0 0 0 0 0 0 0 0 0 0 0 0 0 0 0 1 1
0 0 0 0 0 0 0 0 0 0 0 0 0 0 0 0 0 0 0 1
0 0 0 0 0 0 0 0 0 0 0 0 0 0 0 0 0 0 0 2
0 0 0 0 0 0 0 0 0 0 0 0 0 0 0 0 0 0 0 2
qy 36
0 0 0 0 0 0 0 0 0 0 0 1 0 0 0 1 1 1 1 1
0 0 0 0 0 0 0 0 0 0 0 0 0 0 0 0 1 1 1 1
0 0 0 0 0 0 0 0 0 0 0 0 0 0 0 0 1 1 1 1
0 0 0 0 0 0 0 0 0 0 0 0 0 0 0 0 1 1 1 1
0 0 0 0 0 0 0 0 0 0 0 0 0 0 0 0 1 1 1 1
0 0 0 0 0 0 0 0 0 0 0 0 0 0 0 0 0 1 1 1
0 0 0 0 0 0 0 0 0 0 0 0 0 0 0 0 0 1 1 1
0 0 0 0 0 0 0 0 0 0 0 0 0 0 0 0 1 1 1 1
0 0 0 0 0 0 0 0 0 0 0 0 0 0 0 0 1 1 1 1
0 0 0 0 0 0 0 0 0 0 0 0 0 0 0 0 0 1 1 1
0 0 0 0 0 0 0 0 0 0 0 0 0 0 0 0 0 1 1 1
0 0 0 0 0 0 0 0 0 0 0 0 0 0 0 0 0 0 0 1
0 0 0 0 0 0 0 0 0 0 0 0 0 0 0 0 0 0 1 1
0 0 0 0 0 0 0 0 0 0 0 0 0 0 0 0 0 0 1 1
0 0 0 0 0 0 0 0 0 0 0 0 0 0 0 0 0 1 1 1
0 0 0 0 0 0 0 0 0 0 0 0 0 0 0 0 0 1 1 1
0 0 0 0 0 0 0 0 0 0 0 0 0 0 0 0 0 0 1 1
0 0 0 0 0 0 0 0 0 0 0 0 0 0 0 0 0 0 0 1
0 0 0 0 0 0 0 0 0 0 0 0 0 0 0 0 0 0 0 2
0 0 0 0 0 0 0 0 0 0 0 0 0 0 0 0 0 0 0 2
qy 37
0 0 0 0 0 0 0 0 0 0 0 1 0 0 0 1 1 1 1 1
0 0 0 0 0 0 0 0 0 0 0 0 0 0 0 0 1 1 1 1
0 0 0 0 0 0 0 0 0 0 0 0 0 0 0 0 1 1 1 1
0 0 0 0 0 0 0 0 0 0 0 0 0 0 0 0 1 1 1 1
0 0 0 0 0 0 0 0 0 0 0 0 0 0 0 0 1 1 1 1
0 0 0 0 0 0 0 0 0 0 0 0 0 0 0 0 0 1 1 1
0 0 0 0 0 0 0 0 0 0 0 0 0 0 0 0 0 1 1 1
0 0 0 0 0 0 0 0 0 0 0 0 0 0 0 0 1 1 1 1
0 0 0 0 0 0 0 0 0 0 0 0 0 0 0 0 1 1 1 1
0 0 0 0 0 0 0 0 0 0 0 0 0 0 0 0 0 1 1 1
0 0 0 0 0 0 0 0 0 0 0 0 0 0 0 0 0 1 1 1
0 0 0 0 0 0 0 0 0 0 0 0 0 0 0 0 0 0 0 1
0 0 0 0 0 0 0 0 0 0 0 0 0 0 0 0 0 0 1 1
0 0 0 0 0 0 0 0 0 0 0 0 0 0 0 0 0 0 1 1
0 0 0 0 0 0 0 0 0 0 0 0 0 0 0 0 0 1 1 1
0 0 0 0 0 0 0 0 0 0 0 0 0 0 0 0 0 1 1 1
0 0 0 0 0 0 0 0 0 0 0 0 0 0 0 0 0 0 1 1
0 0 0 0 0 0 0 0 0 0 0 0 0 0 0 0 0 0 0 1
0 0 0 0 0 0 0 0 0 0 0 0 0 0 0 0 0 0 0 2
0 0 0 0 0 0 0 0 0 0 0 0 0 0 0 0 0 0 0 2
qy 38
0 0 0 0 0 0 0 0 0 0 0 1 0 0 0 1 1 1 1 1
0 0 0 0 0 0 0 0 0 0 0 0 0 0 0 0 1 1 1 1
0 0 0 0 0 0 0 0 0 0 0 0 0 0 0 0 1 1 1 1
0 0 0 0 0 0 0 0 0 0 0 0 0 0 0 0 1 1 1 1
0 0 0 0 0 0 0 0 0 0 0 0 0 0 0 0 1 1 1 1
0 0 0 0 0 0 0 0 0 0 0 0 0 0 0 0 0 1 1 1
0 0 0 0 0 0 0 0 0 0 0 0 0 0 0 0 0 1 1 1
0 0 0 0 0 0 0 0 0 0 0 0 0 0 0 0 1 1 1 1
0 0 0 0 0 0 0 0 0 0 0 0 0 0 0 0 1 1 1 1
0 0 0 0 0 0 0 0 0 0 0 0 0 0 0 0 0 1 1 1
0 0 0 0 0 0 0 0 0 0 0 0 0 0 0 0 0 1 1 1
0 0 0 0 0 0 0 0 0 0 0 0 0 0 0 0 0 0 0 1
0 0 0 0 0 0 0 0 0 0 0 0 0 0 0 0 0 0 1 1
0 0 0 0 0 0 0 0 0 0 0 0 0 0 0 0 0 0 1 1
0 0 0 0 0 0 0 0 0 0 0 0 0 0 0 0 0 1 1 1
0 0 0 0 0 0 0 0 0 0 0 0 0 0 0 0 0 1 1 1
0 0 0 0 0 0 0 0 0 0 0 0 0 0 0 0 0 0 1 1
0 0 0 0 0 0 0 0 0 0 0 0 0 0 0 0 0 0 0 1
0 0 0 0 0 0 0 0 0 0 0 0 0 0 0 0 0 0 0 2
0 0 0 0 0 0 0 0 0 0 0 0 0 0 0 0 0 0 0 2
qy 39
0 0 0 0 0 0 0 0 0 0 0 1 0 0 0 1 1 1 1 1
0 0 0 0 0 0 0 0 0 0 0 0 0 0 0 0 1 1 1 1
0 0 0 0 0 0 0 0 0 0 0 0 0 0 0 0 1 1 1 1
0 0 0 0 0 0 0 0 0 0 0 0 0 0 0 0 1 1 1 1
0 0 0 0 0 0 0 0 0 0 0 0 0 0 0 0 1 1 1 1
0 0 0 0 0 0 0 0 0 0 0 0 0 0 0 0 0 1 1 1
0 0 0 0 0 0 0 0 0 0 0 0 0 0 0 0 0 1 1 1
0 0 0 0 0 0 0 0 0 0 0 0 0 0 0 0 1 1 1 1
0 0 0 0 0 0 0 0 0 0 0 0 0 0 0 0 1 1 1 1
0 0 0 0 0 0 0 0 0 0 0 0 0 0 0 0 0 1 1 1
0 0 0 0 0 0 0 0 0 0 0 0 0 0 0 0 0 1 1 1
0 0 0 0 0 0 0 0 0 0 0 0 0 0 0 0 0 0 0 1
0 0 0 0 0 0 0 0 0 0 0 0 0 0 0 0 0 0 1 1
0 0 0 0 0 0 0 0 0 0 0 0 0 0 0 0 0 0 1 1
0 0 0 0 0 0 0 0 0 0 0 0 0 0 0 0 0 1 1 1
0 0 0 0 0 0 0 0 0 0 0 0 0 0 0 0 0 1 1 1
0 0 0 0 0 0 0 0 0 0 0 0 0 0 0 0 0 0 1 1
0 0 0 0 0 0 0 0 0 0 0 0 0 0 0 0 0 0 0 1
0 0 0 0 0 0 0 0 0 0 0 0 0 0 0 0 0 0 0 2
0 0 0 0 0 0 0 0 0 0 0 0 0 0 0 0 0 0 0 2
qy 40
0 0 0 0 0 0 0 0 0 0 0 1 0 0 0 1 1 1 1 1
0 0 0 0 0 0 0 0 0 0 0 0 0 0 0 0 1 1 1 1
0 0 0 0 0 0 0 0 0 0 0 0 0 0 0 0 1 1 1 1
0 0 0 0 0 0 0 0 0 0 0 0 0 0 0 0 1 1 1 1
0 0 0 0 0 0 0 0 0 0 0 0 0 0 0 0 1 1 1 1
0 0 0 0 0 0 0 0 0 0 0 0 0 0 0 0 0 1 1 1
0 0 0 0 0 0 0 0 0 0 0 0 0 0 0 0 0 1 1 1
0 0 0 0 0 0 0 0 0 0 0 0 0 0 0 0 1 1 1 1
0 0 0 0 0 0 0 0 0 0 0 0 0 0 0 0 1 1 1 1
0 0 0 0 0 0 0 0 0 0 0 0 0 0 0 0 0 1 1 1
0 0 0 0 0 0 0 0 0 0 0 0 0 0 0 0 0 1 1 1
0 0 0 0 0 0 0 0 0 0 0 0 0 0 0 0 0 0 0 1
0 0 0 0 0 0 0 0 0 0 0 0 0 0 0 0 0 0 1 1
0 0 0 0 0 0 0 0 0 0 0 0 0 0 0 0 0 0 1 1
0 0 0 0 0 0 0 0 0 0 0 0 0 0 0 0 0 1 1 1
0 0 0 0 0 0 0 0 0 0 0 0 0 0 0 0 0 1 1 1
0 0 0 0 0 0 0 0 0 0 0 0 0 0 0 0 0 0 1 1
0 0 0 0 0 0 0 0 0 0 0 0 0 0 0 0 0 0 0 1
0 0 0 0 0 0 0 0 0 0 0 0 0 0 0 0 0 0 0 2
0 0 0 0 0 0 0 0 0 0 0 0 0 0 0 0 0 0 0 2
qy 41
0 0 0 0 0 0 0 0 0 0 0 1 0 0 0 1 1 1 1 1
0 0 0 0 0 0 0 0 0 0 0 0 0 0 0 0 1 1 1 1
0 0 0 0 0 0 0 0 0 0 0 0 0 0 0 0 1 1 1 1
0 0 0 0 0 0 0 0 0 0 0 0 0 0 0 0 1 1 1 1
0 0 0 0 0 0 0 0 0 0 0 0 0 0 0 0 1 1 1 1
0 0 0 0 0 0 0 0 0 0 0 0 0 0 0 0 0 1 1 1
0 0 0 0 0 0 0 0 0 0 0 0 0 0 0 0 0 1 1 1
0 0 0 0 0 0 0 0 0 0 0 0 0 0 0 0 1 1 1 1
0 0 0 0 0 0 0 0 0 0 0 0 0 0 0 0 1 1 1 1
0 0 0 0 0 0 0 0 0 0 0 0 0 0 0 0 0 1 1 1
0 0 0 0 0 0 0 0 0 0 0 0 0 0 0 0 0 1 1 1
0 0 0 0 0 0 0 0 0 0 0 0 0 0 0 0 0 0 0 1
0 0 0 0 0 0 0 0 0 0 0 0 0 0 0 0 0 0 1 1
0 0 0 0 0 0 0 0 0 0 0 0 0 0 0 0 0 0 1 1
0 0 0 0 0 0 0 0 0 0 0 0 0 0 0 0 0 1 1 1
0 0 0 0 0 0 0 0 0 0 0 0 0 0 0 0 0 1 1 1
0 0 0 0 0 0 0 0 0 0 0 0 0 0 0 0 0 0 1 1
0 0 0 0 0 0 0 0 0 0 0 0 0 0 0 0 0 0 0 1
0 0 0 0 0 0 0 0 0 0 0 0 0 0 0 0 0 0 0 2
0 0 0 0 0 0 0 0 0 0 0 0 0 0 0 0 0 0 0 2
qy 42
0 0 0 0 0 0 0 0 0 0 0 1 0 0 0 1 1 1 1 1
0 0 0 0 0 0 0 0 0 0 0 0 0 0 0 0 1 1 1 1
0 0 0 0 0 0 0 0 0 0 0 0 0 0 0 0 1 1 1 1
0 0 0 0 0 0 0 0 0 0 0 0 0 0 0 0 1 1 1 1
0 0 0 0 0 0 0 0 0 0 0 0 0 0 0 0 1 1 1 1
0 0 0 0 0 0 0 0 0 0 0 0 0 0 0 0 0 1 1 1
0 0 0 0 0 0 0 0 0 0 0 0 0 0 0 0 0 1 1 1
0 0 0 0 0 0 0 0 0 0 0 0 0 0 0 0 1 1 1 1
0 0 0 0 0 0 0 0 0 0 0 0 0 0 0 0 1 1 1 1
0 0 0 0 0 0 0 0 0 0 0 0 0 0 0 0 0 1 1 1
0 0 0 0 0 0 0 0 0 0 0 0 0 0 0 0 0 1 1 1
0 0 0 0 0 0 0 0 0 0 0 0 0 0 0 0 0 0 0 1
0 0 0 0 0 0 0 0 0 0 0 0 0 0 0 0 0 0 1 1
0 0 0 0 0 0 0 0 0 0 0 0 0 0 0 0 0 0 1 1
0 0 0 0 0 0 0 0 0 0 0 0 0 0 0 0 0 1 1 1
0 0 0 0 0 0 0 0 0 0 0 0 0 0 0 0 0 1 1 1
0 0 0 0 0 0 0 0 0 0 0 0 0 0 0 0 0 0 1 1
0 0 0 0 0 0 0 0 0 0 0 0 0 0 0 0 0 0 0 1
0 0 0 0 0 0 0 0 0 0 0 0 0 0 0 0 0 0 0 2
0 0 0 0 0 0 0 0 0 0 0 0 0 0 0 0 0 0 0 2
qy 43
0 0 0 0 0 0 0 0 0 0 0 1 0 0 0 1 1 1 1 1
0 0 0 0 0 0 0 0 0 0 0 0 0 0 0 0 1 1 1 1
0 0 0 0 0 0 0 0 0 0 0 0 0 0 0 0 1 1 1 1
0 0 0 0 0 0 0 0 0 0 0 0 0 0 0 0 1 1 1 1
0 0 0 0 0 0 0 0 0 0 0 0 0 0 0 0 1 1 1 1
0 0 0 0 0 0 0 0 0 0 0 0 0 0 0 0 0 1 1 1
0 0 0 0 0 0 0 0 0 0 0 0 0 0 0 0 0 1 1 1
0 0 0 0 0 0 0 0 0 0 0 0 0 0 0 0 1 1 1 1
0 0 0 0 0 0 0 0 0 0 0 0 0 0 0 0 1 1 1 1
0 0 0 0 0 0 0 0 0 0 0 0 0 0 0 0 0 1 1 1
0 0 0 0 0 0 0 0 0 0 0 0 0 0 0 0 0 1 1 1
0 0 0 0 0 0 0 0 0 0 0 0 0 0 0 0 0 0 0 1
0 0 0 0 0 0 0 0 0 0 0 0 0 0 0 0 0 0 1 1
0 0 0 0 0 0 0 0 0 0 0 0 0 0 0 0 0 0 1 1
0 0 0 0 0 0 0 0 0 0 0 0 0 0 0 0 0 1 1 1
0 0 0 0 0 0 0 0 0 0 0 0 0 0 0 0 0 1 1 1
0 0 0 0 0 0 0 0 0 0 0 0 0 0 0 0 0 0 1 1
0 0 0 0 0 0 0 0 0 0 0 0 0 0 0 0 0 0 0 1
0 0 0 0 0 0 0 0 0 0 0 0 0 0 0 0 0 0 0 2
0 0 0 0 0 0 0 0 0 0 0 0 0 0 0 0 0 0 0 2
qy 44
0 0 0 0 0 0 0 0 0 0 0 1 0 0 0 1 1 1 1 1
0 0 0 0 0 0 0 0 0 0 0 0 0 0 0 0 1 1 1 1
0 0 0 0 0 0 0 0 0 0 0 0 0 0 0 0 1 1 1 1
0 0 0 0 0 0 0 0 0 0 0 0 0 0 0 0 1 1 1 1
0 0 0 0 0 0 0 0 0 0 0 0 0 0 0 0 1 1 1 1
0 0 0 0 0 0 0 0 0 0 0 0 0 0 0 0 0 1 1 1
0 0 0 0 0 0 0 0 0 0 0 0 0 0 0 0 0 1 1 1
0 0 0 0 0 0 0 0 0 0 0 0 0 0 0 0 1 1 1 1
0 0 0 0 0 0 0 0 0 0 0 0 0 0 0 0 1 1 1 1
0 0 0 0 0 0 0 0 0 0 0 0 0 0 0 0 0 1 1 1
0 0 0 0 0 0 0 0 0 0 0 0 0 0 0 0 0 1 1 1
0 0 0 0 0 0 0 0 0 0 0 0 0 0 0 0 0 0 0 1
0 0 0 0 0 0 0 0 0 0 0 0 0 0 0 0 0 0 1 1
0 0 0 0 0 0 0 0 0 0 0 0 0 0 0 0 0 0 1 1
0 0 0 0 0 0 0 0 0 0 0 0 0 0 0 0 0 1 1 1
0 0 0 0 0 0 0 0 0 0 0 0 0 0 0 0 0 1 1 1
0 0 0 0 0 0 0 0 0 0 0 0 0 0 0 0 0 0 1 1
0 0 0 0 0 0 0 0 0 0 0 0 0 0 0 0 0 0 0 1
0 0 0 0 0 0 0 0 0 0 0 0 0 0 0 0 0 0 0 2
0 0 0 0 0 0 0 0 0 0 0 0 0 0 0 0 0 0 0 2
qy 45
0 0 0 0 0 0 0 0 0 0 0 1 0 0 0 1 1 1 1 1
0 0 0 0 0 0 0 0 0 0 0 0 0 0 0 0 1 1 1 1
0 0 0 0 0 0 0 0 0 0 0 0 0 0 0 0 1 1 1 1
0 0 0 0 0 0 0 0 0 0 0 0 0 0 0 0 1 1 1 1
0 0 0 0 0 0 0 0 0 0 0 0 0 0 0 0 1 1 1 1
0 0 0 0 0 0 0 0 0 0 0 0 0 0 0 0 0 1 1 1
0 0 0 0 0 0 0 0 0 0 0 0 0 0 0 0 0 1 1 1
0 0 0 0 0 0 0 0 0 0 0 0 0 0 0 0 1 1 1 1
0 0 0 0 0 0 0 0 0 0 0 0 0 0 0 0 1 1 1 1
0 0 0 0 0 0 0 0 0 0 0 0 0 0 0 0 0 1 1 1
0 0 0 0 0 0 0 0 0 0 0 0 0 0 0 0 0 1 1 1
0 0 0 0 0 0 0 0 0 0 0 0 0 0 0 0 0 0 0 1
0 0 0 0 0 0 0 0 0 0 0 0 0 0 0 0 0 0 1 1
0 0 0 0 0 0 0 0 0 0 0 0 0 0 0 0 0 0 1 1
0 0 0 0 0 0 0 0 0 0 0 0 0 0 0 0 0 1 1 1
0 0 0 0 0 0 0 0 0 0 0 0 0 0 0 0 0 1 1 1
0 0 0 0 0 0 0 0 0 0 0 0 0 0 0 0 0 0 1 1
0 0 0 0 0 0 0 0 0 0 0 0 0 0 0 0 0 0 0 1
0 0 0 0 0 0 0 0 0 0 0 0 0 0 0 0 0 0 0 2
0 0 0 0 0 0 0 0 0 0 0 0 0 0 0 0 0 0 0 2
qy 46
0 0 0 0 0 0 0 0 0 0 0 1 0 0 0 1 1 1 1 1
0 0 0 0 0 0 0 0 0 0 0 0 0 0 0 0 1 1 1 1
0 0 0 0 0 0 0 0 0 0 0 0 0 0 0 0 1 1 1 1
0 0 0 0 0 0 0 0 0 0 0 0 0 0 0 0 1 1 1 1
0 0 0 0 0 0 0 0 0 0 0 0 0 0 0 0 1 1 1 1
0 0 0 0 0 0 0 0 0 0 0 0 0 0 0 0 0 1 1 1
0 0 0 0 0 0 0 0 0 0 0 0 0 0 0 0 0 1 1 1
0 0 0 0 0 0 0 0 0 0 0 0 0 0 0 0 1 1 1 1
0 0 0 0 0 0 0 0 0 0 0 0 0 0 0 0 1 1 1 1
0 0 0 0 0 0 0 0 0 0 0 0 0 0 0 0 0 1 1 1
0 0 0 0 0 0 0 0 0 0 0 0 0 0 0 0 0 1 1 1
0 0 0 0 0 0 0 0 0 0 0 0 0 0 0 0 0 0 0 1
0 0 0 0 0 0 0 0 0 0 0 0 0 0 0 0 0 0 1 1
0 0 0 0 0 0 0 0 0 0 0 0 0 0 0 0 0 0 1 1
0 0 0 0 0 0 0 0 0 0 0 0 0 0 0 0 0 1 1 1
0 0 0 0 0 0 0 0 0 0 0 0 0 0 0 0 0 1 1 1
0 0 0 0 0 0 0 0 0 0 0 0 0 0 0 0 0 0 1 1
0 0 0 0 0 0 0 0 0 0 0 0 0 0 0 0 0 0 0 1
0 0 0 0 0 0 0 0 0 0 0 0 0 0 0 0 0 0 0 2
0 0 0 0 0 0 0 0 0 0 0 0 0 0 0 0 0 0 0 2
qy 47
0 0 0 0 0 0 0 0 0 0 0 1 0 0 0 1 1 1 1 1
0 0 0 0 0 0 0 0 0 0 0 0 0 0 0 0 1 1 1 1
0 0 0 0 0 0 0 0 0 0 0 0 0 0 0 0 1 1 1 1
0 0 0 0 0 0 0 0 0 0 0 0 0 0 0 0 1 1 1 1
0 0 0 0 0 0 0 0 0 0 0 0 0 0 0 0 1 1 1 1
0 0 0 0 0 0 0 0 0 0 0 0 0 0 0 0 0 1 1 1
0 0 0 0 0 0 0 0 0 0 0 0 0 0 0 0 0 1 1 1
0 0 0 0 0 0 0 0 0 0 0 0 0 0 0 0 1 1 1 1
0 0 0 0 0 0 0 0 0 0 0 0 0 0 0 0 1 1 1 1
0 0 0 0 0 0 0 0 0 0 0 0 0 0 0 0 0 1 1 1
0 0 0 0 0 0 0 0 0 0 0 0 0 0 0 0 0 1 1 1
0 0 0 0 0 0 0 0 0 0 0 0 0 0 0 0 0 0 0 1
0 0 0 0 0 0 0 0 0 0 0 0 0 0 0 0 0 0 1 1
0 0 0 0 0 0 0 0 0 0 0 0 0 0 0 0 0 0 1 1
0 0 0 0 0 0 0 0 0 0 0 0 0 0 0 0 0 1 1 1
0 0 0 0 0 0 0 0 0 0 0 0 0 0 0 0 0 1 1 1
0 0 0 0 0 0 0 0 0 0 0 0 0 0 0 0 0 0 1 1
0 0 0 0 0 0 0 0 0 0 0 0 0 0 0 0 0 0 0 1
0 0 0 0 0 0 0 0 0 0 0 0 0 0 0 0 0 0 0 2
0 0 0 0 0 0 0 0 0 0 0 0 0 0 0 0 0 0 0 2
qy 48
0 0 0 0 0 0 0 0 0 0 0 1 0 0 0 1 1 1 1 1
0 0 0 0 0 0 0 0 0 0 0 0 0 0 0 0 1 1 1 1
0 0 0 0 0 0 0 0 0 0 0 0 0 0 0 0 1 1 1 1
0 0 0 0 0 0 0 0 0 0 0 0 0 0 0 0 1 1 1 1
0 0 0 0 0 0 0 0 0 0 0 0 0 0 0 0 1 1 1 1
0 0 0 0 0 0 0 0 0 0 0 0 0 0 0 0 0 1 1 1
0 0 0 0 0 0 0 0 0 0 0 0 0 0 0 0 0 1 1 1
0 0 0 0 0 0 0 0 0 0 0 0 0 0 0 0 1 1 1 1
0 0 0 0 0 0 0 0 0 0 0 0 0 0 0 0 1 1 1 1
0 0 0 0 0 0 0 0 0 0 0 0 0 0 0 0 0 1 1 1
0 0 0 0 0 0 0 0 0 0 0 0 0 0 0 0 0 1 1 1
0 0 0 0 0 0 0 0 0 0 0 0 0 0 0 0 0 0 0 1
0 0 0 0 0 0 0 0 0 0 0 0 0 0 0 0 0 0 1 1
0 0 0 0 0 0 0 0 0 0 0 0 0 0 0 0 0 0 1 1
0 0 0 0 0 0 0 0 0 0 0 0 0 0 0 0 0 1 1 1
0 0 0 0 0 0 0 0 0 0 0 0 0 0 0 0 0 1 1 1
0 0 0 0 0 0 0 0 0 0 0 0 0 0 0 0 0 0 1 1
0 0 0 0 0 0 0 0 0 0 0 0 0 0 0 0 0 0 0 1
0 0 0 0 0 0 0 0 0 0 0 0 0 0 0 0 0 0 0 2
0 0 0 0 0 0 0 0 0 0 0 0 0 0 0 0 0 0 0 2
qy 49
0 0 0 0 0 0 0 0 0 0 0 1 0 0 0 1 1 1 1 1
0 0 0 0 0 0 0 0 0 0 0 0 0 0 0 0 1 1 1 1
0 0 0 0 0 0 0 0 0 0 0 0 0 0 0 0 1 1 1 1
0 0 0 0 0 0 0 0 0 0 0 0 0 0 0 0 1 1 1 1
0 0 0 0 0 0 0 0 0 0 0 0 0 0 0 0 1 1 1 1
0 0 0 0 0 0 0 0 0 0 0 0 0 0 0 0 0 1 1 1
0 0 0 0 0 0 0 0 0 0 0 0 0 0 0 0 0 1 1 1
0 0 0 0 0 0 0 0 0 0 0 0 0 0 0 0 1 1 1 1
0 0 0 0 0 0 0 0 0 0 0 0 0 0 0 0 1 1 1 1
0 0 0 0 0 0 0 0 0 0 0 0 0 0 0 0 0 1 1 1
0 0 0 0 0 0 0 0 0 0 0 0 0 0 0 0 0 1 1 1
0 0 0 0 0 0 0 0 0 0 0 0 0 0 0 0 0 0 0 1
0 0 0 0 0 0 0 0 0 0 0 0 0 0 0 0 0 0 1 1
0 0 0 0 0 0 0 0 0 0 0 0 0 0 0 0 0 0 1 1
0 0 0 0 0 0 0 0 0 0 0 0 0 0 0 0 0 1 1 1
0 0 0 0 0 0 0 0 0 0 0 0 0 0 0 0 0 1 1 1
0 0 0 0 0 0 0 0 0 0 0 0 0 0 0 0 0 0 1 1
0 0 0 0 0 0 0 0 0 0 0 0 0 0 0 0 0 0 0 1
0 0 0 0 0 0 0 0 0 0 0 0 0 0 0 0 0 0 0 2
0 0 0 0 0 0 0 0 0 0 0 0 0 0 0 0 0 0 0 2
qy 50
0 0 0 0 0 0 0 0 0 0 0 1 0 0 0 1 1 1 1 1
0 0 0 0 0 0 0 0 0 0 0 0 0 0 0 0 1 1 1 1
0 0 0 0 0 0 0 0 0 0 0 0 0 0 0 0 1 1 1 1
0 0 0 0 0 0 0 0 0 0 0 0 0 0 0 0 1 1 1 1
0 0 0 0 0 0 0 0 0 0 0 0 0 0 0 0 1 1 1 1
0 0 0 0 0 0 0 0 0 0 0 0 0 0 0 0 0 1 1 1
0 0 0 0 0 0 0 0 0 0 0 0 0 0 0 0 0 1 1 1
0 0 0 0 0 0 0 0 0 0 0 0 0 0 0 0 1 1 1 1
0 0 0 0 0 0 0 0 0 0 0 0 0 0 0 0 1 1 1 1
0 0 0 0 0 0 0 0 0 0 0 0 0 0 0 0 0 1 1 1
0 0 0 0 0 0 0 0 0 0 0 0 0 0 0 0 0 1 1 1
0 0 0 0 0 0 0 0 0 0 0 0 0 0 0 0 0 0 0 1
0 0 0 0 0 0 0 0 0 0 0 0 0 0 0 0 0 0 1 1
0 0 0 0 0 0 0 0 0 0 0 0 0 0 0 0 0 0 1 1
0 0 0 0 0 0 0 0 0 0 0 0 0 0 0 0 0 1 1 1
0 0 0 0 0 0 0 0 0 0 0 0 0 0 0 0 0 1 1 1
0 0 0 0 0 0 0 0 0 0 0 0 0 0 0 0 0 0 1 1
0 0 0 0 0 0 0 0 0 0 0 0 0 0 0 0 0 0 0 1
0 0 0 0 0 0 0 0 0 0 0 0 0 0 0 0 0 0 0 2
0 0 0 0 0 0 0 0 0 0 0 0 0 0 0 0 0 0 0 2
qy 51
0 0 0 0 0 0 0 0 0 0 0 1 0 0 0 1 1 1 1 1
0 0 0 0 0 0 0 0 0 0 0 0 0 0 0 0 1 1 1 1
0 0 0 0 0 0 0 0 0 0 0 0 0 0 0 0 1 1 1 1
0 0 0 0 0 0 0 0 0 0 0 0 0 0 0 0 1 1 1 1
0 0 0 0 0 0 0 0 0 0 0 0 0 0 0 0 1 1 1 1
0 0 0 0 0 0 0 0 0 0 0 0 0 0 0 0 0 1 1 1
0 0 0 0 0 0 0 0 0 0 0 0 0 0 0 0 0 1 1 1
0 0 0 0 0 0 0 0 0 0 0 0 0 0 0 0 1 1 1 1
0 0 0 0 0 0 0 0 0 0 0 0 0 0 0 0 1 1 1 1
0 0 0 0 0 0 0 0 0 0 0 0 0 0 0 0 0 1 1 1
0 0 0 0 0 0 0 0 0 0 0 0 0 0 0 0 0 1 1 1
0 0 0 0 0 0 0 0 0 0 0 0 0 0 0 0 0 0 0 1
0 0 0 0 0 0 0 0 0 0 0 0 0 0 0 0 0 0 1 1
0 0 0 0 0 0 0 0 0 0 0 0 0 0 0 0 0 0 1 1
0 0 0 0 0 0 0 0 0 0 0 0 0 0 0 0 0 1 1 1
0 0 0 0 0 0 0 0 0 0 0 0 0 0 0 0 0 1 1 1
0 0 0 0 0 0 0 0 0 0 0 0 0 0 0 0 0 0 1 1
0 0 0 0 0 0 0 0 0 0 0 0 0 0 0 0 0 0 0 1
0 0 0 0 0 0 0 0 0 0 0 0 0 0 0 0 0 0 0 2
0 0 0 0 0 0 0 0 0 0 0 0 0 0 0 0 0 0 0 2
qy 52
0 0 0 0 0 0 0 0 0 0 0 1 0 0 0 1 1 1 1 1
0 0 0 0 0 0 0 0 0 0 0 0 0 0 0 0 1 1 1 1
0 0 0 0 0 0 0 0 0 0 0 0 0 0 0 0 1 1 1 1
0 0 0 0 0 0 0 0 0 0 0 0 0 0 0 0 1 1 1 1
0 0 0 0 0 0 0 0 0 0 0 0 0 0 0 0 1 1 1 1
0 0 0 0 0 0 0 0 0 0 0 0 0 0 0 0 0 1 1 1
0 0 0 0 0 0 0 0 0 0 0 0 0 0 0 0 0 1 1 1
0 0 0 0 0 0 0 0 0 0 0 0 0 0 0 0 1 1 1 1
0 0 0 0 0 0 0 0 0 0 0 0 0 0 0 0 1 1 1 1
0 0 0 0 0 0 0 0 0 0 0 0 0 0 0 0 0 1 1 1
0 0 0 0 0 0 0 0 0 0 0 0 0 0 0 0 0 1 1 1
0 0 0 0 0 0 0 0 0 0 0 0 0 0 0 0 0 0 0 1
0 0 0 0 0 0 0 0 0 0 0 0 0 0 0 0 0 0 1 1
0 0 0 0 0 0 0 0 0 0 0 0 0 0 0 0 0 0 1 1
0 0 0 0 0 0 0 0 0 0 0 0 0 0 0 0 0 1 1 1
0 0 0 0 0 0 0 0 0 0 0 0 0 0 0 0 0 1 1 1
0 0 0 0 0 0 0 0 0 0 0 0 0 0 0 0 0 0 1 1
0 0 0 0 0 0 0 0 0 0 0 0 0 0 0 0 0 0 0 1
0 0 0 0 0 0 0 0 0 0 0 0 0 0 0 0 0 0 0 2
0 0 0 0 0 0 0 0 0 0 0 0 0 0 0 0 0 0 0 2
qy 53
0 0 0 0 0 0 0 0 0 0 0 1 0 0 0 1 1 1 1 1
0 0 0 0 0 0 0 0 0 0 0 0 0 0 0 0 1 1 1 1
0 0 0 0 0 0 0 0 0 0 0 0 0 0 0 0 1 1 1 1
0 0 0 0 0 0 0 0 0 0 0 0 0 0 0 0 1 1 1 1
0 0 0 0 0 0 0 0 0 0 0 0 0 0 0 0 1 1 1 1
0 0 0 0 0 0 0 0 0 0 0 0 0 0 0 0 0 1 1 1
0 0 0 0 0 0 0 0 0 0 0 0 0 0 0 0 0 1 1 1
0 0 0 0 0 0 0 0 0 0 0 0 0 0 0 0 1 1 1 1
0 0 0 0 0 0 0 0 0 0 0 0 0 0 0 0 1 1 1 1
0 0 0 0 0 0 0 0 0 0 0 0 0 0 0 0 0 1 1 1
0 0 0 0 0 0 0 0 0 0 0 0 0 0 0 0 0 1 1 1
0 0 0 0 0 0 0 0 0 0 0 0 0 0 0 0 0 0 0 1
0 0 0 0 0 0 0 0 0 0 0 0 0 0 0 0 0 0 1 1
0 0 0 0 0 0 0 0 0 0 0 0 0 0 0 0 0 0 1 1
0 0 0 0 0 0 0 0 0 0 0 0 0 0 0 0 0 1 1 1
0 0 0 0 0 0 0 0 0 0 0 0 0 0 0 0 0 1 1 1
0 0 0 0 0 0 0 0 0 0 0 0 0 0 0 0 0 0 1 1
0 0 0 0 0 0 0 0 0 0 0 0 0 0 0 0 0 0 0 1
0 0 0 0 0 0 0 0 0 0 0 0 0 0 0 0 0 0 0 2
0 0 0 0 0 0 0 0 0 0 0 0 0 0 0 0 0 0 0 2
qy 54
0 0 0 0 0 0 0 0 0 0 0 1 0 0 0 1 1 1 1 1
0 0 0 0 0 0 0 0 0 0 0 0 0 0 0 0 1 1 1 1
0 0 0 0 0 0 0 0 0 0 0 0 0 0 0 0 1 1 1 1
0 0 0 0 0 0 0 0 0 0 0 0 0 0 0 0 1 1 1 1
0 0 0 0 0 0 0 0 0 0 0 0 0 0 0 0 1 1 1 1
0 0 0 0 0 0 0 0 0 0 0 0 0 0 0 0 0 1 1 1
0 0 0 0 0 0 0 0 0 0 0 0 0 0 0 0 0 1 1 1
0 0 0 0 0 0 0 0 0 0 0 0 0 0 0 0 1 1 1 1
0 0 0 0 0 0 0 0 0 0 0 0 0 0 0 0 1 1 1 1
0 0 0 0 0 0 0 0 0 0 0 0 0 0 0 0 0 1 1 1
0 0 0 0 0 0 0 0 0 0 0 0 0 0 0 0 0 1 1 1
0 0 0 0 0 0 0 0 0 0 0 0 0 0 0 0 0 0 0 1
0 0 0 0 0 0 0 0 0 0 0 0 0 0 0 0 0 0 1 1
0 0 0 0 0 0 0 0 0 0 0 0 0 0 0 0 0 0 1 1
0 0 0 0 0 0 0 0 0 0 0 0 0 0 0 0 0 1 1 1
0 0 0 0 0 0 0 0 0 0 0 0 0 0 0 0 0 1 1 1
0 0 0 0 0 0 0 0 0 0 0 0 0 0 0 0 0 0 1 1
0 0 0 0 0 0 0 0 0 0 0 0 0 0 0 0 0 0 0 1
0 0 0 0 0 0 0 0 0 0 0 0 0 0 0 0 0 0 0 2
0 0 0 0 0 0 0 0 0 0 0 0 0 0 0 0 0 0 0 2
qy 55
0 0 0 0 0 0 0 0 0 0 0 1 0 0 0 1 1 1 1 1
0 0 0 0 0 0 0 0 0 0 0 0 0 0 0 0 1 1 1 1
0 0 0 0 0 0 0 0 0 0 0 0 0 0 0 0 1 1 1 1
0 0 0 0 0 0 0 0 0 0 0 0 0 0 0 0 1 1 1 1
0 0 0 0 0 0 0 0 0 0 0 0 0 0 0 0 1 1 1 1
0 0 0 0 0 0 0 0 0 0 0 0 0 0 0 0 0 1 1 1
0 0 0 0 0 0 0 0 0 0 0 0 0 0 0 0 0 1 1 1
0 0 0 0 0 0 0 0 0 0 0 0 0 0 0 0 1 1 1 1
0 0 0 0 0 0 0 0 0 0 0 0 0 0 0 0 1 1 1 1
0 0 0 0 0 0 0 0 0 0 0 0 0 0 0 0 0 1 1 1
0 0 0 0 0 0 0 0 0 0 0 0 0 0 0 0 0 1 1 1
0 0 0 0 0 0 0 0 0 0 0 0 0 0 0 0 0 0 0 1
0 0 0 0 0 0 0 0 0 0 0 0 0 0 0 0 0 0 1 1
0 0 0 0 0 0 0 0 0 0 0 0 0 0 0 0 0 0 1 1
0 0 0 0 0 0 0 0 0 0 0 0 0 0 0 0 0 1 1 1
0 0 0 0 0 0 0 0 0 0 0 0 0 0 0 0 0 1 1 1
0 0 0 0 0 0 0 0 0 0 0 0 0 0 0 0 0 0 1 1
0 0 0 0 0 0 0 0 0 0 0 0 0 0 0 0 0 0 0 1
0 0 0 0 0 0 0 0 0 0 0 0 0 0 0 0 0 0 0 2
0 0 0 0 0 0 0 0 0 0 0 0 0 0 0 0 0 0 0 2
qy 56
0 0 0 0 0 0 0 0 0 0 0 1 0 0 0 1 1 1 1 1
0 0 0 0 0 0 0 0 0 0 0 0 0 0 0 0 1 1 1 1
0 0 0 0 0 0 0 0 0 0 0 0 0 0 0 0 1 1 1 1
0 0 0 0 0 0 0 0 0 0 0 0 0 0 0 0 1 1 1 1
0 0 0 0 0 0 0 0 0 0 0 0 0 0 0 0 1 1 1 1
0 0 0 0 0 0 0 0 0 0 0 0 0 0 0 0 0 1 1 1
0 0 0 0 0 0 0 0 0 0 0 0 0 0 0 0 0 1 1 1
0 0 0 0 0 0 0 0 0 0 0 0 0 0 0 0 1 1 1 1
0 0 0 0 0 0 0 0 0 0 0 0 0 0 0 0 1 1 1 1
0 0 0 0 0 0 0 0 0 0 0 0 0 0 0 0 0 1 1 1
0 0 0 0 0 0 0 0 0 0 0 0 0 0 0 0 0 1 1 1
0 0 0 0 0 0 0 0 0 0 0 0 0 0 0 0 0 0 0 1
0 0 0 0 0 0 0 0 0 0 0 0 0 0 0 0 0 0 1 1
0 0 0 0 0 0 0 0 0 0 0 0 0 0 0 0 0 0 1 1
0 0 0 0 0 0 0 0 0 0 0 0 0 0 0 0 0 1 1 1
0 0 0 0 0 0 0 0 0 0 0 0 0 0 0 0 0 1 1 1
0 0 0 0 0 0 0 0 0 0 0 0 0 0 0 0 0 0 1 1
0 0 0 0 0 0 0 0 0 0 0 0 0 0 0 0 0 0 0 1
0 0 0 0 0 0 0 0 0 0 0 0 0 0 0 0 0 0 0 2
0 0 0 0 0 0 0 0 0 0 0 0 0 0 0 0 0 0 0 2
qy 57
0 0 0 0 0 0 0 0 0 0 0 1 0 0 0 1 1 1 1 1
0 0 0 0 0 0 0 0 0 0 0 0 0 0 0 0 1 1 1 1
0 0 0 0 0 0 0 0 0 0 0 0 0 0 0 0 1 1 1 1
0 0 0 0 0 0 0 0 0 0 0 0 0 0 0 0 1 1 1 1
0 0 0 0 0 0 0 0 0 0 0 0 0 0 0 0 1 1 1 1
0 0 0 0 0 0 0 0 0 0 0 0 0 0 0 0 0 1 1 1
0 0 0 0 0 0 0 0 0 0 0 0 0 0 0 0 0 1 1 1
0 0 0 0 0 0 0 0 0 0 0 0 0 0 0 0 1 1 1 1
0 0 0 0 0 0 0 0 0 0 0 0 0 0 0 0 1 1 1 1
0 0 0 0 0 0 0 0 0 0 0 0 0 0 0 0 0 1 1 1
0 0 0 0 0 0 0 0 0 0 0 0 0 0 0 0 0 1 1 1
0 0 0 0 0 0 0 0 0 0 0 0 0 0 0 0 0 0 0 1
0 0 0 0 0 0 0 0 0 0 0 0 0 0 0 0 0 0 1 1
0 0 0 0 0 0 0 0 0 0 0 0 0 0 0 0 0 0 1 1
0 0 0 0 0 0 0 0 0 0 0 0 0 0 0 0 0 1 1 1
0 0 0 0 0 0 0 0 0 0 0 0 0 0 0 0 0 1 1 1
0 0 0 0 0 0 0 0 0 0 0 0 0 0 0 0 0 0 1 1
0 0 0 0 0 0 0 0 0 0 0 0 0 0 0 0 0 0 0 1
0 0 0 0 0 0 0 0 0 0 0 0 0 0 0 0 0 0 0 2
0 0 0 0 0 0 0 0 0 0 0 0 0 0 0 0 0 0 0 2
qy 58
0 0 0 0 0 0 0 0 0 0 0 1 0 0 0 1 1 1 1 1
0 0 0 0 0 0 0 0 0 0 0 0 0 0 0 0 1 1 1 1
0 0 0 0 0 0 0 0 0 0 0 0 0 0 0 0 1 1 1 1
0 0 0 0 0 0 0 0 0 0 0 0 0 0 0 0 1 1 1 1
0 0 0 0 0 0 0 0 0 0 0 0 0 0 0 0 1 1 1 1
0 0 0 0 0 0 0 0 0 0 0 0 0 0 0 0 0 1 1 1
0 0 0 0 0 0 0 0 0 0 0 0 0 0 0 0 0 1 1 1
0 0 0 0 0 0 0 0 0 0 0 0 0 0 0 0 1 1 1 1
0 0 0 0 0 0 0 0 0 0 0 0 0 0 0 0 1 1 1 1
0 0 0 0 0 0 0 0 0 0 0 0 0 0 0 0 0 1 1 1
0 0 0 0 0 0 0 0 0 0 0 0 0 0 0 0 0 1 1 1
0 0 0 0 0 0 0 0 0 0 0 0 0 0 0 0 0 0 0 1
0 0 0 0 0 0 0 0 0 0 0 0 0 0 0 0 0 0 1 1
0 0 0 0 0 0 0 0 0 0 0 0 0 0 0 0 0 0 1 1
0 0 0 0 0 0 0 0 0 0 0 0 0 0 0 0 0 1 1 1
0 0 0 0 0 0 0 0 0 0 0 0 0 0 0 0 0 1 1 1
0 0 0 0 0 0 0 0 0 0 0 0 0 0 0 0 0 0 1 1
0 0 0 0 0 0 0 0 0 0 0 0 0 0 0 0 0 0 0 1
0 0 0 0 0 0 0 0 0 0 0 0 0 0 0 0 0 0 0 2
0 0 0 0 0 0 0 0 0 0 0 0 0 0 0 0 0 0 0 2
qy 59
0 0 0 0 0 0 0 0 0 0 0 1 0 0 0 1 1 1 1 1
0 0 0 0 0 0 0 0 0 0 0 0 0 0 0 0 1 1 1 1
0 0 0 0 0 0 0 0 0 0 0 0 0 0 0 0 1 1 1 1
0 0 0 0 0 0 0 0 0 0 0 0 0 0 0 0 1 1 1 1
0 0 0 0 0 0 0 0 0 0 0 0 0 0 0 0 1 1 1 1
0 0 0 0 0 0 0 0 0 0 0 0 0 0 0 0 0 1 1 1
0 0 0 0 0 0 0 0 0 0 0 0 0 0 0 0 0 1 1 1
0 0 0 0 0 0 0 0 0 0 0 0 0 0 0 0 1 1 1 1
0 0 0 0 0 0 0 0 0 0 0 0 0 0 0 0 1 1 1 1
0 0 0 0 0 0 0 0 0 0 0 0 0 0 0 0 0 1 1 1
0 0 0 0 0 0 0 0 0 0 0 0 0 0 0 0 0 1 1 1
0 0 0 0 0 0 0 0 0 0 0 0 0 0 0 0 0 0 0 1
0 0 0 0 0 0 0 0 0 0 0 0 0 0 0 0 0 0 1 1
0 0 0 0 0 0 0 0 0 0 0 0 0 0 0 0 0 0 1 1
0 0 0 0 0 0 0 0 0 0 0 0 0 0 0 0 0 1 1 1
0 0 0 0 0 0 0 0 0 0 0 0 0 0 0 0 0 1 1 1
0 0 0 0 0 0 0 0 0 0 0 0 0 0 0 0 0 0 1 1
0 0 0 0 0 0 0 0 0 0 0 0 0 0 0 0 0 0 0 1
0 0 0 0 0 0 0 0 0 0 0 0 0 0 0 0 0 0 0 2
0 0 0 0 0 0 0 0 0 0 0 0 0 0 0 0 0 0 0 2
qy 60
0 0 0 0 0 0 0 0 0 0 0 1 0 0 0 1 1 1 1 1
0 0 0 0 0 0 0 0 0 0 0 0 0 0 0 0 1 1 1 1
0 0 0 0 0 0 0 0 0 0 0 0 0 0 0 0 1 1 1 1
0 0 0 0 0 0 0 0 0 0 0 0 0 0 0 0 1 1 1 1
0 0 0 0 0 0 0 0 0 0 0 0 0 0 0 0 1 1 1 1
0 0 0 0 0 0 0 0 0 0 0 0 0 0 0 0 0 1 1 1
0 0 0 0 0 0 0 0 0 0 0 0 0 0 0 0 0 1 1 1
0 0 0 0 0 0 0 0 0 0 0 0 0 0 0 0 1 1 1 1
0 0 0 0 0 0 0 0 0 0 0 0 0 0 0 0 1 1 1 1
0 0 0 0 0 0 0 0 0 0 0 0 0 0 0 0 0 1 1 1
0 0 0 0 0 0 0 0 0 0 0 0 0 0 0 0 0 1 1 1
0 0 0 0 0 0 0 0 0 0 0 0 0 0 0 0 0 0 0 1
0 0 0 0 0 0 0 0 0 0 0 0 0 0 0 0 0 0 1 1
0 0 0 0 0 0 0 0 0 0 0 0 0 0 0 0 0 0 1 1
0 0 0 0 0 0 0 0 0 0 0 0 0 0 0 0 0 1 1 1
0 0 0 0 0 0 0 0 0 0 0 0 0 0 0 0 0 1 1 1
0 0 0 0 0 0 0 0 0 0 0 0 0 0 0 0 0 0 1 1
0 0 0 0 0 0 0 0 0 0 0 0 0 0 0 0 0 0 0 1
0 0 0 0 0 0 0 0 0 0 0 0 0 0 0 0 0 0 0 2
0 0 0 0 0 0 0 0 0 0 0 0 0 0 0 0 0 0 0 2
qy 61
0 0 0 0 0 0 0 0 0 0 0 1 0 0 0 1 1 1 1 1
0 0 0 0 0 0 0 0 0 0 0 0 0 0 0 0 1 1 1 1
0 0 0 0 0 0 0 0 0 0 0 0 0 0 0 0 1 1 1 1
0 0 0 0 0 0 0 0 0 0 0 0 0 0 0 0 1 1 1 1
0 0 0 0 0 0 0 0 0 0 0 0 0 0 0 0 1 1 1 1
0 0 0 0 0 0 0 0 0 0 0 0 0 0 0 0 0 1 1 1
0 0 0 0 0 0 0 0 0 0 0 0 0 0 0 0 0 1 1 1
0 0 0 0 0 0 0 0 0 0 0 0 0 0 0 0 1 1 1 1
0 0 0 0 0 0 0 0 0 0 0 0 0 0 0 0 1 1 1 1
0 0 0 0 0 0 0 0 0 0 0 0 0 0 0 0 0 1 1 1
0 0 0 0 0 0 0 0 0 0 0 0 0 0 0 0 0 1 1 1
0 0 0 0 0 0 0 0 0 0 0 0 0 0 0 0 0 0 0 1
0 0 0 0 0 0 0 0 0 0 0 0 0 0 0 0 0 0 1 1
0 0 0 0 0 0 0 0 0 0 0 0 0 0 0 0 0 0 1 1
0 0 0 0 0 0 0 0 0 0 0 0 0 0 0 0 0 1 1 1
0 0 0 0 0 0 0 0 0 0 0 0 0 0 0 0 0 1 1 1
0 0 0 0 0 0 0 0 0 0 0 0 0 0 0 0 0 0 1 1
0 0 0 0 0 0 0 0 0 0 0 0 0 0 0 0 0 0 0 1
0 0 0 0 0 0 0 0 0 0 0 0 0 0 0 0 0 0 0 2
0 0 0 0 0 0 0 0 0 0 0 0 0 0 0 0 0 0 0 2
qy 62
0 0 0 0 0 0 0 0 0 0 0 1 0 0 0 1 1 1 1 1
0 0 0 0 0 0 0 0 0 0 0 0 0 0 0 0 1 1 1 1
0 0 0 0 0 0 0 0 0 0 0 0 0 0 0 0 1 1 1 1
0 0 0 0 0 0 0 0 0 0 0 0 0 0 0 0 1 1 1 1
0 0 0 0 0 0 0 0 0 0 0 0 0 0 0 0 1 1 1 1
0 0 0 0 0 0 0 0 0 0 0 0 0 0 0 0 0 1 1 1
0 0 0 0 0 0 0 0 0 0 0 0 0 0 0 0 0 1 1 1
0 0 0 0 0 0 0 0 0 0 0 0 0 0 0 0 1 1 1 1
0 0 0 0 0 0 0 0 0 0 0 0 0 0 0 0 1 1 1 1
0 0 0 0 0 0 0 0 0 0 0 0 0 0 0 0 0 1 1 1
0 0 0 0 0 0 0 0 0 0 0 0 0 0 0 0 0 1 1 1
0 0 0 0 0 0 0 0 0 0 0 0 0 0 0 0 0 0 0 1
0 0 0 0 0 0 0 0 0 0 0 0 0 0 0 0 0 0 1 1
0 0 0 0 0 0 0 0 0 0 0 0 0 0 0 0 0 0 1 1
0 0 0 0 0 0 0 0 0 0 0 0 0 0 0 0 0 1 1 1
0 0 0 0 0 0 0 0 0 0 0 0 0 0 0 0 0 1 1 1
0 0 0 0 0 0 0 0 0 0 0 0 0 0 0 0 0 0 1 1
0 0 0 0 0 0 0 0 0 0 0 0 0 0 0 0 0 0 0 1
0 0 0 0 0 0 0 0 0 0 0 0 0 0 0 0 0 0 0 2
0 0 0 0 0 0 0 0 0 0 0 0 0 0 0 0 0 0 0 2
qy 63
0 0 0 0 0 0 0 0 0 0 0 1 0 0 0 1 1 1 1 1
0 0 0 0 0 0 0 0 0 0 0 0 0 0 0 0 1 1 1 1
0 0 0 0 0 0 0 0 0 0 0 0 0 0 0 0 1 1 1 1
0 0 0 0 0 0 0 0 0 0 0 0 0 0 0 0 1 1 1 1
0 0 0 0 0 0 0 0 0 0 0 0 0 0 0 0 1 1 1 1
0 0 0 0 0 0 0 0 0 0 0 0 0 0 0 0 0 1 1 1
0 0 0 0 0 0 0 0 0 0 0 0 0 0 0 0 0 1 1 1
0 0 0 0 0 0 0 0 0 0 0 0 0 0 0 0 1 1 1 1
0 0 0 0 0 0 0 0 0 0 0 0 0 0 0 0 1 1 1 1
0 0 0 0 0 0 0 0 0 0 0 0 0 0 0 0 0 1 1 1
0 0 0 0 0 0 0 0 0 0 0 0 0 0 0 0 0 1 1 1
0 0 0 0 0 0 0 0 0 0 0 0 0 0 0 0 0 0 0 1
0 0 0 0 0 0 0 0 0 0 0 0 0 0 0 0 0 0 1 1
0 0 0 0 0 0 0 0 0 0 0 0 0 0 0 0 0 0 1 1
0 0 0 0 0 0 0 0 0 0 0 0 0 0 0 0 0 1 1 1
0 0 0 0 0 0 0 0 0 0 0 0 0 0 0 0 0 1 1 1
0 0 0 0 0 0 0 0 0 0 0 0 0 0 0 0 0 0 1 1
0 0 0 0 0 0 0 0 0 0 0 0 0 0 0 0 0 0 0 1
0 0 0 0 0 0 0 0 0 0 0 0 0 0 0 0 0 0 0 2
0 0 0 0 0 0 0 0 0 0 0 0 0 0 0 0 0 0 0 2
qy 64
0 0 0 0 0 0 0 0 0 0 0 1 0 0 0 1 1 1 1 1
0 0 0 0 0 0 0 0 0 0 0 0 0 0 0 0 1 1 1 1
0 0 0 0 0 0 0 0 0 0 0 0 0 0 0 0 1 1 1 1
0 0 0 0 0 0 0 0 0 0 0 0 0 0 0 0 1 1 1 1
0 0 0 0 0 0 0 0 0 0 0 0 0 0 0 0 1 1 1 1
0 0 0 0 0 0 0 0 0 0 0 0 0 0 0 0 0 1 1 1
0 0 0 0 0 0 0 0 0 0 0 0 0 0 0 0 0 1 1 1
0 0 0 0 0 0 0 0 0 0 0 0 0 0 0 0 1 1 1 1
0 0 0 0 0 0 0 0 0 0 0 0 0 0 0 0 1 1 1 1
0 0 0 0 0 0 0 0 0 0 0 0 0 0 0 0 0 1 1 1
0 0 0 0 0 0 0 0 0 0 0 0 0 0 0 0 0 1 1 1
0 0 0 0 0 0 0 0 0 0 0 0 0 0 0 0 0 0 0 1
0 0 0 0 0 0 0 0 0 0 0 0 0 0 0 0 0 0 1 1
0 0 0 0 0 0 0 0 0 0 0 0 0 0 0 0 0 0 1 1
0 0 0 0 0 0 0 0 0 0 0 0 0 0 0 0 0 1 1 1
0 0 0 0 0 0 0 0 0 0 0 0 0 0 0 0 0 1 1 1
0 0 0 0 0 0 0 0 0 0 0 0 0 0 0 0 0 0 1 1
0 0 0 0 0 0 0 0 0 0 0 0 0 0 0 0 0 0 0 1
0 0 0 0 0 0 0 0 0 0 0 0 0 0 0 0 0 0 0 2
0 0 0 0 0 0 0 0 0 0 0 0 0 0 0 0 0 0 0 2
qy 65
0 0 0 0 0 0 0 0 0 0 0 1 0 0 0 1 1 1 1 1
0 0 0 0 0 0 0 0 0 0 0 0 0 0 0 0 1 1 1 1
0 0 0 0 0 0 0 0 0 0 0 0 0 0 0 0 1 1 1 1
0 0 0 0 0 0 0 0 0 0 0 0 0 0 0 0 1 1 1 1
0 0 0 0 0 0 0 0 0 0 0 0 0 0 0 0 1 1 1 1
0 0 0 0 0 0 0 0 0 0 0 0 0 0 0 0 0 1 1 1
0 0 0 0 0 0 0 0 0 0 0 0 0 0 0 0 0 1 1 1
0 0 0 0 0 0 0 0 0 0 0 0 0 0 0 0 1 1 1 1
0 0 0 0 0 0 0 0 0 0 0 0 0 0 0 0 1 1 1 1
0 0 0 0 0 0 0 0 0 0 0 0 0 0 0 0 0 1 1 1
0 0 0 0 0 0 0 0 0 0 0 0 0 0 0 0 0 1 1 1
0 0 0 0 0 0 0 0 0 0 0 0 0 0 0 0 0 0 0 1
0 0 0 0 0 0 0 0 0 0 0 0 0 0 0 0 0 0 1 1
0 0 0 0 0 0 0 0 0 0 0 0 0 0 0 0 0 0 1 1
0 0 0 0 0 0 0 0 0 0 0 0 0 0 0 0 0 1 1 1
0 0 0 0 0 0 0 0 0 0 0 0 0 0 0 0 0 1 1 1
0 0 0 0 0 0 0 0 0 0 0 0 0 0 0 0 0 0 1 1
0 0 0 0 0 0 0 0 0 0 0 0 0 0 0 0 0 0 0 1
0 0 0 0 0 0 0 0 0 0 0 0 0 0 0 0 0 0 0 2
0 0 0 0 0 0 0 0 0 0 0 0 0 0 0 0 0 0 0 2
qy 66
0 0 0 0 0 0 0 0 0 0 0 1 0 0 0 1 1 1 1 1
0 0 0 0 0 0 0 0 0 0 0 0 0 0 0 0 1 1 1 1
0 0 0 0 0 0 0 0 0 0 0 0 0 0 0 0 1 1 1 1
0 0 0 0 0 0 0 0 0 0 0 0 0 0 0 0 1 1 1 1
0 0 0 0 0 0 0 0 0 0 0 0 0 0 0 0 1 1 1 1
0 0 0 0 0 0 0 0 0 0 0 0 0 0 0 0 0 1 1 1
0 0 0 0 0 0 0 0 0 0 0 0 0 0 0 0 0 1 1 1
0 0 0 0 0 0 0 0 0 0 0 0 0 0 0 0 1 1 1 1
0 0 0 0 0 0 0 0 0 0 0 0 0 0 0 0 1 1 1 1
0 0 0 0 0 0 0 0 0 0 0 0 0 0 0 0 0 1 1 1
0 0 0 0 0 0 0 0 0 0 0 0 0 0 0 0 0 1 1 1
0 0 0 0 0 0 0 0 0 0 0 0 0 0 0 0 0 0 0 1
0 0 0 0 0 0 0 0 0 0 0 0 0 0 0 0 0 0 1 1
0 0 0 0 0 0 0 0 0 0 0 0 0 0 0 0 0 0 1 1
0 0 0 0 0 0 0 0 0 0 0 0 0 0 0 0 0 1 1 1
0 0 0 0 0 0 0 0 0 0 0 0 0 0 0 0 0 1 1 1
0 0 0 0 0 0 0 0 0 0 0 0 0 0 0 0 0 0 1 1
0 0 0 0 0 0 0 0 0 0 0 0 0 0 0 0 0 0 0 1
0 0 0 0 0 0 0 0 0 0 0 0 0 0 0 0 0 0 0 2
0 0 0 0 0 0 0 0 0 0 0 0 0 0 0 0 0 0 0 2
qy 67
0 0 0 0 0 0 0 0 0 0 0 1 0 0 0 1 1 1 1 1
0 0 0 0 0 0 0 0 0 0 0 0 0 0 0 0 1 1 1 1
0 0 0 0 0 0 0 0 0 0 0 0 0 0 0 0 1 1 1 1
0 0 0 0 0 0 0 0 0 0 0 0 0 0 0 0 1 1 1 1
0 0 0 0 0 0 0 0 0 0 0 0 0 0 0 0 1 1 1 1
0 0 0 0 0 0 0 0 0 0 0 0 0 0 0 0 0 1 1 1
0 0 0 0 0 0 0 0 0 0 0 0 0 0 0 0 0 1 1 1
0 0 0 0 0 0 0 0 0 0 0 0 0 0 0 0 1 1 1 1
0 0 0 0 0 0 0 0 0 0 0 0 0 0 0 0 1 1 1 1
0 0 0 0 0 0 0 0 0 0 0 0 0 0 0 0 0 1 1 1
0 0 0 0 0 0 0 0 0 0 0 0 0 0 0 0 0 1 1 1
0 0 0 0 0 0 0 0 0 0 0 0 0 0 0 0 0 0 0 1
0 0 0 0 0 0 0 0 0 0 0 0 0 0 0 0 0 0 1 1
0 0 0 0 0 0 0 0 0 0 0 0 0 0 0 0 0 0 1 1
0 0 0 0 0 0 0 0 0 0 0 0 0 0 0 0 0 1 1 1
0 0 0 0 0 0 0 0 0 0 0 0 0 0 0 0 0 1 1 1
0 0 0 0 0 0 0 0 0 0 0 0 0 0 0 0 0 0 1 1
0 0 0 0 0 0 0 0 0 0 0 0 0 0 0 0 0 0 0 1
0 0 0 0 0 0 0 0 0 0 0 0 0 0 0 0 0 0 0 2
0 0 0 0 0 0 0 0 0 0 0 0 0 0 0 0 0 0 0 2
qy 68
0 0 0 0 0 0 0 0 0 0 0 1 0 0 0 1 1 1 1 1
0 0 0 0 0 0 0 0 0 0 0 0 0 0 0 0 1 1 1 1
0 0 0 0 0 0 0 0 0 0 0 0 0 0 0 0 1 1 1 1
0 0 0 0 0 0 0 0 0 0 0 0 0 0 0 0 1 1 1 1
0 0 0 0 0 0 0 0 0 0 0 0 0 0 0 0 1 1 1 1
0 0 0 0 0 0 0 0 0 0 0 0 0 0 0 0 0 1 1 1
0 0 0 0 0 0 0 0 0 0 0 0 0 0 0 0 0 1 1 1
0 0 0 0 0 0 0 0 0 0 0 0 0 0 0 0 1 1 1 1
0 0 0 0 0 0 0 0 0 0 0 0 0 0 0 0 1 1 1 1
0 0 0 0 0 0 0 0 0 0 0 0 0 0 0 0 0 1 1 1
0 0 0 0 0 0 0 0 0 0 0 0 0 0 0 0 0 1 1 1
0 0 0 0 0 0 0 0 0 0 0 0 0 0 0 0 0 0 0 1
0 0 0 0 0 0 0 0 0 0 0 0 0 0 0 0 0 0 1 1
0 0 0 0 0 0 0 0 0 0 0 0 0 0 0 0 0 0 1 1
0 0 0 0 0 0 0 0 0 0 0 0 0 0 0 0 0 1 1 1
0 0 0 0 0 0 0 0 0 0 0 0 0 0 0 0 0 1 1 1
0 0 0 0 0 0 0 0 0 0 0 0 0 0 0 0 0 0 1 1
0 0 0 0 0 0 0 0 0 0 0 0 0 0 0 0 0 0 0 1
0 0 0 0 0 0 0 0 0 0 0 0 0 0 0 0 0 0 0 2
0 0 0 0 0 0 0 0 0 0 0 0 0 0 0 0 0 0 0 2
qy 69
0 0 0 0 0 0 0 0 0 0 0 1 0 0 0 1 1 1 1 1
0 0 0 0 0 0 0 0 0 0 0 0 0 0 0 0 1 1 1 1
0 0 0 0 0 0 0 0 0 0 0 0 0 0 0 0 1 1 1 1
0 0 0 0 0 0 0 0 0 0 0 0 0 0 0 0 1 1 1 1
0 0 0 0 0 0 0 0 0 0 0 0 0 0 0 0 1 1 1 1
0 0 0 0 0 0 0 0 0 0 0 0 0 0 0 0 0 1 1 1
0 0 0 0 0 0 0 0 0 0 0 0 0 0 0 0 0 1 1 1
0 0 0 0 0 0 0 0 0 0 0 0 0 0 0 0 1 1 1 1
0 0 0 0 0 0 0 0 0 0 0 0 0 0 0 0 1 1 1 1
0 0 0 0 0 0 0 0 0 0 0 0 0 0 0 0 0 1 1 1
0 0 0 0 0 0 0 0 0 0 0 0 0 0 0 0 0 1 1 1
0 0 0 0 0 0 0 0 0 0 0 0 0 0 0 0 0 0 0 1
0 0 0 0 0 0 0 0 0 0 0 0 0 0 0 0 0 0 1 1
0 0 0 0 0 0 0 0 0 0 0 0 0 0 0 0 0 0 1 1
0 0 0 0 0 0 0 0 0 0 0 0 0 0 0 0 0 1 1 1
0 0 0 0 0 0 0 0 0 0 0 0 0 0 0 0 0 1 1 1
0 0 0 0 0 0 0 0 0 0 0 0 0 0 0 0 0 0 1 1
0 0 0 0 0 0 0 0 0 0 0 0 0 0 0 0 0 0 0 1
0 0 0 0 0 0 0 0 0 0 0 0 0 0 0 0 0 0 0 2
0 0 0 0 0 0 0 0 0 0 0 0 0 0 0 0 0 0 0 2
qy 70
0 0 0 0 0 0 0 0 0 0 0 1 0 0 0 1 1 1 1 1
0 0 0 0 0 0 0 0 0 0 0 0 0 0 0 0 1 1 1 1
0 0 0 0 0 0 0 0 0 0 0 0 0 0 0 0 1 1 1 1
0 0 0 0 0 0 0 0 0 0 0 0 0 0 0 0 1 1 1 1
0 0 0 0 0 0 0 0 0 0 0 0 0 0 0 0 1 1 1 1
0 0 0 0 0 0 0 0 0 0 0 0 0 0 0 0 0 1 1 1
0 0 0 0 0 0 0 0 0 0 0 0 0 0 0 0 0 1 1 1
0 0 0 0 0 0 0 0 0 0 0 0 0 0 0 0 1 1 1 1
0 0 0 0 0 0 0 0 0 0 0 0 0 0 0 0 1 1 1 1
0 0 0 0 0 0 0 0 0 0 0 0 0 0 0 0 0 1 1 1
0 0 0 0 0 0 0 0 0 0 0 0 0 0 0 0 0 1 1 1
0 0 0 0 0 0 0 0 0 0 0 0 0 0 0 0 0 0 0 1
0 0 0 0 0 0 0 0 0 0 0 0 0 0 0 0 0 0 1 1
0 0 0 0 0 0 0 0 0 0 0 0 0 0 0 0 0 0 1 1
0 0 0 0 0 0 0 0 0 0 0 0 0 0 0 0 0 1 1 1
0 0 0 0 0 0 0 0 0 0 0 0 0 0 0 0 0 1 1 1
0 0 0 0 0 0 0 0 0 0 0 0 0 0 0 0 0 0 1 1
0 0 0 0 0 0 0 0 0 0 0 0 0 0 0 0 0 0 0 1
0 0 0 0 0 0 0 0 0 0 0 0 0 0 0 0 0 0 0 2
0 0 0 0 0 0 0 0 0 0 0 0 0 0 0 0 0 0 0 2
qy 71
0 0 0 0 0 0 0 0 0 0 0 1 0 0 0 1 1 1 1 1
0 0 0 0 0 0 0 0 0 0 0 0 0 0 0 0 1 1 1 1
0 0 0 0 0 0 0 0 0 0 0 0 0 0 0 0 1 1 1 1
0 0 0 0 0 0 0 0 0 0 0 0 0 0 0 0 1 1 1 1
0 0 0 0 0 0 0 0 0 0 0 0 0 0 0 0 1 1 1 1
0 0 0 0 0 0 0 0 0 0 0 0 0 0 0 0 0 1 1 1
0 0 0 0 0 0 0 0 0 0 0 0 0 0 0 0 0 1 1 1
0 0 0 0 0 0 0 0 0 0 0 0 0 0 0 0 1 1 1 1
0 0 0 0 0 0 0 0 0 0 0 0 0 0 0 0 1 1 1 1
0 0 0 0 0 0 0 0 0 0 0 0 0 0 0 0 0 1 1 1
0 0 0 0 0 0 0 0 0 0 0 0 0 0 0 0 0 1 1 1
0 0 0 0 0 0 0 0 0 0 0 0 0 0 0 0 0 0 0 1
0 0 0 0 0 0 0 0 0 0 0 0 0 0 0 0 0 0 1 1
0 0 0 0 0 0 0 0 0 0 0 0 0 0 0 0 0 0 1 1
0 0 0 0 0 0 0 0 0 0 0 0 0 0 0 0 0 1 1 1
0 0 0 0 0 0 0 0 0 0 0 0 0 0 0 0 0 1 1 1
0 0 0 0 0 0 0 0 0 0 0 0 0 0 0 0 0 0 1 1
0 0 0 0 0 0 0 0 0 0 0 0 0 0 0 0 0 0 0 1
0 0 0 0 0 0 0 0 0 0 0 0 0 0 0 0 0 0 0 2
0 0 0 0 0 0 0 0 0 0 0 0 0 0 0 0 0 0 0 2
qy 72
0 0 0 0 0 0 0 0 0 0 0 1 0 0 0 1 1 1 1 1
0 0 0 0 0 0 0 0 0 0 0 0 0 0 0 0 1 1 1 1
0 0 0 0 0 0 0 0 0 0 0 0 0 0 0 0 1 1 1 1
0 0 0 0 0 0 0 0 0 0 0 0 0 0 0 0 1 1 1 1
0 0 0 0 0 0 0 0 0 0 0 0 0 0 0 0 1 1 1 1
0 0 0 0 0 0 0 0 0 0 0 0 0 0 0 0 0 1 1 1
0 0 0 0 0 0 0 0 0 0 0 0 0 0 0 0 0 1 1 1
0 0 0 0 0 0 0 0 0 0 0 0 0 0 0 0 1 1 1 1
0 0 0 0 0 0 0 0 0 0 0 0 0 0 0 0 1 1 1 1
0 0 0 0 0 0 0 0 0 0 0 0 0 0 0 0 0 1 1 1
0 0 0 0 0 0 0 0 0 0 0 0 0 0 0 0 0 1 1 1
0 0 0 0 0 0 0 0 0 0 0 0 0 0 0 0 0 0 0 1
0 0 0 0 0 0 0 0 0 0 0 0 0 0 0 0 0 0 1 1
0 0 0 0 0 0 0 0 0 0 0 0 0 0 0 0 0 0 1 1
0 0 0 0 0 0 0 0 0 0 0 0 0 0 0 0 0 1 1 1
0 0 0 0 0 0 0 0 0 0 0 0 0 0 0 0 0 1 1 1
0 0 0 0 0 0 0 0 0 0 0 0 0 0 0 0 0 0 1 1
0 0 0 0 0 0 0 0 0 0 0 0 0 0 0 0 0 0 0 1
0 0 0 0 0 0 0 0 0 0 0 0 0 0 0 0 0 0 0 2
0 0 0 0 0 0 0 0 0 0 0 0 0 0 0 0 0 0 0 2
qy 73
0 0 0 0 0 0 0 0 0 0 0 1 0 0 0 1 1 1 1 1
0 0 0 0 0 0 0 0 0 0 0 0 0 0 0 0 1 1 1 1
0 0 0 0 0 0 0 0 0 0 0 0 0 0 0 0 1 1 1 1
0 0 0 0 0 0 0 0 0 0 0 0 0 0 0 0 1 1 1 1
0 0 0 0 0 0 0 0 0 0 0 0 0 0 0 0 1 1 1 1
0 0 0 0 0 0 0 0 0 0 0 0 0 0 0 0 0 1 1 1
0 0 0 0 0 0 0 0 0 0 0 0 0 0 0 0 0 1 1 1
0 0 0 0 0 0 0 0 0 0 0 0 0 0 0 0 1 1 1 1
0 0 0 0 0 0 0 0 0 0 0 0 0 0 0 0 1 1 1 1
0 0 0 0 0 0 0 0 0 0 0 0 0 0 0 0 0 1 1 1
0 0 0 0 0 0 0 0 0 0 0 0 0 0 0 0 0 1 1 1
0 0 0 0 0 0 0 0 0 0 0 0 0 0 0 0 0 0 0 1
0 0 0 0 0 0 0 0 0 0 0 0 0 0 0 0 0 0 1 1
0 0 0 0 0 0 0 0 0 0 0 0 0 0 0 0 0 0 1 1
0 0 0 0 0 0 0 0 0 0 0 0 0 0 0 0 0 1 1 1
0 0 0 0 0 0 0 0 0 0 0 0 0 0 0 0 0 1 1 1
0 0 0 0 0 0 0 0 0 0 0 0 0 0 0 0 0 0 1 1
0 0 0 0 0 0 0 0 0 0 0 0 0 0 0 0 0 0 0 1
0 0 0 0 0 0 0 0 0 0 0 0 0 0 0 0 0 0 0 2
0 0 0 0 0 0 0 0 0 0 0 0 0 0 0 0 0 0 0 2
qy 74
0 0 0 0 0 0 0 0 0 0 0 1 0 0 0 1 1 1 1 1
0 0 0 0 0 0 0 0 0 0 0 0 0 0 0 0 1 1 1 1
0 0 0 0 0 0 0 0 0 0 0 0 0 0 0 0 1 1 1 1
0 0 0 0 0 0 0 0 0 0 0 0 0 0 0 0 1 1 1 1
0 0 0 0 0 0 0 0 0 0 0 0 0 0 0 0 1 1 1 1
0 0 0 0 0 0 0 0 0 0 0 0 0 0 0 0 0 1 1 1
0 0 0 0 0 0 0 0 0 0 0 0 0 0 0 0 0 1 1 1
0 0 0 0 0 0 0 0 0 0 0 0 0 0 0 0 1 1 1 1
0 0 0 0 0 0 0 0 0 0 0 0 0 0 0 0 1 1 1 1
0 0 0 0 0 0 0 0 0 0 0 0 0 0 0 0 0 1 1 1
0 0 0 0 0 0 0 0 0 0 0 0 0 0 0 0 0 1 1 1
0 0 0 0 0 0 0 0 0 0 0 0 0 0 0 0 0 0 0 1
0 0 0 0 0 0 0 0 0 0 0 0 0 0 0 0 0 0 1 1
0 0 0 0 0 0 0 0 0 0 0 0 0 0 0 0 0 0 1 1
0 0 0 0 0 0 0 0 0 0 0 0 0 0 0 0 0 1 1 1
0 0 0 0 0 0 0 0 0 0 0 0 0 0 0 0 0 1 1 1
0 0 0 0 0 0 0 0 0 0 0 0 0 0 0 0 0 0 1 1
0 0 0 0 0 0 0 0 0 0 0 0 0 0 0 0 0 0 0 1
0 0 0 0 0 0 0 0 0 0 0 0 0 0 0 0 0 0 0 2
0 0 0 0 0 0 0 0 0 0 0 0 0 0 0 0 0 0 0 2
qy 75
0 0 0 0 0 0 0 0 0 0 0 1 0 0 0 1 1 1 1 1
0 0 0 0 0 0 0 0 0 0 0 0 0 0 0 0 1 1 1 1
0 0 0 0 0 0 0 0 0 0 0 0 0 0 0 0 1 1 1 1
0 0 0 0 0 0 0 0 0 0 0 0 0 0 0 0 1 1 1 1
0 0 0 0 0 0 0 0 0 0 0 0 0 0 0 0 1 1 1 1
0 0 0 0 0 0 0 0 0 0 0 0 0 0 0 0 0 1 1 1
0 0 0 0 0 0 0 0 0 0 0 0 0 0 0 0 0 1 1 1
0 0 0 0 0 0 0 0 0 0 0 0 0 0 0 0 1 1 1 1
0 0 0 0 0 0 0 0 0 0 0 0 0 0 0 0 1 1 1 1
0 0 0 0 0 0 0 0 0 0 0 0 0 0 0 0 0 1 1 1
0 0 0 0 0 0 0 0 0 0 0 0 0 0 0 0 0 1 1 1
0 0 0 0 0 0 0 0 0 0 0 0 0 0 0 0 0 0 0 1
0 0 0 0 0 0 0 0 0 0 0 0 0 0 0 0 0 0 1 1
0 0 0 0 0 0 0 0 0 0 0 0 0 0 0 0 0 0 1 1
0 0 0 0 0 0 0 0 0 0 0 0 0 0 0 0 0 1 1 1
0 0 0 0 0 0 0 0 0 0 0 0 0 0 0 0 0 1 1 1
0 0 0 0 0 0 0 0 0 0 0 0 0 0 0 0 0 0 1 1
0 0 0 0 0 0 0 0 0 0 0 0 0 0 0 0 0 0 0 1
0 0 0 0 0 0 0 0 0 0 0 0 0 0 0 0 0 0 0 2
0 0 0 0 0 0 0 0 0 0 0 0 0 0 0 0 0 0 0 2
qy 76
0 0 0 0 0 0 0 0 0 0 0 1 0 0 0 1 1 1 1 1
0 0 0 0 0 0 0 0 0 0 0 0 0 0 0 0 1 1 1 1
0 0 0 0 0 0 0 0 0 0 0 0 0 0 0 0 1 1 1 1
0 0 0 0 0 0 0 0 0 0 0 0 0 0 0 0 1 1 1 1
0 0 0 0 0 0 0 0 0 0 0 0 0 0 0 0 1 1 1 1
0 0 0 0 0 0 0 0 0 0 0 0 0 0 0 0 0 1 1 1
0 0 0 0 0 0 0 0 0 0 0 0 0 0 0 0 0 1 1 1
0 0 0 0 0 0 0 0 0 0 0 0 0 0 0 0 1 1 1 1
0 0 0 0 0 0 0 0 0 0 0 0 0 0 0 0 1 1 1 1
0 0 0 0 0 0 0 0 0 0 0 0 0 0 0 0 0 1 1 1
0 0 0 0 0 0 0 0 0 0 0 0 0 0 0 0 0 1 1 1
0 0 0 0 0 0 0 0 0 0 0 0 0 0 0 0 0 0 0 1
0 0 0 0 0 0 0 0 0 0 0 0 0 0 0 0 0 0 1 1
0 0 0 0 0 0 0 0 0 0 0 0 0 0 0 0 0 0 1 1
0 0 0 0 0 0 0 0 0 0 0 0 0 0 0 0 0 1 1 1
0 0 0 0 0 0 0 0 0 0 0 0 0 0 0 0 0 1 1 1
0 0 0 0 0 0 0 0 0 0 0 0 0 0 0 0 0 0 1 1
0 0 0 0 0 0 0 0 0 0 0 0 0 0 0 0 0 0 0 1
0 0 0 0 0 0 0 0 0 0 0 0 0 0 0 0 0 0 0 2
0 0 0 0 0 0 0 0 0 0 0 0 0 0 0 0 0 0 0 2
qy 77
0 0 0 0 0 0 0 0 0 0 0 1 0 0 0 1 1 1 1 1
0 0 0 0 0 0 0 0 0 0 0 0 0 0 0 0 1 1 1 1
0 0 0 0 0 0 0 0 0 0 0 0 0 0 0 0 1 1 1 1
0 0 0 0 0 0 0 0 0 0 0 0 0 0 0 0 1 1 1 1
0 0 0 0 0 0 0 0 0 0 0 0 0 0 0 0 1 1 1 1
0 0 0 0 0 0 0 0 0 0 0 0 0 0 0 0 0 1 1 1
0 0 0 0 0 0 0 0 0 0 0 0 0 0 0 0 0 1 1 1
0 0 0 0 0 0 0 0 0 0 0 0 0 0 0 0 1 1 1 1
0 0 0 0 0 0 0 0 0 0 0 0 0 0 0 0 1 1 1 1
0 0 0 0 0 0 0 0 0 0 0 0 0 0 0 0 0 1 1 1
0 0 0 0 0 0 0 0 0 0 0 0 0 0 0 0 0 1 1 1
0 0 0 0 0 0 0 0 0 0 0 0 0 0 0 0 0 0 0 1
0 0 0 0 0 0 0 0 0 0 0 0 0 0 0 0 0 0 1 1
0 0 0 0 0 0 0 0 0 0 0 0 0 0 0 0 0 0 1 1
0 0 0 0 0 0 0 0 0 0 0 0 0 0 0 0 0 1 1 1
0 0 0 0 0 0 0 0 0 0 0 0 0 0 0 0 0 1 1 1
0 0 0 0 0 0 0 0 0 0 0 0 0 0 0 0 0 0 1 1
0 0 0 0 0 0 0 0 0 0 0 0 0 0 0 0 0 0 0 1
0 0 0 0 0 0 0 0 0 0 0 0 0 0 0 0 0 0 0 2
0 0 0 0 0 0 0 0 0 0 0 0 0 0 0 0 0 0 0 2
qy 78
0 0 0 0 0 0 0 0 0 0 0 1 0 0 0 1 1 1 1 1
0 0 0 0 0 0 0 0 0 0 0 0 0 0 0 0 1 1 1 1
0 0 0 0 0 0 0 0 0 0 0 0 0 0 0 0 1 1 1 1
0 0 0 0 0 0 0 0 0 0 0 0 0 0 0 0 1 1 1 1
0 0 0 0 0 0 0 0 0 0 0 0 0 0 0 0 1 1 1 1
0 0 0 0 0 0 0 0 0 0 0 0 0 0 0 0 0 1 1 1
0 0 0 0 0 0 0 0 0 0 0 0 0 0 0 0 0 1 1 1
0 0 0 0 0 0 0 0 0 0 0 0 0 0 0 0 1 1 1 1
0 0 0 0 0 0 0 0 0 0 0 0 0 0 0 0 1 1 1 1
0 0 0 0 0 0 0 0 0 0 0 0 0 0 0 0 0 1 1 1
0 0 0 0 0 0 0 0 0 0 0 0 0 0 0 0 0 1 1 1
0 0 0 0 0 0 0 0 0 0 0 0 0 0 0 0 0 0 0 1
0 0 0 0 0 0 0 0 0 0 0 0 0 0 0 0 0 0 1 1
0 0 0 0 0 0 0 0 0 0 0 0 0 0 0 0 0 0 1 1
0 0 0 0 0 0 0 0 0 0 0 0 0 0 0 0 0 1 1 1
0 0 0 0 0 0 0 0 0 0 0 0 0 0 0 0 0 1 1 1
0 0 0 0 0 0 0 0 0 0 0 0 0 0 0 0 0 0 1 1
0 0 0 0 0 0 0 0 0 0 0 0 0 0 0 0 0 0 0 1
0 0 0 0 0 0 0 0 0 0 0 0 0 0 0 0 0 0 0 2
0 0 0 0 0 0 0 0 0 0 0 0 0 0 0 0 0 0 0 2
qy 79
0 0 0 0 0 0 0 0 0 0 0 1 0 0 0 1 1 1 1 1
0 0 0 0 0 0 0 0 0 0 0 0 0 0 0 0 1 1 1 1
0 0 0 0 0 0 0 0 0 0 0 0 0 0 0 0 1 1 1 1
0 0 0 0 0 0 0 0 0 0 0 0 0 0 0 0 1 1 1 1
0 0 0 0 0 0 0 0 0 0 0 0 0 0 0 0 1 1 1 1
0 0 0 0 0 0 0 0 0 0 0 0 0 0 0 0 0 1 1 1
0 0 0 0 0 0 0 0 0 0 0 0 0 0 0 0 0 1 1 1
0 0 0 0 0 0 0 0 0 0 0 0 0 0 0 0 1 1 1 1
0 0 0 0 0 0 0 0 0 0 0 0 0 0 0 0 1 1 1 1
0 0 0 0 0 0 0 0 0 0 0 0 0 0 0 0 0 1 1 1
0 0 0 0 0 0 0 0 0 0 0 0 0 0 0 0 0 1 1 1
0 0 0 0 0 0 0 0 0 0 0 0 0 0 0 0 0 0 0 1
0 0 0 0 0 0 0 0 0 0 0 0 0 0 0 0 0 0 1 1
0 0 0 0 0 0 0 0 0 0 0 0 0 0 0 0 0 0 1 1
0 0 0 0 0 0 0 0 0 0 0 0 0 0 0 0 0 1 1 1
0 0 0 0 0 0 0 0 0 0 0 0 0 0 0 0 0 1 1 1
0 0 0 0 0 0 0 0 0 0 0 0 0 0 0 0 0 0 1 1
0 0 0 0 0 0 0 0 0 0 0 0 0 0 0 0 0 0 0 1
0 0 0 0 0 0 0 0 0 0 0 0 0 0 0 0 0 0 0 2
0 0 0 0 0 0 0 0 0 0 0 0 0 0 0 0 0 0 0 2
section zoomed_biomes
zoomed 0 -64 0 minecraft:jungle
zoomed 1 -64 0 minecraft:jungle
zoomed 2 -64 0 minecraft:jungle
zoomed 3 -64 0 minecraft:jungle
zoomed 4 -64 0 minecraft:jungle
zoomed 5 -64 0 minecraft:jungle
zoomed 6 -64 0 minecraft:jungle
zoomed 7 -64 0 minecraft:jungle
zoomed 8 -64 0 minecraft:jungle
zoomed 9 -64 0 minecraft:jungle
zoomed 10 -64 0 minecraft:jungle
zoomed 11 -64 0 minecraft:jungle
zoomed 12 -64 0 minecraft:jungle
zoomed 13 -64 0 minecraft:jungle
zoomed 14 -64 0 minecraft:jungle
zoomed 15 -64 0 minecraft:jungle
zoomed 0 -64 1 minecraft:jungle
zoomed 1 -64 1 minecraft:jungle
zoomed 2 -64 1 minecraft:jungle
zoomed 3 -64 1 minecraft:jungle
zoomed 4 -64 1 minecraft:jungle
zoomed 5 -64 1 minecraft:jungle
zoomed 6 -64 1 minecraft:jungle
zoomed 7 -64 1 minecraft:jungle
zoomed 8 -64 1 minecraft:jungle
zoomed 9 -64 1 minecraft:jungle
zoomed 10 -64 1 minecraft:jungle
zoomed 11 -64 1 minecraft:jungle
zoomed 12 -64 1 minecraft:jungle
zoomed 13 -64 1 minecraft:jungle
zoomed 14 -64 1 minecraft:jungle
zoomed 15 -64 1 minecraft:jungle
zoomed 0 -64 2 minecraft:jungle
zoomed 1 -64 2 minecraft:jungle
zoomed 2 -64 2 minecraft:jungle
zoomed 3 -64 2 minecraft:jungle
zoomed 4 -64 2 minecraft:jungle
zoomed 5 -64 2 minecraft:jungle
zoomed 6 -64 2 minecraft:jungle
zoomed 7 -64 2 minecraft:jungle
zoomed 8 -64 2 minecraft:jungle
zoomed 9 -64 2 minecraft:jungle
zoomed 10 -64 2 minecraft:jungle
zoomed 11 -64 2 minecraft:jungle
zoomed 12 -64 2 minecraft:jungle
zoomed 13 -64 2 minecraft:jungle
zoomed 14 -64 2 minecraft:jungle
zoomed 15 -64 2 minecraft:jungle
zoomed 0 -64 3 minecraft:jungle
zoomed 1 -64 3 minecraft:jungle
zoomed 2 -64 3 minecraft:jungle
zoomed 3 -64 3 minecraft:jungle
zoomed 4 -64 3 minecraft:jungle
zoomed 5 -64 3 minecraft:jungle
zoomed 6 -64 3 minecraft:jungle
zoomed 7 -64 3 minecraft:jungle
zoomed 8 -64 3 minecraft:jungle
zoomed 9 -64 3 minecraft:jungle
zoomed 10 -64 3 minecraft:jungle
zoomed 11 -64 3 minecraft:jungle
zoomed 12 -64 3 minecraft:jungle
zoomed 13 -64 3 minecraft:jungle
zoomed 14 -64 3 minecraft:jungle
zoomed 15 -64 3 minecraft:jungle
zoomed 0 -64 4 minecraft:jungle
zoomed 1 -64 4 minecraft:jungle
zoomed 2 -64 4 minecraft:jungle
zoomed 3 -64 4 minecraft:jungle
zoomed 4 -64 4 minecraft:jungle
zoomed 5 -64 4 minecraft:jungle
zoomed 6 -64 4 minecraft:jungle
zoomed 7 -64 4 minecraft:jungle
zoomed 8 -64 4 minecraft:jungle
zoomed 9 -64 4 minecraft:jungle
zoomed 10 -64 4 minecraft:jungle
zoomed 11 -64 4 minecraft:jungle
zoomed 12 -64 4 minecraft:jungle
zoomed 13 -64 4 minecraft:jungle
zoomed 14 -64 4 minecraft:jungle
zoomed 15 -64 4 minecraft:jungle
zoomed 0 -64 5 minecraft:jungle
zoomed 1 -64 5 minecraft:jungle
zoomed 2 -64 5 minecraft:jungle
zoomed 3 -64 5 minecraft:jungle
zoomed 4 -64 5 minecraft:jungle
zoomed 5 -64 5 minecraft:jungle
zoomed 6 -64 5 minecraft:jungle
zoomed 7 -64 5 minecraft:jungle
zoomed 8 -64 5 minecraft:jungle
zoomed 9 -64 5 minecraft:jungle
zoomed 10 -64 5 minecraft:jungle
zoomed 11 -64 5 minecraft:jungle
zoomed 12 -64 5 minecraft:jungle
zoomed 13 -64 5 minecraft:jungle
zoomed 14 -64 5 minecraft:jungle
zoomed 15 -64 5 minecraft:jungle
zoomed 0 -64 6 minecraft:jungle
zoomed 1 -64 6 minecraft:jungle
zoomed 2 -64 6 minecraft:jungle
zoomed 3 -64 6 minecraft:jungle
zoomed 4 -64 6 minecraft:jungle
zoomed 5 -64 6 minecraft:jungle
zoomed 6 -64 6 minecraft:jungle
zoomed 7 -64 6 minecraft:jungle
zoomed 8 -64 6 minecraft:jungle
zoomed 9 -64 6 minecraft:jungle
zoomed 10 -64 6 minecraft:jungle
zoomed 11 -64 6 minecraft:jungle
zoomed 12 -64 6 minecraft:jungle
zoomed 13 -64 6 minecraft:jungle
zoomed 14 -64 6 minecraft:jungle
zoomed 15 -64 6 minecraft:jungle
zoomed 0 -64 7 minecraft:jungle
zoomed 1 -64 7 minecraft:jungle
zoomed 2 -64 7 minecraft:jungle
zoomed 3 -64 7 minecraft:jungle
zoomed 4 -64 7 minecraft:jungle
zoomed 5 -64 7 minecraft:jungle
zoomed 6 -64 7 minecraft:jungle
zoomed 7 -64 7 minecraft:jungle
zoomed 8 -64 7 minecraft:jungle
zoomed 9 -64 7 minecraft:jungle
zoomed 10 -64 7 minecraft:jungle
zoomed 11 -64 7 minecraft:jungle
zoomed 12 -64 7 minecraft:jungle
zoomed 13 -64 7 minecraft:jungle
zoomed 14 -64 7 minecraft:jungle
zoomed 15 -64 7 minecraft:jungle
zoomed 0 -64 8 minecraft:jungle
zoomed 1 -64 8 minecraft:jungle
zoomed 2 -64 8 minecraft:jungle
zoomed 3 -64 8 minecraft:jungle
zoomed 4 -64 8 minecraft:jungle
zoomed 5 -64 8 minecraft:jungle
zoomed 6 -64 8 minecraft:jungle
zoomed 7 -64 8 minecraft:jungle
zoomed 8 -64 8 minecraft:jungle
zoomed 9 -64 8 minecraft:jungle
zoomed 10 -64 8 minecraft:jungle
zoomed 11 -64 8 minecraft:jungle
zoomed 12 -64 8 minecraft:jungle
zoomed 13 -64 8 minecraft:jungle
zoomed 14 -64 8 minecraft:jungle
zoomed 15 -64 8 minecraft:jungle
zoomed 0 -64 9 minecraft:jungle
zoomed 1 -64 9 minecraft:jungle
zoomed 2 -64 9 minecraft:jungle
zoomed 3 -64 9 minecraft:jungle
zoomed 4 -64 9 minecraft:jungle
zoomed 5 -64 9 minecraft:jungle
zoomed 6 -64 9 minecraft:jungle
zoomed 7 -64 9 minecraft:jungle
zoomed 8 -64 9 minecraft:jungle
zoomed 9 -64 9 minecraft:jungle
zoomed 10 -64 9 minecraft:jungle
zoomed 11 -64 9 minecraft:jungle
zoomed 12 -64 9 minecraft:jungle
zoomed 13 -64 9 minecraft:jungle
zoomed 14 -64 9 minecraft:jungle
zoomed 15 -64 9 minecraft:jungle
zoomed 0 -64 10 minecraft:jungle
zoomed 1 -64 10 minecraft:jungle
zoomed 2 -64 10 minecraft:jungle
zoomed 3 -64 10 minecraft:jungle
zoomed 4 -64 10 minecraft:jungle
zoomed 5 -64 10 minecraft:jungle
zoomed 6 -64 10 minecraft:jungle
zoomed 7 -64 10 minecraft:jungle
zoomed 8 -64 10 minecraft:jungle
zoomed 9 -64 10 minecraft:jungle
zoomed 10 -64 10 minecraft:jungle
zoomed 11 -64 10 minecraft:jungle
zoomed 12 -64 10 minecraft:jungle
zoomed 13 -64 10 minecraft:jungle
zoomed 14 -64 10 minecraft:jungle
zoomed 15 -64 10 minecraft:jungle
zoomed 0 -64 11 minecraft:jungle
zoomed 1 -64 11 minecraft:jungle
zoomed 2 -64 11 minecraft:jungle
zoomed 3 -64 11 minecraft:jungle
zoomed 4 -64 11 minecraft:jungle
zoomed 5 -64 11 minecraft:jungle
zoomed 6 -64 11 minecraft:jungle
zoomed 7 -64 11 minecraft:jungle
zoomed 8 -64 11 minecraft:jungle
zoomed 9 -64 11 minecraft:jungle
zoomed 10 -64 11 minecraft:jungle
zoomed 11 -64 11 minecraft:jungle
zoomed 12 -64 11 minecraft:jungle
zoomed 13 -64 11 minecraft:jungle
zoomed 14 -64 11 minecraft:jungle
zoomed 15 -64 11 minecraft:jungle
zoomed 0 -64 12 minecraft:jungle
zoomed 1 -64 12 minecraft:jungle
zoomed 2 -64 12 minecraft:jungle
zoomed 3 -64 12 minecraft:jungle
zoomed 4 -64 12 minecraft:jungle
zoomed 5 -64 12 minecraft:jungle
zoomed 6 -64 12 minecraft:jungle
zoomed 7 -64 12 minecraft:jungle
zoomed 8 -64 12 minecraft:jungle
zoomed 9 -64 12 minecraft:jungle
zoomed 10 -64 12 minecraft:jungle
zoomed 11 -64 12 minecraft:jungle
zoomed 12 -64 12 minecraft:jungle
zoomed 13 -64 12 minecraft:jungle
zoomed 14 -64 12 minecraft:jungle
zoomed 15 -64 12 minecraft:jungle
zoomed 0 -64 13 minecraft:jungle
zoomed 1 -64 13 minecraft:jungle
zoomed 2 -64 13 minecraft:jungle
zoomed 3 -64 13 minecraft:jungle
zoomed 4 -64 13 minecraft:jungle
zoomed 5 -64 13 minecraft:jungle
zoomed 6 -64 13 minecraft:jungle
zoomed 7 -64 13 minecraft:jungle
zoomed 8 -64 13 minecraft:jungle
zoomed 9 -64 13 minecraft:jungle
zoomed 10 -64 13 minecraft:jungle
zoomed 11 -64 13 minecraft:jungle
zoomed 12 -64 13 minecraft:jungle
zoomed 13 -64 13 minecraft:jungle
zoomed 14 -64 13 minecraft:jungle
zoomed 15 -64 13 minecraft:jungle
zoomed 0 -64 14 minecraft:jungle
zoomed 1 -64 14 minecraft:jungle
zoomed 2 -64 14 minecraft:jungle
zoomed 3 -64 14 minecraft:jungle
zoomed 4 -64 14 minecraft:jungle
zoomed 5 -64 14 minecraft:jungle
zoomed 6 -64 14 minecraft:jungle
zoomed 7 -64 14 minecraft:jungle
zoomed 8 -64 14 minecraft:jungle
zoomed 9 -64 14 minecraft:jungle
zoomed 10 -64 14 minecraft:jungle
zoomed 11 -64 14 minecraft:jungle
zoomed 12 -64 14 minecraft:jungle
zoomed 13 -64 14 minecraft:jungle
zoomed 14 -64 14 minecraft:jungle
zoomed 15 -64 14 minecraft:jungle
zoomed 0 -64 15 minecraft:jungle
zoomed 1 -64 15 minecraft:jungle
zoomed 2 -64 15 minecraft:jungle
zoomed 3 -64 15 minecraft:jungle
zoomed 4 -64 15 minecraft:jungle
zoomed 5 -64 15 minecraft:jungle
zoomed 6 -64 15 minecraft:jungle
zoomed 7 -64 15 minecraft:jungle
zoomed 8 -64 15 minecraft:jungle
zoomed 9 -64 15 minecraft:jungle
zoomed 10 -64 15 minecraft:jungle
zoomed 11 -64 15 minecraft:jungle
zoomed 12 -64 15 minecraft:jungle
zoomed 13 -64 15 minecraft:jungle
zoomed 14 -64 15 minecraft:jungle
zoomed 15 -64 15 minecraft:jungle
zoomed 0 -60 0 minecraft:jungle
zoomed 1 -60 0 minecraft:jungle
zoomed 2 -60 0 minecraft:jungle
zoomed 3 -60 0 minecraft:jungle
zoomed 4 -60 0 minecraft:jungle
zoomed 5 -60 0 minecraft:jungle
zoomed 6 -60 0 minecraft:jungle
zoomed 7 -60 0 minecraft:jungle
zoomed 8 -60 0 minecraft:jungle
zoomed 9 -60 0 minecraft:jungle
zoomed 10 -60 0 minecraft:jungle
zoomed 11 -60 0 minecraft:jungle
zoomed 12 -60 0 minecraft:jungle
zoomed 13 -60 0 minecraft:jungle
zoomed 14 -60 0 minecraft:jungle
zoomed 15 -60 0 minecraft:jungle
zoomed 0 -60 1 minecraft:jungle
zoomed 1 -60 1 minecraft:jungle
zoomed 2 -60 1 minecraft:jungle
zoomed 3 -60 1 minecraft:jungle
zoomed 4 -60 1 minecraft:jungle
zoomed 5 -60 1 minecraft:jungle
zoomed 6 -60 1 minecraft:jungle
zoomed 7 -60 1 minecraft:jungle
zoomed 8 -60 1 minecraft:jungle
zoomed 9 -60 1 minecraft:jungle
zoomed 10 -60 1 minecraft:jungle
zoomed 11 -60 1 minecraft:jungle
zoomed 12 -60 1 minecraft:jungle
zoomed 13 -60 1 minecraft:jungle
zoomed 14 -60 1 minecraft:jungle
zoomed 15 -60 1 minecraft:jungle
zoomed 0 -60 2 minecraft:jungle
zoomed 1 -60 2 minecraft:jungle
zoomed 2 -60 2 minecraft:jungle
zoomed 3 -60 2 minecraft:jungle
zoomed 4 -60 2 minecraft:jungle
zoomed 5 -60 2 minecraft:jungle
zoomed 6 -60 2 minecraft:jungle
zoomed 7 -60 2 minecraft:jungle
zoomed 8 -60 2 minecraft:jungle
zoomed 9 -60 2 minecraft:jungle
zoomed 10 -60 2 minecraft:jungle
zoomed 11 -60 2 minecraft:jungle
zoomed 12 -60 2 minecraft:jungle
zoomed 13 -60 2 minecraft:jungle
zoomed 14 -60 2 minecraft:jungle
zoomed 15 -60 2 minecraft:jungle
zoomed 0 -60 3 minecraft:jungle
zoomed 1 -60 3 minecraft:jungle
zoomed 2 -60 3 minecraft:jungle
zoomed 3 -60 3 minecraft:jungle
zoomed 4 -60 3 minecraft:jungle
zoomed 5 -60 3 minecraft:jungle
zoomed 6 -60 3 minecraft:jungle
zoomed 7 -60 3 minecraft:jungle
zoomed 8 -60 3 minecraft:jungle
zoomed 9 -60 3 minecraft:jungle
zoomed 10 -60 3 minecraft:jungle
zoomed 11 -60 3 minecraft:jungle
zoomed 12 -60 3 minecraft:jungle
zoomed 13 -60 3 minecraft:jungle
zoomed 14 -60 3 minecraft:jungle
zoomed 15 -60 3 minecraft:jungle
zoomed 0 -60 4 minecraft:jungle
zoomed 1 -60 4 minecraft:jungle
zoomed 2 -60 4 minecraft:jungle
zoomed 3 -60 4 minecraft:jungle
zoomed 4 -60 4 minecraft:jungle
zoomed 5 -60 4 minecraft:jungle
zoomed 6 -60 4 minecraft:jungle
zoomed 7 -60 4 minecraft:jungle
zoomed 8 -60 4 minecraft:jungle
zoomed 9 -60 4 minecraft:jungle
zoomed 10 -60 4 minecraft:jungle
zoomed 11 -60 4 minecraft:jungle
zoomed 12 -60 4 minecraft:jungle
zoomed 13 -60 4 minecraft:jungle
zoomed 14 -60 4 minecraft:jungle
zoomed 15 -60 4 minecraft:jungle
zoomed 0 -60 5 minecraft:jungle
zoomed 1 -60 5 minecraft:jungle
zoomed 2 -60 5 minecraft:jungle
zoomed 3 -60 5 minecraft:jungle
zoomed 4 -60 5 minecraft:jungle
zoomed 5 -60 5 minecraft:jungle
zoomed 6 -60 5 minecraft:jungle
zoomed 7 -60 5 minecraft:jungle
zoomed 8 -60 5 minecraft:jungle
zoomed 9 -60 5 minecraft:jungle
zoomed 10 -60 5 minecraft:jungle
zoomed 11 -60 5 minecraft:jungle
zoomed 12 -60 5 minecraft:jungle
zoomed 13 -60 5 minecraft:jungle
zoomed 14 -60 5 minecraft:jungle
zoomed 15 -60 5 minecraft:jungle
zoomed 0 -60 6 minecraft:jungle
zoomed 1 -60 6 minecraft:jungle
zoomed 2 -60 6 minecraft:jungle
zoomed 3 -60 6 minecraft:jungle
zoomed 4 -60 6 minecraft:jungle
zoomed 5 -60 6 minecraft:jungle
zoomed 6 -60 6 minecraft:jungle
zoomed 7 -60 6 minecraft:jungle
zoomed 8 -60 6 minecraft:jungle
zoomed 9 -60 6 minecraft:jungle
zoomed 10 -60 6 minecraft:jungle
zoomed 11 -60 6 minecraft:jungle
zoomed 12 -60 6 minecraft:jungle
zoomed 13 -60 6 minecraft:jungle
zoomed 14 -60 6 minecraft:jungle
zoomed 15 -60 6 minecraft:jungle
zoomed 0 -60 7 minecraft:jungle
zoomed 1 -60 7 minecraft:jungle
zoomed 2 -60 7 minecraft:jungle
zoomed 3 -60 7 minecraft:jungle
zoomed 4 -60 7 minecraft:jungle
zoomed 5 -60 7 minecraft:jungle
zoomed 6 -60 7 minecraft:jungle
zoomed 7 -60 7 minecraft:jungle
zoomed 8 -60 7 minecraft:jungle
zoomed 9 -60 7 minecraft:jungle
zoomed 10 -60 7 minecraft:jungle
zoomed 11 -60 7 minecraft:jungle
zoomed 12 -60 7 minecraft:jungle
zoomed 13 -60 7 minecraft:jungle
zoomed 14 -60 7 minecraft:jungle
zoomed 15 -60 7 minecraft:jungle
zoomed 0 -60 8 minecraft:jungle
zoomed 1 -60 8 minecraft:jungle
zoomed 2 -60 8 minecraft:jungle
zoomed 3 -60 8 minecraft:jungle
zoomed 4 -60 8 minecraft:jungle
zoomed 5 -60 8 minecraft:jungle
zoomed 6 -60 8 minecraft:jungle
zoomed 7 -60 8 minecraft:jungle
zoomed 8 -60 8 minecraft:jungle
zoomed 9 -60 8 minecraft:jungle
zoomed 10 -60 8 minecraft:jungle
zoomed 11 -60 8 minecraft:jungle
zoomed 12 -60 8 minecraft:jungle
zoomed 13 -60 8 minecraft:jungle
zoomed 14 -60 8 minecraft:jungle
zoomed 15 -60 8 minecraft:jungle
zoomed 0 -60 9 minecraft:jungle
zoomed 1 -60 9 minecraft:jungle
zoomed 2 -60 9 minecraft:jungle
zoomed 3 -60 9 minecraft:jungle
zoomed 4 -60 9 minecraft:jungle
zoomed 5 -60 9 minecraft:jungle
zoomed 6 -60 9 minecraft:jungle
zoomed 7 -60 9 minecraft:jungle
zoomed 8 -60 9 minecraft:jungle
zoomed 9 -60 9 minecraft:jungle
zoomed 10 -60 9 minecraft:jungle
zoomed 11 -60 9 minecraft:jungle
zoomed 12 -60 9 minecraft:jungle
zoomed 13 -60 9 minecraft:jungle
zoomed 14 -60 9 minecraft:jungle
zoomed 15 -60 9 minecraft:jungle
zoomed 0 -60 10 minecraft:jungle
zoomed 1 -60 10 minecraft:jungle
zoomed 2 -60 10 minecraft:jungle
zoomed 3 -60 10 minecraft:jungle
zoomed 4 -60 10 minecraft:jungle
zoomed 5 -60 10 minecraft:jungle
zoomed 6 -60 10 minecraft:jungle
zoomed 7 -60 10 minecraft:jungle
zoomed 8 -60 10 minecraft:jungle
zoomed 9 -60 10 minecraft:jungle
zoomed 10 -60 10 minecraft:jungle
zoomed 11 -60 10 minecraft:jungle
zoomed 12 -60 10 minecraft:jungle
zoomed 13 -60 10 minecraft:jungle
zoomed 14 -60 10 minecraft:jungle
zoomed 15 -60 10 minecraft:jungle
zoomed 0 -60 11 minecraft:jungle
zoomed 1 -60 11 minecraft:jungle
zoomed 2 -60 11 minecraft:jungle
zoomed 3 -60 11 minecraft:jungle
zoomed 4 -60 11 minecraft:jungle
zoomed 5 -60 11 minecraft:jungle
zoomed 6 -60 11 minecraft:jungle
zoomed 7 -60 11 minecraft:jungle
zoomed 8 -60 11 minecraft:jungle
zoomed 9 -60 11 minecraft:jungle
zoomed 10 -60 11 minecraft:jungle
zoomed 11 -60 11 minecraft:jungle
zoomed 12 -60 11 minecraft:jungle
zoomed 13 -60 11 minecraft:jungle
zoomed 14 -60 11 minecraft:jungle
zoomed 15 -60 11 minecraft:jungle
zoomed 0 -60 12 minecraft:jungle
zoomed 1 -60 12 minecraft:jungle
zoomed 2 -60 12 minecraft:jungle
zoomed 3 -60 12 minecraft:jungle
zoomed 4 -60 12 minecraft:jungle
zoomed 5 -60 12 minecraft:jungle
zoomed 6 -60 12 minecraft:jungle
zoomed 7 -60 12 minecraft:jungle
zoomed 8 -60 12 minecraft:jungle
zoomed 9 -60 12 minecraft:jungle
zoomed 10 -60 12 minecraft:jungle
zoomed 11 -60 12 minecraft:jungle
zoomed 12 -60 12 minecraft:jungle
zoomed 13 -60 12 minecraft:jungle
zoomed 14 -60 12 minecraft:jungle
zoomed 15 -60 12 minecraft:jungle
zoomed 0 -60 13 minecraft:jungle
zoomed 1 -60 13 minecraft:jungle
zoomed 2 -60 13 minecraft:jungle
zoomed 3 -60 13 minecraft:jungle
zoomed 4 -60 13 minecraft:jungle
zoomed 5 -60 13 minecraft:jungle
zoomed 6 -60 13 minecraft:jungle
zoomed 7 -60 13 minecraft:jungle
zoomed 8 -60 13 minecraft:jungle
zoomed 9 -60 13 minecraft:jungle
zoomed 10 -60 13 minecraft:jungle
zoomed 11 -60 13 minecraft:jungle
zoomed 12 -60 13 minecraft:jungle
zoomed 13 -60 13 minecraft:jungle
zoomed 14 -60 13 minecraft:jungle
zoomed 15 -60 13 minecraft:jungle
zoomed 0 -60 14 minecraft:jungle
zoomed 1 -60 14 minecraft:jungle
zoomed 2 -60 14 minecraft:jungle
zoomed 3 -60 14 minecraft:jungle
zoomed 4 -60 14 minecraft:jungle
zoomed 5 -60 14 minecraft:jungle
zoomed 6 -60 14 minecraft:jungle
zoomed 7 -60 14 minecraft:jungle
zoomed 8 -60 14 minecraft:jungle
zoomed 9 -60 14 minecraft:jungle
zoomed 10 -60 14 minecraft:jungle
zoomed 11 -60 14 minecraft:jungle
zoomed 12 -60 14 minecraft:jungle
zoomed 13 -60 14 minecraft:jungle
zoomed 14 -60 14 minecraft:jungle
zoomed 15 -60 14 minecraft:jungle
zoomed 0 -60 15 minecraft:jungle
zoomed 1 -60 15 minecraft:jungle
zoomed 2 -60 15 minecraft:jungle
zoomed 3 -60 15 minecraft:jungle
zoomed 4 -60 15 minecraft:jungle
zoomed 5 -60 15 minecraft:jungle
zoomed 6 -60 15 minecraft:jungle
zoomed 7 -60 15 minecraft:jungle
zoomed 8 -60 15 minecraft:jungle
zoomed 9 -60 15 minecraft:jungle
zoomed 10 -60 15 minecraft:jungle
zoomed 11 -60 15 minecraft:jungle
zoomed 12 -60 15 minecraft:jungle
zoomed 13 -60 15 minecraft:jungle
zoomed 14 -60 15 minecraft:jungle
zoomed 15 -60 15 minecraft:jungle
zoomed 0 -30 0 minecraft:jungle
zoomed 1 -30 0 minecraft:jungle
zoomed 2 -30 0 minecraft:jungle
zoomed 3 -30 0 minecraft:jungle
zoomed 4 -30 0 minecraft:jungle
zoomed 5 -30 0 minecraft:jungle
zoomed 6 -30 0 minecraft:jungle
zoomed 7 -30 0 minecraft:jungle
zoomed 8 -30 0 minecraft:jungle
zoomed 9 -30 0 minecraft:jungle
zoomed 10 -30 0 minecraft:jungle
zoomed 11 -30 0 minecraft:jungle
zoomed 12 -30 0 minecraft:jungle
zoomed 13 -30 0 minecraft:jungle
zoomed 14 -30 0 minecraft:jungle
zoomed 15 -30 0 minecraft:jungle
zoomed 0 -30 1 minecraft:jungle
zoomed 1 -30 1 minecraft:jungle
zoomed 2 -30 1 minecraft:jungle
zoomed 3 -30 1 minecraft:jungle
zoomed 4 -30 1 minecraft:jungle
zoomed 5 -30 1 minecraft:jungle
zoomed 6 -30 1 minecraft:jungle
zoomed 7 -30 1 minecraft:jungle
zoomed 8 -30 1 minecraft:jungle
zoomed 9 -30 1 minecraft:jungle
zoomed 10 -30 1 minecraft:jungle
zoomed 11 -30 1 minecraft:jungle
zoomed 12 -30 1 minecraft:jungle
zoomed 13 -30 1 minecraft:jungle
zoomed 14 -30 1 minecraft:jungle
zoomed 15 -30 1 minecraft:jungle
zoomed 0 -30 2 minecraft:jungle
zoomed 1 -30 2 minecraft:jungle
zoomed 2 -30 2 minecraft:jungle
zoomed 3 -30 2 minecraft:jungle
zoomed 4 -30 2 minecraft:jungle
zoomed 5 -30 2 minecraft:jungle
zoomed 6 -30 2 minecraft:jungle
zoomed 7 -30 2 minecraft:jungle
zoomed 8 -30 2 minecraft:jungle
zoomed 9 -30 2 minecraft:jungle
zoomed 10 -30 2 minecraft:jungle
zoomed 11 -30 2 minecraft:jungle
zoomed 12 -30 2 minecraft:jungle
zoomed 13 -30 2 minecraft:jungle
zoomed 14 -30 2 minecraft:jungle
zoomed 15 -30 2 minecraft:jungle
zoomed 0 -30 3 minecraft:jungle
zoomed 1 -30 3 minecraft:jungle
zoomed 2 -30 3 minecraft:jungle
zoomed 3 -30 3 minecraft:jungle
zoomed 4 -30 3 minecraft:jungle
zoomed 5 -30 3 minecraft:jungle
zoomed 6 -30 3 minecraft:jungle
zoomed 7 -30 3 minecraft:jungle
zoomed 8 -30 3 minecraft:jungle
zoomed 9 -30 3 minecraft:jungle
zoomed 10 -30 3 minecraft:jungle
zoomed 11 -30 3 minecraft:jungle
zoomed 12 -30 3 minecraft:jungle
zoomed 13 -30 3 minecraft:jungle
zoomed 14 -30 3 minecraft:jungle
zoomed 15 -30 3 minecraft:jungle
zoomed 0 -30 4 minecraft:jungle
zoomed 1 -30 4 minecraft:jungle
zoomed 2 -30 4 minecraft:jungle
zoomed 3 -30 4 minecraft:jungle
zoomed 4 -30 4 minecraft:jungle
zoomed 5 -30 4 minecraft:jungle
zoomed 6 -30 4 minecraft:jungle
zoomed 7 -30 4 minecraft:jungle
zoomed 8 -30 4 minecraft:jungle
zoomed 9 -30 4 minecraft:jungle
zoomed 10 -30 4 minecraft:jungle
zoomed 11 -30 4 minecraft:jungle
zoomed 12 -30 4 minecraft:jungle
zoomed 13 -30 4 minecraft:jungle
zoomed 14 -30 4 minecraft:jungle
zoomed 15 -30 4 minecraft:jungle
zoomed 0 -30 5 minecraft:jungle
zoomed 1 -30 5 minecraft:jungle
zoomed 2 -30 5 minecraft:jungle
zoomed 3 -30 5 minecraft:jungle
zoomed 4 -30 5 minecraft:jungle
zoomed 5 -30 5 minecraft:jungle
zoomed 6 -30 5 minecraft:jungle
zoomed 7 -30 5 minecraft:jungle
zoomed 8 -30 5 minecraft:jungle
zoomed 9 -30 5 minecraft:jungle
zoomed 10 -30 5 minecraft:jungle
zoomed 11 -30 5 minecraft:jungle
zoomed 12 -30 5 minecraft:jungle
zoomed 13 -30 5 minecraft:jungle
zoomed 14 -30 5 minecraft:jungle
zoomed 15 -30 5 minecraft:jungle
zoomed 0 -30 6 minecraft:jungle
zoomed 1 -30 6 minecraft:jungle
zoomed 2 -30 6 minecraft:jungle
zoomed 3 -30 6 minecraft:jungle
zoomed 4 -30 6 minecraft:jungle
zoomed 5 -30 6 minecraft:jungle
zoomed 6 -30 6 minecraft:jungle
zoomed 7 -30 6 minecraft:jungle
zoomed 8 -30 6 minecraft:jungle
zoomed 9 -30 6 minecraft:jungle
zoomed 10 -30 6 minecraft:jungle
zoomed 11 -30 6 minecraft:jungle
zoomed 12 -30 6 minecraft:jungle
zoomed 13 -30 6 minecraft:jungle
zoomed 14 -30 6 minecraft:jungle
zoomed 15 -30 6 minecraft:jungle
zoomed 0 -30 7 minecraft:jungle
zoomed 1 -30 7 minecraft:jungle
zoomed 2 -30 7 minecraft:jungle
zoomed 3 -30 7 minecraft:jungle
zoomed 4 -30 7 minecraft:jungle
zoomed 5 -30 7 minecraft:jungle
zoomed 6 -30 7 minecraft:jungle
zoomed 7 -30 7 minecraft:jungle
zoomed 8 -30 7 minecraft:jungle
zoomed 9 -30 7 minecraft:jungle
zoomed 10 -30 7 minecraft:jungle
zoomed 11 -30 7 minecraft:jungle
zoomed 12 -30 7 minecraft:jungle
zoomed 13 -30 7 minecraft:jungle
zoomed 14 -30 7 minecraft:jungle
zoomed 15 -30 7 minecraft:jungle
zoomed 0 -30 8 minecraft:jungle
zoomed 1 -30 8 minecraft:jungle
zoomed 2 -30 8 minecraft:jungle
zoomed 3 -30 8 minecraft:jungle
zoomed 4 -30 8 minecraft:jungle
zoomed 5 -30 8 minecraft:jungle
zoomed 6 -30 8 minecraft:jungle
zoomed 7 -30 8 minecraft:jungle
zoomed 8 -30 8 minecraft:jungle
zoomed 9 -30 8 minecraft:jungle
zoomed 10 -30 8 minecraft:jungle
zoomed 11 -30 8 minecraft:jungle
zoomed 12 -30 8 minecraft:jungle
zoomed 13 -30 8 minecraft:jungle
zoomed 14 -30 8 minecraft:jungle
zoomed 15 -30 8 minecraft:jungle
zoomed 0 -30 9 minecraft:jungle
zoomed 1 -30 9 minecraft:jungle
zoomed 2 -30 9 minecraft:jungle
zoomed 3 -30 9 minecraft:jungle
zoomed 4 -30 9 minecraft:jungle
zoomed 5 -30 9 minecraft:jungle
zoomed 6 -30 9 minecraft:jungle
zoomed 7 -30 9 minecraft:jungle
zoomed 8 -30 9 minecraft:jungle
zoomed 9 -30 9 minecraft:jungle
zoomed 10 -30 9 minecraft:jungle
zoomed 11 -30 9 minecraft:jungle
zoomed 12 -30 9 minecraft:jungle
zoomed 13 -30 9 minecraft:jungle
zoomed 14 -30 9 minecraft:jungle
zoomed 15 -30 9 minecraft:jungle
zoomed 0 -30 10 minecraft:jungle
zoomed 1 -30 10 minecraft:jungle
zoomed 2 -30 10 minecraft:jungle
zoomed 3 -30 10 minecraft:jungle
zoomed 4 -30 10 minecraft:jungle
zoomed 5 -30 10 minecraft:jungle
zoomed 6 -30 10 minecraft:jungle
zoomed 7 -30 10 minecraft:jungle
zoomed 8 -30 10 minecraft:jungle
zoomed 9 -30 10 minecraft:jungle
zoomed 10 -30 10 minecraft:jungle
zoomed 11 -30 10 minecraft:jungle
zoomed 12 -30 10 minecraft:jungle
zoomed 13 -30 10 minecraft:jungle
zoomed 14 -30 10 minecraft:jungle
zoomed 15 -30 10 minecraft:jungle
zoomed 0 -30 11 minecraft:jungle
zoomed 1 -30 11 minecraft:jungle
zoomed 2 -30 11 minecraft:jungle
zoomed 3 -30 11 minecraft:jungle
zoomed 4 -30 11 minecraft:jungle
zoomed 5 -30 11 minecraft:jungle
zoomed 6 -30 11 minecraft:jungle
zoomed 7 -30 11 minecraft:jungle
zoomed 8 -30 11 minecraft:jungle
zoomed 9 -30 11 minecraft:jungle
zoomed 10 -30 11 minecraft:jungle
zoomed 11 -30 11 minecraft:jungle
zoomed 12 -30 11 minecraft:jungle
zoomed 13 -30 11 minecraft:jungle
zoomed 14 -30 11 minecraft:jungle
zoomed 15 -30 11 minecraft:jungle
zoomed 0 -30 12 minecraft:jungle
zoomed 1 -30 12 minecraft:jungle
zoomed 2 -30 12 minecraft:jungle
zoomed 3 -30 12 minecraft:jungle
zoomed 4 -30 12 minecraft:jungle
zoomed 5 -30 12 minecraft:jungle
zoomed 6 -30 12 minecraft:jungle
zoomed 7 -30 12 minecraft:jungle
zoomed 8 -30 12 minecraft:jungle
zoomed 9 -30 12 minecraft:jungle
zoomed 10 -30 12 minecraft:jungle
zoomed 11 -30 12 minecraft:jungle
zoomed 12 -30 12 minecraft:jungle
zoomed 13 -30 12 minecraft:jungle
zoomed 14 -30 12 minecraft:jungle
zoomed 15 -30 12 minecraft:jungle
zoomed 0 -30 13 minecraft:jungle
zoomed 1 -30 13 minecraft:jungle
zoomed 2 -30 13 minecraft:jungle
zoomed 3 -30 13 minecraft:jungle
zoomed 4 -30 13 minecraft:jungle
zoomed 5 -30 13 minecraft:jungle
zoomed 6 -30 13 minecraft:jungle
zoomed 7 -30 13 minecraft:jungle
zoomed 8 -30 13 minecraft:jungle
zoomed 9 -30 13 minecraft:jungle
zoomed 10 -30 13 minecraft:jungle
zoomed 11 -30 13 minecraft:jungle
zoomed 12 -30 13 minecraft:jungle
zoomed 13 -30 13 minecraft:jungle
zoomed 14 -30 13 minecraft:jungle
zoomed 15 -30 13 minecraft:jungle
zoomed 0 -30 14 minecraft:jungle
zoomed 1 -30 14 minecraft:jungle
zoomed 2 -30 14 minecraft:jungle
zoomed 3 -30 14 minecraft:jungle
zoomed 4 -30 14 minecraft:jungle
zoomed 5 -30 14 minecraft:jungle
zoomed 6 -30 14 minecraft:jungle
zoomed 7 -30 14 minecraft:jungle
zoomed 8 -30 14 minecraft:jungle
zoomed 9 -30 14 minecraft:jungle
zoomed 10 -30 14 minecraft:jungle
zoomed 11 -30 14 minecraft:jungle
zoomed 12 -30 14 minecraft:jungle
zoomed 13 -30 14 minecraft:jungle
zoomed 14 -30 14 minecraft:jungle
zoomed 15 -30 14 minecraft:jungle
zoomed 0 -30 15 minecraft:jungle
zoomed 1 -30 15 minecraft:jungle
zoomed 2 -30 15 minecraft:jungle
zoomed 3 -30 15 minecraft:jungle
zoomed 4 -30 15 minecraft:jungle
zoomed 5 -30 15 minecraft:jungle
zoomed 6 -30 15 minecraft:jungle
zoomed 7 -30 15 minecraft:jungle
zoomed 8 -30 15 minecraft:jungle
zoomed 9 -30 15 minecraft:jungle
zoomed 10 -30 15 minecraft:jungle
zoomed 11 -30 15 minecraft:jungle
zoomed 12 -30 15 minecraft:jungle
zoomed 13 -30 15 minecraft:jungle
zoomed 14 -30 15 minecraft:jungle
zoomed 15 -30 15 minecraft:jungle
zoomed 0 0 0 minecraft:lush_caves
zoomed 1 0 0 minecraft:lush_caves
zoomed 2 0 0 minecraft:lush_caves
zoomed 3 0 0 minecraft:lush_caves
zoomed 4 0 0 minecraft:lush_caves
zoomed 5 0 0 minecraft:lush_caves
zoomed 6 0 0 minecraft:lush_caves
zoomed 7 0 0 minecraft:lush_caves
zoomed 8 0 0 minecraft:lush_caves
zoomed 9 0 0 minecraft:lush_caves
zoomed 10 0 0 minecraft:lush_caves
zoomed 11 0 0 minecraft:lush_caves
zoomed 12 0 0 minecraft:lush_caves
zoomed 13 0 0 minecraft:lush_caves
zoomed 14 0 0 minecraft:lush_caves
zoomed 15 0 0 minecraft:lush_caves
zoomed 0 0 1 minecraft:lush_caves
zoomed 1 0 1 minecraft:lush_caves
zoomed 2 0 1 minecraft:lush_caves
zoomed 3 0 1 minecraft:lush_caves
zoomed 4 0 1 minecraft:lush_caves
zoomed 5 0 1 minecraft:lush_caves
zoomed 6 0 1 minecraft:lush_caves
zoomed 7 0 1 minecraft:lush_caves
zoomed 8 0 1 minecraft:lush_caves
zoomed 9 0 1 minecraft:lush_caves
zoomed 10 0 1 minecraft:lush_caves
zoomed 11 0 1 minecraft:lush_caves
zoomed 12 0 1 minecraft:lush_caves
zoomed 13 0 1 minecraft:lush_caves
zoomed 14 0 1 minecraft:lush_caves
zoomed 15 0 1 minecraft:lush_caves
zoomed 0 0 2 minecraft:lush_caves
zoomed 1 0 2 minecraft:lush_caves
zoomed 2 0 2 minecraft:lush_caves
zoomed 3 0 2 minecraft:lush_caves
zoomed 4 0 2 minecraft:lush_caves
zoomed 5 0 2 minecraft:lush_caves
zoomed 6 0 2 minecraft:lush_caves
zoomed 7 0 2 minecraft:lush_caves
zoomed 8 0 2 minecraft:lush_caves
zoomed 9 0 2 minecraft:lush_caves
zoomed 10 0 2 minecraft:lush_caves
zoomed 11 0 2 minecraft:lush_caves
zoomed 12 0 2 minecraft:lush_caves
zoomed 13 0 2 minecraft:lush_caves
zoomed 14 0 2 minecraft:lush_caves
zoomed 15 0 2 minecraft:lush_caves
zoomed 0 0 3 minecraft:lush_caves
zoomed 1 0 3 minecraft:lush_caves
zoomed 2 0 3 minecraft:lush_caves
zoomed 3 0 3 minecraft:lush_caves
zoomed 4 0 3 minecraft:lush_caves
zoomed 5 0 3 minecraft:lush_caves
zoomed 6 0 3 minecraft:lush_caves
zoomed 7 0 3 minecraft:lush_caves
zoomed 8 0 3 minecraft:lush_caves
zoomed 9 0 3 minecraft:lush_caves
zoomed 10 0 3 minecraft:lush_caves
zoomed 11 0 3 minecraft:lush_caves
zoomed 12 0 3 minecraft:lush_caves
zoomed 13 0 3 minecraft:lush_caves
zoomed 14 0 3 minecraft:lush_caves
zoomed 15 0 3 minecraft:lush_caves
zoomed 0 0 4 minecraft:lush_caves
zoomed 1 0 4 minecraft:lush_caves
zoomed 2 0 4 minecraft:lush_caves
zoomed 3 0 4 minecraft:lush_caves
zoomed 4 0 4 minecraft:lush_caves
zoomed 5 0 4 minecraft:lush_caves
zoomed 6 0 4 minecraft:lush_caves
zoomed 7 0 4 minecraft:lush_caves
zoomed 8 0 4 minecraft:lush_caves
zoomed 9 0 4 minecraft:lush_caves
zoomed 10 0 4 minecraft:lush_caves
zoomed 11 0 4 minecraft:lush_caves
zoomed 12 0 4 minecraft:lush_caves
zoomed 13 0 4 minecraft:lush_caves
zoomed 14 0 4 minecraft:lush_caves
zoomed 15 0 4 minecraft:lush_caves
zoomed 0 0 5 minecraft:lush_caves
zoomed 1 0 5 minecraft:lush_caves
zoomed 2 0 5 minecraft:lush_caves
zoomed 3 0 5 minecraft:lush_caves
zoomed 4 0 5 minecraft:lush_caves
zoomed 5 0 5 minecraft:lush_caves
zoomed 6 0 5 minecraft:lush_caves
zoomed 7 0 5 minecraft:lush_caves
zoomed 8 0 5 minecraft:lush_caves
zoomed 9 0 5 minecraft:lush_caves
zoomed 10 0 5 minecraft:lush_caves
zoomed 11 0 5 minecraft:lush_caves
zoomed 12 0 5 minecraft:lush_caves
zoomed 13 0 5 minecraft:lush_caves
zoomed 14 0 5 minecraft:lush_caves
zoomed 15 0 5 minecraft:lush_caves
zoomed 0 0 6 minecraft:lush_caves
zoomed 1 0 6 minecraft:lush_caves
zoomed 2 0 6 minecraft:lush_caves
zoomed 3 0 6 minecraft:lush_caves
zoomed 4 0 6 minecraft:lush_caves
zoomed 5 0 6 minecraft:lush_caves
zoomed 6 0 6 minecraft:lush_caves
zoomed 7 0 6 minecraft:lush_caves
zoomed 8 0 6 minecraft:lush_caves
zoomed 9 0 6 minecraft:lush_caves
zoomed 10 0 6 minecraft:lush_caves
zoomed 11 0 6 minecraft:lush_caves
zoomed 12 0 6 minecraft:lush_caves
zoomed 13 0 6 minecraft:lush_caves
zoomed 14 0 6 minecraft:lush_caves
zoomed 15 0 6 minecraft:lush_caves
zoomed 0 0 7 minecraft:lush_caves
zoomed 1 0 7 minecraft:lush_caves
zoomed 2 0 7 minecraft:lush_caves
zoomed 3 0 7 minecraft:lush_caves
zoomed 4 0 7 minecraft:lush_caves
zoomed 5 0 7 minecraft:lush_caves
zoomed 6 0 7 minecraft:lush_caves
zoomed 7 0 7 minecraft:lush_caves
zoomed 8 0 7 minecraft:lush_caves
zoomed 9 0 7 minecraft:lush_caves
zoomed 10 0 7 minecraft:lush_caves
zoomed 11 0 7 minecraft:lush_caves
zoomed 12 0 7 minecraft:lush_caves
zoomed 13 0 7 minecraft:lush_caves
zoomed 14 0 7 minecraft:lush_caves
zoomed 15 0 7 minecraft:lush_caves
zoomed 0 0 8 minecraft:lush_caves
zoomed 1 0 8 minecraft:lush_caves
zoomed 2 0 8 minecraft:lush_caves
zoomed 3 0 8 minecraft:lush_caves
zoomed 4 0 8 minecraft:lush_caves
zoomed 5 0 8 minecraft:lush_caves
zoomed 6 0 8 minecraft:lush_caves
zoomed 7 0 8 minecraft:lush_caves
zoomed 8 0 8 minecraft:lush_caves
zoomed 9 0 8 minecraft:lush_caves
zoomed 10 0 8 minecraft:lush_caves
zoomed 11 0 8 minecraft:lush_caves
zoomed 12 0 8 minecraft:lush_caves
zoomed 13 0 8 minecraft:lush_caves
zoomed 14 0 8 minecraft:lush_caves
zoomed 15 0 8 minecraft:lush_caves
zoomed 0 0 9 minecraft:lush_caves
zoomed 1 0 9 minecraft:lush_caves
zoomed 2 0 9 minecraft:lush_caves
zoomed 3 0 9 minecraft:lush_caves
zoomed 4 0 9 minecraft:lush_caves
zoomed 5 0 9 minecraft:lush_caves
zoomed 6 0 9 minecraft:lush_caves
zoomed 7 0 9 minecraft:lush_caves
zoomed 8 0 9 minecraft:lush_caves
zoomed 9 0 9 minecraft:lush_caves
zoomed 10 0 9 minecraft:lush_caves
zoomed 11 0 9 minecraft:lush_caves
zoomed 12 0 9 minecraft:lush_caves
zoomed 13 0 9 minecraft:lush_caves
zoomed 14 0 9 minecraft:lush_caves
zoomed 15 0 9 minecraft:lush_caves
zoomed 0 0 10 minecraft:lush_caves
zoomed 1 0 10 minecraft:lush_caves
zoomed 2 0 10 minecraft:lush_caves
zoomed 3 0 10 minecraft:lush_caves
zoomed 4 0 10 minecraft:lush_caves
zoomed 5 0 10 minecraft:lush_caves
zoomed 6 0 10 minecraft:lush_caves
zoomed 7 0 10 minecraft:lush_caves
zoomed 8 0 10 minecraft:lush_caves
zoomed 9 0 10 minecraft:lush_caves
zoomed 10 0 10 minecraft:lush_caves
zoomed 11 0 10 minecraft:lush_caves
zoomed 12 0 10 minecraft:lush_caves
zoomed 13 0 10 minecraft:lush_caves
zoomed 14 0 10 minecraft:lush_caves
zoomed 15 0 10 minecraft:lush_caves
zoomed 0 0 11 minecraft:lush_caves
zoomed 1 0 11 minecraft:lush_caves
zoomed 2 0 11 minecraft:lush_caves
zoomed 3 0 11 minecraft:lush_caves
zoomed 4 0 11 minecraft:lush_caves
zoomed 5 0 11 minecraft:lush_caves
zoomed 6 0 11 minecraft:lush_caves
zoomed 7 0 11 minecraft:lush_caves
zoomed 8 0 11 minecraft:lush_caves
zoomed 9 0 11 minecraft:lush_caves
zoomed 10 0 11 minecraft:lush_caves
zoomed 11 0 11 minecraft:lush_caves
zoomed 12 0 11 minecraft:lush_caves
zoomed 13 0 11 minecraft:lush_caves
zoomed 14 0 11 minecraft:lush_caves
zoomed 15 0 11 minecraft:lush_caves
zoomed 0 0 12 minecraft:lush_caves
zoomed 1 0 12 minecraft:lush_caves
zoomed 2 0 12 minecraft:lush_caves
zoomed 3 0 12 minecraft:lush_caves
zoomed 4 0 12 minecraft:lush_caves
zoomed 5 0 12 minecraft:lush_caves
zoomed 6 0 12 minecraft:lush_caves
zoomed 7 0 12 minecraft:lush_caves
zoomed 8 0 12 minecraft:lush_caves
zoomed 9 0 12 minecraft:lush_caves
zoomed 10 0 12 minecraft:lush_caves
zoomed 11 0 12 minecraft:lush_caves
zoomed 12 0 12 minecraft:lush_caves
zoomed 13 0 12 minecraft:lush_caves
zoomed 14 0 12 minecraft:lush_caves
zoomed 15 0 12 minecraft:lush_caves
zoomed 0 0 13 minecraft:lush_caves
zoomed 1 0 13 minecraft:lush_caves
zoomed 2 0 13 minecraft:lush_caves
zoomed 3 0 13 minecraft:lush_caves
zoomed 4 0 13 minecraft:lush_caves
zoomed 5 0 13 minecraft:lush_caves
zoomed 6 0 13 minecraft:lush_caves
zoomed 7 0 13 minecraft:lush_caves
zoomed 8 0 13 minecraft:lush_caves
zoomed 9 0 13 minecraft:lush_caves
zoomed 10 0 13 minecraft:lush_caves
zoomed 11 0 13 minecraft:lush_caves
zoomed 12 0 13 minecraft:lush_caves
zoomed 13 0 13 minecraft:lush_caves
zoomed 14 0 13 minecraft:lush_caves
zoomed 15 0 13 minecraft:lush_caves
zoomed 0 0 14 minecraft:lush_caves
zoomed 1 0 14 minecraft:lush_caves
zoomed 2 0 14 minecraft:lush_caves
zoomed 3 0 14 minecraft:lush_caves
zoomed 4 0 14 minecraft:lush_caves
zoomed 5 0 14 minecraft:lush_caves
zoomed 6 0 14 minecraft:lush_caves
zoomed 7 0 14 minecraft:lush_caves
zoomed 8 0 14 minecraft:lush_caves
zoomed 9 0 14 minecraft:lush_caves
zoomed 10 0 14 minecraft:lush_caves
zoomed 11 0 14 minecraft:lush_caves
zoomed 12 0 14 minecraft:lush_caves
zoomed 13 0 14 minecraft:lush_caves
zoomed 14 0 14 minecraft:lush_caves
zoomed 15 0 14 minecraft:lush_caves
zoomed 0 0 15 minecraft:lush_caves
zoomed 1 0 15 minecraft:lush_caves
zoomed 2 0 15 minecraft:lush_caves
zoomed 3 0 15 minecraft:lush_caves
zoomed 4 0 15 minecraft:lush_caves
zoomed 5 0 15 minecraft:lush_caves
zoomed 6 0 15 minecraft:lush_caves
zoomed 7 0 15 minecraft:lush_caves
zoomed 8 0 15 minecraft:lush_caves
zoomed 9 0 15 minecraft:lush_caves
zoomed 10 0 15 minecraft:lush_caves
zoomed 11 0 15 minecraft:lush_caves
zoomed 12 0 15 minecraft:lush_caves
zoomed 13 0 15 minecraft:lush_caves
zoomed 14 0 15 minecraft:lush_caves
zoomed 15 0 15 minecraft:lush_caves
zoomed 0 20 0 minecraft:lush_caves
zoomed 1 20 0 minecraft:lush_caves
zoomed 2 20 0 minecraft:lush_caves
zoomed 3 20 0 minecraft:lush_caves
zoomed 4 20 0 minecraft:lush_caves
zoomed 5 20 0 minecraft:lush_caves
zoomed 6 20 0 minecraft:lush_caves
zoomed 7 20 0 minecraft:jungle
zoomed 8 20 0 minecraft:jungle
zoomed 9 20 0 minecraft:jungle
zoomed 10 20 0 minecraft:jungle
zoomed 11 20 0 minecraft:jungle
zoomed 12 20 0 minecraft:jungle
zoomed 13 20 0 minecraft:jungle
zoomed 14 20 0 minecraft:jungle
zoomed 15 20 0 minecraft:jungle
zoomed 0 20 1 minecraft:lush_caves
zoomed 1 20 1 minecraft:lush_caves
zoomed 2 20 1 minecraft:lush_caves
zoomed 3 20 1 minecraft:lush_caves
zoomed 4 20 1 minecraft:lush_caves
zoomed 5 20 1 minecraft:lush_caves
zoomed 6 20 1 minecraft:lush_caves
zoomed 7 20 1 minecraft:lush_caves
zoomed 8 20 1 minecraft:lush_caves
zoomed 9 20 1 minecraft:lush_caves
zoomed 10 20 1 minecraft:lush_caves
zoomed 11 20 1 minecraft:lush_caves
zoomed 12 20 1 minecraft:lush_caves
zoomed 13 20 1 minecraft:jungle
zoomed 14 20 1 minecraft:jungle
zoomed 15 20 1 minecraft:jungle
zoomed 0 20 2 minecraft:lush_caves
zoomed 1 20 2 minecraft:lush_caves
zoomed 2 20 2 minecraft:lush_caves
zoomed 3 20 2 minecraft:lush_caves
zoomed 4 20 2 minecraft:lush_caves
zoomed 5 20 2 minecraft:lush_caves
zoomed 6 20 2 minecraft:lush_caves
zoomed 7 20 2 minecraft:lush_caves
zoomed 8 20 2 minecraft:jungle
zoomed 9 20 2 minecraft:jungle
zoomed 10 20 2 minecraft:jungle
zoomed 11 20 2 minecraft:lush_caves
zoomed 12 20 2 minecraft:lush_caves
zoomed 13 20 2 minecraft:jungle
zoomed 14 20 2 minecraft:jungle
zoomed 15 20 2 minecraft:jungle
zoomed 0 20 3 minecraft:lush_caves
zoomed 1 20 3 minecraft:lush_caves
zoomed 2 20 3 minecraft:jungle
zoomed 3 20 3 minecraft:lush_caves
zoomed 4 20 3 minecraft:lush_caves
zoomed 5 20 3 minecraft:lush_caves
zoomed 6 20 3 minecraft:lush_caves
zoomed 7 20 3 minecraft:lush_caves
zoomed 8 20 3 minecraft:jungle
zoomed 9 20 3 minecraft:jungle
zoomed 10 20 3 minecraft:jungle
zoomed 11 20 3 minecraft:jungle
zoomed 12 20 3 minecraft:lush_caves
zoomed 13 20 3 minecraft:jungle
zoomed 14 20 3 minecraft:jungle
zoomed 15 20 3 minecraft:jungle
zoomed 0 20 4 minecraft:lush_caves
zoomed 1 20 4 minecraft:lush_caves
zoomed 2 20 4 minecraft:jungle
zoomed 3 20 4 minecraft:jungle
zoomed 4 20 4 minecraft:jungle
zoomed 5 20 4 minecraft:jungle
zoomed 6 20 4 minecraft:jungle
zoomed 7 20 4 minecraft:jungle
zoomed 8 20 4 minecraft:jungle
zoomed 9 20 4 minecraft:jungle
zoomed 10 20 4 minecraft:jungle
zoomed 11 20 4 minecraft:jungle
zoomed 12 20 4 minecraft:jungle
zoomed 13 20 4 minecraft:jungle
zoomed 14 20 4 minecraft:lush_caves
zoomed 15 20 4 minecraft:lush_caves
zoomed 0 20 5 minecraft:lush_caves
zoomed 1 20 5 minecraft:lush_caves
zoomed 2 20 5 minecraft:jungle
zoomed 3 20 5 minecraft:jungle
zoomed 4 20 5 minecraft:jungle
zoomed 5 20 5 minecraft:jungle
zoomed 6 20 5 minecraft:jungle
zoomed 7 20 5 minecraft:jungle
zoomed 8 20 5 minecraft:lush_caves
zoomed 9 20 5 minecraft:lush_caves
zoomed 10 20 5 minecraft:lush_caves
zoomed 11 20 5 minecraft:jungle
zoomed 12 20 5 minecraft:jungle
zoomed 13 20 5 minecraft:jungle
zoomed 14 20 5 minecraft:lush_caves
zoomed 15 20 5 minecraft:lush_caves
zoomed 0 20 6 minecraft:lush_caves
zoomed 1 20 6 minecraft:jungle
zoomed 2 20 6 minecraft:jungle
zoomed 3 20 6 minecraft:jungle
zoomed 4 20 6 minecraft:jungle
zoomed 5 20 6 minecraft:jungle
zoomed 6 20 6 minecraft:jungle
zoomed 7 20 6 minecraft:jungle
zoomed 8 20 6 minecraft:lush_caves
zoomed 9 20 6 minecraft:lush_caves
zoomed 10 20 6 minecraft:lush_caves
zoomed 11 20 6 minecraft:jungle
zoomed 12 20 6 minecraft:jungle
zoomed 13 20 6 minecraft:jungle
zoomed 14 20 6 minecraft:lush_caves
zoomed 15 20 6 minecraft:lush_caves
zoomed 0 20 7 minecraft:jungle
zoomed 1 20 7 minecraft:jungle
zoomed 2 20 7 minecraft:jungle
zoomed 3 20 7 minecraft:jungle
zoomed 4 20 7 minecraft:jungle
zoomed 5 20 7 minecraft:jungle
zoomed 6 20 7 minecraft:jungle
zoomed 7 20 7 minecraft:lush_caves
zoomed 8 20 7 minecraft:lush_caves
zoomed 9 20 7 minecraft:lush_caves
zoomed 10 20 7 minecraft:lush_caves
zoomed 11 20 7 minecraft:jungle
zoomed 12 20 7 minecraft:jungle
zoomed 13 20 7 minecraft:jungle
zoomed 14 20 7 minecraft:lush_caves
zoomed 15 20 7 minecraft:lush_caves
zoomed 0 20 8 minecraft:jungle
zoomed 1 20 8 minecraft:jungle
zoomed 2 20 8 minecraft:jungle
zoomed 3 20 8 minecraft:jungle
zoomed 4 20 8 minecraft:jungle
zoomed 5 20 8 minecraft:jungle
zoomed 6 20 8 minecraft:jungle
zoomed 7 20 8 minecraft:jungle
zoomed 8 20 8 minecraft:jungle
zoomed 9 20 8 minecraft:lush_caves
zoomed 10 20 8 minecraft:lush_caves
zoomed 11 20 8 minecraft:jungle
zoomed 12 20 8 minecraft:jungle
zoomed 13 20 8 minecraft:jungle
zoomed 14 20 8 minecraft:lush_caves
zoomed 15 20 8 minecraft:lush_caves
zoomed 0 20 9 minecraft:jungle
zoomed 1 20 9 minecraft:jungle
zoomed 2 20 9 minecraft:jungle
zoomed 3 20 9 minecraft:lush_caves
zoomed 4 20 9 minecraft:lush_caves
zoomed 5 20 9 minecraft:lush_caves
zoomed 6 20 9 minecraft:jungle
zoomed 7 20 9 minecraft:jungle
zoomed 8 20 9 minecraft:jungle
zoomed 9 20 9 minecraft:jungle
zoomed 10 20 9 minecraft:jungle
zoomed 11 20 9 minecraft:jungle
zoomed 12 20 9 minecraft:jungle
zoomed 13 20 9 minecraft:jungle
zoomed 14 20 9 minecraft:lush_caves
zoomed 15 20 9 minecraft:lush_caves
zoomed 0 20 10 minecraft:jungle
zoomed 1 20 10 minecraft:jungle
zoomed 2 20 10 minecraft:jungle
zoomed 3 20 10 minecraft:lush_caves
zoomed 4 20 10 minecraft:lush_caves
zoomed 5 20 10 minecraft:jungle
zoomed 6 20 10 minecraft:jungle
zoomed 7 20 10 minecraft:jungle
zoomed 8 20 10 minecraft:jungle
zoomed 9 20 10 minecraft:jungle
zoomed 10 20 10 minecraft:jungle
zoomed 11 20 10 minecraft:jungle
zoomed 12 20 10 minecraft:jungle
zoomed 13 20 10 minecraft:lush_caves
zoomed 14 20 10 minecraft:lush_caves
zoomed 15 20 10 minecraft:lush_caves
zoomed 0 20 11 minecraft:jungle
zoomed 1 20 11 minecraft:jungle
zoomed 2 20 11 minecraft:jungle
zoomed 3 20 11 minecraft:lush_caves
zoomed 4 20 11 minecraft:lush_caves
zoomed 5 20 11 minecraft:jungle
zoomed 6 20 11 minecraft:jungle
zoomed 7 20 11 minecraft:jungle
zoomed 8 20 11 minecraft:jungle
zoomed 9 20 11 minecraft:jungle
zoomed 10 20 11 minecraft:jungle
zoomed 11 20 11 minecraft:jungle
zoomed 12 20 11 minecraft:jungle
zoomed 13 20 11 minecraft:lush_caves
zoomed 14 20 11 minecraft:lush_caves
zoomed 15 20 11 minecraft:lush_caves
zoomed 0 20 12 minecraft:jungle
zoomed 1 20 12 minecraft:jungle
zoomed 2 20 12 minecraft:jungle
zoomed 3 20 12 minecraft:jungle
zoomed 4 20 12 minecraft:lush_caves
zoomed 5 20 12 minecraft:jungle
zoomed 6 20 12 minecraft:jungle
zoomed 7 20 12 minecraft:jungle
zoomed 8 20 12 minecraft:jungle
zoomed 9 20 12 minecraft:jungle
zoomed 10 20 12 minecraft:jungle
zoomed 11 20 12 minecraft:lush_caves
zoomed 12 20 12 minecraft:lush_caves
zoomed 13 20 12 minecraft:lush_caves
zoomed 14 20 12 minecraft:lush_caves
zoomed 15 20 12 minecraft:lush_caves
zoomed 0 20 13 minecraft:jungle
zoomed 1 20 13 minecraft:jungle
zoomed 2 20 13 minecraft:jungle
zoomed 3 20 13 minecraft:jungle
zoomed 4 20 13 minecraft:jungle
zoomed 5 20 13 minecraft:jungle
zoomed 6 20 13 minecraft:jungle
zoomed 7 20 13 minecraft:jungle
zoomed 8 20 13 minecraft:jungle
zoomed 9 20 13 minecraft:jungle
zoomed 10 20 13 minecraft:lush_caves
zoomed 11 20 13 minecraft:lush_caves
zoomed 12 20 13 minecraft:lush_caves
zoomed 13 20 13 minecraft:lush_caves
zoomed 14 20 13 minecraft:lush_caves
zoomed 15 20 13 minecraft:lush_caves
zoomed 0 20 14 minecraft:jungle
zoomed 1 20 14 minecraft:jungle
zoomed 2 20 14 minecraft:jungle
zoomed 3 20 14 minecraft:jungle
zoomed 4 20 14 minecraft:jungle
zoomed 5 20 14 minecraft:jungle
zoomed 6 20 14 minecraft:jungle
zoomed 7 20 14 minecraft:jungle
zoomed 8 20 14 minecraft:jungle
zoomed 9 20 14 minecraft:jungle
zoomed 10 20 14 minecraft:lush_caves
zoomed 11 20 14 minecraft:lush_caves
zoomed 12 20 14 minecraft:lush_caves
zoomed 13 20 14 minecraft:lush_caves
zoomed 14 20 14 minecraft:lush_caves
zoomed 15 20 14 minecraft:lush_caves
zoomed 0 20 15 minecraft:jungle
zoomed 1 20 15 minecraft:jungle
zoomed 2 20 15 minecraft:jungle
zoomed 3 20 15 minecraft:jungle
zoomed 4 20 15 minecraft:jungle
zoomed 5 20 15 minecraft:jungle
zoomed 6 20 15 minecraft:jungle
zoomed 7 20 15 minecraft:jungle
zoomed 8 20 15 minecraft:jungle
zoomed 9 20 15 minecraft:jungle
zoomed 10 20 15 minecraft:jungle
zoomed 11 20 15 minecraft:lush_caves
zoomed 12 20 15 minecraft:lush_caves
zoomed 13 20 15 minecraft:lush_caves
zoomed 14 20 15 minecraft:lush_caves
zoomed 15 20 15 minecraft:lush_caves
zoomed 0 40 0 minecraft:jungle
zoomed 1 40 0 minecraft:jungle
zoomed 2 40 0 minecraft:jungle
zoomed 3 40 0 minecraft:jungle
zoomed 4 40 0 minecraft:jungle
zoomed 5 40 0 minecraft:jungle
zoomed 6 40 0 minecraft:jungle
zoomed 7 40 0 minecraft:jungle
zoomed 8 40 0 minecraft:jungle
zoomed 9 40 0 minecraft:jungle
zoomed 10 40 0 minecraft:jungle
zoomed 11 40 0 minecraft:jungle
zoomed 12 40 0 minecraft:jungle
zoomed 13 40 0 minecraft:jungle
zoomed 14 40 0 minecraft:jungle
zoomed 15 40 0 minecraft:jungle
zoomed 0 40 1 minecraft:jungle
zoomed 1 40 1 minecraft:jungle
zoomed 2 40 1 minecraft:jungle
zoomed 3 40 1 minecraft:jungle
zoomed 4 40 1 minecraft:jungle
zoomed 5 40 1 minecraft:jungle
zoomed 6 40 1 minecraft:jungle
zoomed 7 40 1 minecraft:jungle
zoomed 8 40 1 minecraft:jungle
zoomed 9 40 1 minecraft:jungle
zoomed 10 40 1 minecraft:jungle
zoomed 11 40 1 minecraft:jungle
zoomed 12 40 1 minecraft:jungle
zoomed 13 40 1 minecraft:jungle
zoomed 14 40 1 minecraft:jungle
zoomed 15 40 1 minecraft:jungle
zoomed 0 40 2 minecraft:jungle
zoomed 1 40 2 minecraft:jungle
zoomed 2 40 2 minecraft:jungle
zoomed 3 40 2 minecraft:jungle
zoomed 4 40 2 minecraft:jungle
zoomed 5 40 2 minecraft:jungle
zoomed 6 40 2 minecraft:jungle
zoomed 7 40 2 minecraft:jungle
zoomed 8 40 2 minecraft:jungle
zoomed 9 40 2 minecraft:jungle
zoomed 10 40 2 minecraft:jungle
zoomed 11 40 2 minecraft:jungle
zoomed 12 40 2 minecraft:jungle
zoomed 13 40 2 minecraft:jungle
zoomed 14 40 2 minecraft:jungle
zoomed 15 40 2 minecraft:jungle
zoomed 0 40 3 minecraft:jungle
zoomed 1 40 3 minecraft:jungle
zoomed 2 40 3 minecraft:jungle
zoomed 3 40 3 minecraft:jungle
zoomed 4 40 3 minecraft:jungle
zoomed 5 40 3 minecraft:jungle
zoomed 6 40 3 minecraft:jungle
zoomed 7 40 3 minecraft:jungle
zoomed 8 40 3 minecraft:jungle
zoomed 9 40 3 minecraft:jungle
zoomed 10 40 3 minecraft:jungle
zoomed 11 40 3 minecraft:jungle
zoomed 12 40 3 minecraft:jungle
zoomed 13 40 3 minecraft:jungle
zoomed 14 40 3 minecraft:jungle
zoomed 15 40 3 minecraft:jungle
zoomed 0 40 4 minecraft:jungle
zoomed 1 40 4 minecraft:jungle
zoomed 2 40 4 minecraft:jungle
zoomed 3 40 4 minecraft:jungle
zoomed 4 40 4 minecraft:jungle
zoomed 5 40 4 minecraft:jungle
zoomed 6 40 4 minecraft:jungle
zoomed 7 40 4 minecraft:jungle
zoomed 8 40 4 minecraft:jungle
zoomed 9 40 4 minecraft:jungle
zoomed 10 40 4 minecraft:jungle
zoomed 11 40 4 minecraft:jungle
zoomed 12 40 4 minecraft:jungle
zoomed 13 40 4 minecraft:jungle
zoomed 14 40 4 minecraft:jungle
zoomed 15 40 4 minecraft:jungle
zoomed 0 40 5 minecraft:jungle
zoomed 1 40 5 minecraft:jungle
zoomed 2 40 5 minecraft:jungle
zoomed 3 40 5 minecraft:jungle
zoomed 4 40 5 minecraft:jungle
zoomed 5 40 5 minecraft:jungle
zoomed 6 40 5 minecraft:jungle
zoomed 7 40 5 minecraft:jungle
zoomed 8 40 5 minecraft:jungle
zoomed 9 40 5 minecraft:jungle
zoomed 10 40 5 minecraft:jungle
zoomed 11 40 5 minecraft:jungle
zoomed 12 40 5 minecraft:jungle
zoomed 13 40 5 minecraft:jungle
zoomed 14 40 5 minecraft:jungle
zoomed 15 40 5 minecraft:jungle
zoomed 0 40 6 minecraft:jungle
zoomed 1 40 6 minecraft:jungle
zoomed 2 40 6 minecraft:jungle
zoomed 3 40 6 minecraft:jungle
zoomed 4 40 6 minecraft:jungle
zoomed 5 40 6 minecraft:jungle
zoomed 6 40 6 minecraft:jungle
zoomed 7 40 6 minecraft:jungle
zoomed 8 40 6 minecraft:jungle
zoomed 9 40 6 minecraft:jungle
zoomed 10 40 6 minecraft:jungle
zoomed 11 40 6 minecraft:jungle
zoomed 12 40 6 minecraft:jungle
zoomed 13 40 6 minecraft:jungle
zoomed 14 40 6 minecraft:jungle
zoomed 15 40 6 minecraft:jungle
zoomed 0 40 7 minecraft:jungle
zoomed 1 40 7 minecraft:jungle
zoomed 2 40 7 minecraft:jungle
zoomed 3 40 7 minecraft:jungle
zoomed 4 40 7 minecraft:jungle
zoomed 5 40 7 minecraft:jungle
zoomed 6 40 7 minecraft:jungle
zoomed 7 40 7 minecraft:jungle
zoomed 8 40 7 minecraft:jungle
zoomed 9 40 7 minecraft:jungle
zoomed 10 40 7 minecraft:jungle
zoomed 11 40 7 minecraft:jungle
zoomed 12 40 7 minecraft:jungle
zoomed 13 40 7 minecraft:jungle
zoomed 14 40 7 minecraft:jungle
zoomed 15 40 7 minecraft:jungle
zoomed 0 40 8 minecraft:jungle
zoomed 1 40 8 minecraft:jungle
zoomed 2 40 8 minecraft:jungle
zoomed 3 40 8 minecraft:jungle
zoomed 4 40 8 minecraft:jungle
zoomed 5 40 8 minecraft:jungle
zoomed 6 40 8 minecraft:jungle
zoomed 7 40 8 minecraft:jungle
zoomed 8 40 8 minecraft:jungle
zoomed 9 40 8 minecraft:jungle
zoomed 10 40 8 minecraft:jungle
zoomed 11 40 8 minecraft:jungle
zoomed 12 40 8 minecraft:jungle
zoomed 13 40 8 minecraft:jungle
zoomed 14 40 8 minecraft:jungle
zoomed 15 40 8 minecraft:jungle
zoomed 0 40 9 minecraft:jungle
zoomed 1 40 9 minecraft:jungle
zoomed 2 40 9 minecraft:jungle
zoomed 3 40 9 minecraft:jungle
zoomed 4 40 9 minecraft:jungle
zoomed 5 40 9 minecraft:jungle
zoomed 6 40 9 minecraft:jungle
zoomed 7 40 9 minecraft:jungle
zoomed 8 40 9 minecraft:jungle
zoomed 9 40 9 minecraft:jungle
zoomed 10 40 9 minecraft:jungle
zoomed 11 40 9 minecraft:jungle
zoomed 12 40 9 minecraft:jungle
zoomed 13 40 9 minecraft:jungle
zoomed 14 40 9 minecraft:jungle
zoomed 15 40 9 minecraft:jungle
zoomed 0 40 10 minecraft:jungle
zoomed 1 40 10 minecraft:jungle
zoomed 2 40 10 minecraft:jungle
zoomed 3 40 10 minecraft:jungle
zoomed 4 40 10 minecraft:jungle
zoomed 5 40 10 minecraft:jungle
zoomed 6 40 10 minecraft:jungle
zoomed 7 40 10 minecraft:jungle
zoomed 8 40 10 minecraft:jungle
zoomed 9 40 10 minecraft:jungle
zoomed 10 40 10 minecraft:jungle
zoomed 11 40 10 minecraft:jungle
zoomed 12 40 10 minecraft:jungle
zoomed 13 40 10 minecraft:jungle
zoomed 14 40 10 minecraft:jungle
zoomed 15 40 10 minecraft:jungle
zoomed 0 40 11 minecraft:jungle
zoomed 1 40 11 minecraft:jungle
zoomed 2 40 11 minecraft:jungle
zoomed 3 40 11 minecraft:jungle
zoomed 4 40 11 minecraft:jungle
zoomed 5 40 11 minecraft:jungle
zoomed 6 40 11 minecraft:jungle
zoomed 7 40 11 minecraft:jungle
zoomed 8 40 11 minecraft:jungle
zoomed 9 40 11 minecraft:jungle
zoomed 10 40 11 minecraft:jungle
zoomed 11 40 11 minecraft:jungle
zoomed 12 40 11 minecraft:jungle
zoomed 13 40 11 minecraft:jungle
zoomed 14 40 11 minecraft:jungle
zoomed 15 40 11 minecraft:jungle
zoomed 0 40 12 minecraft:jungle
zoomed 1 40 12 minecraft:jungle
zoomed 2 40 12 minecraft:jungle
zoomed 3 40 12 minecraft:jungle
zoomed 4 40 12 minecraft:jungle
zoomed 5 40 12 minecraft:jungle
zoomed 6 40 12 minecraft:jungle
zoomed 7 40 12 minecraft:jungle
zoomed 8 40 12 minecraft:jungle
zoomed 9 40 12 minecraft:jungle
zoomed 10 40 12 minecraft:jungle
zoomed 11 40 12 minecraft:jungle
zoomed 12 40 12 minecraft:jungle
zoomed 13 40 12 minecraft:jungle
zoomed 14 40 12 minecraft:jungle
zoomed 15 40 12 minecraft:jungle
zoomed 0 40 13 minecraft:jungle
zoomed 1 40 13 minecraft:jungle
zoomed 2 40 13 minecraft:jungle
zoomed 3 40 13 minecraft:jungle
zoomed 4 40 13 minecraft:jungle
zoomed 5 40 13 minecraft:jungle
zoomed 6 40 13 minecraft:jungle
zoomed 7 40 13 minecraft:jungle
zoomed 8 40 13 minecraft:jungle
zoomed 9 40 13 minecraft:jungle
zoomed 10 40 13 minecraft:jungle
zoomed 11 40 13 minecraft:jungle
zoomed 12 40 13 minecraft:jungle
zoomed 13 40 13 minecraft:jungle
zoomed 14 40 13 minecraft:jungle
zoomed 15 40 13 minecraft:jungle
zoomed 0 40 14 minecraft:jungle
zoomed 1 40 14 minecraft:jungle
zoomed 2 40 14 minecraft:jungle
zoomed 3 40 14 minecraft:jungle
zoomed 4 40 14 minecraft:jungle
zoomed 5 40 14 minecraft:jungle
zoomed 6 40 14 minecraft:jungle
zoomed 7 40 14 minecraft:jungle
zoomed 8 40 14 minecraft:jungle
zoomed 9 40 14 minecraft:jungle
zoomed 10 40 14 minecraft:jungle
zoomed 11 40 14 minecraft:jungle
zoomed 12 40 14 minecraft:jungle
zoomed 13 40 14 minecraft:jungle
zoomed 14 40 14 minecraft:jungle
zoomed 15 40 14 minecraft:jungle
zoomed 0 40 15 minecraft:jungle
zoomed 1 40 15 minecraft:jungle
zoomed 2 40 15 minecraft:jungle
zoomed 3 40 15 minecraft:jungle
zoomed 4 40 15 minecraft:jungle
zoomed 5 40 15 minecraft:jungle
zoomed 6 40 15 minecraft:jungle
zoomed 7 40 15 minecraft:jungle
zoomed 8 40 15 minecraft:jungle
zoomed 9 40 15 minecraft:jungle
zoomed 10 40 15 minecraft:jungle
zoomed 11 40 15 minecraft:jungle
zoomed 12 40 15 minecraft:jungle
zoomed 13 40 15 minecraft:jungle
zoomed 14 40 15 minecraft:jungle
zoomed 15 40 15 minecraft:jungle
zoomed 0 55 0 minecraft:jungle
zoomed 1 55 0 minecraft:jungle
zoomed 2 55 0 minecraft:jungle
zoomed 3 55 0 minecraft:jungle
zoomed 4 55 0 minecraft:jungle
zoomed 5 55 0 minecraft:jungle
zoomed 6 55 0 minecraft:jungle
zoomed 7 55 0 minecraft:jungle
zoomed 8 55 0 minecraft:jungle
zoomed 9 55 0 minecraft:jungle
zoomed 10 55 0 minecraft:jungle
zoomed 11 55 0 minecraft:jungle
zoomed 12 55 0 minecraft:jungle
zoomed 13 55 0 minecraft:jungle
zoomed 14 55 0 minecraft:jungle
zoomed 15 55 0 minecraft:jungle
zoomed 0 55 1 minecraft:jungle
zoomed 1 55 1 minecraft:jungle
zoomed 2 55 1 minecraft:jungle
zoomed 3 55 1 minecraft:jungle
zoomed 4 55 1 minecraft:jungle
zoomed 5 55 1 minecraft:jungle
zoomed 6 55 1 minecraft:jungle
zoomed 7 55 1 minecraft:jungle
zoomed 8 55 1 minecraft:jungle
zoomed 9 55 1 minecraft:jungle
zoomed 10 55 1 minecraft:jungle
zoomed 11 55 1 minecraft:jungle
zoomed 12 55 1 minecraft:jungle
zoomed 13 55 1 minecraft:jungle
zoomed 14 55 1 minecraft:jungle
zoomed 15 55 1 minecraft:jungle
zoomed 0 55 2 minecraft:jungle
zoomed 1 55 2 minecraft:jungle
zoomed 2 55 2 minecraft:jungle
zoomed 3 55 2 minecraft:jungle
zoomed 4 55 2 minecraft:jungle
zoomed 5 55 2 minecraft:jungle
zoomed 6 55 2 minecraft:jungle
zoomed 7 55 2 minecraft:jungle
zoomed 8 55 2 minecraft:jungle
zoomed 9 55 2 minecraft:jungle
zoomed 10 55 2 minecraft:jungle
zoomed 11 55 2 minecraft:jungle
zoomed 12 55 2 minecraft:jungle
zoomed 13 55 2 minecraft:jungle
zoomed 14 55 2 minecraft:jungle
zoomed 15 55 2 minecraft:jungle
zoomed 0 55 3 minecraft:jungle
zoomed 1 55 3 minecraft:jungle
zoomed 2 55 3 minecraft:jungle
zoomed 3 55 3 minecraft:jungle
zoomed 4 55 3 minecraft:jungle
zoomed 5 55 3 minecraft:jungle
zoomed 6 55 3 minecraft:jungle
zoomed 7 55 3 minecraft:jungle
zoomed 8 55 3 minecraft:jungle
zoomed 9 55 3 minecraft:jungle
zoomed 10 55 3 minecraft:jungle
zoomed 11 55 3 minecraft:jungle
zoomed 12 55 3 minecraft:jungle
zoomed 13 55 3 minecraft:jungle
zoomed 14 55 3 minecraft:jungle
zoomed 15 55 3 minecraft:jungle
zoomed 0 55 4 minecraft:jungle
zoomed 1 55 4 minecraft:jungle
zoomed 2 55 4 minecraft:jungle
zoomed 3 55 4 minecraft:jungle
zoomed 4 55 4 minecraft:jungle
zoomed 5 55 4 minecraft:jungle
zoomed 6 55 4 minecraft:jungle
zoomed 7 55 4 minecraft:jungle
zoomed 8 55 4 minecraft:jungle
zoomed 9 55 4 minecraft:jungle
zoomed 10 55 4 minecraft:jungle
zoomed 11 55 4 minecraft:jungle
zoomed 12 55 4 minecraft:jungle
zoomed 13 55 4 minecraft:jungle
zoomed 14 55 4 minecraft:jungle
zoomed 15 55 4 minecraft:jungle
zoomed 0 55 5 minecraft:jungle
zoomed 1 55 5 minecraft:jungle
zoomed 2 55 5 minecraft:jungle
zoomed 3 55 5 minecraft:jungle
zoomed 4 55 5 minecraft:jungle
zoomed 5 55 5 minecraft:jungle
zoomed 6 55 5 minecraft:jungle
zoomed 7 55 5 minecraft:jungle
zoomed 8 55 5 minecraft:jungle
zoomed 9 55 5 minecraft:jungle
zoomed 10 55 5 minecraft:jungle
zoomed 11 55 5 minecraft:jungle
zoomed 12 55 5 minecraft:jungle
zoomed 13 55 5 minecraft:jungle
zoomed 14 55 5 minecraft:jungle
zoomed 15 55 5 minecraft:jungle
zoomed 0 55 6 minecraft:jungle
zoomed 1 55 6 minecraft:jungle
zoomed 2 55 6 minecraft:jungle
zoomed 3 55 6 minecraft:jungle
zoomed 4 55 6 minecraft:jungle
zoomed 5 55 6 minecraft:jungle
zoomed 6 55 6 minecraft:jungle
zoomed 7 55 6 minecraft:jungle
zoomed 8 55 6 minecraft:jungle
zoomed 9 55 6 minecraft:jungle
zoomed 10 55 6 minecraft:jungle
zoomed 11 55 6 minecraft:jungle
zoomed 12 55 6 minecraft:jungle
zoomed 13 55 6 minecraft:jungle
zoomed 14 55 6 minecraft:jungle
zoomed 15 55 6 minecraft:jungle
zoomed 0 55 7 minecraft:jungle
zoomed 1 55 7 minecraft:jungle
zoomed 2 55 7 minecraft:jungle
zoomed 3 55 7 minecraft:jungle
zoomed 4 55 7 minecraft:jungle
zoomed 5 55 7 minecraft:jungle
zoomed 6 55 7 minecraft:jungle
zoomed 7 55 7 minecraft:jungle
zoomed 8 55 7 minecraft:jungle
zoomed 9 55 7 minecraft:jungle
zoomed 10 55 7 minecraft:jungle
zoomed 11 55 7 minecraft:jungle
zoomed 12 55 7 minecraft:jungle
zoomed 13 55 7 minecraft:jungle
zoomed 14 55 7 minecraft:jungle
zoomed 15 55 7 minecraft:jungle
zoomed 0 55 8 minecraft:jungle
zoomed 1 55 8 minecraft:jungle
zoomed 2 55 8 minecraft:jungle
zoomed 3 55 8 minecraft:jungle
zoomed 4 55 8 minecraft:jungle
zoomed 5 55 8 minecraft:jungle
zoomed 6 55 8 minecraft:jungle
zoomed 7 55 8 minecraft:jungle
zoomed 8 55 8 minecraft:jungle
zoomed 9 55 8 minecraft:jungle
zoomed 10 55 8 minecraft:jungle
zoomed 11 55 8 minecraft:jungle
zoomed 12 55 8 minecraft:jungle
zoomed 13 55 8 minecraft:jungle
zoomed 14 55 8 minecraft:jungle
zoomed 15 55 8 minecraft:jungle
zoomed 0 55 9 minecraft:jungle
zoomed 1 55 9 minecraft:jungle
zoomed 2 55 9 minecraft:jungle
zoomed 3 55 9 minecraft:jungle
zoomed 4 55 9 minecraft:jungle
zoomed 5 55 9 minecraft:jungle
zoomed 6 55 9 minecraft:jungle
zoomed 7 55 9 minecraft:jungle
zoomed 8 55 9 minecraft:jungle
zoomed 9 55 9 minecraft:jungle
zoomed 10 55 9 minecraft:jungle
zoomed 11 55 9 minecraft:jungle
zoomed 12 55 9 minecraft:jungle
zoomed 13 55 9 minecraft:jungle
zoomed 14 55 9 minecraft:jungle
zoomed 15 55 9 minecraft:jungle
zoomed 0 55 10 minecraft:jungle
zoomed 1 55 10 minecraft:jungle
zoomed 2 55 10 minecraft:jungle
zoomed 3 55 10 minecraft:jungle
zoomed 4 55 10 minecraft:jungle
zoomed 5 55 10 minecraft:jungle
zoomed 6 55 10 minecraft:jungle
zoomed 7 55 10 minecraft:jungle
zoomed 8 55 10 minecraft:jungle
zoomed 9 55 10 minecraft:jungle
zoomed 10 55 10 minecraft:jungle
zoomed 11 55 10 minecraft:jungle
zoomed 12 55 10 minecraft:jungle
zoomed 13 55 10 minecraft:jungle
zoomed 14 55 10 minecraft:jungle
zoomed 15 55 10 minecraft:jungle
zoomed 0 55 11 minecraft:jungle
zoomed 1 55 11 minecraft:jungle
zoomed 2 55 11 minecraft:jungle
zoomed 3 55 11 minecraft:jungle
zoomed 4 55 11 minecraft:jungle
zoomed 5 55 11 minecraft:jungle
zoomed 6 55 11 minecraft:jungle
zoomed 7 55 11 minecraft:jungle
zoomed 8 55 11 minecraft:jungle
zoomed 9 55 11 minecraft:jungle
zoomed 10 55 11 minecraft:jungle
zoomed 11 55 11 minecraft:jungle
zoomed 12 55 11 minecraft:jungle
zoomed 13 55 11 minecraft:jungle
zoomed 14 55 11 minecraft:jungle
zoomed 15 55 11 minecraft:jungle
zoomed 0 55 12 minecraft:jungle
zoomed 1 55 12 minecraft:jungle
zoomed 2 55 12 minecraft:jungle
zoomed 3 55 12 minecraft:jungle
zoomed 4 55 12 minecraft:jungle
zoomed 5 55 12 minecraft:jungle
zoomed 6 55 12 minecraft:jungle
zoomed 7 55 12 minecraft:jungle
zoomed 8 55 12 minecraft:jungle
zoomed 9 55 12 minecraft:jungle
zoomed 10 55 12 minecraft:jungle
zoomed 11 55 12 minecraft:jungle
zoomed 12 55 12 minecraft:jungle
zoomed 13 55 12 minecraft:jungle
zoomed 14 55 12 minecraft:jungle
zoomed 15 55 12 minecraft:jungle
zoomed 0 55 13 minecraft:jungle
zoomed 1 55 13 minecraft:jungle
zoomed 2 55 13 minecraft:jungle
zoomed 3 55 13 minecraft:jungle
zoomed 4 55 13 minecraft:jungle
zoomed 5 55 13 minecraft:jungle
zoomed 6 55 13 minecraft:jungle
zoomed 7 55 13 minecraft:jungle
zoomed 8 55 13 minecraft:jungle
zoomed 9 55 13 minecraft:jungle
zoomed 10 55 13 minecraft:jungle
zoomed 11 55 13 minecraft:jungle
zoomed 12 55 13 minecraft:jungle
zoomed 13 55 13 minecraft:jungle
zoomed 14 55 13 minecraft:jungle
zoomed 15 55 13 minecraft:jungle
zoomed 0 55 14 minecraft:jungle
zoomed 1 55 14 minecraft:jungle
zoomed 2 55 14 minecraft:jungle
zoomed 3 55 14 minecraft:jungle
zoomed 4 55 14 minecraft:jungle
zoomed 5 55 14 minecraft:jungle
zoomed 6 55 14 minecraft:jungle
zoomed 7 55 14 minecraft:jungle
zoomed 8 55 14 minecraft:jungle
zoomed 9 55 14 minecraft:jungle
zoomed 10 55 14 minecraft:jungle
zoomed 11 55 14 minecraft:jungle
zoomed 12 55 14 minecraft:jungle
zoomed 13 55 14 minecraft:jungle
zoomed 14 55 14 minecraft:jungle
zoomed 15 55 14 minecraft:jungle
zoomed 0 55 15 minecraft:jungle
zoomed 1 55 15 minecraft:jungle
zoomed 2 55 15 minecraft:jungle
zoomed 3 55 15 minecraft:jungle
zoomed 4 55 15 minecraft:jungle
zoomed 5 55 15 minecraft:jungle
zoomed 6 55 15 minecraft:jungle
zoomed 7 55 15 minecraft:jungle
zoomed 8 55 15 minecraft:jungle
zoomed 9 55 15 minecraft:jungle
zoomed 10 55 15 minecraft:jungle
zoomed 11 55 15 minecraft:jungle
zoomed 12 55 15 minecraft:jungle
zoomed 13 55 15 minecraft:jungle
zoomed 14 55 15 minecraft:jungle
zoomed 15 55 15 minecraft:jungle
zoomed 0 60 0 minecraft:jungle
zoomed 1 60 0 minecraft:jungle
zoomed 2 60 0 minecraft:jungle
zoomed 3 60 0 minecraft:jungle
zoomed 4 60 0 minecraft:jungle
zoomed 5 60 0 minecraft:jungle
zoomed 6 60 0 minecraft:jungle
zoomed 7 60 0 minecraft:jungle
zoomed 8 60 0 minecraft:jungle
zoomed 9 60 0 minecraft:jungle
zoomed 10 60 0 minecraft:jungle
zoomed 11 60 0 minecraft:jungle
zoomed 12 60 0 minecraft:jungle
zoomed 13 60 0 minecraft:jungle
zoomed 14 60 0 minecraft:jungle
zoomed 15 60 0 minecraft:jungle
zoomed 0 60 1 minecraft:jungle
zoomed 1 60 1 minecraft:jungle
zoomed 2 60 1 minecraft:jungle
zoomed 3 60 1 minecraft:jungle
zoomed 4 60 1 minecraft:jungle
zoomed 5 60 1 minecraft:jungle
zoomed 6 60 1 minecraft:jungle
zoomed 7 60 1 minecraft:jungle
zoomed 8 60 1 minecraft:jungle
zoomed 9 60 1 minecraft:jungle
zoomed 10 60 1 minecraft:jungle
zoomed 11 60 1 minecraft:jungle
zoomed 12 60 1 minecraft:jungle
zoomed 13 60 1 minecraft:jungle
zoomed 14 60 1 minecraft:jungle
zoomed 15 60 1 minecraft:jungle
zoomed 0 60 2 minecraft:jungle
zoomed 1 60 2 minecraft:jungle
zoomed 2 60 2 minecraft:jungle
zoomed 3 60 2 minecraft:jungle
zoomed 4 60 2 minecraft:jungle
zoomed 5 60 2 minecraft:jungle
zoomed 6 60 2 minecraft:jungle
zoomed 7 60 2 minecraft:jungle
zoomed 8 60 2 minecraft:jungle
zoomed 9 60 2 minecraft:jungle
zoomed 10 60 2 minecraft:jungle
zoomed 11 60 2 minecraft:jungle
zoomed 12 60 2 minecraft:jungle
zoomed 13 60 2 minecraft:jungle
zoomed 14 60 2 minecraft:jungle
zoomed 15 60 2 minecraft:jungle
zoomed 0 60 3 minecraft:jungle
zoomed 1 60 3 minecraft:jungle
zoomed 2 60 3 minecraft:jungle
zoomed 3 60 3 minecraft:jungle
zoomed 4 60 3 minecraft:jungle
zoomed 5 60 3 minecraft:jungle
zoomed 6 60 3 minecraft:jungle
zoomed 7 60 3 minecraft:jungle
zoomed 8 60 3 minecraft:jungle
zoomed 9 60 3 minecraft:jungle
zoomed 10 60 3 minecraft:jungle
zoomed 11 60 3 minecraft:jungle
zoomed 12 60 3 minecraft:jungle
zoomed 13 60 3 minecraft:jungle
zoomed 14 60 3 minecraft:jungle
zoomed 15 60 3 minecraft:jungle
zoomed 0 60 4 minecraft:jungle
zoomed 1 60 4 minecraft:jungle
zoomed 2 60 4 minecraft:jungle
zoomed 3 60 4 minecraft:jungle
zoomed 4 60 4 minecraft:jungle
zoomed 5 60 4 minecraft:jungle
zoomed 6 60 4 minecraft:jungle
zoomed 7 60 4 minecraft:jungle
zoomed 8 60 4 minecraft:jungle
zoomed 9 60 4 minecraft:jungle
zoomed 10 60 4 minecraft:jungle
zoomed 11 60 4 minecraft:jungle
zoomed 12 60 4 minecraft:jungle
zoomed 13 60 4 minecraft:jungle
zoomed 14 60 4 minecraft:jungle
zoomed 15 60 4 minecraft:jungle
zoomed 0 60 5 minecraft:jungle
zoomed 1 60 5 minecraft:jungle
zoomed 2 60 5 minecraft:jungle
zoomed 3 60 5 minecraft:jungle
zoomed 4 60 5 minecraft:jungle
zoomed 5 60 5 minecraft:jungle
zoomed 6 60 5 minecraft:jungle
zoomed 7 60 5 minecraft:jungle
zoomed 8 60 5 minecraft:jungle
zoomed 9 60 5 minecraft:jungle
zoomed 10 60 5 minecraft:jungle
zoomed 11 60 5 minecraft:jungle
zoomed 12 60 5 minecraft:jungle
zoomed 13 60 5 minecraft:jungle
zoomed 14 60 5 minecraft:jungle
zoomed 15 60 5 minecraft:jungle
zoomed 0 60 6 minecraft:jungle
zoomed 1 60 6 minecraft:jungle
zoomed 2 60 6 minecraft:jungle
zoomed 3 60 6 minecraft:jungle
zoomed 4 60 6 minecraft:jungle
zoomed 5 60 6 minecraft:jungle
zoomed 6 60 6 minecraft:jungle
zoomed 7 60 6 minecraft:jungle
zoomed 8 60 6 minecraft:jungle
zoomed 9 60 6 minecraft:jungle
zoomed 10 60 6 minecraft:jungle
zoomed 11 60 6 minecraft:jungle
zoomed 12 60 6 minecraft:jungle
zoomed 13 60 6 minecraft:jungle
zoomed 14 60 6 minecraft:jungle
zoomed 15 60 6 minecraft:jungle
zoomed 0 60 7 minecraft:jungle
zoomed 1 60 7 minecraft:jungle
zoomed 2 60 7 minecraft:jungle
zoomed 3 60 7 minecraft:jungle
zoomed 4 60 7 minecraft:jungle
zoomed 5 60 7 minecraft:jungle
zoomed 6 60 7 minecraft:jungle
zoomed 7 60 7 minecraft:jungle
zoomed 8 60 7 minecraft:jungle
zoomed 9 60 7 minecraft:jungle
zoomed 10 60 7 minecraft:jungle
zoomed 11 60 7 minecraft:jungle
zoomed 12 60 7 minecraft:jungle
zoomed 13 60 7 minecraft:jungle
zoomed 14 60 7 minecraft:jungle
zoomed 15 60 7 minecraft:jungle
zoomed 0 60 8 minecraft:jungle
zoomed 1 60 8 minecraft:jungle
zoomed 2 60 8 minecraft:jungle
zoomed 3 60 8 minecraft:jungle
zoomed 4 60 8 minecraft:jungle
zoomed 5 60 8 minecraft:jungle
zoomed 6 60 8 minecraft:jungle
zoomed 7 60 8 minecraft:jungle
zoomed 8 60 8 minecraft:jungle
zoomed 9 60 8 minecraft:jungle
zoomed 10 60 8 minecraft:jungle
zoomed 11 60 8 minecraft:jungle
zoomed 12 60 8 minecraft:jungle
zoomed 13 60 8 minecraft:jungle
zoomed 14 60 8 minecraft:jungle
zoomed 15 60 8 minecraft:jungle
zoomed 0 60 9 minecraft:jungle
zoomed 1 60 9 minecraft:jungle
zoomed 2 60 9 minecraft:jungle
zoomed 3 60 9 minecraft:jungle
zoomed 4 60 9 minecraft:jungle
zoomed 5 60 9 minecraft:jungle
zoomed 6 60 9 minecraft:jungle
zoomed 7 60 9 minecraft:jungle
zoomed 8 60 9 minecraft:jungle
zoomed 9 60 9 minecraft:jungle
zoomed 10 60 9 minecraft:jungle
zoomed 11 60 9 minecraft:jungle
zoomed 12 60 9 minecraft:jungle
zoomed 13 60 9 minecraft:jungle
zoomed 14 60 9 minecraft:jungle
zoomed 15 60 9 minecraft:jungle
zoomed 0 60 10 minecraft:jungle
zoomed 1 60 10 minecraft:jungle
zoomed 2 60 10 minecraft:jungle
zoomed 3 60 10 minecraft:jungle
zoomed 4 60 10 minecraft:jungle
zoomed 5 60 10 minecraft:jungle
zoomed 6 60 10 minecraft:jungle
zoomed 7 60 10 minecraft:jungle
zoomed 8 60 10 minecraft:jungle
zoomed 9 60 10 minecraft:jungle
zoomed 10 60 10 minecraft:jungle
zoomed 11 60 10 minecraft:jungle
zoomed 12 60 10 minecraft:jungle
zoomed 13 60 10 minecraft:jungle
zoomed 14 60 10 minecraft:jungle
zoomed 15 60 10 minecraft:jungle
zoomed 0 60 11 minecraft:jungle
zoomed 1 60 11 minecraft:jungle
zoomed 2 60 11 minecraft:jungle
zoomed 3 60 11 minecraft:jungle
zoomed 4 60 11 minecraft:jungle
zoomed 5 60 11 minecraft:jungle
zoomed 6 60 11 minecraft:jungle
zoomed 7 60 11 minecraft:jungle
zoomed 8 60 11 minecraft:jungle
zoomed 9 60 11 minecraft:jungle
zoomed 10 60 11 minecraft:jungle
zoomed 11 60 11 minecraft:jungle
zoomed 12 60 11 minecraft:jungle
zoomed 13 60 11 minecraft:jungle
zoomed 14 60 11 minecraft:jungle
zoomed 15 60 11 minecraft:jungle
zoomed 0 60 12 minecraft:jungle
zoomed 1 60 12 minecraft:jungle
zoomed 2 60 12 minecraft:jungle
zoomed 3 60 12 minecraft:jungle
zoomed 4 60 12 minecraft:jungle
zoomed 5 60 12 minecraft:jungle
zoomed 6 60 12 minecraft:jungle
zoomed 7 60 12 minecraft:jungle
zoomed 8 60 12 minecraft:jungle
zoomed 9 60 12 minecraft:jungle
zoomed 10 60 12 minecraft:jungle
zoomed 11 60 12 minecraft:jungle
zoomed 12 60 12 minecraft:jungle
zoomed 13 60 12 minecraft:jungle
zoomed 14 60 12 minecraft:jungle
zoomed 15 60 12 minecraft:jungle
zoomed 0 60 13 minecraft:jungle
zoomed 1 60 13 minecraft:jungle
zoomed 2 60 13 minecraft:jungle
zoomed 3 60 13 minecraft:jungle
zoomed 4 60 13 minecraft:jungle
zoomed 5 60 13 minecraft:jungle
zoomed 6 60 13 minecraft:jungle
zoomed 7 60 13 minecraft:jungle
zoomed 8 60 13 minecraft:jungle
zoomed 9 60 13 minecraft:jungle
zoomed 10 60 13 minecraft:jungle
zoomed 11 60 13 minecraft:jungle
zoomed 12 60 13 minecraft:jungle
zoomed 13 60 13 minecraft:jungle
zoomed 14 60 13 minecraft:jungle
zoomed 15 60 13 minecraft:jungle
zoomed 0 60 14 minecraft:jungle
zoomed 1 60 14 minecraft:jungle
zoomed 2 60 14 minecraft:jungle
zoomed 3 60 14 minecraft:jungle
zoomed 4 60 14 minecraft:jungle
zoomed 5 60 14 minecraft:jungle
zoomed 6 60 14 minecraft:jungle
zoomed 7 60 14 minecraft:jungle
zoomed 8 60 14 minecraft:jungle
zoomed 9 60 14 minecraft:jungle
zoomed 10 60 14 minecraft:jungle
zoomed 11 60 14 minecraft:jungle
zoomed 12 60 14 minecraft:jungle
zoomed 13 60 14 minecraft:jungle
zoomed 14 60 14 minecraft:jungle
zoomed 15 60 14 minecraft:jungle
zoomed 0 60 15 minecraft:jungle
zoomed 1 60 15 minecraft:jungle
zoomed 2 60 15 minecraft:jungle
zoomed 3 60 15 minecraft:jungle
zoomed 4 60 15 minecraft:jungle
zoomed 5 60 15 minecraft:jungle
zoomed 6 60 15 minecraft:jungle
zoomed 7 60 15 minecraft:jungle
zoomed 8 60 15 minecraft:jungle
zoomed 9 60 15 minecraft:jungle
zoomed 10 60 15 minecraft:jungle
zoomed 11 60 15 minecraft:jungle
zoomed 12 60 15 minecraft:jungle
zoomed 13 60 15 minecraft:jungle
zoomed 14 60 15 minecraft:jungle
zoomed 15 60 15 minecraft:jungle
zoomed 0 63 0 minecraft:jungle
zoomed 1 63 0 minecraft:jungle
zoomed 2 63 0 minecraft:jungle
zoomed 3 63 0 minecraft:jungle
zoomed 4 63 0 minecraft:jungle
zoomed 5 63 0 minecraft:jungle
zoomed 6 63 0 minecraft:jungle
zoomed 7 63 0 minecraft:jungle
zoomed 8 63 0 minecraft:jungle
zoomed 9 63 0 minecraft:jungle
zoomed 10 63 0 minecraft:jungle
zoomed 11 63 0 minecraft:jungle
zoomed 12 63 0 minecraft:jungle
zoomed 13 63 0 minecraft:jungle
zoomed 14 63 0 minecraft:jungle
zoomed 15 63 0 minecraft:jungle
zoomed 0 63 1 minecraft:jungle
zoomed 1 63 1 minecraft:jungle
zoomed 2 63 1 minecraft:jungle
zoomed 3 63 1 minecraft:jungle
zoomed 4 63 1 minecraft:jungle
zoomed 5 63 1 minecraft:jungle
zoomed 6 63 1 minecraft:jungle
zoomed 7 63 1 minecraft:jungle
zoomed 8 63 1 minecraft:jungle
zoomed 9 63 1 minecraft:jungle
zoomed 10 63 1 minecraft:jungle
zoomed 11 63 1 minecraft:jungle
zoomed 12 63 1 minecraft:jungle
zoomed 13 63 1 minecraft:jungle
zoomed 14 63 1 minecraft:jungle
zoomed 15 63 1 minecraft:jungle
zoomed 0 63 2 minecraft:jungle
zoomed 1 63 2 minecraft:jungle
zoomed 2 63 2 minecraft:jungle
zoomed 3 63 2 minecraft:jungle
zoomed 4 63 2 minecraft:jungle
zoomed 5 63 2 minecraft:jungle
zoomed 6 63 2 minecraft:jungle
zoomed 7 63 2 minecraft:jungle
zoomed 8 63 2 minecraft:jungle
zoomed 9 63 2 minecraft:jungle
zoomed 10 63 2 minecraft:jungle
zoomed 11 63 2 minecraft:jungle
zoomed 12 63 2 minecraft:jungle
zoomed 13 63 2 minecraft:jungle
zoomed 14 63 2 minecraft:jungle
zoomed 15 63 2 minecraft:jungle
zoomed 0 63 3 minecraft:jungle
zoomed 1 63 3 minecraft:jungle
zoomed 2 63 3 minecraft:jungle
zoomed 3 63 3 minecraft:jungle
zoomed 4 63 3 minecraft:jungle
zoomed 5 63 3 minecraft:jungle
zoomed 6 63 3 minecraft:jungle
zoomed 7 63 3 minecraft:jungle
zoomed 8 63 3 minecraft:jungle
zoomed 9 63 3 minecraft:jungle
zoomed 10 63 3 minecraft:jungle
zoomed 11 63 3 minecraft:jungle
zoomed 12 63 3 minecraft:jungle
zoomed 13 63 3 minecraft:jungle
zoomed 14 63 3 minecraft:jungle
zoomed 15 63 3 minecraft:jungle
zoomed 0 63 4 minecraft:jungle
zoomed 1 63 4 minecraft:jungle
zoomed 2 63 4 minecraft:jungle
zoomed 3 63 4 minecraft:jungle
zoomed 4 63 4 minecraft:jungle
zoomed 5 63 4 minecraft:jungle
zoomed 6 63 4 minecraft:jungle
zoomed 7 63 4 minecraft:jungle
zoomed 8 63 4 minecraft:jungle
zoomed 9 63 4 minecraft:jungle
zoomed 10 63 4 minecraft:jungle
zoomed 11 63 4 minecraft:jungle
zoomed 12 63 4 minecraft:jungle
zoomed 13 63 4 minecraft:jungle
zoomed 14 63 4 minecraft:jungle
zoomed 15 63 4 minecraft:jungle
zoomed 0 63 5 minecraft:jungle
zoomed 1 63 5 minecraft:jungle
zoomed 2 63 5 minecraft:jungle
zoomed 3 63 5 minecraft:jungle
zoomed 4 63 5 minecraft:jungle
zoomed 5 63 5 minecraft:jungle
zoomed 6 63 5 minecraft:jungle
zoomed 7 63 5 minecraft:jungle
zoomed 8 63 5 minecraft:jungle
zoomed 9 63 5 minecraft:jungle
zoomed 10 63 5 minecraft:jungle
zoomed 11 63 5 minecraft:jungle
zoomed 12 63 5 minecraft:jungle
zoomed 13 63 5 minecraft:jungle
zoomed 14 63 5 minecraft:jungle
zoomed 15 63 5 minecraft:jungle
zoomed 0 63 6 minecraft:jungle
zoomed 1 63 6 minecraft:jungle
zoomed 2 63 6 minecraft:jungle
zoomed 3 63 6 minecraft:jungle
zoomed 4 63 6 minecraft:jungle
zoomed 5 63 6 minecraft:jungle
zoomed 6 63 6 minecraft:jungle
zoomed 7 63 6 minecraft:jungle
zoomed 8 63 6 minecraft:jungle
zoomed 9 63 6 minecraft:jungle
zoomed 10 63 6 minecraft:jungle
zoomed 11 63 6 minecraft:jungle
zoomed 12 63 6 minecraft:jungle
zoomed 13 63 6 minecraft:jungle
zoomed 14 63 6 minecraft:jungle
zoomed 15 63 6 minecraft:jungle
zoomed 0 63 7 minecraft:jungle
zoomed 1 63 7 minecraft:jungle
zoomed 2 63 7 minecraft:jungle
zoomed 3 63 7 minecraft:jungle
zoomed 4 63 7 minecraft:jungle
zoomed 5 63 7 minecraft:jungle
zoomed 6 63 7 minecraft:jungle
zoomed 7 63 7 minecraft:jungle
zoomed 8 63 7 minecraft:jungle
zoomed 9 63 7 minecraft:jungle
zoomed 10 63 7 minecraft:jungle
zoomed 11 63 7 minecraft:jungle
zoomed 12 63 7 minecraft:jungle
zoomed 13 63 7 minecraft:jungle
zoomed 14 63 7 minecraft:jungle
zoomed 15 63 7 minecraft:jungle
zoomed 0 63 8 minecraft:jungle
zoomed 1 63 8 minecraft:jungle
zoomed 2 63 8 minecraft:jungle
zoomed 3 63 8 minecraft:jungle
zoomed 4 63 8 minecraft:jungle
zoomed 5 63 8 minecraft:jungle
zoomed 6 63 8 minecraft:jungle
zoomed 7 63 8 minecraft:jungle
zoomed 8 63 8 minecraft:jungle
zoomed 9 63 8 minecraft:jungle
zoomed 10 63 8 minecraft:jungle
zoomed 11 63 8 minecraft:jungle
zoomed 12 63 8 minecraft:jungle
zoomed 13 63 8 minecraft:jungle
zoomed 14 63 8 minecraft:jungle
zoomed 15 63 8 minecraft:jungle
zoomed 0 63 9 minecraft:jungle
zoomed 1 63 9 minecraft:jungle
zoomed 2 63 9 minecraft:jungle
zoomed 3 63 9 minecraft:jungle
zoomed 4 63 9 minecraft:jungle
zoomed 5 63 9 minecraft:jungle
zoomed 6 63 9 minecraft:jungle
zoomed 7 63 9 minecraft:jungle
zoomed 8 63 9 minecraft:jungle
zoomed 9 63 9 minecraft:jungle
zoomed 10 63 9 minecraft:jungle
zoomed 11 63 9 minecraft:jungle
zoomed 12 63 9 minecraft:jungle
zoomed 13 63 9 minecraft:jungle
zoomed 14 63 9 minecraft:jungle
zoomed 15 63 9 minecraft:jungle
zoomed 0 63 10 minecraft:jungle
zoomed 1 63 10 minecraft:jungle
zoomed 2 63 10 minecraft:jungle
zoomed 3 63 10 minecraft:jungle
zoomed 4 63 10 minecraft:jungle
zoomed 5 63 10 minecraft:jungle
zoomed 6 63 10 minecraft:jungle
zoomed 7 63 10 minecraft:jungle
zoomed 8 63 10 minecraft:jungle
zoomed 9 63 10 minecraft:jungle
zoomed 10 63 10 minecraft:jungle
zoomed 11 63 10 minecraft:jungle
zoomed 12 63 10 minecraft:jungle
zoomed 13 63 10 minecraft:jungle
zoomed 14 63 10 minecraft:jungle
zoomed 15 63 10 minecraft:jungle
zoomed 0 63 11 minecraft:jungle
zoomed 1 63 11 minecraft:jungle
zoomed 2 63 11 minecraft:jungle
zoomed 3 63 11 minecraft:jungle
zoomed 4 63 11 minecraft:jungle
zoomed 5 63 11 minecraft:jungle
zoomed 6 63 11 minecraft:jungle
zoomed 7 63 11 minecraft:jungle
zoomed 8 63 11 minecraft:jungle
zoomed 9 63 11 minecraft:jungle
zoomed 10 63 11 minecraft:jungle
zoomed 11 63 11 minecraft:jungle
zoomed 12 63 11 minecraft:jungle
zoomed 13 63 11 minecraft:jungle
zoomed 14 63 11 minecraft:jungle
zoomed 15 63 11 minecraft:jungle
zoomed 0 63 12 minecraft:jungle
zoomed 1 63 12 minecraft:jungle
zoomed 2 63 12 minecraft:jungle
zoomed 3 63 12 minecraft:jungle
zoomed 4 63 12 minecraft:jungle
zoomed 5 63 12 minecraft:jungle
zoomed 6 63 12 minecraft:jungle
zoomed 7 63 12 minecraft:jungle
zoomed 8 63 12 minecraft:jungle
zoomed 9 63 12 minecraft:jungle
zoomed 10 63 12 minecraft:jungle
zoomed 11 63 12 minecraft:jungle
zoomed 12 63 12 minecraft:jungle
zoomed 13 63 12 minecraft:jungle
zoomed 14 63 12 minecraft:jungle
zoomed 15 63 12 minecraft:jungle
zoomed 0 63 13 minecraft:jungle
zoomed 1 63 13 minecraft:jungle
zoomed 2 63 13 minecraft:jungle
zoomed 3 63 13 minecraft:jungle
zoomed 4 63 13 minecraft:jungle
zoomed 5 63 13 minecraft:jungle
zoomed 6 63 13 minecraft:jungle
zoomed 7 63 13 minecraft:jungle
zoomed 8 63 13 minecraft:jungle
zoomed 9 63 13 minecraft:jungle
zoomed 10 63 13 minecraft:jungle
zoomed 11 63 13 minecraft:jungle
zoomed 12 63 13 minecraft:jungle
zoomed 13 63 13 minecraft:jungle
zoomed 14 63 13 minecraft:jungle
zoomed 15 63 13 minecraft:jungle
zoomed 0 63 14 minecraft:jungle
zoomed 1 63 14 minecraft:jungle
zoomed 2 63 14 minecraft:jungle
zoomed 3 63 14 minecraft:jungle
zoomed 4 63 14 minecraft:jungle
zoomed 5 63 14 minecraft:jungle
zoomed 6 63 14 minecraft:jungle
zoomed 7 63 14 minecraft:jungle
zoomed 8 63 14 minecraft:jungle
zoomed 9 63 14 minecraft:jungle
zoomed 10 63 14 minecraft:jungle
zoomed 11 63 14 minecraft:jungle
zoomed 12 63 14 minecraft:jungle
zoomed 13 63 14 minecraft:jungle
zoomed 14 63 14 minecraft:jungle
zoomed 15 63 14 minecraft:jungle
zoomed 0 63 15 minecraft:jungle
zoomed 1 63 15 minecraft:jungle
zoomed 2 63 15 minecraft:jungle
zoomed 3 63 15 minecraft:jungle
zoomed 4 63 15 minecraft:jungle
zoomed 5 63 15 minecraft:jungle
zoomed 6 63 15 minecraft:jungle
zoomed 7 63 15 minecraft:jungle
zoomed 8 63 15 minecraft:jungle
zoomed 9 63 15 minecraft:jungle
zoomed 10 63 15 minecraft:jungle
zoomed 11 63 15 minecraft:jungle
zoomed 12 63 15 minecraft:jungle
zoomed 13 63 15 minecraft:jungle
zoomed 14 63 15 minecraft:jungle
zoomed 15 63 15 minecraft:jungle
zoomed 0 70 0 minecraft:jungle
zoomed 1 70 0 minecraft:jungle
zoomed 2 70 0 minecraft:jungle
zoomed 3 70 0 minecraft:jungle
zoomed 4 70 0 minecraft:jungle
zoomed 5 70 0 minecraft:jungle
zoomed 6 70 0 minecraft:jungle
zoomed 7 70 0 minecraft:jungle
zoomed 8 70 0 minecraft:jungle
zoomed 9 70 0 minecraft:jungle
zoomed 10 70 0 minecraft:jungle
zoomed 11 70 0 minecraft:jungle
zoomed 12 70 0 minecraft:jungle
zoomed 13 70 0 minecraft:jungle
zoomed 14 70 0 minecraft:jungle
zoomed 15 70 0 minecraft:jungle
zoomed 0 70 1 minecraft:jungle
zoomed 1 70 1 minecraft:jungle
zoomed 2 70 1 minecraft:jungle
zoomed 3 70 1 minecraft:jungle
zoomed 4 70 1 minecraft:jungle
zoomed 5 70 1 minecraft:jungle
zoomed 6 70 1 minecraft:jungle
zoomed 7 70 1 minecraft:jungle
zoomed 8 70 1 minecraft:jungle
zoomed 9 70 1 minecraft:jungle
zoomed 10 70 1 minecraft:jungle
zoomed 11 70 1 minecraft:jungle
zoomed 12 70 1 minecraft:jungle
zoomed 13 70 1 minecraft:jungle
zoomed 14 70 1 minecraft:jungle
zoomed 15 70 1 minecraft:jungle
zoomed 0 70 2 minecraft:jungle
zoomed 1 70 2 minecraft:jungle
zoomed 2 70 2 minecraft:jungle
zoomed 3 70 2 minecraft:jungle
zoomed 4 70 2 minecraft:jungle
zoomed 5 70 2 minecraft:jungle
zoomed 6 70 2 minecraft:jungle
zoomed 7 70 2 minecraft:jungle
zoomed 8 70 2 minecraft:jungle
zoomed 9 70 2 minecraft:jungle
zoomed 10 70 2 minecraft:jungle
zoomed 11 70 2 minecraft:jungle
zoomed 12 70 2 minecraft:jungle
zoomed 13 70 2 minecraft:jungle
zoomed 14 70 2 minecraft:jungle
zoomed 15 70 2 minecraft:jungle
zoomed 0 70 3 minecraft:jungle
zoomed 1 70 3 minecraft:jungle
zoomed 2 70 3 minecraft:jungle
zoomed 3 70 3 minecraft:jungle
zoomed 4 70 3 minecraft:jungle
zoomed 5 70 3 minecraft:jungle
zoomed 6 70 3 minecraft:jungle
zoomed 7 70 3 minecraft:jungle
zoomed 8 70 3 minecraft:jungle
zoomed 9 70 3 minecraft:jungle
zoomed 10 70 3 minecraft:jungle
zoomed 11 70 3 minecraft:jungle
zoomed 12 70 3 minecraft:jungle
zoomed 13 70 3 minecraft:jungle
zoomed 14 70 3 minecraft:jungle
zoomed 15 70 3 minecraft:jungle
zoomed 0 70 4 minecraft:jungle
zoomed 1 70 4 minecraft:jungle
zoomed 2 70 4 minecraft:jungle
zoomed 3 70 4 minecraft:jungle
zoomed 4 70 4 minecraft:jungle
zoomed 5 70 4 minecraft:jungle
zoomed 6 70 4 minecraft:jungle
zoomed 7 70 4 minecraft:jungle
zoomed 8 70 4 minecraft:jungle
zoomed 9 70 4 minecraft:jungle
zoomed 10 70 4 minecraft:jungle
zoomed 11 70 4 minecraft:jungle
zoomed 12 70 4 minecraft:jungle
zoomed 13 70 4 minecraft:jungle
zoomed 14 70 4 minecraft:jungle
zoomed 15 70 4 minecraft:jungle
zoomed 0 70 5 minecraft:jungle
zoomed 1 70 5 minecraft:jungle
zoomed 2 70 5 minecraft:jungle
zoomed 3 70 5 minecraft:jungle
zoomed 4 70 5 minecraft:jungle
zoomed 5 70 5 minecraft:jungle
zoomed 6 70 5 minecraft:jungle
zoomed 7 70 5 minecraft:jungle
zoomed 8 70 5 minecraft:jungle
zoomed 9 70 5 minecraft:jungle
zoomed 10 70 5 minecraft:jungle
zoomed 11 70 5 minecraft:jungle
zoomed 12 70 5 minecraft:jungle
zoomed 13 70 5 minecraft:jungle
zoomed 14 70 5 minecraft:jungle
zoomed 15 70 5 minecraft:jungle
zoomed 0 70 6 minecraft:jungle
zoomed 1 70 6 minecraft:jungle
zoomed 2 70 6 minecraft:jungle
zoomed 3 70 6 minecraft:jungle
zoomed 4 70 6 minecraft:jungle
zoomed 5 70 6 minecraft:jungle
zoomed 6 70 6 minecraft:jungle
zoomed 7 70 6 minecraft:jungle
zoomed 8 70 6 minecraft:jungle
zoomed 9 70 6 minecraft:jungle
zoomed 10 70 6 minecraft:jungle
zoomed 11 70 6 minecraft:jungle
zoomed 12 70 6 minecraft:jungle
zoomed 13 70 6 minecraft:jungle
zoomed 14 70 6 minecraft:jungle
zoomed 15 70 6 minecraft:jungle
zoomed 0 70 7 minecraft:jungle
zoomed 1 70 7 minecraft:jungle
zoomed 2 70 7 minecraft:jungle
zoomed 3 70 7 minecraft:jungle
zoomed 4 70 7 minecraft:jungle
zoomed 5 70 7 minecraft:jungle
zoomed 6 70 7 minecraft:jungle
zoomed 7 70 7 minecraft:jungle
zoomed 8 70 7 minecraft:jungle
zoomed 9 70 7 minecraft:jungle
zoomed 10 70 7 minecraft:jungle
zoomed 11 70 7 minecraft:jungle
zoomed 12 70 7 minecraft:jungle
zoomed 13 70 7 minecraft:jungle
zoomed 14 70 7 minecraft:jungle
zoomed 15 70 7 minecraft:jungle
zoomed 0 70 8 minecraft:jungle
zoomed 1 70 8 minecraft:jungle
zoomed 2 70 8 minecraft:jungle
zoomed 3 70 8 minecraft:jungle
zoomed 4 70 8 minecraft:jungle
zoomed 5 70 8 minecraft:jungle
zoomed 6 70 8 minecraft:jungle
zoomed 7 70 8 minecraft:jungle
zoomed 8 70 8 minecraft:jungle
zoomed 9 70 8 minecraft:jungle
zoomed 10 70 8 minecraft:jungle
zoomed 11 70 8 minecraft:jungle
zoomed 12 70 8 minecraft:jungle
zoomed 13 70 8 minecraft:jungle
zoomed 14 70 8 minecraft:jungle
zoomed 15 70 8 minecraft:jungle
zoomed 0 70 9 minecraft:jungle
zoomed 1 70 9 minecraft:jungle
zoomed 2 70 9 minecraft:jungle
zoomed 3 70 9 minecraft:jungle
zoomed 4 70 9 minecraft:jungle
zoomed 5 70 9 minecraft:jungle
zoomed 6 70 9 minecraft:jungle
zoomed 7 70 9 minecraft:jungle
zoomed 8 70 9 minecraft:jungle
zoomed 9 70 9 minecraft:jungle
zoomed 10 70 9 minecraft:jungle
zoomed 11 70 9 minecraft:jungle
zoomed 12 70 9 minecraft:jungle
zoomed 13 70 9 minecraft:jungle
zoomed 14 70 9 minecraft:jungle
zoomed 15 70 9 minecraft:jungle
zoomed 0 70 10 minecraft:jungle
zoomed 1 70 10 minecraft:jungle
zoomed 2 70 10 minecraft:jungle
zoomed 3 70 10 minecraft:jungle
zoomed 4 70 10 minecraft:jungle
zoomed 5 70 10 minecraft:jungle
zoomed 6 70 10 minecraft:jungle
zoomed 7 70 10 minecraft:jungle
zoomed 8 70 10 minecraft:jungle
zoomed 9 70 10 minecraft:jungle
zoomed 10 70 10 minecraft:jungle
zoomed 11 70 10 minecraft:jungle
zoomed 12 70 10 minecraft:jungle
zoomed 13 70 10 minecraft:jungle
zoomed 14 70 10 minecraft:jungle
zoomed 15 70 10 minecraft:jungle
zoomed 0 70 11 minecraft:jungle
zoomed 1 70 11 minecraft:jungle
zoomed 2 70 11 minecraft:jungle
zoomed 3 70 11 minecraft:jungle
zoomed 4 70 11 minecraft:jungle
zoomed 5 70 11 minecraft:jungle
zoomed 6 70 11 minecraft:jungle
zoomed 7 70 11 minecraft:jungle
zoomed 8 70 11 minecraft:jungle
zoomed 9 70 11 minecraft:jungle
zoomed 10 70 11 minecraft:jungle
zoomed 11 70 11 minecraft:jungle
zoomed 12 70 11 minecraft:jungle
zoomed 13 70 11 minecraft:jungle
zoomed 14 70 11 minecraft:jungle
zoomed 15 70 11 minecraft:jungle
zoomed 0 70 12 minecraft:jungle
zoomed 1 70 12 minecraft:jungle
zoomed 2 70 12 minecraft:jungle
zoomed 3 70 12 minecraft:jungle
zoomed 4 70 12 minecraft:jungle
zoomed 5 70 12 minecraft:jungle
zoomed 6 70 12 minecraft:jungle
zoomed 7 70 12 minecraft:jungle
zoomed 8 70 12 minecraft:jungle
zoomed 9 70 12 minecraft:jungle
zoomed 10 70 12 minecraft:jungle
zoomed 11 70 12 minecraft:jungle
zoomed 12 70 12 minecraft:jungle
zoomed 13 70 12 minecraft:jungle
zoomed 14 70 12 minecraft:jungle
zoomed 15 70 12 minecraft:jungle
zoomed 0 70 13 minecraft:jungle
zoomed 1 70 13 minecraft:jungle
zoomed 2 70 13 minecraft:jungle
zoomed 3 70 13 minecraft:jungle
zoomed 4 70 13 minecraft:jungle
zoomed 5 70 13 minecraft:jungle
zoomed 6 70 13 minecraft:jungle
zoomed 7 70 13 minecraft:jungle
zoomed 8 70 13 minecraft:jungle
zoomed 9 70 13 minecraft:jungle
zoomed 10 70 13 minecraft:jungle
zoomed 11 70 13 minecraft:jungle
zoomed 12 70 13 minecraft:jungle
zoomed 13 70 13 minecraft:jungle
zoomed 14 70 13 minecraft:jungle
zoomed 15 70 13 minecraft:jungle
zoomed 0 70 14 minecraft:jungle
zoomed 1 70 14 minecraft:jungle
zoomed 2 70 14 minecraft:jungle
zoomed 3 70 14 minecraft:jungle
zoomed 4 70 14 minecraft:jungle
zoomed 5 70 14 minecraft:jungle
zoomed 6 70 14 minecraft:jungle
zoomed 7 70 14 minecraft:jungle
zoomed 8 70 14 minecraft:jungle
zoomed 9 70 14 minecraft:jungle
zoomed 10 70 14 minecraft:jungle
zoomed 11 70 14 minecraft:jungle
zoomed 12 70 14 minecraft:jungle
zoomed 13 70 14 minecraft:jungle
zoomed 14 70 14 minecraft:jungle
zoomed 15 70 14 minecraft:jungle
zoomed 0 70 15 minecraft:jungle
zoomed 1 70 15 minecraft:jungle
zoomed 2 70 15 minecraft:jungle
zoomed 3 70 15 minecraft:jungle
zoomed 4 70 15 minecraft:jungle
zoomed 5 70 15 minecraft:jungle
zoomed 6 70 15 minecraft:jungle
zoomed 7 70 15 minecraft:jungle
zoomed 8 70 15 minecraft:jungle
zoomed 9 70 15 minecraft:jungle
zoomed 10 70 15 minecraft:jungle
zoomed 11 70 15 minecraft:jungle
zoomed 12 70 15 minecraft:jungle
zoomed 13 70 15 minecraft:jungle
zoomed 14 70 15 minecraft:jungle
zoomed 15 70 15 minecraft:jungle
zoomed 0 90 0 minecraft:jungle
zoomed 1 90 0 minecraft:jungle
zoomed 2 90 0 minecraft:jungle
zoomed 3 90 0 minecraft:jungle
zoomed 4 90 0 minecraft:jungle
zoomed 5 90 0 minecraft:jungle
zoomed 6 90 0 minecraft:jungle
zoomed 7 90 0 minecraft:jungle
zoomed 8 90 0 minecraft:jungle
zoomed 9 90 0 minecraft:jungle
zoomed 10 90 0 minecraft:jungle
zoomed 11 90 0 minecraft:jungle
zoomed 12 90 0 minecraft:jungle
zoomed 13 90 0 minecraft:jungle
zoomed 14 90 0 minecraft:jungle
zoomed 15 90 0 minecraft:jungle
zoomed 0 90 1 minecraft:jungle
zoomed 1 90 1 minecraft:jungle
zoomed 2 90 1 minecraft:jungle
zoomed 3 90 1 minecraft:jungle
zoomed 4 90 1 minecraft:jungle
zoomed 5 90 1 minecraft:jungle
zoomed 6 90 1 minecraft:jungle
zoomed 7 90 1 minecraft:jungle
zoomed 8 90 1 minecraft:jungle
zoomed 9 90 1 minecraft:jungle
zoomed 10 90 1 minecraft:jungle
zoomed 11 90 1 minecraft:jungle
zoomed 12 90 1 minecraft:jungle
zoomed 13 90 1 minecraft:jungle
zoomed 14 90 1 minecraft:jungle
zoomed 15 90 1 minecraft:jungle
zoomed 0 90 2 minecraft:jungle
zoomed 1 90 2 minecraft:jungle
zoomed 2 90 2 minecraft:jungle
zoomed 3 90 2 minecraft:jungle
zoomed 4 90 2 minecraft:jungle
zoomed 5 90 2 minecraft:jungle
zoomed 6 90 2 minecraft:jungle
zoomed 7 90 2 minecraft:jungle
zoomed 8 90 2 minecraft:jungle
zoomed 9 90 2 minecraft:jungle
zoomed 10 90 2 minecraft:jungle
zoomed 11 90 2 minecraft:jungle
zoomed 12 90 2 minecraft:jungle
zoomed 13 90 2 minecraft:jungle
zoomed 14 90 2 minecraft:jungle
zoomed 15 90 2 minecraft:jungle
zoomed 0 90 3 minecraft:jungle
zoomed 1 90 3 minecraft:jungle
zoomed 2 90 3 minecraft:jungle
zoomed 3 90 3 minecraft:jungle
zoomed 4 90 3 minecraft:jungle
zoomed 5 90 3 minecraft:jungle
zoomed 6 90 3 minecraft:jungle
zoomed 7 90 3 minecraft:jungle
zoomed 8 90 3 minecraft:jungle
zoomed 9 90 3 minecraft:jungle
zoomed 10 90 3 minecraft:jungle
zoomed 11 90 3 minecraft:jungle
zoomed 12 90 3 minecraft:jungle
zoomed 13 90 3 minecraft:jungle
zoomed 14 90 3 minecraft:jungle
zoomed 15 90 3 minecraft:jungle
zoomed 0 90 4 minecraft:jungle
zoomed 1 90 4 minecraft:jungle
zoomed 2 90 4 minecraft:jungle
zoomed 3 90 4 minecraft:jungle
zoomed 4 90 4 minecraft:jungle
zoomed 5 90 4 minecraft:jungle
zoomed 6 90 4 minecraft:jungle
zoomed 7 90 4 minecraft:jungle
zoomed 8 90 4 minecraft:jungle
zoomed 9 90 4 minecraft:jungle
zoomed 10 90 4 minecraft:jungle
zoomed 11 90 4 minecraft:jungle
zoomed 12 90 4 minecraft:jungle
zoomed 13 90 4 minecraft:jungle
zoomed 14 90 4 minecraft:jungle
zoomed 15 90 4 minecraft:jungle
zoomed 0 90 5 minecraft:jungle
zoomed 1 90 5 minecraft:jungle
zoomed 2 90 5 minecraft:jungle
zoomed 3 90 5 minecraft:jungle
zoomed 4 90 5 minecraft:jungle
zoomed 5 90 5 minecraft:jungle
zoomed 6 90 5 minecraft:jungle
zoomed 7 90 5 minecraft:jungle
zoomed 8 90 5 minecraft:jungle
zoomed 9 90 5 minecraft:jungle
zoomed 10 90 5 minecraft:jungle
zoomed 11 90 5 minecraft:jungle
zoomed 12 90 5 minecraft:jungle
zoomed 13 90 5 minecraft:jungle
zoomed 14 90 5 minecraft:jungle
zoomed 15 90 5 minecraft:jungle
zoomed 0 90 6 minecraft:jungle
zoomed 1 90 6 minecraft:jungle
zoomed 2 90 6 minecraft:jungle
zoomed 3 90 6 minecraft:jungle
zoomed 4 90 6 minecraft:jungle
zoomed 5 90 6 minecraft:jungle
zoomed 6 90 6 minecraft:jungle
zoomed 7 90 6 minecraft:jungle
zoomed 8 90 6 minecraft:jungle
zoomed 9 90 6 minecraft:jungle
zoomed 10 90 6 minecraft:jungle
zoomed 11 90 6 minecraft:jungle
zoomed 12 90 6 minecraft:jungle
zoomed 13 90 6 minecraft:jungle
zoomed 14 90 6 minecraft:jungle
zoomed 15 90 6 minecraft:jungle
zoomed 0 90 7 minecraft:jungle
zoomed 1 90 7 minecraft:jungle
zoomed 2 90 7 minecraft:jungle
zoomed 3 90 7 minecraft:jungle
zoomed 4 90 7 minecraft:jungle
zoomed 5 90 7 minecraft:jungle
zoomed 6 90 7 minecraft:jungle
zoomed 7 90 7 minecraft:jungle
zoomed 8 90 7 minecraft:jungle
zoomed 9 90 7 minecraft:jungle
zoomed 10 90 7 minecraft:jungle
zoomed 11 90 7 minecraft:jungle
zoomed 12 90 7 minecraft:jungle
zoomed 13 90 7 minecraft:jungle
zoomed 14 90 7 minecraft:jungle
zoomed 15 90 7 minecraft:jungle
zoomed 0 90 8 minecraft:jungle
zoomed 1 90 8 minecraft:jungle
zoomed 2 90 8 minecraft:jungle
zoomed 3 90 8 minecraft:jungle
zoomed 4 90 8 minecraft:jungle
zoomed 5 90 8 minecraft:jungle
zoomed 6 90 8 minecraft:jungle
zoomed 7 90 8 minecraft:jungle
zoomed 8 90 8 minecraft:jungle
zoomed 9 90 8 minecraft:jungle
zoomed 10 90 8 minecraft:jungle
zoomed 11 90 8 minecraft:jungle
zoomed 12 90 8 minecraft:jungle
zoomed 13 90 8 minecraft:jungle
zoomed 14 90 8 minecraft:jungle
zoomed 15 90 8 minecraft:jungle
zoomed 0 90 9 minecraft:jungle
zoomed 1 90 9 minecraft:jungle
zoomed 2 90 9 minecraft:jungle
zoomed 3 90 9 minecraft:jungle
zoomed 4 90 9 minecraft:jungle
zoomed 5 90 9 minecraft:jungle
zoomed 6 90 9 minecraft:jungle
zoomed 7 90 9 minecraft:jungle
zoomed 8 90 9 minecraft:jungle
zoomed 9 90 9 minecraft:jungle
zoomed 10 90 9 minecraft:jungle
zoomed 11 90 9 minecraft:jungle
zoomed 12 90 9 minecraft:jungle
zoomed 13 90 9 minecraft:jungle
zoomed 14 90 9 minecraft:jungle
zoomed 15 90 9 minecraft:jungle
zoomed 0 90 10 minecraft:jungle
zoomed 1 90 10 minecraft:jungle
zoomed 2 90 10 minecraft:jungle
zoomed 3 90 10 minecraft:jungle
zoomed 4 90 10 minecraft:jungle
zoomed 5 90 10 minecraft:jungle
zoomed 6 90 10 minecraft:jungle
zoomed 7 90 10 minecraft:jungle
zoomed 8 90 10 minecraft:jungle
zoomed 9 90 10 minecraft:jungle
zoomed 10 90 10 minecraft:jungle
zoomed 11 90 10 minecraft:jungle
zoomed 12 90 10 minecraft:jungle
zoomed 13 90 10 minecraft:jungle
zoomed 14 90 10 minecraft:jungle
zoomed 15 90 10 minecraft:jungle
zoomed 0 90 11 minecraft:jungle
zoomed 1 90 11 minecraft:jungle
zoomed 2 90 11 minecraft:jungle
zoomed 3 90 11 minecraft:jungle
zoomed 4 90 11 minecraft:jungle
zoomed 5 90 11 minecraft:jungle
zoomed 6 90 11 minecraft:jungle
zoomed 7 90 11 minecraft:jungle
zoomed 8 90 11 minecraft:jungle
zoomed 9 90 11 minecraft:jungle
zoomed 10 90 11 minecraft:jungle
zoomed 11 90 11 minecraft:jungle
zoomed 12 90 11 minecraft:jungle
zoomed 13 90 11 minecraft:jungle
zoomed 14 90 11 minecraft:jungle
zoomed 15 90 11 minecraft:jungle
zoomed 0 90 12 minecraft:jungle
zoomed 1 90 12 minecraft:jungle
zoomed 2 90 12 minecraft:jungle
zoomed 3 90 12 minecraft:jungle
zoomed 4 90 12 minecraft:jungle
zoomed 5 90 12 minecraft:jungle
zoomed 6 90 12 minecraft:jungle
zoomed 7 90 12 minecraft:jungle
zoomed 8 90 12 minecraft:jungle
zoomed 9 90 12 minecraft:jungle
zoomed 10 90 12 minecraft:jungle
zoomed 11 90 12 minecraft:jungle
zoomed 12 90 12 minecraft:jungle
zoomed 13 90 12 minecraft:jungle
zoomed 14 90 12 minecraft:jungle
zoomed 15 90 12 minecraft:jungle
zoomed 0 90 13 minecraft:jungle
zoomed 1 90 13 minecraft:jungle
zoomed 2 90 13 minecraft:jungle
zoomed 3 90 13 minecraft:jungle
zoomed 4 90 13 minecraft:jungle
zoomed 5 90 13 minecraft:jungle
zoomed 6 90 13 minecraft:jungle
zoomed 7 90 13 minecraft:jungle
zoomed 8 90 13 minecraft:jungle
zoomed 9 90 13 minecraft:jungle
zoomed 10 90 13 minecraft:jungle
zoomed 11 90 13 minecraft:jungle
zoomed 12 90 13 minecraft:jungle
zoomed 13 90 13 minecraft:jungle
zoomed 14 90 13 minecraft:jungle
zoomed 15 90 13 minecraft:jungle
zoomed 0 90 14 minecraft:jungle
zoomed 1 90 14 minecraft:jungle
zoomed 2 90 14 minecraft:jungle
zoomed 3 90 14 minecraft:jungle
zoomed 4 90 14 minecraft:jungle
zoomed 5 90 14 minecraft:jungle
zoomed 6 90 14 minecraft:jungle
zoomed 7 90 14 minecraft:jungle
zoomed 8 90 14 minecraft:jungle
zoomed 9 90 14 minecraft:jungle
zoomed 10 90 14 minecraft:jungle
zoomed 11 90 14 minecraft:jungle
zoomed 12 90 14 minecraft:jungle
zoomed 13 90 14 minecraft:jungle
zoomed 14 90 14 minecraft:jungle
zoomed 15 90 14 minecraft:jungle
zoomed 0 90 15 minecraft:jungle
zoomed 1 90 15 minecraft:jungle
zoomed 2 90 15 minecraft:jungle
zoomed 3 90 15 minecraft:jungle
zoomed 4 90 15 minecraft:jungle
zoomed 5 90 15 minecraft:jungle
zoomed 6 90 15 minecraft:jungle
zoomed 7 90 15 minecraft:jungle
zoomed 8 90 15 minecraft:jungle
zoomed 9 90 15 minecraft:jungle
zoomed 10 90 15 minecraft:jungle
zoomed 11 90 15 minecraft:jungle
zoomed 12 90 15 minecraft:jungle
zoomed 13 90 15 minecraft:jungle
zoomed 14 90 15 minecraft:jungle
zoomed 15 90 15 minecraft:jungle
zoomed 0 110 0 minecraft:jungle
zoomed 1 110 0 minecraft:jungle
zoomed 2 110 0 minecraft:jungle
zoomed 3 110 0 minecraft:jungle
zoomed 4 110 0 minecraft:jungle
zoomed 5 110 0 minecraft:jungle
zoomed 6 110 0 minecraft:jungle
zoomed 7 110 0 minecraft:jungle
zoomed 8 110 0 minecraft:jungle
zoomed 9 110 0 minecraft:jungle
zoomed 10 110 0 minecraft:jungle
zoomed 11 110 0 minecraft:jungle
zoomed 12 110 0 minecraft:jungle
zoomed 13 110 0 minecraft:jungle
zoomed 14 110 0 minecraft:jungle
zoomed 15 110 0 minecraft:jungle
zoomed 0 110 1 minecraft:jungle
zoomed 1 110 1 minecraft:jungle
zoomed 2 110 1 minecraft:jungle
zoomed 3 110 1 minecraft:jungle
zoomed 4 110 1 minecraft:jungle
zoomed 5 110 1 minecraft:jungle
zoomed 6 110 1 minecraft:jungle
zoomed 7 110 1 minecraft:jungle
zoomed 8 110 1 minecraft:jungle
zoomed 9 110 1 minecraft:jungle
zoomed 10 110 1 minecraft:jungle
zoomed 11 110 1 minecraft:jungle
zoomed 12 110 1 minecraft:jungle
zoomed 13 110 1 minecraft:jungle
zoomed 14 110 1 minecraft:jungle
zoomed 15 110 1 minecraft:jungle
zoomed 0 110 2 minecraft:jungle
zoomed 1 110 2 minecraft:jungle
zoomed 2 110 2 minecraft:jungle
zoomed 3 110 2 minecraft:jungle
zoomed 4 110 2 minecraft:jungle
zoomed 5 110 2 minecraft:jungle
zoomed 6 110 2 minecraft:jungle
zoomed 7 110 2 minecraft:jungle
zoomed 8 110 2 minecraft:jungle
zoomed 9 110 2 minecraft:jungle
zoomed 10 110 2 minecraft:jungle
zoomed 11 110 2 minecraft:jungle
zoomed 12 110 2 minecraft:jungle
zoomed 13 110 2 minecraft:jungle
zoomed 14 110 2 minecraft:jungle
zoomed 15 110 2 minecraft:jungle
zoomed 0 110 3 minecraft:jungle
zoomed 1 110 3 minecraft:jungle
zoomed 2 110 3 minecraft:jungle
zoomed 3 110 3 minecraft:jungle
zoomed 4 110 3 minecraft:jungle
zoomed 5 110 3 minecraft:jungle
zoomed 6 110 3 minecraft:jungle
zoomed 7 110 3 minecraft:jungle
zoomed 8 110 3 minecraft:jungle
zoomed 9 110 3 minecraft:jungle
zoomed 10 110 3 minecraft:jungle
zoomed 11 110 3 minecraft:jungle
zoomed 12 110 3 minecraft:jungle
zoomed 13 110 3 minecraft:jungle
zoomed 14 110 3 minecraft:jungle
zoomed 15 110 3 minecraft:jungle
zoomed 0 110 4 minecraft:jungle
zoomed 1 110 4 minecraft:jungle
zoomed 2 110 4 minecraft:jungle
zoomed 3 110 4 minecraft:jungle
zoomed 4 110 4 minecraft:jungle
zoomed 5 110 4 minecraft:jungle
zoomed 6 110 4 minecraft:jungle
zoomed 7 110 4 minecraft:jungle
zoomed 8 110 4 minecraft:jungle
zoomed 9 110 4 minecraft:jungle
zoomed 10 110 4 minecraft:jungle
zoomed 11 110 4 minecraft:jungle
zoomed 12 110 4 minecraft:jungle
zoomed 13 110 4 minecraft:jungle
zoomed 14 110 4 minecraft:jungle
zoomed 15 110 4 minecraft:jungle
zoomed 0 110 5 minecraft:jungle
zoomed 1 110 5 minecraft:jungle
zoomed 2 110 5 minecraft:jungle
zoomed 3 110 5 minecraft:jungle
zoomed 4 110 5 minecraft:jungle
zoomed 5 110 5 minecraft:jungle
zoomed 6 110 5 minecraft:jungle
zoomed 7 110 5 minecraft:jungle
zoomed 8 110 5 minecraft:jungle
zoomed 9 110 5 minecraft:jungle
zoomed 10 110 5 minecraft:jungle
zoomed 11 110 5 minecraft:jungle
zoomed 12 110 5 minecraft:jungle
zoomed 13 110 5 minecraft:jungle
zoomed 14 110 5 minecraft:jungle
zoomed 15 110 5 minecraft:jungle
zoomed 0 110 6 minecraft:jungle
zoomed 1 110 6 minecraft:jungle
zoomed 2 110 6 minecraft:jungle
zoomed 3 110 6 minecraft:jungle
zoomed 4 110 6 minecraft:jungle
zoomed 5 110 6 minecraft:jungle
zoomed 6 110 6 minecraft:jungle
zoomed 7 110 6 minecraft:jungle
zoomed 8 110 6 minecraft:jungle
zoomed 9 110 6 minecraft:jungle
zoomed 10 110 6 minecraft:jungle
zoomed 11 110 6 minecraft:jungle
zoomed 12 110 6 minecraft:jungle
zoomed 13 110 6 minecraft:jungle
zoomed 14 110 6 minecraft:jungle
zoomed 15 110 6 minecraft:jungle
zoomed 0 110 7 minecraft:jungle
zoomed 1 110 7 minecraft:jungle
zoomed 2 110 7 minecraft:jungle
zoomed 3 110 7 minecraft:jungle
zoomed 4 110 7 minecraft:jungle
zoomed 5 110 7 minecraft:jungle
zoomed 6 110 7 minecraft:jungle
zoomed 7 110 7 minecraft:jungle
zoomed 8 110 7 minecraft:jungle
zoomed 9 110 7 minecraft:jungle
zoomed 10 110 7 minecraft:jungle
zoomed 11 110 7 minecraft:jungle
zoomed 12 110 7 minecraft:jungle
zoomed 13 110 7 minecraft:jungle
zoomed 14 110 7 minecraft:jungle
zoomed 15 110 7 minecraft:jungle
zoomed 0 110 8 minecraft:jungle
zoomed 1 110 8 minecraft:jungle
zoomed 2 110 8 minecraft:jungle
zoomed 3 110 8 minecraft:jungle
zoomed 4 110 8 minecraft:jungle
zoomed 5 110 8 minecraft:jungle
zoomed 6 110 8 minecraft:jungle
zoomed 7 110 8 minecraft:jungle
zoomed 8 110 8 minecraft:jungle
zoomed 9 110 8 minecraft:jungle
zoomed 10 110 8 minecraft:jungle
zoomed 11 110 8 minecraft:jungle
zoomed 12 110 8 minecraft:jungle
zoomed 13 110 8 minecraft:jungle
zoomed 14 110 8 minecraft:jungle
zoomed 15 110 8 minecraft:jungle
zoomed 0 110 9 minecraft:jungle
zoomed 1 110 9 minecraft:jungle
zoomed 2 110 9 minecraft:jungle
zoomed 3 110 9 minecraft:jungle
zoomed 4 110 9 minecraft:jungle
zoomed 5 110 9 minecraft:jungle
zoomed 6 110 9 minecraft:jungle
zoomed 7 110 9 minecraft:jungle
zoomed 8 110 9 minecraft:jungle
zoomed 9 110 9 minecraft:jungle
zoomed 10 110 9 minecraft:jungle
zoomed 11 110 9 minecraft:jungle
zoomed 12 110 9 minecraft:jungle
zoomed 13 110 9 minecraft:jungle
zoomed 14 110 9 minecraft:jungle
zoomed 15 110 9 minecraft:jungle
zoomed 0 110 10 minecraft:jungle
zoomed 1 110 10 minecraft:jungle
zoomed 2 110 10 minecraft:jungle
zoomed 3 110 10 minecraft:jungle
zoomed 4 110 10 minecraft:jungle
zoomed 5 110 10 minecraft:jungle
zoomed 6 110 10 minecraft:jungle
zoomed 7 110 10 minecraft:jungle
zoomed 8 110 10 minecraft:jungle
zoomed 9 110 10 minecraft:jungle
zoomed 10 110 10 minecraft:jungle
zoomed 11 110 10 minecraft:jungle
zoomed 12 110 10 minecraft:jungle
zoomed 13 110 10 minecraft:jungle
zoomed 14 110 10 minecraft:jungle
zoomed 15 110 10 minecraft:jungle
zoomed 0 110 11 minecraft:jungle
zoomed 1 110 11 minecraft:jungle
zoomed 2 110 11 minecraft:jungle
zoomed 3 110 11 minecraft:jungle
zoomed 4 110 11 minecraft:jungle
zoomed 5 110 11 minecraft:jungle
zoomed 6 110 11 minecraft:jungle
zoomed 7 110 11 minecraft:jungle
zoomed 8 110 11 minecraft:jungle
zoomed 9 110 11 minecraft:jungle
zoomed 10 110 11 minecraft:jungle
zoomed 11 110 11 minecraft:jungle
zoomed 12 110 11 minecraft:jungle
zoomed 13 110 11 minecraft:jungle
zoomed 14 110 11 minecraft:jungle
zoomed 15 110 11 minecraft:jungle
zoomed 0 110 12 minecraft:jungle
zoomed 1 110 12 minecraft:jungle
zoomed 2 110 12 minecraft:jungle
zoomed 3 110 12 minecraft:jungle
zoomed 4 110 12 minecraft:jungle
zoomed 5 110 12 minecraft:jungle
zoomed 6 110 12 minecraft:jungle
zoomed 7 110 12 minecraft:jungle
zoomed 8 110 12 minecraft:jungle
zoomed 9 110 12 minecraft:jungle
zoomed 10 110 12 minecraft:jungle
zoomed 11 110 12 minecraft:jungle
zoomed 12 110 12 minecraft:jungle
zoomed 13 110 12 minecraft:jungle
zoomed 14 110 12 minecraft:jungle
zoomed 15 110 12 minecraft:jungle
zoomed 0 110 13 minecraft:jungle
zoomed 1 110 13 minecraft:jungle
zoomed 2 110 13 minecraft:jungle
zoomed 3 110 13 minecraft:jungle
zoomed 4 110 13 minecraft:jungle
zoomed 5 110 13 minecraft:jungle
zoomed 6 110 13 minecraft:jungle
zoomed 7 110 13 minecraft:jungle
zoomed 8 110 13 minecraft:jungle
zoomed 9 110 13 minecraft:jungle
zoomed 10 110 13 minecraft:jungle
zoomed 11 110 13 minecraft:jungle
zoomed 12 110 13 minecraft:jungle
zoomed 13 110 13 minecraft:jungle
zoomed 14 110 13 minecraft:jungle
zoomed 15 110 13 minecraft:jungle
zoomed 0 110 14 minecraft:jungle
zoomed 1 110 14 minecraft:jungle
zoomed 2 110 14 minecraft:jungle
zoomed 3 110 14 minecraft:jungle
zoomed 4 110 14 minecraft:jungle
zoomed 5 110 14 minecraft:jungle
zoomed 6 110 14 minecraft:jungle
zoomed 7 110 14 minecraft:jungle
zoomed 8 110 14 minecraft:jungle
zoomed 9 110 14 minecraft:jungle
zoomed 10 110 14 minecraft:jungle
zoomed 11 110 14 minecraft:jungle
zoomed 12 110 14 minecraft:jungle
zoomed 13 110 14 minecraft:jungle
zoomed 14 110 14 minecraft:jungle
zoomed 15 110 14 minecraft:jungle
zoomed 0 110 15 minecraft:jungle
zoomed 1 110 15 minecraft:jungle
zoomed 2 110 15 minecraft:jungle
zoomed 3 110 15 minecraft:jungle
zoomed 4 110 15 minecraft:jungle
zoomed 5 110 15 minecraft:jungle
zoomed 6 110 15 minecraft:jungle
zoomed 7 110 15 minecraft:jungle
zoomed 8 110 15 minecraft:jungle
zoomed 9 110 15 minecraft:jungle
zoomed 10 110 15 minecraft:jungle
zoomed 11 110 15 minecraft:jungle
zoomed 12 110 15 minecraft:jungle
zoomed 13 110 15 minecraft:jungle
zoomed 14 110 15 minecraft:jungle
zoomed 15 110 15 minecraft:jungle
zoomed 16 -64 0 minecraft:jungle
zoomed 17 -64 0 minecraft:jungle
zoomed 18 -64 0 minecraft:jungle
zoomed 19 -64 0 minecraft:jungle
zoomed 20 -64 0 minecraft:jungle
zoomed 21 -64 0 minecraft:jungle
zoomed 22 -64 0 minecraft:jungle
zoomed 23 -64 0 minecraft:jungle
zoomed 24 -64 0 minecraft:jungle
zoomed 25 -64 0 minecraft:jungle
zoomed 26 -64 0 minecraft:jungle
zoomed 27 -64 0 minecraft:jungle
zoomed 28 -64 0 minecraft:jungle
zoomed 29 -64 0 minecraft:jungle
zoomed 30 -64 0 minecraft:jungle
zoomed 31 -64 0 minecraft:jungle
zoomed 16 -64 1 minecraft:jungle
zoomed 17 -64 1 minecraft:jungle
zoomed 18 -64 1 minecraft:jungle
zoomed 19 -64 1 minecraft:jungle
zoomed 20 -64 1 minecraft:jungle
zoomed 21 -64 1 minecraft:jungle
zoomed 22 -64 1 minecraft:jungle
zoomed 23 -64 1 minecraft:jungle
zoomed 24 -64 1 minecraft:jungle
zoomed 25 -64 1 minecraft:jungle
zoomed 26 -64 1 minecraft:jungle
zoomed 27 -64 1 minecraft:jungle
zoomed 28 -64 1 minecraft:jungle
zoomed 29 -64 1 minecraft:jungle
zoomed 30 -64 1 minecraft:jungle
zoomed 31 -64 1 minecraft:jungle
zoomed 16 -64 2 minecraft:jungle
zoomed 17 -64 2 minecraft:jungle
zoomed 18 -64 2 minecraft:jungle
zoomed 19 -64 2 minecraft:jungle
zoomed 20 -64 2 minecraft:jungle
zoomed 21 -64 2 minecraft:jungle
zoomed 22 -64 2 minecraft:jungle
zoomed 23 -64 2 minecraft:jungle
zoomed 24 -64 2 minecraft:jungle
zoomed 25 -64 2 minecraft:jungle
zoomed 26 -64 2 minecraft:jungle
zoomed 27 -64 2 minecraft:jungle
zoomed 28 -64 2 minecraft:jungle
zoomed 29 -64 2 minecraft:jungle
zoomed 30 -64 2 minecraft:jungle
zoomed 31 -64 2 minecraft:jungle
zoomed 16 -64 3 minecraft:jungle
zoomed 17 -64 3 minecraft:jungle
zoomed 18 -64 3 minecraft:jungle
zoomed 19 -64 3 minecraft:jungle
zoomed 20 -64 3 minecraft:jungle
zoomed 21 -64 3 minecraft:jungle
zoomed 22 -64 3 minecraft:jungle
zoomed 23 -64 3 minecraft:jungle
zoomed 24 -64 3 minecraft:jungle
zoomed 25 -64 3 minecraft:jungle
zoomed 26 -64 3 minecraft:jungle
zoomed 27 -64 3 minecraft:jungle
zoomed 28 -64 3 minecraft:jungle
zoomed 29 -64 3 minecraft:jungle
zoomed 30 -64 3 minecraft:jungle
zoomed 31 -64 3 minecraft:jungle
zoomed 16 -64 4 minecraft:jungle
zoomed 17 -64 4 minecraft:jungle
zoomed 18 -64 4 minecraft:jungle
zoomed 19 -64 4 minecraft:jungle
zoomed 20 -64 4 minecraft:jungle
zoomed 21 -64 4 minecraft:jungle
zoomed 22 -64 4 minecraft:jungle
zoomed 23 -64 4 minecraft:jungle
zoomed 24 -64 4 minecraft:jungle
zoomed 25 -64 4 minecraft:jungle
zoomed 26 -64 4 minecraft:jungle
zoomed 27 -64 4 minecraft:jungle
zoomed 28 -64 4 minecraft:jungle
zoomed 29 -64 4 minecraft:jungle
zoomed 30 -64 4 minecraft:jungle
zoomed 31 -64 4 minecraft:jungle
zoomed 16 -64 5 minecraft:jungle
zoomed 17 -64 5 minecraft:jungle
zoomed 18 -64 5 minecraft:jungle
zoomed 19 -64 5 minecraft:jungle
zoomed 20 -64 5 minecraft:jungle
zoomed 21 -64 5 minecraft:jungle
zoomed 22 -64 5 minecraft:jungle
zoomed 23 -64 5 minecraft:jungle
zoomed 24 -64 5 minecraft:jungle
zoomed 25 -64 5 minecraft:jungle
zoomed 26 -64 5 minecraft:jungle
zoomed 27 -64 5 minecraft:jungle
zoomed 28 -64 5 minecraft:jungle
zoomed 29 -64 5 minecraft:jungle
zoomed 30 -64 5 minecraft:jungle
zoomed 31 -64 5 minecraft:jungle
zoomed 16 -64 6 minecraft:jungle
zoomed 17 -64 6 minecraft:jungle
zoomed 18 -64 6 minecraft:jungle
zoomed 19 -64 6 minecraft:jungle
zoomed 20 -64 6 minecraft:jungle
zoomed 21 -64 6 minecraft:jungle
zoomed 22 -64 6 minecraft:jungle
zoomed 23 -64 6 minecraft:jungle
zoomed 24 -64 6 minecraft:jungle
zoomed 25 -64 6 minecraft:jungle
zoomed 26 -64 6 minecraft:jungle
zoomed 27 -64 6 minecraft:jungle
zoomed 28 -64 6 minecraft:jungle
zoomed 29 -64 6 minecraft:jungle
zoomed 30 -64 6 minecraft:jungle
zoomed 31 -64 6 minecraft:jungle
zoomed 16 -64 7 minecraft:jungle
zoomed 17 -64 7 minecraft:jungle
zoomed 18 -64 7 minecraft:jungle
zoomed 19 -64 7 minecraft:jungle
zoomed 20 -64 7 minecraft:jungle
zoomed 21 -64 7 minecraft:jungle
zoomed 22 -64 7 minecraft:jungle
zoomed 23 -64 7 minecraft:jungle
zoomed 24 -64 7 minecraft:jungle
zoomed 25 -64 7 minecraft:jungle
zoomed 26 -64 7 minecraft:jungle
zoomed 27 -64 7 minecraft:jungle
zoomed 28 -64 7 minecraft:jungle
zoomed 29 -64 7 minecraft:jungle
zoomed 30 -64 7 minecraft:jungle
zoomed 31 -64 7 minecraft:jungle
zoomed 16 -64 8 minecraft:jungle
zoomed 17 -64 8 minecraft:jungle
zoomed 18 -64 8 minecraft:jungle
zoomed 19 -64 8 minecraft:jungle
zoomed 20 -64 8 minecraft:jungle
zoomed 21 -64 8 minecraft:jungle
zoomed 22 -64 8 minecraft:jungle
zoomed 23 -64 8 minecraft:jungle
zoomed 24 -64 8 minecraft:jungle
zoomed 25 -64 8 minecraft:jungle
zoomed 26 -64 8 minecraft:jungle
zoomed 27 -64 8 minecraft:jungle
zoomed 28 -64 8 minecraft:jungle
zoomed 29 -64 8 minecraft:jungle
zoomed 30 -64 8 minecraft:jungle
zoomed 31 -64 8 minecraft:jungle
zoomed 16 -64 9 minecraft:jungle
zoomed 17 -64 9 minecraft:jungle
zoomed 18 -64 9 minecraft:jungle
zoomed 19 -64 9 minecraft:jungle
zoomed 20 -64 9 minecraft:jungle
zoomed 21 -64 9 minecraft:jungle
zoomed 22 -64 9 minecraft:jungle
zoomed 23 -64 9 minecraft:jungle
zoomed 24 -64 9 minecraft:jungle
zoomed 25 -64 9 minecraft:jungle
zoomed 26 -64 9 minecraft:jungle
zoomed 27 -64 9 minecraft:jungle
zoomed 28 -64 9 minecraft:jungle
zoomed 29 -64 9 minecraft:jungle
zoomed 30 -64 9 minecraft:jungle
zoomed 31 -64 9 minecraft:jungle
zoomed 16 -64 10 minecraft:jungle
zoomed 17 -64 10 minecraft:jungle
zoomed 18 -64 10 minecraft:jungle
zoomed 19 -64 10 minecraft:jungle
zoomed 20 -64 10 minecraft:jungle
zoomed 21 -64 10 minecraft:jungle
zoomed 22 -64 10 minecraft:jungle
zoomed 23 -64 10 minecraft:jungle
zoomed 24 -64 10 minecraft:jungle
zoomed 25 -64 10 minecraft:jungle
zoomed 26 -64 10 minecraft:jungle
zoomed 27 -64 10 minecraft:jungle
zoomed 28 -64 10 minecraft:jungle
zoomed 29 -64 10 minecraft:jungle
zoomed 30 -64 10 minecraft:jungle
zoomed 31 -64 10 minecraft:jungle
zoomed 16 -64 11 minecraft:jungle
zoomed 17 -64 11 minecraft:jungle
zoomed 18 -64 11 minecraft:jungle
zoomed 19 -64 11 minecraft:jungle
zoomed 20 -64 11 minecraft:jungle
zoomed 21 -64 11 minecraft:jungle
zoomed 22 -64 11 minecraft:jungle
zoomed 23 -64 11 minecraft:jungle
zoomed 24 -64 11 minecraft:jungle
zoomed 25 -64 11 minecraft:jungle
zoomed 26 -64 11 minecraft:jungle
zoomed 27 -64 11 minecraft:jungle
zoomed 28 -64 11 minecraft:jungle
zoomed 29 -64 11 minecraft:jungle
zoomed 30 -64 11 minecraft:jungle
zoomed 31 -64 11 minecraft:jungle
zoomed 16 -64 12 minecraft:jungle
zoomed 17 -64 12 minecraft:jungle
zoomed 18 -64 12 minecraft:jungle
zoomed 19 -64 12 minecraft:jungle
zoomed 20 -64 12 minecraft:jungle
zoomed 21 -64 12 minecraft:jungle
zoomed 22 -64 12 minecraft:jungle
zoomed 23 -64 12 minecraft:jungle
zoomed 24 -64 12 minecraft:jungle
zoomed 25 -64 12 minecraft:jungle
zoomed 26 -64 12 minecraft:jungle
zoomed 27 -64 12 minecraft:jungle
zoomed 28 -64 12 minecraft:jungle
zoomed 29 -64 12 minecraft:jungle
zoomed 30 -64 12 minecraft:jungle
zoomed 31 -64 12 minecraft:jungle
zoomed 16 -64 13 minecraft:jungle
zoomed 17 -64 13 minecraft:jungle
zoomed 18 -64 13 minecraft:jungle
zoomed 19 -64 13 minecraft:jungle
zoomed 20 -64 13 minecraft:jungle
zoomed 21 -64 13 minecraft:jungle
zoomed 22 -64 13 minecraft:jungle
zoomed 23 -64 13 minecraft:jungle
zoomed 24 -64 13 minecraft:jungle
zoomed 25 -64 13 minecraft:jungle
zoomed 26 -64 13 minecraft:jungle
zoomed 27 -64 13 minecraft:jungle
zoomed 28 -64 13 minecraft:jungle
zoomed 29 -64 13 minecraft:jungle
zoomed 30 -64 13 minecraft:jungle
zoomed 31 -64 13 minecraft:jungle
zoomed 16 -64 14 minecraft:jungle
zoomed 17 -64 14 minecraft:jungle
zoomed 18 -64 14 minecraft:jungle
zoomed 19 -64 14 minecraft:jungle
zoomed 20 -64 14 minecraft:jungle
zoomed 21 -64 14 minecraft:jungle
zoomed 22 -64 14 minecraft:jungle
zoomed 23 -64 14 minecraft:jungle
zoomed 24 -64 14 minecraft:jungle
zoomed 25 -64 14 minecraft:jungle
zoomed 26 -64 14 minecraft:jungle
zoomed 27 -64 14 minecraft:jungle
zoomed 28 -64 14 minecraft:jungle
zoomed 29 -64 14 minecraft:jungle
zoomed 30 -64 14 minecraft:jungle
zoomed 31 -64 14 minecraft:jungle
zoomed 16 -64 15 minecraft:jungle
zoomed 17 -64 15 minecraft:jungle
zoomed 18 -64 15 minecraft:jungle
zoomed 19 -64 15 minecraft:jungle
zoomed 20 -64 15 minecraft:jungle
zoomed 21 -64 15 minecraft:jungle
zoomed 22 -64 15 minecraft:jungle
zoomed 23 -64 15 minecraft:jungle
zoomed 24 -64 15 minecraft:jungle
zoomed 25 -64 15 minecraft:jungle
zoomed 26 -64 15 minecraft:jungle
zoomed 27 -64 15 minecraft:jungle
zoomed 28 -64 15 minecraft:jungle
zoomed 29 -64 15 minecraft:jungle
zoomed 30 -64 15 minecraft:jungle
zoomed 31 -64 15 minecraft:jungle
zoomed 16 -60 0 minecraft:jungle
zoomed 17 -60 0 minecraft:jungle
zoomed 18 -60 0 minecraft:jungle
zoomed 19 -60 0 minecraft:jungle
zoomed 20 -60 0 minecraft:jungle
zoomed 21 -60 0 minecraft:jungle
zoomed 22 -60 0 minecraft:jungle
zoomed 23 -60 0 minecraft:jungle
zoomed 24 -60 0 minecraft:jungle
zoomed 25 -60 0 minecraft:jungle
zoomed 26 -60 0 minecraft:jungle
zoomed 27 -60 0 minecraft:jungle
zoomed 28 -60 0 minecraft:jungle
zoomed 29 -60 0 minecraft:jungle
zoomed 30 -60 0 minecraft:jungle
zoomed 31 -60 0 minecraft:jungle
zoomed 16 -60 1 minecraft:jungle
zoomed 17 -60 1 minecraft:jungle
zoomed 18 -60 1 minecraft:jungle
zoomed 19 -60 1 minecraft:jungle
zoomed 20 -60 1 minecraft:jungle
zoomed 21 -60 1 minecraft:jungle
zoomed 22 -60 1 minecraft:jungle
zoomed 23 -60 1 minecraft:jungle
zoomed 24 -60 1 minecraft:jungle
zoomed 25 -60 1 minecraft:jungle
zoomed 26 -60 1 minecraft:jungle
zoomed 27 -60 1 minecraft:jungle
zoomed 28 -60 1 minecraft:jungle
zoomed 29 -60 1 minecraft:jungle
zoomed 30 -60 1 minecraft:jungle
zoomed 31 -60 1 minecraft:jungle
zoomed 16 -60 2 minecraft:jungle
zoomed 17 -60 2 minecraft:jungle
zoomed 18 -60 2 minecraft:jungle
zoomed 19 -60 2 minecraft:jungle
zoomed 20 -60 2 minecraft:jungle
zoomed 21 -60 2 minecraft:jungle
zoomed 22 -60 2 minecraft:jungle
zoomed 23 -60 2 minecraft:jungle
zoomed 24 -60 2 minecraft:jungle
zoomed 25 -60 2 minecraft:jungle
zoomed 26 -60 2 minecraft:jungle
zoomed 27 -60 2 minecraft:jungle
zoomed 28 -60 2 minecraft:jungle
zoomed 29 -60 2 minecraft:jungle
zoomed 30 -60 2 minecraft:jungle
zoomed 31 -60 2 minecraft:jungle
zoomed 16 -60 3 minecraft:jungle
zoomed 17 -60 3 minecraft:jungle
zoomed 18 -60 3 minecraft:jungle
zoomed 19 -60 3 minecraft:jungle
zoomed 20 -60 3 minecraft:jungle
zoomed 21 -60 3 minecraft:jungle
zoomed 22 -60 3 minecraft:jungle
zoomed 23 -60 3 minecraft:jungle
zoomed 24 -60 3 minecraft:jungle
zoomed 25 -60 3 minecraft:jungle
zoomed 26 -60 3 minecraft:jungle
zoomed 27 -60 3 minecraft:jungle
zoomed 28 -60 3 minecraft:jungle
zoomed 29 -60 3 minecraft:jungle
zoomed 30 -60 3 minecraft:jungle
zoomed 31 -60 3 minecraft:jungle
zoomed 16 -60 4 minecraft:jungle
zoomed 17 -60 4 minecraft:jungle
zoomed 18 -60 4 minecraft:jungle
zoomed 19 -60 4 minecraft:jungle
zoomed 20 -60 4 minecraft:jungle
zoomed 21 -60 4 minecraft:jungle
zoomed 22 -60 4 minecraft:jungle
zoomed 23 -60 4 minecraft:jungle
zoomed 24 -60 4 minecraft:jungle
zoomed 25 -60 4 minecraft:jungle
zoomed 26 -60 4 minecraft:jungle
zoomed 27 -60 4 minecraft:jungle
zoomed 28 -60 4 minecraft:jungle
zoomed 29 -60 4 minecraft:jungle
zoomed 30 -60 4 minecraft:jungle
zoomed 31 -60 4 minecraft:jungle
zoomed 16 -60 5 minecraft:jungle
zoomed 17 -60 5 minecraft:jungle
zoomed 18 -60 5 minecraft:jungle
zoomed 19 -60 5 minecraft:jungle
zoomed 20 -60 5 minecraft:jungle
zoomed 21 -60 5 minecraft:jungle
zoomed 22 -60 5 minecraft:jungle
zoomed 23 -60 5 minecraft:jungle
zoomed 24 -60 5 minecraft:jungle
zoomed 25 -60 5 minecraft:jungle
zoomed 26 -60 5 minecraft:jungle
zoomed 27 -60 5 minecraft:jungle
zoomed 28 -60 5 minecraft:jungle
zoomed 29 -60 5 minecraft:jungle
zoomed 30 -60 5 minecraft:jungle
zoomed 31 -60 5 minecraft:jungle
zoomed 16 -60 6 minecraft:jungle
zoomed 17 -60 6 minecraft:jungle
zoomed 18 -60 6 minecraft:jungle
zoomed 19 -60 6 minecraft:jungle
zoomed 20 -60 6 minecraft:jungle
zoomed 21 -60 6 minecraft:jungle
zoomed 22 -60 6 minecraft:jungle
zoomed 23 -60 6 minecraft:jungle
zoomed 24 -60 6 minecraft:jungle
zoomed 25 -60 6 minecraft:jungle
zoomed 26 -60 6 minecraft:jungle
zoomed 27 -60 6 minecraft:jungle
zoomed 28 -60 6 minecraft:jungle
zoomed 29 -60 6 minecraft:jungle
zoomed 30 -60 6 minecraft:jungle
zoomed 31 -60 6 minecraft:jungle
zoomed 16 -60 7 minecraft:jungle
zoomed 17 -60 7 minecraft:jungle
zoomed 18 -60 7 minecraft:jungle
zoomed 19 -60 7 minecraft:jungle
zoomed 20 -60 7 minecraft:jungle
zoomed 21 -60 7 minecraft:jungle
zoomed 22 -60 7 minecraft:jungle
zoomed 23 -60 7 minecraft:jungle
zoomed 24 -60 7 minecraft:jungle
zoomed 25 -60 7 minecraft:jungle
zoomed 26 -60 7 minecraft:jungle
zoomed 27 -60 7 minecraft:jungle
zoomed 28 -60 7 minecraft:jungle
zoomed 29 -60 7 minecraft:jungle
zoomed 30 -60 7 minecraft:jungle
zoomed 31 -60 7 minecraft:jungle
zoomed 16 -60 8 minecraft:jungle
zoomed 17 -60 8 minecraft:jungle
zoomed 18 -60 8 minecraft:jungle
zoomed 19 -60 8 minecraft:jungle
zoomed 20 -60 8 minecraft:jungle
zoomed 21 -60 8 minecraft:jungle
zoomed 22 -60 8 minecraft:jungle
zoomed 23 -60 8 minecraft:jungle
zoomed 24 -60 8 minecraft:jungle
zoomed 25 -60 8 minecraft:jungle
zoomed 26 -60 8 minecraft:jungle
zoomed 27 -60 8 minecraft:jungle
zoomed 28 -60 8 minecraft:jungle
zoomed 29 -60 8 minecraft:jungle
zoomed 30 -60 8 minecraft:jungle
zoomed 31 -60 8 minecraft:jungle
zoomed 16 -60 9 minecraft:jungle
zoomed 17 -60 9 minecraft:jungle
zoomed 18 -60 9 minecraft:jungle
zoomed 19 -60 9 minecraft:jungle
zoomed 20 -60 9 minecraft:jungle
zoomed 21 -60 9 minecraft:jungle
zoomed 22 -60 9 minecraft:jungle
zoomed 23 -60 9 minecraft:jungle
zoomed 24 -60 9 minecraft:jungle
zoomed 25 -60 9 minecraft:jungle
zoomed 26 -60 9 minecraft:jungle
zoomed 27 -60 9 minecraft:jungle
zoomed 28 -60 9 minecraft:jungle
zoomed 29 -60 9 minecraft:jungle
zoomed 30 -60 9 minecraft:jungle
zoomed 31 -60 9 minecraft:jungle
zoomed 16 -60 10 minecraft:jungle
zoomed 17 -60 10 minecraft:jungle
zoomed 18 -60 10 minecraft:jungle
zoomed 19 -60 10 minecraft:jungle
zoomed 20 -60 10 minecraft:jungle
zoomed 21 -60 10 minecraft:jungle
zoomed 22 -60 10 minecraft:jungle
zoomed 23 -60 10 minecraft:jungle
zoomed 24 -60 10 minecraft:jungle
zoomed 25 -60 10 minecraft:jungle
zoomed 26 -60 10 minecraft:jungle
zoomed 27 -60 10 minecraft:jungle
zoomed 28 -60 10 minecraft:jungle
zoomed 29 -60 10 minecraft:jungle
zoomed 30 -60 10 minecraft:jungle
zoomed 31 -60 10 minecraft:jungle
zoomed 16 -60 11 minecraft:jungle
zoomed 17 -60 11 minecraft:jungle
zoomed 18 -60 11 minecraft:jungle
zoomed 19 -60 11 minecraft:jungle
zoomed 20 -60 11 minecraft:jungle
zoomed 21 -60 11 minecraft:jungle
zoomed 22 -60 11 minecraft:jungle
zoomed 23 -60 11 minecraft:jungle
zoomed 24 -60 11 minecraft:jungle
zoomed 25 -60 11 minecraft:jungle
zoomed 26 -60 11 minecraft:jungle
zoomed 27 -60 11 minecraft:jungle
zoomed 28 -60 11 minecraft:jungle
zoomed 29 -60 11 minecraft:jungle
zoomed 30 -60 11 minecraft:jungle
zoomed 31 -60 11 minecraft:jungle
zoomed 16 -60 12 minecraft:jungle
zoomed 17 -60 12 minecraft:jungle
zoomed 18 -60 12 minecraft:jungle
zoomed 19 -60 12 minecraft:jungle
zoomed 20 -60 12 minecraft:jungle
zoomed 21 -60 12 minecraft:jungle
zoomed 22 -60 12 minecraft:jungle
zoomed 23 -60 12 minecraft:jungle
zoomed 24 -60 12 minecraft:jungle
zoomed 25 -60 12 minecraft:jungle
zoomed 26 -60 12 minecraft:jungle
zoomed 27 -60 12 minecraft:jungle
zoomed 28 -60 12 minecraft:jungle
zoomed 29 -60 12 minecraft:jungle
zoomed 30 -60 12 minecraft:jungle
zoomed 31 -60 12 minecraft:jungle
zoomed 16 -60 13 minecraft:jungle
zoomed 17 -60 13 minecraft:jungle
zoomed 18 -60 13 minecraft:jungle
zoomed 19 -60 13 minecraft:jungle
zoomed 20 -60 13 minecraft:jungle
zoomed 21 -60 13 minecraft:jungle
zoomed 22 -60 13 minecraft:jungle
zoomed 23 -60 13 minecraft:jungle
zoomed 24 -60 13 minecraft:jungle
zoomed 25 -60 13 minecraft:jungle
zoomed 26 -60 13 minecraft:jungle
zoomed 27 -60 13 minecraft:jungle
zoomed 28 -60 13 minecraft:jungle
zoomed 29 -60 13 minecraft:jungle
zoomed 30 -60 13 minecraft:jungle
zoomed 31 -60 13 minecraft:jungle
zoomed 16 -60 14 minecraft:jungle
zoomed 17 -60 14 minecraft:jungle
zoomed 18 -60 14 minecraft:jungle
zoomed 19 -60 14 minecraft:jungle
zoomed 20 -60 14 minecraft:jungle
zoomed 21 -60 14 minecraft:jungle
zoomed 22 -60 14 minecraft:jungle
zoomed 23 -60 14 minecraft:jungle
zoomed 24 -60 14 minecraft:jungle
zoomed 25 -60 14 minecraft:jungle
zoomed 26 -60 14 minecraft:jungle
zoomed 27 -60 14 minecraft:jungle
zoomed 28 -60 14 minecraft:jungle
zoomed 29 -60 14 minecraft:jungle
zoomed 30 -60 14 minecraft:jungle
zoomed 31 -60 14 minecraft:jungle
zoomed 16 -60 15 minecraft:jungle
zoomed 17 -60 15 minecraft:jungle
zoomed 18 -60 15 minecraft:jungle
zoomed 19 -60 15 minecraft:jungle
zoomed 20 -60 15 minecraft:jungle
zoomed 21 -60 15 minecraft:jungle
zoomed 22 -60 15 minecraft:jungle
zoomed 23 -60 15 minecraft:jungle
zoomed 24 -60 15 minecraft:jungle
zoomed 25 -60 15 minecraft:jungle
zoomed 26 -60 15 minecraft:jungle
zoomed 27 -60 15 minecraft:jungle
zoomed 28 -60 15 minecraft:jungle
zoomed 29 -60 15 minecraft:jungle
zoomed 30 -60 15 minecraft:jungle
zoomed 31 -60 15 minecraft:jungle
zoomed 16 -30 0 minecraft:jungle
zoomed 17 -30 0 minecraft:jungle
zoomed 18 -30 0 minecraft:jungle
zoomed 19 -30 0 minecraft:jungle
zoomed 20 -30 0 minecraft:jungle
zoomed 21 -30 0 minecraft:jungle
zoomed 22 -30 0 minecraft:jungle
zoomed 23 -30 0 minecraft:jungle
zoomed 24 -30 0 minecraft:jungle
zoomed 25 -30 0 minecraft:jungle
zoomed 26 -30 0 minecraft:jungle
zoomed 27 -30 0 minecraft:jungle
zoomed 28 -30 0 minecraft:jungle
zoomed 29 -30 0 minecraft:jungle
zoomed 30 -30 0 minecraft:jungle
zoomed 31 -30 0 minecraft:jungle
zoomed 16 -30 1 minecraft:jungle
zoomed 17 -30 1 minecraft:jungle
zoomed 18 -30 1 minecraft:jungle
zoomed 19 -30 1 minecraft:jungle
zoomed 20 -30 1 minecraft:jungle
zoomed 21 -30 1 minecraft:jungle
zoomed 22 -30 1 minecraft:jungle
zoomed 23 -30 1 minecraft:jungle
zoomed 24 -30 1 minecraft:jungle
zoomed 25 -30 1 minecraft:jungle
zoomed 26 -30 1 minecraft:jungle
zoomed 27 -30 1 minecraft:jungle
zoomed 28 -30 1 minecraft:jungle
zoomed 29 -30 1 minecraft:jungle
zoomed 30 -30 1 minecraft:jungle
zoomed 31 -30 1 minecraft:jungle
zoomed 16 -30 2 minecraft:jungle
zoomed 17 -30 2 minecraft:jungle
zoomed 18 -30 2 minecraft:jungle
zoomed 19 -30 2 minecraft:jungle
zoomed 20 -30 2 minecraft:jungle
zoomed 21 -30 2 minecraft:jungle
zoomed 22 -30 2 minecraft:jungle
zoomed 23 -30 2 minecraft:jungle
zoomed 24 -30 2 minecraft:jungle
zoomed 25 -30 2 minecraft:jungle
zoomed 26 -30 2 minecraft:jungle
zoomed 27 -30 2 minecraft:jungle
zoomed 28 -30 2 minecraft:jungle
zoomed 29 -30 2 minecraft:jungle
zoomed 30 -30 2 minecraft:jungle
zoomed 31 -30 2 minecraft:jungle
zoomed 16 -30 3 minecraft:jungle
zoomed 17 -30 3 minecraft:jungle
zoomed 18 -30 3 minecraft:jungle
zoomed 19 -30 3 minecraft:jungle
zoomed 20 -30 3 minecraft:jungle
zoomed 21 -30 3 minecraft:jungle
zoomed 22 -30 3 minecraft:jungle
zoomed 23 -30 3 minecraft:jungle
zoomed 24 -30 3 minecraft:jungle
zoomed 25 -30 3 minecraft:jungle
zoomed 26 -30 3 minecraft:jungle
zoomed 27 -30 3 minecraft:jungle
zoomed 28 -30 3 minecraft:jungle
zoomed 29 -30 3 minecraft:jungle
zoomed 30 -30 3 minecraft:jungle
zoomed 31 -30 3 minecraft:jungle
zoomed 16 -30 4 minecraft:jungle
zoomed 17 -30 4 minecraft:jungle
zoomed 18 -30 4 minecraft:jungle
zoomed 19 -30 4 minecraft:jungle
zoomed 20 -30 4 minecraft:jungle
zoomed 21 -30 4 minecraft:jungle
zoomed 22 -30 4 minecraft:jungle
zoomed 23 -30 4 minecraft:jungle
zoomed 24 -30 4 minecraft:jungle
zoomed 25 -30 4 minecraft:jungle
zoomed 26 -30 4 minecraft:jungle
zoomed 27 -30 4 minecraft:jungle
zoomed 28 -30 4 minecraft:jungle
zoomed 29 -30 4 minecraft:jungle
zoomed 30 -30 4 minecraft:jungle
zoomed 31 -30 4 minecraft:jungle
zoomed 16 -30 5 minecraft:jungle
zoomed 17 -30 5 minecraft:jungle
zoomed 18 -30 5 minecraft:jungle
zoomed 19 -30 5 minecraft:jungle
zoomed 20 -30 5 minecraft:jungle
zoomed 21 -30 5 minecraft:jungle
zoomed 22 -30 5 minecraft:jungle
zoomed 23 -30 5 minecraft:jungle
zoomed 24 -30 5 minecraft:jungle
zoomed 25 -30 5 minecraft:jungle
zoomed 26 -30 5 minecraft:jungle
zoomed 27 -30 5 minecraft:jungle
zoomed 28 -30 5 minecraft:jungle
zoomed 29 -30 5 minecraft:jungle
zoomed 30 -30 5 minecraft:jungle
zoomed 31 -30 5 minecraft:jungle
zoomed 16 -30 6 minecraft:jungle
zoomed 17 -30 6 minecraft:jungle
zoomed 18 -30 6 minecraft:jungle
zoomed 19 -30 6 minecraft:jungle
zoomed 20 -30 6 minecraft:jungle
zoomed 21 -30 6 minecraft:jungle
zoomed 22 -30 6 minecraft:jungle
zoomed 23 -30 6 minecraft:jungle
zoomed 24 -30 6 minecraft:jungle
zoomed 25 -30 6 minecraft:jungle
zoomed 26 -30 6 minecraft:jungle
zoomed 27 -30 6 minecraft:jungle
zoomed 28 -30 6 minecraft:jungle
zoomed 29 -30 6 minecraft:jungle
zoomed 30 -30 6 minecraft:jungle
zoomed 31 -30 6 minecraft:jungle
zoomed 16 -30 7 minecraft:jungle
zoomed 17 -30 7 minecraft:jungle
zoomed 18 -30 7 minecraft:jungle
zoomed 19 -30 7 minecraft:jungle
zoomed 20 -30 7 minecraft:jungle
zoomed 21 -30 7 minecraft:jungle
zoomed 22 -30 7 minecraft:jungle
zoomed 23 -30 7 minecraft:jungle
zoomed 24 -30 7 minecraft:jungle
zoomed 25 -30 7 minecraft:jungle
zoomed 26 -30 7 minecraft:jungle
zoomed 27 -30 7 minecraft:jungle
zoomed 28 -30 7 minecraft:jungle
zoomed 29 -30 7 minecraft:jungle
zoomed 30 -30 7 minecraft:jungle
zoomed 31 -30 7 minecraft:jungle
zoomed 16 -30 8 minecraft:jungle
zoomed 17 -30 8 minecraft:jungle
zoomed 18 -30 8 minecraft:jungle
zoomed 19 -30 8 minecraft:jungle
zoomed 20 -30 8 minecraft:jungle
zoomed 21 -30 8 minecraft:jungle
zoomed 22 -30 8 minecraft:jungle
zoomed 23 -30 8 minecraft:jungle
zoomed 24 -30 8 minecraft:jungle
zoomed 25 -30 8 minecraft:jungle
zoomed 26 -30 8 minecraft:jungle
zoomed 27 -30 8 minecraft:jungle
zoomed 28 -30 8 minecraft:jungle
zoomed 29 -30 8 minecraft:jungle
zoomed 30 -30 8 minecraft:jungle
zoomed 31 -30 8 minecraft:jungle
zoomed 16 -30 9 minecraft:jungle
zoomed 17 -30 9 minecraft:jungle
zoomed 18 -30 9 minecraft:jungle
zoomed 19 -30 9 minecraft:jungle
zoomed 20 -30 9 minecraft:jungle
zoomed 21 -30 9 minecraft:jungle
zoomed 22 -30 9 minecraft:jungle
zoomed 23 -30 9 minecraft:jungle
zoomed 24 -30 9 minecraft:jungle
zoomed 25 -30 9 minecraft:jungle
zoomed 26 -30 9 minecraft:jungle
zoomed 27 -30 9 minecraft:jungle
zoomed 28 -30 9 minecraft:jungle
zoomed 29 -30 9 minecraft:jungle
zoomed 30 -30 9 minecraft:jungle
zoomed 31 -30 9 minecraft:jungle
zoomed 16 -30 10 minecraft:jungle
zoomed 17 -30 10 minecraft:jungle
zoomed 18 -30 10 minecraft:jungle
zoomed 19 -30 10 minecraft:jungle
zoomed 20 -30 10 minecraft:jungle
zoomed 21 -30 10 minecraft:jungle
zoomed 22 -30 10 minecraft:jungle
zoomed 23 -30 10 minecraft:jungle
zoomed 24 -30 10 minecraft:jungle
zoomed 25 -30 10 minecraft:jungle
zoomed 26 -30 10 minecraft:jungle
zoomed 27 -30 10 minecraft:jungle
zoomed 28 -30 10 minecraft:jungle
zoomed 29 -30 10 minecraft:jungle
zoomed 30 -30 10 minecraft:jungle
zoomed 31 -30 10 minecraft:jungle
zoomed 16 -30 11 minecraft:jungle
zoomed 17 -30 11 minecraft:jungle
zoomed 18 -30 11 minecraft:jungle
zoomed 19 -30 11 minecraft:jungle
zoomed 20 -30 11 minecraft:jungle
zoomed 21 -30 11 minecraft:jungle
zoomed 22 -30 11 minecraft:jungle
zoomed 23 -30 11 minecraft:jungle
zoomed 24 -30 11 minecraft:jungle
zoomed 25 -30 11 minecraft:jungle
zoomed 26 -30 11 minecraft:jungle
zoomed 27 -30 11 minecraft:jungle
zoomed 28 -30 11 minecraft:jungle
zoomed 29 -30 11 minecraft:jungle
zoomed 30 -30 11 minecraft:jungle
zoomed 31 -30 11 minecraft:jungle
zoomed 16 -30 12 minecraft:jungle
zoomed 17 -30 12 minecraft:jungle
zoomed 18 -30 12 minecraft:jungle
zoomed 19 -30 12 minecraft:jungle
zoomed 20 -30 12 minecraft:jungle
zoomed 21 -30 12 minecraft:jungle
zoomed 22 -30 12 minecraft:jungle
zoomed 23 -30 12 minecraft:jungle
zoomed 24 -30 12 minecraft:jungle
zoomed 25 -30 12 minecraft:jungle
zoomed 26 -30 12 minecraft:jungle
zoomed 27 -30 12 minecraft:jungle
zoomed 28 -30 12 minecraft:jungle
zoomed 29 -30 12 minecraft:jungle
zoomed 30 -30 12 minecraft:jungle
zoomed 31 -30 12 minecraft:jungle
zoomed 16 -30 13 minecraft:jungle
zoomed 17 -30 13 minecraft:jungle
zoomed 18 -30 13 minecraft:jungle
zoomed 19 -30 13 minecraft:jungle
zoomed 20 -30 13 minecraft:jungle
zoomed 21 -30 13 minecraft:jungle
zoomed 22 -30 13 minecraft:jungle
zoomed 23 -30 13 minecraft:jungle
zoomed 24 -30 13 minecraft:jungle
zoomed 25 -30 13 minecraft:jungle
zoomed 26 -30 13 minecraft:jungle
zoomed 27 -30 13 minecraft:jungle
zoomed 28 -30 13 minecraft:jungle
zoomed 29 -30 13 minecraft:jungle
zoomed 30 -30 13 minecraft:jungle
zoomed 31 -30 13 minecraft:jungle
zoomed 16 -30 14 minecraft:jungle
zoomed 17 -30 14 minecraft:jungle
zoomed 18 -30 14 minecraft:jungle
zoomed 19 -30 14 minecraft:jungle
zoomed 20 -30 14 minecraft:jungle
zoomed 21 -30 14 minecraft:jungle
zoomed 22 -30 14 minecraft:jungle
zoomed 23 -30 14 minecraft:jungle
zoomed 24 -30 14 minecraft:jungle
zoomed 25 -30 14 minecraft:jungle
zoomed 26 -30 14 minecraft:jungle
zoomed 27 -30 14 minecraft:jungle
zoomed 28 -30 14 minecraft:jungle
zoomed 29 -30 14 minecraft:jungle
zoomed 30 -30 14 minecraft:jungle
zoomed 31 -30 14 minecraft:jungle
zoomed 16 -30 15 minecraft:jungle
zoomed 17 -30 15 minecraft:jungle
zoomed 18 -30 15 minecraft:jungle
zoomed 19 -30 15 minecraft:jungle
zoomed 20 -30 15 minecraft:jungle
zoomed 21 -30 15 minecraft:jungle
zoomed 22 -30 15 minecraft:jungle
zoomed 23 -30 15 minecraft:jungle
zoomed 24 -30 15 minecraft:jungle
zoomed 25 -30 15 minecraft:jungle
zoomed 26 -30 15 minecraft:jungle
zoomed 27 -30 15 minecraft:jungle
zoomed 28 -30 15 minecraft:jungle
zoomed 29 -30 15 minecraft:jungle
zoomed 30 -30 15 minecraft:jungle
zoomed 31 -30 15 minecraft:jungle
zoomed 16 0 0 minecraft:lush_caves
zoomed 17 0 0 minecraft:lush_caves
zoomed 18 0 0 minecraft:lush_caves
zoomed 19 0 0 minecraft:lush_caves
zoomed 20 0 0 minecraft:lush_caves
zoomed 21 0 0 minecraft:lush_caves
zoomed 22 0 0 minecraft:lush_caves
zoomed 23 0 0 minecraft:lush_caves
zoomed 24 0 0 minecraft:lush_caves
zoomed 25 0 0 minecraft:lush_caves
zoomed 26 0 0 minecraft:lush_caves
zoomed 27 0 0 minecraft:lush_caves
zoomed 28 0 0 minecraft:lush_caves
zoomed 29 0 0 minecraft:lush_caves
zoomed 30 0 0 minecraft:lush_caves
zoomed 31 0 0 minecraft:lush_caves
zoomed 16 0 1 minecraft:lush_caves
zoomed 17 0 1 minecraft:lush_caves
zoomed 18 0 1 minecraft:lush_caves
zoomed 19 0 1 minecraft:lush_caves
zoomed 20 0 1 minecraft:lush_caves
zoomed 21 0 1 minecraft:lush_caves
zoomed 22 0 1 minecraft:lush_caves
zoomed 23 0 1 minecraft:lush_caves
zoomed 24 0 1 minecraft:lush_caves
zoomed 25 0 1 minecraft:lush_caves
zoomed 26 0 1 minecraft:lush_caves
zoomed 27 0 1 minecraft:lush_caves
zoomed 28 0 1 minecraft:lush_caves
zoomed 29 0 1 minecraft:lush_caves
zoomed 30 0 1 minecraft:lush_caves
zoomed 31 0 1 minecraft:lush_caves
zoomed 16 0 2 minecraft:lush_caves
zoomed 17 0 2 minecraft:lush_caves
zoomed 18 0 2 minecraft:lush_caves
zoomed 19 0 2 minecraft:lush_caves
zoomed 20 0 2 minecraft:lush_caves
zoomed 21 0 2 minecraft:lush_caves
zoomed 22 0 2 minecraft:lush_caves
zoomed 23 0 2 minecraft:lush_caves
zoomed 24 0 2 minecraft:lush_caves
zoomed 25 0 2 minecraft:lush_caves
zoomed 26 0 2 minecraft:lush_caves
zoomed 27 0 2 minecraft:lush_caves
zoomed 28 0 2 minecraft:lush_caves
zoomed 29 0 2 minecraft:lush_caves
zoomed 30 0 2 minecraft:lush_caves
zoomed 31 0 2 minecraft:lush_caves
zoomed 16 0 3 minecraft:lush_caves
zoomed 17 0 3 minecraft:lush_caves
zoomed 18 0 3 minecraft:lush_caves
zoomed 19 0 3 minecraft:lush_caves
zoomed 20 0 3 minecraft:lush_caves
zoomed 21 0 3 minecraft:lush_caves
zoomed 22 0 3 minecraft:lush_caves
zoomed 23 0 3 minecraft:lush_caves
zoomed 24 0 3 minecraft:lush_caves
zoomed 25 0 3 minecraft:lush_caves
zoomed 26 0 3 minecraft:lush_caves
zoomed 27 0 3 minecraft:lush_caves
zoomed 28 0 3 minecraft:lush_caves
zoomed 29 0 3 minecraft:lush_caves
zoomed 30 0 3 minecraft:lush_caves
zoomed 31 0 3 minecraft:lush_caves
zoomed 16 0 4 minecraft:lush_caves
zoomed 17 0 4 minecraft:lush_caves
zoomed 18 0 4 minecraft:lush_caves
zoomed 19 0 4 minecraft:lush_caves
zoomed 20 0 4 minecraft:lush_caves
zoomed 21 0 4 minecraft:lush_caves
zoomed 22 0 4 minecraft:lush_caves
zoomed 23 0 4 minecraft:lush_caves
zoomed 24 0 4 minecraft:lush_caves
zoomed 25 0 4 minecraft:lush_caves
zoomed 26 0 4 minecraft:lush_caves
zoomed 27 0 4 minecraft:lush_caves
zoomed 28 0 4 minecraft:lush_caves
zoomed 29 0 4 minecraft:lush_caves
zoomed 30 0 4 minecraft:lush_caves
zoomed 31 0 4 minecraft:lush_caves
zoomed 16 0 5 minecraft:lush_caves
zoomed 17 0 5 minecraft:lush_caves
zoomed 18 0 5 minecraft:lush_caves
zoomed 19 0 5 minecraft:lush_caves
zoomed 20 0 5 minecraft:lush_caves
zoomed 21 0 5 minecraft:lush_caves
zoomed 22 0 5 minecraft:lush_caves
zoomed 23 0 5 minecraft:lush_caves
zoomed 24 0 5 minecraft:lush_caves
zoomed 25 0 5 minecraft:lush_caves
zoomed 26 0 5 minecraft:lush_caves
zoomed 27 0 5 minecraft:lush_caves
zoomed 28 0 5 minecraft:lush_caves
zoomed 29 0 5 minecraft:lush_caves
zoomed 30 0 5 minecraft:lush_caves
zoomed 31 0 5 minecraft:lush_caves
zoomed 16 0 6 minecraft:lush_caves
zoomed 17 0 6 minecraft:lush_caves
zoomed 18 0 6 minecraft:lush_caves
zoomed 19 0 6 minecraft:lush_caves
zoomed 20 0 6 minecraft:lush_caves
zoomed 21 0 6 minecraft:lush_caves
zoomed 22 0 6 minecraft:lush_caves
zoomed 23 0 6 minecraft:lush_caves
zoomed 24 0 6 minecraft:lush_caves
zoomed 25 0 6 minecraft:lush_caves
zoomed 26 0 6 minecraft:lush_caves
zoomed 27 0 6 minecraft:lush_caves
zoomed 28 0 6 minecraft:lush_caves
zoomed 29 0 6 minecraft:lush_caves
zoomed 30 0 6 minecraft:lush_caves
zoomed 31 0 6 minecraft:lush_caves
zoomed 16 0 7 minecraft:lush_caves
zoomed 17 0 7 minecraft:lush_caves
zoomed 18 0 7 minecraft:lush_caves
zoomed 19 0 7 minecraft:lush_caves
zoomed 20 0 7 minecraft:lush_caves
zoomed 21 0 7 minecraft:lush_caves
zoomed 22 0 7 minecraft:lush_caves
zoomed 23 0 7 minecraft:lush_caves
zoomed 24 0 7 minecraft:lush_caves
zoomed 25 0 7 minecraft:lush_caves
zoomed 26 0 7 minecraft:lush_caves
zoomed 27 0 7 minecraft:lush_caves
zoomed 28 0 7 minecraft:lush_caves
zoomed 29 0 7 minecraft:lush_caves
zoomed 30 0 7 minecraft:lush_caves
zoomed 31 0 7 minecraft:lush_caves
zoomed 16 0 8 minecraft:lush_caves
zoomed 17 0 8 minecraft:lush_caves
zoomed 18 0 8 minecraft:lush_caves
zoomed 19 0 8 minecraft:lush_caves
zoomed 20 0 8 minecraft:lush_caves
zoomed 21 0 8 minecraft:lush_caves
zoomed 22 0 8 minecraft:lush_caves
zoomed 23 0 8 minecraft:lush_caves
zoomed 24 0 8 minecraft:lush_caves
zoomed 25 0 8 minecraft:lush_caves
zoomed 26 0 8 minecraft:lush_caves
zoomed 27 0 8 minecraft:lush_caves
zoomed 28 0 8 minecraft:lush_caves
zoomed 29 0 8 minecraft:lush_caves
zoomed 30 0 8 minecraft:lush_caves
zoomed 31 0 8 minecraft:lush_caves
zoomed 16 0 9 minecraft:lush_caves
zoomed 17 0 9 minecraft:lush_caves
zoomed 18 0 9 minecraft:lush_caves
zoomed 19 0 9 minecraft:lush_caves
zoomed 20 0 9 minecraft:lush_caves
zoomed 21 0 9 minecraft:lush_caves
zoomed 22 0 9 minecraft:lush_caves
zoomed 23 0 9 minecraft:lush_caves
zoomed 24 0 9 minecraft:lush_caves
zoomed 25 0 9 minecraft:lush_caves
zoomed 26 0 9 minecraft:lush_caves
zoomed 27 0 9 minecraft:lush_caves
zoomed 28 0 9 minecraft:lush_caves
zoomed 29 0 9 minecraft:lush_caves
zoomed 30 0 9 minecraft:lush_caves
zoomed 31 0 9 minecraft:lush_caves
zoomed 16 0 10 minecraft:lush_caves
zoomed 17 0 10 minecraft:lush_caves
zoomed 18 0 10 minecraft:lush_caves
zoomed 19 0 10 minecraft:lush_caves
zoomed 20 0 10 minecraft:lush_caves
zoomed 21 0 10 minecraft:lush_caves
zoomed 22 0 10 minecraft:lush_caves
zoomed 23 0 10 minecraft:lush_caves
zoomed 24 0 10 minecraft:lush_caves
zoomed 25 0 10 minecraft:lush_caves
zoomed 26 0 10 minecraft:lush_caves
zoomed 27 0 10 minecraft:lush_caves
zoomed 28 0 10 minecraft:lush_caves
zoomed 29 0 10 minecraft:lush_caves
zoomed 30 0 10 minecraft:lush_caves
zoomed 31 0 10 minecraft:lush_caves
zoomed 16 0 11 minecraft:lush_caves
zoomed 17 0 11 minecraft:lush_caves
zoomed 18 0 11 minecraft:lush_caves
zoomed 19 0 11 minecraft:lush_caves
zoomed 20 0 11 minecraft:lush_caves
zoomed 21 0 11 minecraft:lush_caves
zoomed 22 0 11 minecraft:lush_caves
zoomed 23 0 11 minecraft:lush_caves
zoomed 24 0 11 minecraft:lush_caves
zoomed 25 0 11 minecraft:lush_caves
zoomed 26 0 11 minecraft:lush_caves
zoomed 27 0 11 minecraft:lush_caves
zoomed 28 0 11 minecraft:lush_caves
zoomed 29 0 11 minecraft:lush_caves
zoomed 30 0 11 minecraft:lush_caves
zoomed 31 0 11 minecraft:lush_caves
zoomed 16 0 12 minecraft:lush_caves
zoomed 17 0 12 minecraft:lush_caves
zoomed 18 0 12 minecraft:lush_caves
zoomed 19 0 12 minecraft:lush_caves
zoomed 20 0 12 minecraft:lush_caves
zoomed 21 0 12 minecraft:lush_caves
zoomed 22 0 12 minecraft:lush_caves
zoomed 23 0 12 minecraft:lush_caves
zoomed 24 0 12 minecraft:lush_caves
zoomed 25 0 12 minecraft:lush_caves
zoomed 26 0 12 minecraft:lush_caves
zoomed 27 0 12 minecraft:lush_caves
zoomed 28 0 12 minecraft:lush_caves
zoomed 29 0 12 minecraft:lush_caves
zoomed 30 0 12 minecraft:lush_caves
zoomed 31 0 12 minecraft:lush_caves
zoomed 16 0 13 minecraft:lush_caves
zoomed 17 0 13 minecraft:lush_caves
zoomed 18 0 13 minecraft:lush_caves
zoomed 19 0 13 minecraft:lush_caves
zoomed 20 0 13 minecraft:lush_caves
zoomed 21 0 13 minecraft:lush_caves
zoomed 22 0 13 minecraft:lush_caves
zoomed 23 0 13 minecraft:lush_caves
zoomed 24 0 13 minecraft:lush_caves
zoomed 25 0 13 minecraft:lush_caves
zoomed 26 0 13 minecraft:lush_caves
zoomed 27 0 13 minecraft:lush_caves
zoomed 28 0 13 minecraft:lush_caves
zoomed 29 0 13 minecraft:lush_caves
zoomed 30 0 13 minecraft:lush_caves
zoomed 31 0 13 minecraft:lush_caves
zoomed 16 0 14 minecraft:lush_caves
zoomed 17 0 14 minecraft:lush_caves
zoomed 18 0 14 minecraft:lush_caves
zoomed 19 0 14 minecraft:lush_caves
zoomed 20 0 14 minecraft:lush_caves
zoomed 21 0 14 minecraft:lush_caves
zoomed 22 0 14 minecraft:lush_caves
zoomed 23 0 14 minecraft:lush_caves
zoomed 24 0 14 minecraft:lush_caves
zoomed 25 0 14 minecraft:lush_caves
zoomed 26 0 14 minecraft:lush_caves
zoomed 27 0 14 minecraft:lush_caves
zoomed 28 0 14 minecraft:lush_caves
zoomed 29 0 14 minecraft:lush_caves
zoomed 30 0 14 minecraft:lush_caves
zoomed 31 0 14 minecraft:lush_caves
zoomed 16 0 15 minecraft:lush_caves
zoomed 17 0 15 minecraft:lush_caves
zoomed 18 0 15 minecraft:lush_caves
zoomed 19 0 15 minecraft:lush_caves
zoomed 20 0 15 minecraft:lush_caves
zoomed 21 0 15 minecraft:lush_caves
zoomed 22 0 15 minecraft:lush_caves
zoomed 23 0 15 minecraft:lush_caves
zoomed 24 0 15 minecraft:lush_caves
zoomed 25 0 15 minecraft:lush_caves
zoomed 26 0 15 minecraft:lush_caves
zoomed 27 0 15 minecraft:lush_caves
zoomed 28 0 15 minecraft:lush_caves
zoomed 29 0 15 minecraft:lush_caves
zoomed 30 0 15 minecraft:lush_caves
zoomed 31 0 15 minecraft:lush_caves
zoomed 16 20 0 minecraft:jungle
zoomed 17 20 0 minecraft:jungle
zoomed 18 20 0 minecraft:lush_caves
zoomed 19 20 0 minecraft:lush_caves
zoomed 20 20 0 minecraft:lush_caves
zoomed 21 20 0 minecraft:lush_caves
zoomed 22 20 0 minecraft:lush_caves
zoomed 23 20 0 minecraft:jungle
zoomed 24 20 0 minecraft:jungle
zoomed 25 20 0 minecraft:jungle
zoomed 26 20 0 minecraft:lush_caves
zoomed 27 20 0 minecraft:lush_caves
zoomed 28 20 0 minecraft:lush_caves
zoomed 29 20 0 minecraft:jungle
zoomed 30 20 0 minecraft:jungle
zoomed 31 20 0 minecraft:jungle
zoomed 16 20 1 minecraft:jungle
zoomed 17 20 1 minecraft:jungle
zoomed 18 20 1 minecraft:lush_caves
zoomed 19 20 1 minecraft:lush_caves
zoomed 20 20 1 minecraft:lush_caves
zoomed 21 20 1 minecraft:lush_caves
zoomed 22 20 1 minecraft:lush_caves
zoomed 23 20 1 minecraft:jungle
zoomed 24 20 1 minecraft:jungle
zoomed 25 20 1 minecraft:jungle
zoomed 26 20 1 minecraft:lush_caves
zoomed 27 20 1 minecraft:lush_caves
zoomed 28 20 1 minecraft:lush_caves
zoomed 29 20 1 minecraft:lush_caves
zoomed 30 20 1 minecraft:lush_caves
zoomed 31 20 1 minecraft:jungle
zoomed 16 20 2 minecraft:jungle
zoomed 17 20 2 minecraft:jungle
zoomed 18 20 2 minecraft:lush_caves
zoomed 19 20 2 minecraft:lush_caves
zoomed 20 20 2 minecraft:lush_caves
zoomed 21 20 2 minecraft:lush_caves
zoomed 22 20 2 minecraft:jungle
zoomed 23 20 2 minecraft:jungle
zoomed 24 20 2 minecraft:jungle
zoomed 25 20 2 minecraft:lush_caves
zoomed 26 20 2 minecraft:lush_caves
zoomed 27 20 2 minecraft:lush_caves
zoomed 28 20 2 minecraft:lush_caves
zoomed 29 20 2 minecraft:lush_caves
zoomed 30 20 2 minecraft:lush_caves
zoomed 31 20 2 minecraft:jungle
zoomed 16 20 3 minecraft:jungle
zoomed 17 20 3 minecraft:jungle
zoomed 18 20 3 minecraft:jungle
zoomed 19 20 3 minecraft:lush_caves
zoomed 20 20 3 minecraft:lush_caves
zoomed 21 20 3 minecraft:lush_caves
zoomed 22 20 3 minecraft:jungle
zoomed 23 20 3 minecraft:jungle
zoomed 24 20 3 minecraft:jungle
zoomed 25 20 3 minecraft:lush_caves
zoomed 26 20 3 minecraft:lush_caves
zoomed 27 20 3 minecraft:lush_caves
zoomed 28 20 3 minecraft:lush_caves
zoomed 29 20 3 minecraft:jungle
zoomed 30 20 3 minecraft:jungle
zoomed 31 20 3 minecraft:jungle
zoomed 16 20 4 minecraft:jungle
zoomed 17 20 4 minecraft:jungle
zoomed 18 20 4 minecraft:jungle
zoomed 19 20 4 minecraft:jungle
zoomed 20 20 4 minecraft:lush_caves
zoomed 21 20 4 minecraft:jungle
zoomed 22 20 4 minecraft:jungle
zoomed 23 20 4 minecraft:jungle
zoomed 24 20 4 minecraft:jungle
zoomed 25 20 4 minecraft:jungle
zoomed 26 20 4 minecraft:lush_caves
zoomed 27 20 4 minecraft:lush_caves
zoomed 28 20 4 minecraft:jungle
zoomed 29 20 4 minecraft:jungle
zoomed 30 20 4 minecraft:jungle
zoomed 31 20 4 minecraft:jungle
zoomed 16 20 5 minecraft:lush_caves
zoomed 17 20 5 minecraft:jungle
zoomed 18 20 5 minecraft:jungle
zoomed 19 20 5 minecraft:jungle
zoomed 20 20 5 minecraft:jungle
zoomed 21 20 5 minecraft:jungle
zoomed 22 20 5 minecraft:jungle
zoomed 23 20 5 minecraft:jungle
zoomed 24 20 5 minecraft:jungle
zoomed 25 20 5 minecraft:jungle
zoomed 26 20 5 minecraft:lush_caves
zoomed 27 20 5 minecraft:lush_caves
zoomed 28 20 5 minecraft:jungle
zoomed 29 20 5 minecraft:jungle
zoomed 30 20 5 minecraft:jungle
zoomed 31 20 5 minecraft:jungle
zoomed 16 20 6 minecraft:lush_caves
zoomed 17 20 6 minecraft:lush_caves
zoomed 18 20 6 minecraft:jungle
zoomed 19 20 6 minecraft:jungle
zoomed 20 20 6 minecraft:lush_caves
zoomed 21 20 6 minecraft:lush_caves
zoomed 22 20 6 minecraft:jungle
zoomed 23 20 6 minecraft:jungle
zoomed 24 20 6 minecraft:jungle
zoomed 25 20 6 minecraft:jungle
zoomed 26 20 6 minecraft:lush_caves
zoomed 27 20 6 minecraft:lush_caves
zoomed 28 20 6 minecraft:lush_caves
zoomed 29 20 6 minecraft:jungle
zoomed 30 20 6 minecraft:jungle
zoomed 31 20 6 minecraft:jungle
zoomed 16 20 7 minecraft:lush_caves
zoomed 17 20 7 minecraft:lush_caves
zoomed 18 20 7 minecraft:lush_caves
zoomed 19 20 7 minecraft:lush_caves
zoomed 20 20 7 minecraft:lush_caves
zoomed 21 20 7 minecraft:lush_caves
zoomed 22 20 7 minecraft:jungle
zoomed 23 20 7 minecraft:jungle
zoomed 24 20 7 minecraft:jungle
zoomed 25 20 7 minecraft:jungle
zoomed 26 20 7 minecraft:lush_caves
zoomed 27 20 7 minecraft:lush_caves
zoomed 28 20 7 minecraft:jungle
zoomed 29 20 7 minecraft:lush_caves
zoomed 30 20 7 minecraft:lush_caves
zoomed 31 20 7 minecraft:lush_caves
zoomed 16 20 8 minecraft:lush_caves
zoomed 17 20 8 minecraft:lush_caves
zoomed 18 20 8 minecraft:lush_caves
zoomed 19 20 8 minecraft:lush_caves
zoomed 20 20 8 minecraft:lush_caves
zoomed 21 20 8 minecraft:lush_caves
zoomed 22 20 8 minecraft:lush_caves
zoomed 23 20 8 minecraft:jungle
zoomed 24 20 8 minecraft:jungle
zoomed 25 20 8 minecraft:jungle
zoomed 26 20 8 minecraft:lush_caves
zoomed 27 20 8 minecraft:jungle
zoomed 28 20 8 minecraft:jungle
zoomed 29 20 8 minecraft:lush_caves
zoomed 30 20 8 minecraft:lush_caves
zoomed 31 20 8 minecraft:lush_caves
zoomed 16 20 9 minecraft:lush_caves
zoomed 17 20 9 minecraft:lush_caves
zoomed 18 20 9 minecraft:lush_caves
zoomed 19 20 9 minecraft:lush_caves
zoomed 20 20 9 minecraft:jungle
zoomed 21 20 9 minecraft:jungle
zoomed 22 20 9 minecraft:jungle
zoomed 23 20 9 minecraft:jungle
zoomed 24 20 9 minecraft:jungle
zoomed 25 20 9 minecraft:lush_caves
zoomed 26 20 9 minecraft:lush_caves
zoomed 27 20 9 minecraft:jungle
zoomed 28 20 9 minecraft:jungle
zoomed 29 20 9 minecraft:lush_caves
zoomed 30 20 9 minecraft:lush_caves
zoomed 31 20 9 minecraft:lush_caves
zoomed 16 20 10 minecraft:lush_caves
zoomed 17 20 10 minecraft:lush_caves
zoomed 18 20 10 minecraft:lush_caves
zoomed 19 20 10 minecraft:lush_caves
zoomed 20 20 10 minecraft:jungle
zoomed 21 20 10 minecraft:jungle
zoomed 22 20 10 minecraft:jungle
zoomed 23 20 10 minecraft:jungle
zoomed 24 20 10 minecraft:jungle
zoomed 25 20 10 minecraft:lush_caves
zoomed 26 20 10 minecraft:lush_caves
zoomed 27 20 10 minecraft:jungle
zoomed 28 20 10 minecraft:jungle
zoomed 29 20 10 minecraft:lush_caves
zoomed 30 20 10 minecraft:lush_caves
zoomed 31 20 10 minecraft:lush_caves
zoomed 16 20 11 minecraft:lush_caves
zoomed 17 20 11 minecraft:lush_caves
zoomed 18 20 11 minecraft:lush_caves
zoomed 19 20 11 minecraft:lush_caves
zoomed 20 20 11 minecraft:jungle
zoomed 21 20 11 minecraft:jungle
zoomed 22 20 11 minecraft:jungle
zoomed 23 20 11 minecraft:jungle
zoomed 24 20 11 minecraft:jungle
zoomed 25 20 11 minecraft:jungle
zoomed 26 20 11 minecraft:lush_caves
zoomed 27 20 11 minecraft:jungle
zoomed 28 20 11 minecraft:jungle
zoomed 29 20 11 minecraft:lush_caves
zoomed 30 20 11 minecraft:lush_caves
zoomed 31 20 11 minecraft:lush_caves
zoomed 16 20 12 minecraft:lush_caves
zoomed 17 20 12 minecraft:lush_caves
zoomed 18 20 12 minecraft:lush_caves
zoomed 19 20 12 minecraft:lush_caves
zoomed 20 20 12 minecraft:jungle
zoomed 21 20 12 minecraft:jungle
zoomed 22 20 12 minecraft:jungle
zoomed 23 20 12 minecraft:jungle
zoomed 24 20 12 minecraft:jungle
zoomed 25 20 12 minecraft:lush_caves
zoomed 26 20 12 minecraft:lush_caves
zoomed 27 20 12 minecraft:lush_caves
zoomed 28 20 12 minecraft:jungle
zoomed 29 20 12 minecraft:lush_caves
zoomed 30 20 12 minecraft:lush_caves
zoomed 31 20 12 minecraft:lush_caves
zoomed 16 20 13 minecraft:lush_caves
zoomed 17 20 13 minecraft:lush_caves
zoomed 18 20 13 minecraft:lush_caves
zoomed 19 20 13 minecraft:lush_caves
zoomed 20 20 13 minecraft:lush_caves
zoomed 21 20 13 minecraft:jungle
zoomed 22 20 13 minecraft:jungle
zoomed 23 20 13 minecraft:jungle
zoomed 24 20 13 minecraft:lush_caves
zoomed 25 20 13 minecraft:lush_caves
zoomed 26 20 13 minecraft:lush_caves
zoomed 27 20 13 minecraft:lush_caves
zoomed 28 20 13 minecraft:lush_caves
zoomed 29 20 13 minecraft:lush_caves
zoomed 30 20 13 minecraft:lush_caves
zoomed 31 20 13 minecraft:lush_caves
zoomed 16 20 14 minecraft:lush_caves
zoomed 17 20 14 minecraft:lush_caves
zoomed 18 20 14 minecraft:lush_caves
zoomed 19 20 14 minecraft:lush_caves
zoomed 20 20 14 minecraft:lush_caves
zoomed 21 20 14 minecraft:lush_caves
zoomed 22 20 14 minecraft:lush_caves
zoomed 23 20 14 minecraft:lush_caves
zoomed 24 20 14 minecraft:lush_caves
zoomed 25 20 14 minecraft:lush_caves
zoomed 26 20 14 minecraft:lush_caves
zoomed 27 20 14 minecraft:lush_caves
zoomed 28 20 14 minecraft:lush_caves
zoomed 29 20 14 minecraft:lush_caves
zoomed 30 20 14 minecraft:lush_caves
zoomed 31 20 14 minecraft:lush_caves
zoomed 16 20 15 minecraft:lush_caves
zoomed 17 20 15 minecraft:lush_caves
zoomed 18 20 15 minecraft:lush_caves
zoomed 19 20 15 minecraft:lush_caves
zoomed 20 20 15 minecraft:lush_caves
zoomed 21 20 15 minecraft:lush_caves
zoomed 22 20 15 minecraft:lush_caves
zoomed 23 20 15 minecraft:lush_caves
zoomed 24 20 15 minecraft:lush_caves
zoomed 25 20 15 minecraft:lush_caves
zoomed 26 20 15 minecraft:lush_caves
zoomed 27 20 15 minecraft:lush_caves
zoomed 28 20 15 minecraft:jungle
zoomed 29 20 15 minecraft:jungle
zoomed 30 20 15 minecraft:lush_caves
zoomed 31 20 15 minecraft:lush_caves
zoomed 16 40 0 minecraft:jungle
zoomed 17 40 0 minecraft:jungle
zoomed 18 40 0 minecraft:jungle
zoomed 19 40 0 minecraft:jungle
zoomed 20 40 0 minecraft:jungle
zoomed 21 40 0 minecraft:jungle
zoomed 22 40 0 minecraft:jungle
zoomed 23 40 0 minecraft:jungle
zoomed 24 40 0 minecraft:jungle
zoomed 25 40 0 minecraft:jungle
zoomed 26 40 0 minecraft:jungle
zoomed 27 40 0 minecraft:jungle
zoomed 28 40 0 minecraft:jungle
zoomed 29 40 0 minecraft:jungle
zoomed 30 40 0 minecraft:jungle
zoomed 31 40 0 minecraft:jungle
zoomed 16 40 1 minecraft:jungle
zoomed 17 40 1 minecraft:jungle
zoomed 18 40 1 minecraft:jungle
zoomed 19 40 1 minecraft:jungle
zoomed 20 40 1 minecraft:jungle
zoomed 21 40 1 minecraft:jungle
zoomed 22 40 1 minecraft:jungle
zoomed 23 40 1 minecraft:jungle
zoomed 24 40 1 minecraft:jungle
zoomed 25 40 1 minecraft:jungle
zoomed 26 40 1 minecraft:jungle
zoomed 27 40 1 minecraft:jungle
zoomed 28 40 1 minecraft:jungle
zoomed 29 40 1 minecraft:jungle
zoomed 30 40 1 minecraft:jungle
zoomed 31 40 1 minecraft:jungle
zoomed 16 40 2 minecraft:jungle
zoomed 17 40 2 minecraft:jungle
zoomed 18 40 2 minecraft:jungle
zoomed 19 40 2 minecraft:jungle
zoomed 20 40 2 minecraft:jungle
zoomed 21 40 2 minecraft:jungle
zoomed 22 40 2 minecraft:jungle
zoomed 23 40 2 minecraft:jungle
zoomed 24 40 2 minecraft:jungle
zoomed 25 40 2 minecraft:jungle
zoomed 26 40 2 minecraft:jungle
zoomed 27 40 2 minecraft:jungle
zoomed 28 40 2 minecraft:jungle
zoomed 29 40 2 minecraft:jungle
zoomed 30 40 2 minecraft:jungle
zoomed 31 40 2 minecraft:jungle
zoomed 16 40 3 minecraft:jungle
zoomed 17 40 3 minecraft:jungle
zoomed 18 40 3 minecraft:jungle
zoomed 19 40 3 minecraft:jungle
zoomed 20 40 3 minecraft:jungle
zoomed 21 40 3 minecraft:jungle
zoomed 22 40 3 minecraft:jungle
zoomed 23 40 3 minecraft:jungle
zoomed 24 40 3 minecraft:jungle
zoomed 25 40 3 minecraft:jungle
zoomed 26 40 3 minecraft:jungle
zoomed 27 40 3 minecraft:jungle
zoomed 28 40 3 minecraft:jungle
zoomed 29 40 3 minecraft:jungle
zoomed 30 40 3 minecraft:jungle
zoomed 31 40 3 minecraft:jungle
zoomed 16 40 4 minecraft:jungle
zoomed 17 40 4 minecraft:jungle
zoomed 18 40 4 minecraft:jungle
zoomed 19 40 4 minecraft:jungle
zoomed 20 40 4 minecraft:jungle
zoomed 21 40 4 minecraft:jungle
zoomed 22 40 4 minecraft:jungle
zoomed 23 40 4 minecraft:jungle
zoomed 24 40 4 minecraft:jungle
zoomed 25 40 4 minecraft:jungle
zoomed 26 40 4 minecraft:jungle
zoomed 27 40 4 minecraft:jungle
zoomed 28 40 4 minecraft:jungle
zoomed 29 40 4 minecraft:jungle
zoomed 30 40 4 minecraft:jungle
zoomed 31 40 4 minecraft:jungle
zoomed 16 40 5 minecraft:jungle
zoomed 17 40 5 minecraft:jungle
zoomed 18 40 5 minecraft:jungle
zoomed 19 40 5 minecraft:jungle
zoomed 20 40 5 minecraft:jungle
zoomed 21 40 5 minecraft:jungle
zoomed 22 40 5 minecraft:jungle
zoomed 23 40 5 minecraft:jungle
zoomed 24 40 5 minecraft:jungle
zoomed 25 40 5 minecraft:jungle
zoomed 26 40 5 minecraft:jungle
zoomed 27 40 5 minecraft:jungle
zoomed 28 40 5 minecraft:jungle
zoomed 29 40 5 minecraft:jungle
zoomed 30 40 5 minecraft:jungle
zoomed 31 40 5 minecraft:jungle
zoomed 16 40 6 minecraft:jungle
zoomed 17 40 6 minecraft:jungle
zoomed 18 40 6 minecraft:jungle
zoomed 19 40 6 minecraft:jungle
zoomed 20 40 6 minecraft:jungle
zoomed 21 40 6 minecraft:jungle
zoomed 22 40 6 minecraft:jungle
zoomed 23 40 6 minecraft:jungle
zoomed 24 40 6 minecraft:jungle
zoomed 25 40 6 minecraft:jungle
zoomed 26 40 6 minecraft:jungle
zoomed 27 40 6 minecraft:jungle
zoomed 28 40 6 minecraft:jungle
zoomed 29 40 6 minecraft:jungle
zoomed 30 40 6 minecraft:jungle
zoomed 31 40 6 minecraft:jungle
zoomed 16 40 7 minecraft:jungle
zoomed 17 40 7 minecraft:jungle
zoomed 18 40 7 minecraft:jungle
zoomed 19 40 7 minecraft:jungle
zoomed 20 40 7 minecraft:jungle
zoomed 21 40 7 minecraft:jungle
zoomed 22 40 7 minecraft:jungle
zoomed 23 40 7 minecraft:jungle
zoomed 24 40 7 minecraft:jungle
zoomed 25 40 7 minecraft:jungle
zoomed 26 40 7 minecraft:jungle
zoomed 27 40 7 minecraft:jungle
zoomed 28 40 7 minecraft:jungle
zoomed 29 40 7 minecraft:jungle
zoomed 30 40 7 minecraft:jungle
zoomed 31 40 7 minecraft:jungle
zoomed 16 40 8 minecraft:jungle
zoomed 17 40 8 minecraft:jungle
zoomed 18 40 8 minecraft:jungle
zoomed 19 40 8 minecraft:jungle
zoomed 20 40 8 minecraft:jungle
zoomed 21 40 8 minecraft:jungle
zoomed 22 40 8 minecraft:jungle
zoomed 23 40 8 minecraft:jungle
zoomed 24 40 8 minecraft:jungle
zoomed 25 40 8 minecraft:jungle
zoomed 26 40 8 minecraft:jungle
zoomed 27 40 8 minecraft:jungle
zoomed 28 40 8 minecraft:jungle
zoomed 29 40 8 minecraft:jungle
zoomed 30 40 8 minecraft:jungle
zoomed 31 40 8 minecraft:jungle
zoomed 16 40 9 minecraft:jungle
zoomed 17 40 9 minecraft:jungle
zoomed 18 40 9 minecraft:jungle
zoomed 19 40 9 minecraft:jungle
zoomed 20 40 9 minecraft:jungle
zoomed 21 40 9 minecraft:jungle
zoomed 22 40 9 minecraft:jungle
zoomed 23 40 9 minecraft:jungle
zoomed 24 40 9 minecraft:jungle
zoomed 25 40 9 minecraft:jungle
zoomed 26 40 9 minecraft:jungle
zoomed 27 40 9 minecraft:jungle
zoomed 28 40 9 minecraft:jungle
zoomed 29 40 9 minecraft:jungle
zoomed 30 40 9 minecraft:jungle
zoomed 31 40 9 minecraft:jungle
zoomed 16 40 10 minecraft:jungle
zoomed 17 40 10 minecraft:jungle
zoomed 18 40 10 minecraft:jungle
zoomed 19 40 10 minecraft:jungle
zoomed 20 40 10 minecraft:jungle
zoomed 21 40 10 minecraft:jungle
zoomed 22 40 10 minecraft:jungle
zoomed 23 40 10 minecraft:jungle
zoomed 24 40 10 minecraft:jungle
zoomed 25 40 10 minecraft:jungle
zoomed 26 40 10 minecraft:jungle
zoomed 27 40 10 minecraft:jungle
zoomed 28 40 10 minecraft:jungle
zoomed 29 40 10 minecraft:jungle
zoomed 30 40 10 minecraft:jungle
zoomed 31 40 10 minecraft:jungle
zoomed 16 40 11 minecraft:jungle
zoomed 17 40 11 minecraft:jungle
zoomed 18 40 11 minecraft:jungle
zoomed 19 40 11 minecraft:jungle
zoomed 20 40 11 minecraft:jungle
zoomed 21 40 11 minecraft:jungle
zoomed 22 40 11 minecraft:jungle
zoomed 23 40 11 minecraft:jungle
zoomed 24 40 11 minecraft:jungle
zoomed 25 40 11 minecraft:jungle
zoomed 26 40 11 minecraft:jungle
zoomed 27 40 11 minecraft:jungle
zoomed 28 40 11 minecraft:jungle
zoomed 29 40 11 minecraft:jungle
zoomed 30 40 11 minecraft:jungle
zoomed 31 40 11 minecraft:jungle
zoomed 16 40 12 minecraft:jungle
zoomed 17 40 12 minecraft:jungle
zoomed 18 40 12 minecraft:jungle
zoomed 19 40 12 minecraft:jungle
zoomed 20 40 12 minecraft:jungle
zoomed 21 40 12 minecraft:jungle
zoomed 22 40 12 minecraft:jungle
zoomed 23 40 12 minecraft:jungle
zoomed 24 40 12 minecraft:jungle
zoomed 25 40 12 minecraft:jungle
zoomed 26 40 12 minecraft:jungle
zoomed 27 40 12 minecraft:jungle
zoomed 28 40 12 minecraft:jungle
zoomed 29 40 12 minecraft:jungle
zoomed 30 40 12 minecraft:jungle
zoomed 31 40 12 minecraft:jungle
zoomed 16 40 13 minecraft:jungle
zoomed 17 40 13 minecraft:jungle
zoomed 18 40 13 minecraft:jungle
zoomed 19 40 13 minecraft:jungle
zoomed 20 40 13 minecraft:jungle
zoomed 21 40 13 minecraft:jungle
zoomed 22 40 13 minecraft:jungle
zoomed 23 40 13 minecraft:jungle
zoomed 24 40 13 minecraft:jungle
zoomed 25 40 13 minecraft:jungle
zoomed 26 40 13 minecraft:jungle
zoomed 27 40 13 minecraft:jungle
zoomed 28 40 13 minecraft:jungle
zoomed 29 40 13 minecraft:jungle
zoomed 30 40 13 minecraft:jungle
zoomed 31 40 13 minecraft:jungle
zoomed 16 40 14 minecraft:jungle
zoomed 17 40 14 minecraft:jungle
zoomed 18 40 14 minecraft:jungle
zoomed 19 40 14 minecraft:jungle
zoomed 20 40 14 minecraft:jungle
zoomed 21 40 14 minecraft:jungle
zoomed 22 40 14 minecraft:jungle
zoomed 23 40 14 minecraft:jungle
zoomed 24 40 14 minecraft:jungle
zoomed 25 40 14 minecraft:jungle
zoomed 26 40 14 minecraft:jungle
zoomed 27 40 14 minecraft:jungle
zoomed 28 40 14 minecraft:jungle
zoomed 29 40 14 minecraft:jungle
zoomed 30 40 14 minecraft:jungle
zoomed 31 40 14 minecraft:jungle
zoomed 16 40 15 minecraft:jungle
zoomed 17 40 15 minecraft:jungle
zoomed 18 40 15 minecraft:jungle
zoomed 19 40 15 minecraft:jungle
zoomed 20 40 15 minecraft:jungle
zoomed 21 40 15 minecraft:jungle
zoomed 22 40 15 minecraft:jungle
zoomed 23 40 15 minecraft:jungle
zoomed 24 40 15 minecraft:jungle
zoomed 25 40 15 minecraft:jungle
zoomed 26 40 15 minecraft:jungle
zoomed 27 40 15 minecraft:jungle
zoomed 28 40 15 minecraft:jungle
zoomed 29 40 15 minecraft:jungle
zoomed 30 40 15 minecraft:jungle
zoomed 31 40 15 minecraft:jungle
zoomed 16 55 0 minecraft:jungle
zoomed 17 55 0 minecraft:jungle
zoomed 18 55 0 minecraft:jungle
zoomed 19 55 0 minecraft:jungle
zoomed 20 55 0 minecraft:jungle
zoomed 21 55 0 minecraft:jungle
zoomed 22 55 0 minecraft:jungle
zoomed 23 55 0 minecraft:jungle
zoomed 24 55 0 minecraft:jungle
zoomed 25 55 0 minecraft:jungle
zoomed 26 55 0 minecraft:jungle
zoomed 27 55 0 minecraft:jungle
zoomed 28 55 0 minecraft:jungle
zoomed 29 55 0 minecraft:jungle
zoomed 30 55 0 minecraft:jungle
zoomed 31 55 0 minecraft:jungle
zoomed 16 55 1 minecraft:jungle
zoomed 17 55 1 minecraft:jungle
zoomed 18 55 1 minecraft:jungle
zoomed 19 55 1 minecraft:jungle
zoomed 20 55 1 minecraft:jungle
zoomed 21 55 1 minecraft:jungle
zoomed 22 55 1 minecraft:jungle
zoomed 23 55 1 minecraft:jungle
zoomed 24 55 1 minecraft:jungle
zoomed 25 55 1 minecraft:jungle
zoomed 26 55 1 minecraft:jungle
zoomed 27 55 1 minecraft:jungle
zoomed 28 55 1 minecraft:jungle
zoomed 29 55 1 minecraft:jungle
zoomed 30 55 1 minecraft:jungle
zoomed 31 55 1 minecraft:jungle
zoomed 16 55 2 minecraft:jungle
zoomed 17 55 2 minecraft:jungle
zoomed 18 55 2 minecraft:jungle
zoomed 19 55 2 minecraft:jungle
zoomed 20 55 2 minecraft:jungle
zoomed 21 55 2 minecraft:jungle
zoomed 22 55 2 minecraft:jungle
zoomed 23 55 2 minecraft:jungle
zoomed 24 55 2 minecraft:jungle
zoomed 25 55 2 minecraft:jungle
zoomed 26 55 2 minecraft:jungle
zoomed 27 55 2 minecraft:jungle
zoomed 28 55 2 minecraft:jungle
zoomed 29 55 2 minecraft:jungle
zoomed 30 55 2 minecraft:jungle
zoomed 31 55 2 minecraft:jungle
zoomed 16 55 3 minecraft:jungle
zoomed 17 55 3 minecraft:jungle
zoomed 18 55 3 minecraft:jungle
zoomed 19 55 3 minecraft:jungle
zoomed 20 55 3 minecraft:jungle
zoomed 21 55 3 minecraft:jungle
zoomed 22 55 3 minecraft:jungle
zoomed 23 55 3 minecraft:jungle
zoomed 24 55 3 minecraft:jungle
zoomed 25 55 3 minecraft:jungle
zoomed 26 55 3 minecraft:jungle
zoomed 27 55 3 minecraft:jungle
zoomed 28 55 3 minecraft:jungle
zoomed 29 55 3 minecraft:jungle
zoomed 30 55 3 minecraft:jungle
zoomed 31 55 3 minecraft:jungle
zoomed 16 55 4 minecraft:jungle
zoomed 17 55 4 minecraft:jungle
zoomed 18 55 4 minecraft:jungle
zoomed 19 55 4 minecraft:jungle
zoomed 20 55 4 minecraft:jungle
zoomed 21 55 4 minecraft:jungle
zoomed 22 55 4 minecraft:jungle
zoomed 23 55 4 minecraft:jungle
zoomed 24 55 4 minecraft:jungle
zoomed 25 55 4 minecraft:jungle
zoomed 26 55 4 minecraft:jungle
zoomed 27 55 4 minecraft:jungle
zoomed 28 55 4 minecraft:jungle
zoomed 29 55 4 minecraft:jungle
zoomed 30 55 4 minecraft:jungle
zoomed 31 55 4 minecraft:jungle
zoomed 16 55 5 minecraft:jungle
zoomed 17 55 5 minecraft:jungle
zoomed 18 55 5 minecraft:jungle
zoomed 19 55 5 minecraft:jungle
zoomed 20 55 5 minecraft:jungle
zoomed 21 55 5 minecraft:jungle
zoomed 22 55 5 minecraft:jungle
zoomed 23 55 5 minecraft:jungle
zoomed 24 55 5 minecraft:jungle
zoomed 25 55 5 minecraft:jungle
zoomed 26 55 5 minecraft:jungle
zoomed 27 55 5 minecraft:jungle
zoomed 28 55 5 minecraft:jungle
zoomed 29 55 5 minecraft:jungle
zoomed 30 55 5 minecraft:jungle
zoomed 31 55 5 minecraft:jungle
zoomed 16 55 6 minecraft:jungle
zoomed 17 55 6 minecraft:jungle
zoomed 18 55 6 minecraft:jungle
zoomed 19 55 6 minecraft:jungle
zoomed 20 55 6 minecraft:jungle
zoomed 21 55 6 minecraft:jungle
zoomed 22 55 6 minecraft:jungle
zoomed 23 55 6 minecraft:jungle
zoomed 24 55 6 minecraft:jungle
zoomed 25 55 6 minecraft:jungle
zoomed 26 55 6 minecraft:jungle
zoomed 27 55 6 minecraft:jungle
zoomed 28 55 6 minecraft:jungle
zoomed 29 55 6 minecraft:jungle
zoomed 30 55 6 minecraft:jungle
zoomed 31 55 6 minecraft:jungle
zoomed 16 55 7 minecraft:jungle
zoomed 17 55 7 minecraft:jungle
zoomed 18 55 7 minecraft:jungle
zoomed 19 55 7 minecraft:jungle
zoomed 20 55 7 minecraft:jungle
zoomed 21 55 7 minecraft:jungle
zoomed 22 55 7 minecraft:jungle
zoomed 23 55 7 minecraft:jungle
zoomed 24 55 7 minecraft:jungle
zoomed 25 55 7 minecraft:jungle
zoomed 26 55 7 minecraft:jungle
zoomed 27 55 7 minecraft:jungle
zoomed 28 55 7 minecraft:jungle
zoomed 29 55 7 minecraft:jungle
zoomed 30 55 7 minecraft:jungle
zoomed 31 55 7 minecraft:jungle
zoomed 16 55 8 minecraft:jungle
zoomed 17 55 8 minecraft:jungle
zoomed 18 55 8 minecraft:jungle
zoomed 19 55 8 minecraft:jungle
zoomed 20 55 8 minecraft:jungle
zoomed 21 55 8 minecraft:jungle
zoomed 22 55 8 minecraft:jungle
zoomed 23 55 8 minecraft:jungle
zoomed 24 55 8 minecraft:jungle
zoomed 25 55 8 minecraft:jungle
zoomed 26 55 8 minecraft:jungle
zoomed 27 55 8 minecraft:jungle
zoomed 28 55 8 minecraft:jungle
zoomed 29 55 8 minecraft:jungle
zoomed 30 55 8 minecraft:jungle
zoomed 31 55 8 minecraft:jungle
zoomed 16 55 9 minecraft:jungle
zoomed 17 55 9 minecraft:jungle
zoomed 18 55 9 minecraft:jungle
zoomed 19 55 9 minecraft:jungle
zoomed 20 55 9 minecraft:jungle
zoomed 21 55 9 minecraft:jungle
zoomed 22 55 9 minecraft:jungle
zoomed 23 55 9 minecraft:jungle
zoomed 24 55 9 minecraft:jungle
zoomed 25 55 9 minecraft:jungle
zoomed 26 55 9 minecraft:jungle
zoomed 27 55 9 minecraft:jungle
zoomed 28 55 9 minecraft:jungle
zoomed 29 55 9 minecraft:jungle
zoomed 30 55 9 minecraft:jungle
zoomed 31 55 9 minecraft:jungle
zoomed 16 55 10 minecraft:jungle
zoomed 17 55 10 minecraft:jungle
zoomed 18 55 10 minecraft:jungle
zoomed 19 55 10 minecraft:jungle
zoomed 20 55 10 minecraft:jungle
zoomed 21 55 10 minecraft:jungle
zoomed 22 55 10 minecraft:jungle
zoomed 23 55 10 minecraft:jungle
zoomed 24 55 10 minecraft:jungle
zoomed 25 55 10 minecraft:jungle
zoomed 26 55 10 minecraft:jungle
zoomed 27 55 10 minecraft:jungle
zoomed 28 55 10 minecraft:jungle
zoomed 29 55 10 minecraft:jungle
zoomed 30 55 10 minecraft:jungle
zoomed 31 55 10 minecraft:jungle
zoomed 16 55 11 minecraft:jungle
zoomed 17 55 11 minecraft:jungle
zoomed 18 55 11 minecraft:jungle
zoomed 19 55 11 minecraft:jungle
zoomed 20 55 11 minecraft:jungle
zoomed 21 55 11 minecraft:jungle
zoomed 22 55 11 minecraft:jungle
zoomed 23 55 11 minecraft:jungle
zoomed 24 55 11 minecraft:jungle
zoomed 25 55 11 minecraft:jungle
zoomed 26 55 11 minecraft:jungle
zoomed 27 55 11 minecraft:jungle
zoomed 28 55 11 minecraft:jungle
zoomed 29 55 11 minecraft:jungle
zoomed 30 55 11 minecraft:jungle
zoomed 31 55 11 minecraft:jungle
zoomed 16 55 12 minecraft:jungle
zoomed 17 55 12 minecraft:jungle
zoomed 18 55 12 minecraft:jungle
zoomed 19 55 12 minecraft:jungle
zoomed 20 55 12 minecraft:jungle
zoomed 21 55 12 minecraft:jungle
zoomed 22 55 12 minecraft:jungle
zoomed 23 55 12 minecraft:jungle
zoomed 24 55 12 minecraft:jungle
zoomed 25 55 12 minecraft:jungle
zoomed 26 55 12 minecraft:jungle
zoomed 27 55 12 minecraft:jungle
zoomed 28 55 12 minecraft:jungle
zoomed 29 55 12 minecraft:jungle
zoomed 30 55 12 minecraft:jungle
zoomed 31 55 12 minecraft:jungle
zoomed 16 55 13 minecraft:jungle
zoomed 17 55 13 minecraft:jungle
zoomed 18 55 13 minecraft:jungle
zoomed 19 55 13 minecraft:jungle
zoomed 20 55 13 minecraft:jungle
zoomed 21 55 13 minecraft:jungle
zoomed 22 55 13 minecraft:jungle
zoomed 23 55 13 minecraft:jungle
zoomed 24 55 13 minecraft:jungle
zoomed 25 55 13 minecraft:jungle
zoomed 26 55 13 minecraft:jungle
zoomed 27 55 13 minecraft:jungle
zoomed 28 55 13 minecraft:jungle
zoomed 29 55 13 minecraft:jungle
zoomed 30 55 13 minecraft:jungle
zoomed 31 55 13 minecraft:jungle
zoomed 16 55 14 minecraft:jungle
zoomed 17 55 14 minecraft:jungle
zoomed 18 55 14 minecraft:jungle
zoomed 19 55 14 minecraft:jungle
zoomed 20 55 14 minecraft:jungle
zoomed 21 55 14 minecraft:jungle
zoomed 22 55 14 minecraft:jungle
zoomed 23 55 14 minecraft:jungle
zoomed 24 55 14 minecraft:jungle
zoomed 25 55 14 minecraft:jungle
zoomed 26 55 14 minecraft:jungle
zoomed 27 55 14 minecraft:jungle
zoomed 28 55 14 minecraft:jungle
zoomed 29 55 14 minecraft:jungle
zoomed 30 55 14 minecraft:jungle
zoomed 31 55 14 minecraft:jungle
zoomed 16 55 15 minecraft:jungle
zoomed 17 55 15 minecraft:jungle
zoomed 18 55 15 minecraft:jungle
zoomed 19 55 15 minecraft:jungle
zoomed 20 55 15 minecraft:jungle
zoomed 21 55 15 minecraft:jungle
zoomed 22 55 15 minecraft:jungle
zoomed 23 55 15 minecraft:jungle
zoomed 24 55 15 minecraft:jungle
zoomed 25 55 15 minecraft:jungle
zoomed 26 55 15 minecraft:jungle
zoomed 27 55 15 minecraft:jungle
zoomed 28 55 15 minecraft:jungle
zoomed 29 55 15 minecraft:jungle
zoomed 30 55 15 minecraft:jungle
zoomed 31 55 15 minecraft:jungle
zoomed 16 60 0 minecraft:jungle
zoomed 17 60 0 minecraft:jungle
zoomed 18 60 0 minecraft:jungle
zoomed 19 60 0 minecraft:jungle
zoomed 20 60 0 minecraft:jungle
zoomed 21 60 0 minecraft:jungle
zoomed 22 60 0 minecraft:jungle
zoomed 23 60 0 minecraft:jungle
zoomed 24 60 0 minecraft:jungle
zoomed 25 60 0 minecraft:jungle
zoomed 26 60 0 minecraft:jungle
zoomed 27 60 0 minecraft:jungle
zoomed 28 60 0 minecraft:jungle
zoomed 29 60 0 minecraft:jungle
zoomed 30 60 0 minecraft:jungle
zoomed 31 60 0 minecraft:beach
zoomed 16 60 1 minecraft:jungle
zoomed 17 60 1 minecraft:jungle
zoomed 18 60 1 minecraft:jungle
zoomed 19 60 1 minecraft:jungle
zoomed 20 60 1 minecraft:jungle
zoomed 21 60 1 minecraft:jungle
zoomed 22 60 1 minecraft:jungle
zoomed 23 60 1 minecraft:jungle
zoomed 24 60 1 minecraft:jungle
zoomed 25 60 1 minecraft:jungle
zoomed 26 60 1 minecraft:jungle
zoomed 27 60 1 minecraft:jungle
zoomed 28 60 1 minecraft:jungle
zoomed 29 60 1 minecraft:jungle
zoomed 30 60 1 minecraft:jungle
zoomed 31 60 1 minecraft:beach
zoomed 16 60 2 minecraft:jungle
zoomed 17 60 2 minecraft:jungle
zoomed 18 60 2 minecraft:jungle
zoomed 19 60 2 minecraft:jungle
zoomed 20 60 2 minecraft:jungle
zoomed 21 60 2 minecraft:jungle
zoomed 22 60 2 minecraft:jungle
zoomed 23 60 2 minecraft:jungle
zoomed 24 60 2 minecraft:jungle
zoomed 25 60 2 minecraft:jungle
zoomed 26 60 2 minecraft:jungle
zoomed 27 60 2 minecraft:jungle
zoomed 28 60 2 minecraft:jungle
zoomed 29 60 2 minecraft:jungle
zoomed 30 60 2 minecraft:jungle
zoomed 31 60 2 minecraft:jungle
zoomed 16 60 3 minecraft:jungle
zoomed 17 60 3 minecraft:jungle
zoomed 18 60 3 minecraft:jungle
zoomed 19 60 3 minecraft:jungle
zoomed 20 60 3 minecraft:jungle
zoomed 21 60 3 minecraft:jungle
zoomed 22 60 3 minecraft:jungle
zoomed 23 60 3 minecraft:jungle
zoomed 24 60 3 minecraft:jungle
zoomed 25 60 3 minecraft:jungle
zoomed 26 60 3 minecraft:jungle
zoomed 27 60 3 minecraft:jungle
zoomed 28 60 3 minecraft:jungle
zoomed 29 60 3 minecraft:jungle
zoomed 30 60 3 minecraft:jungle
zoomed 31 60 3 minecraft:jungle
zoomed 16 60 4 minecraft:jungle
zoomed 17 60 4 minecraft:jungle
zoomed 18 60 4 minecraft:jungle
zoomed 19 60 4 minecraft:jungle
zoomed 20 60 4 minecraft:jungle
zoomed 21 60 4 minecraft:jungle
zoomed 22 60 4 minecraft:jungle
zoomed 23 60 4 minecraft:jungle
zoomed 24 60 4 minecraft:jungle
zoomed 25 60 4 minecraft:jungle
zoomed 26 60 4 minecraft:jungle
zoomed 27 60 4 minecraft:jungle
zoomed 28 60 4 minecraft:jungle
zoomed 29 60 4 minecraft:jungle
zoomed 30 60 4 minecraft:jungle
zoomed 31 60 4 minecraft:jungle
zoomed 16 60 5 minecraft:jungle
zoomed 17 60 5 minecraft:jungle
zoomed 18 60 5 minecraft:jungle
zoomed 19 60 5 minecraft:jungle
zoomed 20 60 5 minecraft:jungle
zoomed 21 60 5 minecraft:jungle
zoomed 22 60 5 minecraft:jungle
zoomed 23 60 5 minecraft:jungle
zoomed 24 60 5 minecraft:jungle
zoomed 25 60 5 minecraft:jungle
zoomed 26 60 5 minecraft:jungle
zoomed 27 60 5 minecraft:jungle
zoomed 28 60 5 minecraft:jungle
zoomed 29 60 5 minecraft:jungle
zoomed 30 60 5 minecraft:jungle
zoomed 31 60 5 minecraft:jungle
zoomed 16 60 6 minecraft:jungle
zoomed 17 60 6 minecraft:jungle
zoomed 18 60 6 minecraft:jungle
zoomed 19 60 6 minecraft:jungle
zoomed 20 60 6 minecraft:jungle
zoomed 21 60 6 minecraft:jungle
zoomed 22 60 6 minecraft:jungle
zoomed 23 60 6 minecraft:jungle
zoomed 24 60 6 minecraft:jungle
zoomed 25 60 6 minecraft:jungle
zoomed 26 60 6 minecraft:jungle
zoomed 27 60 6 minecraft:jungle
zoomed 28 60 6 minecraft:jungle
zoomed 29 60 6 minecraft:jungle
zoomed 30 60 6 minecraft:jungle
zoomed 31 60 6 minecraft:jungle
zoomed 16 60 7 minecraft:jungle
zoomed 17 60 7 minecraft:jungle
zoomed 18 60 7 minecraft:jungle
zoomed 19 60 7 minecraft:jungle
zoomed 20 60 7 minecraft:jungle
zoomed 21 60 7 minecraft:jungle
zoomed 22 60 7 minecraft:jungle
zoomed 23 60 7 minecraft:jungle
zoomed 24 60 7 minecraft:jungle
zoomed 25 60 7 minecraft:jungle
zoomed 26 60 7 minecraft:jungle
zoomed 27 60 7 minecraft:jungle
zoomed 28 60 7 minecraft:jungle
zoomed 29 60 7 minecraft:jungle
zoomed 30 60 7 minecraft:jungle
zoomed 31 60 7 minecraft:jungle
zoomed 16 60 8 minecraft:jungle
zoomed 17 60 8 minecraft:jungle
zoomed 18 60 8 minecraft:jungle
zoomed 19 60 8 minecraft:jungle
zoomed 20 60 8 minecraft:jungle
zoomed 21 60 8 minecraft:jungle
zoomed 22 60 8 minecraft:jungle
zoomed 23 60 8 minecraft:jungle
zoomed 24 60 8 minecraft:jungle
zoomed 25 60 8 minecraft:jungle
zoomed 26 60 8 minecraft:jungle
zoomed 27 60 8 minecraft:jungle
zoomed 28 60 8 minecraft:jungle
zoomed 29 60 8 minecraft:jungle
zoomed 30 60 8 minecraft:jungle
zoomed 31 60 8 minecraft:jungle
zoomed 16 60 9 minecraft:jungle
zoomed 17 60 9 minecraft:jungle
zoomed 18 60 9 minecraft:jungle
zoomed 19 60 9 minecraft:jungle
zoomed 20 60 9 minecraft:jungle
zoomed 21 60 9 minecraft:jungle
zoomed 22 60 9 minecraft:jungle
zoomed 23 60 9 minecraft:jungle
zoomed 24 60 9 minecraft:jungle
zoomed 25 60 9 minecraft:jungle
zoomed 26 60 9 minecraft:jungle
zoomed 27 60 9 minecraft:jungle
zoomed 28 60 9 minecraft:jungle
zoomed 29 60 9 minecraft:jungle
zoomed 30 60 9 minecraft:jungle
zoomed 31 60 9 minecraft:jungle
zoomed 16 60 10 minecraft:jungle
zoomed 17 60 10 minecraft:jungle
zoomed 18 60 10 minecraft:jungle
zoomed 19 60 10 minecraft:jungle
zoomed 20 60 10 minecraft:jungle
zoomed 21 60 10 minecraft:jungle
zoomed 22 60 10 minecraft:jungle
zoomed 23 60 10 minecraft:jungle
zoomed 24 60 10 minecraft:jungle
zoomed 25 60 10 minecraft:jungle
zoomed 26 60 10 minecraft:jungle
zoomed 27 60 10 minecraft:jungle
zoomed 28 60 10 minecraft:jungle
zoomed 29 60 10 minecraft:jungle
zoomed 30 60 10 minecraft:jungle
zoomed 31 60 10 minecraft:jungle
zoomed 16 60 11 minecraft:jungle
zoomed 17 60 11 minecraft:jungle
zoomed 18 60 11 minecraft:jungle
zoomed 19 60 11 minecraft:jungle
zoomed 20 60 11 minecraft:jungle
zoomed 21 60 11 minecraft:jungle
zoomed 22 60 11 minecraft:jungle
zoomed 23 60 11 minecraft:jungle
zoomed 24 60 11 minecraft:jungle
zoomed 25 60 11 minecraft:jungle
zoomed 26 60 11 minecraft:jungle
zoomed 27 60 11 minecraft:jungle
zoomed 28 60 11 minecraft:jungle
zoomed 29 60 11 minecraft:jungle
zoomed 30 60 11 minecraft:jungle
zoomed 31 60 11 minecraft:jungle
zoomed 16 60 12 minecraft:jungle
zoomed 17 60 12 minecraft:jungle
zoomed 18 60 12 minecraft:jungle
zoomed 19 60 12 minecraft:jungle
zoomed 20 60 12 minecraft:jungle
zoomed 21 60 12 minecraft:jungle
zoomed 22 60 12 minecraft:jungle
zoomed 23 60 12 minecraft:jungle
zoomed 24 60 12 minecraft:jungle
zoomed 25 60 12 minecraft:jungle
zoomed 26 60 12 minecraft:jungle
zoomed 27 60 12 minecraft:jungle
zoomed 28 60 12 minecraft:jungle
zoomed 29 60 12 minecraft:jungle
zoomed 30 60 12 minecraft:jungle
zoomed 31 60 12 minecraft:jungle
zoomed 16 60 13 minecraft:jungle
zoomed 17 60 13 minecraft:jungle
zoomed 18 60 13 minecraft:jungle
zoomed 19 60 13 minecraft:jungle
zoomed 20 60 13 minecraft:jungle
zoomed 21 60 13 minecraft:jungle
zoomed 22 60 13 minecraft:jungle
zoomed 23 60 13 minecraft:jungle
zoomed 24 60 13 minecraft:jungle
zoomed 25 60 13 minecraft:jungle
zoomed 26 60 13 minecraft:jungle
zoomed 27 60 13 minecraft:jungle
zoomed 28 60 13 minecraft:jungle
zoomed 29 60 13 minecraft:jungle
zoomed 30 60 13 minecraft:jungle
zoomed 31 60 13 minecraft:jungle
zoomed 16 60 14 minecraft:jungle
zoomed 17 60 14 minecraft:jungle
zoomed 18 60 14 minecraft:jungle
zoomed 19 60 14 minecraft:jungle
zoomed 20 60 14 minecraft:jungle
zoomed 21 60 14 minecraft:jungle
zoomed 22 60 14 minecraft:jungle
zoomed 23 60 14 minecraft:jungle
zoomed 24 60 14 minecraft:jungle
zoomed 25 60 14 minecraft:jungle
zoomed 26 60 14 minecraft:jungle
zoomed 27 60 14 minecraft:jungle
zoomed 28 60 14 minecraft:jungle
zoomed 29 60 14 minecraft:jungle
zoomed 30 60 14 minecraft:jungle
zoomed 31 60 14 minecraft:jungle
zoomed 16 60 15 minecraft:jungle
zoomed 17 60 15 minecraft:jungle
zoomed 18 60 15 minecraft:jungle
zoomed 19 60 15 minecraft:jungle
zoomed 20 60 15 minecraft:jungle
zoomed 21 60 15 minecraft:jungle
zoomed 22 60 15 minecraft:jungle
zoomed 23 60 15 minecraft:jungle
zoomed 24 60 15 minecraft:jungle
zoomed 25 60 15 minecraft:jungle
zoomed 26 60 15 minecraft:jungle
zoomed 27 60 15 minecraft:jungle
zoomed 28 60 15 minecraft:jungle
zoomed 29 60 15 minecraft:jungle
zoomed 30 60 15 minecraft:jungle
zoomed 31 60 15 minecraft:jungle
zoomed 16 63 0 minecraft:jungle
zoomed 17 63 0 minecraft:jungle
zoomed 18 63 0 minecraft:jungle
zoomed 19 63 0 minecraft:jungle
zoomed 20 63 0 minecraft:jungle
zoomed 21 63 0 minecraft:jungle
zoomed 22 63 0 minecraft:jungle
zoomed 23 63 0 minecraft:jungle
zoomed 24 63 0 minecraft:jungle
zoomed 25 63 0 minecraft:jungle
zoomed 26 63 0 minecraft:jungle
zoomed 27 63 0 minecraft:jungle
zoomed 28 63 0 minecraft:jungle
zoomed 29 63 0 minecraft:jungle
zoomed 30 63 0 minecraft:jungle
zoomed 31 63 0 minecraft:beach
zoomed 16 63 1 minecraft:jungle
zoomed 17 63 1 minecraft:jungle
zoomed 18 63 1 minecraft:jungle
zoomed 19 63 1 minecraft:jungle
zoomed 20 63 1 minecraft:jungle
zoomed 21 63 1 minecraft:jungle
zoomed 22 63 1 minecraft:jungle
zoomed 23 63 1 minecraft:jungle
zoomed 24 63 1 minecraft:jungle
zoomed 25 63 1 minecraft:jungle
zoomed 26 63 1 minecraft:jungle
zoomed 27 63 1 minecraft:jungle
zoomed 28 63 1 minecraft:jungle
zoomed 29 63 1 minecraft:jungle
zoomed 30 63 1 minecraft:jungle
zoomed 31 63 1 minecraft:beach
zoomed 16 63 2 minecraft:jungle
zoomed 17 63 2 minecraft:jungle
zoomed 18 63 2 minecraft:jungle
zoomed 19 63 2 minecraft:jungle
zoomed 20 63 2 minecraft:jungle
zoomed 21 63 2 minecraft:jungle
zoomed 22 63 2 minecraft:jungle
zoomed 23 63 2 minecraft:jungle
zoomed 24 63 2 minecraft:jungle
zoomed 25 63 2 minecraft:jungle
zoomed 26 63 2 minecraft:jungle
zoomed 27 63 2 minecraft:jungle
zoomed 28 63 2 minecraft:jungle
zoomed 29 63 2 minecraft:jungle
zoomed 30 63 2 minecraft:jungle
zoomed 31 63 2 minecraft:beach
zoomed 16 63 3 minecraft:jungle
zoomed 17 63 3 minecraft:jungle
zoomed 18 63 3 minecraft:jungle
zoomed 19 63 3 minecraft:jungle
zoomed 20 63 3 minecraft:jungle
zoomed 21 63 3 minecraft:jungle
zoomed 22 63 3 minecraft:jungle
zoomed 23 63 3 minecraft:jungle
zoomed 24 63 3 minecraft:jungle
zoomed 25 63 3 minecraft:jungle
zoomed 26 63 3 minecraft:jungle
zoomed 27 63 3 minecraft:jungle
zoomed 28 63 3 minecraft:jungle
zoomed 29 63 3 minecraft:jungle
zoomed 30 63 3 minecraft:jungle
zoomed 31 63 3 minecraft:jungle
zoomed 16 63 4 minecraft:jungle
zoomed 17 63 4 minecraft:jungle
zoomed 18 63 4 minecraft:jungle
zoomed 19 63 4 minecraft:jungle
zoomed 20 63 4 minecraft:jungle
zoomed 21 63 4 minecraft:jungle
zoomed 22 63 4 minecraft:jungle
zoomed 23 63 4 minecraft:jungle
zoomed 24 63 4 minecraft:jungle
zoomed 25 63 4 minecraft:jungle
zoomed 26 63 4 minecraft:jungle
zoomed 27 63 4 minecraft:jungle
zoomed 28 63 4 minecraft:jungle
zoomed 29 63 4 minecraft:jungle
zoomed 30 63 4 minecraft:jungle
zoomed 31 63 4 minecraft:jungle
zoomed 16 63 5 minecraft:jungle
zoomed 17 63 5 minecraft:jungle
zoomed 18 63 5 minecraft:jungle
zoomed 19 63 5 minecraft:jungle
zoomed 20 63 5 minecraft:jungle
zoomed 21 63 5 minecraft:jungle
zoomed 22 63 5 minecraft:jungle
zoomed 23 63 5 minecraft:jungle
zoomed 24 63 5 minecraft:jungle
zoomed 25 63 5 minecraft:jungle
zoomed 26 63 5 minecraft:jungle
zoomed 27 63 5 minecraft:jungle
zoomed 28 63 5 minecraft:jungle
zoomed 29 63 5 minecraft:jungle
zoomed 30 63 5 minecraft:jungle
zoomed 31 63 5 minecraft:jungle
zoomed 16 63 6 minecraft:jungle
zoomed 17 63 6 minecraft:jungle
zoomed 18 63 6 minecraft:jungle
zoomed 19 63 6 minecraft:jungle
zoomed 20 63 6 minecraft:jungle
zoomed 21 63 6 minecraft:jungle
zoomed 22 63 6 minecraft:jungle
zoomed 23 63 6 minecraft:jungle
zoomed 24 63 6 minecraft:jungle
zoomed 25 63 6 minecraft:jungle
zoomed 26 63 6 minecraft:jungle
zoomed 27 63 6 minecraft:jungle
zoomed 28 63 6 minecraft:jungle
zoomed 29 63 6 minecraft:jungle
zoomed 30 63 6 minecraft:jungle
zoomed 31 63 6 minecraft:jungle
zoomed 16 63 7 minecraft:jungle
zoomed 17 63 7 minecraft:jungle
zoomed 18 63 7 minecraft:jungle
zoomed 19 63 7 minecraft:jungle
zoomed 20 63 7 minecraft:jungle
zoomed 21 63 7 minecraft:jungle
zoomed 22 63 7 minecraft:jungle
zoomed 23 63 7 minecraft:jungle
zoomed 24 63 7 minecraft:jungle
zoomed 25 63 7 minecraft:jungle
zoomed 26 63 7 minecraft:jungle
zoomed 27 63 7 minecraft:jungle
zoomed 28 63 7 minecraft:jungle
zoomed 29 63 7 minecraft:jungle
zoomed 30 63 7 minecraft:jungle
zoomed 31 63 7 minecraft:jungle
zoomed 16 63 8 minecraft:jungle
zoomed 17 63 8 minecraft:jungle
zoomed 18 63 8 minecraft:jungle
zoomed 19 63 8 minecraft:jungle
zoomed 20 63 8 minecraft:jungle
zoomed 21 63 8 minecraft:jungle
zoomed 22 63 8 minecraft:jungle
zoomed 23 63 8 minecraft:jungle
zoomed 24 63 8 minecraft:jungle
zoomed 25 63 8 minecraft:jungle
zoomed 26 63 8 minecraft:jungle
zoomed 27 63 8 minecraft:jungle
zoomed 28 63 8 minecraft:jungle
zoomed 29 63 8 minecraft:jungle
zoomed 30 63 8 minecraft:jungle
zoomed 31 63 8 minecraft:jungle
zoomed 16 63 9 minecraft:jungle
zoomed 17 63 9 minecraft:jungle
zoomed 18 63 9 minecraft:jungle
zoomed 19 63 9 minecraft:jungle
zoomed 20 63 9 minecraft:jungle
zoomed 21 63 9 minecraft:jungle
zoomed 22 63 9 minecraft:jungle
zoomed 23 63 9 minecraft:jungle
zoomed 24 63 9 minecraft:jungle
zoomed 25 63 9 minecraft:jungle
zoomed 26 63 9 minecraft:jungle
zoomed 27 63 9 minecraft:jungle
zoomed 28 63 9 minecraft:jungle
zoomed 29 63 9 minecraft:jungle
zoomed 30 63 9 minecraft:jungle
zoomed 31 63 9 minecraft:jungle
zoomed 16 63 10 minecraft:jungle
zoomed 17 63 10 minecraft:jungle
zoomed 18 63 10 minecraft:jungle
zoomed 19 63 10 minecraft:jungle
zoomed 20 63 10 minecraft:jungle
zoomed 21 63 10 minecraft:jungle
zoomed 22 63 10 minecraft:jungle
zoomed 23 63 10 minecraft:jungle
zoomed 24 63 10 minecraft:jungle
zoomed 25 63 10 minecraft:jungle
zoomed 26 63 10 minecraft:jungle
zoomed 27 63 10 minecraft:jungle
zoomed 28 63 10 minecraft:jungle
zoomed 29 63 10 minecraft:jungle
zoomed 30 63 10 minecraft:jungle
zoomed 31 63 10 minecraft:jungle
zoomed 16 63 11 minecraft:jungle
zoomed 17 63 11 minecraft:jungle
zoomed 18 63 11 minecraft:jungle
zoomed 19 63 11 minecraft:jungle
zoomed 20 63 11 minecraft:jungle
zoomed 21 63 11 minecraft:jungle
zoomed 22 63 11 minecraft:jungle
zoomed 23 63 11 minecraft:jungle
zoomed 24 63 11 minecraft:jungle
zoomed 25 63 11 minecraft:jungle
zoomed 26 63 11 minecraft:jungle
zoomed 27 63 11 minecraft:jungle
zoomed 28 63 11 minecraft:jungle
zoomed 29 63 11 minecraft:jungle
zoomed 30 63 11 minecraft:jungle
zoomed 31 63 11 minecraft:jungle
zoomed 16 63 12 minecraft:jungle
zoomed 17 63 12 minecraft:jungle
zoomed 18 63 12 minecraft:jungle
zoomed 19 63 12 minecraft:jungle
zoomed 20 63 12 minecraft:jungle
zoomed 21 63 12 minecraft:jungle
zoomed 22 63 12 minecraft:jungle
zoomed 23 63 12 minecraft:jungle
zoomed 24 63 12 minecraft:jungle
zoomed 25 63 12 minecraft:jungle
zoomed 26 63 12 minecraft:jungle
zoomed 27 63 12 minecraft:jungle
zoomed 28 63 12 minecraft:jungle
zoomed 29 63 12 minecraft:jungle
zoomed 30 63 12 minecraft:jungle
zoomed 31 63 12 minecraft:jungle
zoomed 16 63 13 minecraft:jungle
zoomed 17 63 13 minecraft:jungle
zoomed 18 63 13 minecraft:jungle
zoomed 19 63 13 minecraft:jungle
zoomed 20 63 13 minecraft:jungle
zoomed 21 63 13 minecraft:jungle
zoomed 22 63 13 minecraft:jungle
zoomed 23 63 13 minecraft:jungle
zoomed 24 63 13 minecraft:jungle
zoomed 25 63 13 minecraft:jungle
zoomed 26 63 13 minecraft:jungle
zoomed 27 63 13 minecraft:jungle
zoomed 28 63 13 minecraft:jungle
zoomed 29 63 13 minecraft:jungle
zoomed 30 63 13 minecraft:jungle
zoomed 31 63 13 minecraft:jungle
zoomed 16 63 14 minecraft:jungle
zoomed 17 63 14 minecraft:jungle
zoomed 18 63 14 minecraft:jungle
zoomed 19 63 14 minecraft:jungle
zoomed 20 63 14 minecraft:jungle
zoomed 21 63 14 minecraft:jungle
zoomed 22 63 14 minecraft:jungle
zoomed 23 63 14 minecraft:jungle
zoomed 24 63 14 minecraft:jungle
zoomed 25 63 14 minecraft:jungle
zoomed 26 63 14 minecraft:jungle
zoomed 27 63 14 minecraft:jungle
zoomed 28 63 14 minecraft:jungle
zoomed 29 63 14 minecraft:jungle
zoomed 30 63 14 minecraft:jungle
zoomed 31 63 14 minecraft:jungle
zoomed 16 63 15 minecraft:jungle
zoomed 17 63 15 minecraft:jungle
zoomed 18 63 15 minecraft:jungle
zoomed 19 63 15 minecraft:jungle
zoomed 20 63 15 minecraft:jungle
zoomed 21 63 15 minecraft:jungle
zoomed 22 63 15 minecraft:jungle
zoomed 23 63 15 minecraft:jungle
zoomed 24 63 15 minecraft:jungle
zoomed 25 63 15 minecraft:jungle
zoomed 26 63 15 minecraft:jungle
zoomed 27 63 15 minecraft:jungle
zoomed 28 63 15 minecraft:jungle
zoomed 29 63 15 minecraft:jungle
zoomed 30 63 15 minecraft:jungle
zoomed 31 63 15 minecraft:jungle
zoomed 16 70 0 minecraft:jungle
zoomed 17 70 0 minecraft:jungle
zoomed 18 70 0 minecraft:jungle
zoomed 19 70 0 minecraft:jungle
zoomed 20 70 0 minecraft:jungle
zoomed 21 70 0 minecraft:jungle
zoomed 22 70 0 minecraft:jungle
zoomed 23 70 0 minecraft:jungle
zoomed 24 70 0 minecraft:jungle
zoomed 25 70 0 minecraft:jungle
zoomed 26 70 0 minecraft:jungle
zoomed 27 70 0 minecraft:jungle
zoomed 28 70 0 minecraft:jungle
zoomed 29 70 0 minecraft:jungle
zoomed 30 70 0 minecraft:jungle
zoomed 31 70 0 minecraft:jungle
zoomed 16 70 1 minecraft:jungle
zoomed 17 70 1 minecraft:jungle
zoomed 18 70 1 minecraft:jungle
zoomed 19 70 1 minecraft:jungle
zoomed 20 70 1 minecraft:jungle
zoomed 21 70 1 minecraft:jungle
zoomed 22 70 1 minecraft:jungle
zoomed 23 70 1 minecraft:jungle
zoomed 24 70 1 minecraft:jungle
zoomed 25 70 1 minecraft:jungle
zoomed 26 70 1 minecraft:jungle
zoomed 27 70 1 minecraft:jungle
zoomed 28 70 1 minecraft:jungle
zoomed 29 70 1 minecraft:jungle
zoomed 30 70 1 minecraft:jungle
zoomed 31 70 1 minecraft:jungle
zoomed 16 70 2 minecraft:jungle
zoomed 17 70 2 minecraft:jungle
zoomed 18 70 2 minecraft:jungle
zoomed 19 70 2 minecraft:jungle
zoomed 20 70 2 minecraft:jungle
zoomed 21 70 2 minecraft:jungle
zoomed 22 70 2 minecraft:jungle
zoomed 23 70 2 minecraft:jungle
zoomed 24 70 2 minecraft:jungle
zoomed 25 70 2 minecraft:jungle
zoomed 26 70 2 minecraft:jungle
zoomed 27 70 2 minecraft:jungle
zoomed 28 70 2 minecraft:jungle
zoomed 29 70 2 minecraft:jungle
zoomed 30 70 2 minecraft:jungle
zoomed 31 70 2 minecraft:jungle
zoomed 16 70 3 minecraft:jungle
zoomed 17 70 3 minecraft:jungle
zoomed 18 70 3 minecraft:jungle
zoomed 19 70 3 minecraft:jungle
zoomed 20 70 3 minecraft:jungle
zoomed 21 70 3 minecraft:jungle
zoomed 22 70 3 minecraft:jungle
zoomed 23 70 3 minecraft:jungle
zoomed 24 70 3 minecraft:jungle
zoomed 25 70 3 minecraft:jungle
zoomed 26 70 3 minecraft:jungle
zoomed 27 70 3 minecraft:jungle
zoomed 28 70 3 minecraft:jungle
zoomed 29 70 3 minecraft:jungle
zoomed 30 70 3 minecraft:jungle
zoomed 31 70 3 minecraft:jungle
zoomed 16 70 4 minecraft:jungle
zoomed 17 70 4 minecraft:jungle
zoomed 18 70 4 minecraft:jungle
zoomed 19 70 4 minecraft:jungle
zoomed 20 70 4 minecraft:jungle
zoomed 21 70 4 minecraft:jungle
zoomed 22 70 4 minecraft:jungle
zoomed 23 70 4 minecraft:jungle
zoomed 24 70 4 minecraft:jungle
zoomed 25 70 4 minecraft:jungle
zoomed 26 70 4 minecraft:jungle
zoomed 27 70 4 minecraft:jungle
zoomed 28 70 4 minecraft:jungle
zoomed 29 70 4 minecraft:jungle
zoomed 30 70 4 minecraft:jungle
zoomed 31 70 4 minecraft:jungle
zoomed 16 70 5 minecraft:jungle
zoomed 17 70 5 minecraft:jungle
zoomed 18 70 5 minecraft:jungle
zoomed 19 70 5 minecraft:jungle
zoomed 20 70 5 minecraft:jungle
zoomed 21 70 5 minecraft:jungle
zoomed 22 70 5 minecraft:jungle
zoomed 23 70 5 minecraft:jungle
zoomed 24 70 5 minecraft:jungle
zoomed 25 70 5 minecraft:jungle
zoomed 26 70 5 minecraft:jungle
zoomed 27 70 5 minecraft:jungle
zoomed 28 70 5 minecraft:jungle
zoomed 29 70 5 minecraft:jungle
zoomed 30 70 5 minecraft:jungle
zoomed 31 70 5 minecraft:jungle
zoomed 16 70 6 minecraft:jungle
zoomed 17 70 6 minecraft:jungle
zoomed 18 70 6 minecraft:jungle
zoomed 19 70 6 minecraft:jungle
zoomed 20 70 6 minecraft:jungle
zoomed 21 70 6 minecraft:jungle
zoomed 22 70 6 minecraft:jungle
zoomed 23 70 6 minecraft:jungle
zoomed 24 70 6 minecraft:jungle
zoomed 25 70 6 minecraft:jungle
zoomed 26 70 6 minecraft:jungle
zoomed 27 70 6 minecraft:jungle
zoomed 28 70 6 minecraft:jungle
zoomed 29 70 6 minecraft:jungle
zoomed 30 70 6 minecraft:jungle
zoomed 31 70 6 minecraft:jungle
zoomed 16 70 7 minecraft:jungle
zoomed 17 70 7 minecraft:jungle
zoomed 18 70 7 minecraft:jungle
zoomed 19 70 7 minecraft:jungle
zoomed 20 70 7 minecraft:jungle
zoomed 21 70 7 minecraft:jungle
zoomed 22 70 7 minecraft:jungle
zoomed 23 70 7 minecraft:jungle
zoomed 24 70 7 minecraft:jungle
zoomed 25 70 7 minecraft:jungle
zoomed 26 70 7 minecraft:jungle
zoomed 27 70 7 minecraft:jungle
zoomed 28 70 7 minecraft:jungle
zoomed 29 70 7 minecraft:jungle
zoomed 30 70 7 minecraft:jungle
zoomed 31 70 7 minecraft:jungle
zoomed 16 70 8 minecraft:jungle
zoomed 17 70 8 minecraft:jungle
zoomed 18 70 8 minecraft:jungle
zoomed 19 70 8 minecraft:jungle
zoomed 20 70 8 minecraft:jungle
zoomed 21 70 8 minecraft:jungle
zoomed 22 70 8 minecraft:jungle
zoomed 23 70 8 minecraft:jungle
zoomed 24 70 8 minecraft:jungle
zoomed 25 70 8 minecraft:jungle
zoomed 26 70 8 minecraft:jungle
zoomed 27 70 8 minecraft:jungle
zoomed 28 70 8 minecraft:jungle
zoomed 29 70 8 minecraft:jungle
zoomed 30 70 8 minecraft:jungle
zoomed 31 70 8 minecraft:jungle
zoomed 16 70 9 minecraft:jungle
zoomed 17 70 9 minecraft:jungle
zoomed 18 70 9 minecraft:jungle
zoomed 19 70 9 minecraft:jungle
zoomed 20 70 9 minecraft:jungle
zoomed 21 70 9 minecraft:jungle
zoomed 22 70 9 minecraft:jungle
zoomed 23 70 9 minecraft:jungle
zoomed 24 70 9 minecraft:jungle
zoomed 25 70 9 minecraft:jungle
zoomed 26 70 9 minecraft:jungle
zoomed 27 70 9 minecraft:jungle
zoomed 28 70 9 minecraft:jungle
zoomed 29 70 9 minecraft:jungle
zoomed 30 70 9 minecraft:jungle
zoomed 31 70 9 minecraft:jungle
zoomed 16 70 10 minecraft:jungle
zoomed 17 70 10 minecraft:jungle
zoomed 18 70 10 minecraft:jungle
zoomed 19 70 10 minecraft:jungle
zoomed 20 70 10 minecraft:jungle
zoomed 21 70 10 minecraft:jungle
zoomed 22 70 10 minecraft:jungle
zoomed 23 70 10 minecraft:jungle
zoomed 24 70 10 minecraft:jungle
zoomed 25 70 10 minecraft:jungle
zoomed 26 70 10 minecraft:jungle
zoomed 27 70 10 minecraft:jungle
zoomed 28 70 10 minecraft:jungle
zoomed 29 70 10 minecraft:jungle
zoomed 30 70 10 minecraft:jungle
zoomed 31 70 10 minecraft:jungle
zoomed 16 70 11 minecraft:jungle
zoomed 17 70 11 minecraft:jungle
zoomed 18 70 11 minecraft:jungle
zoomed 19 70 11 minecraft:jungle
zoomed 20 70 11 minecraft:jungle
zoomed 21 70 11 minecraft:jungle
zoomed 22 70 11 minecraft:jungle
zoomed 23 70 11 minecraft:jungle
zoomed 24 70 11 minecraft:jungle
zoomed 25 70 11 minecraft:jungle
zoomed 26 70 11 minecraft:jungle
zoomed 27 70 11 minecraft:jungle
zoomed 28 70 11 minecraft:jungle
zoomed 29 70 11 minecraft:jungle
zoomed 30 70 11 minecraft:jungle
zoomed 31 70 11 minecraft:jungle
zoomed 16 70 12 minecraft:jungle
zoomed 17 70 12 minecraft:jungle
zoomed 18 70 12 minecraft:jungle
zoomed 19 70 12 minecraft:jungle
zoomed 20 70 12 minecraft:jungle
zoomed 21 70 12 minecraft:jungle
zoomed 22 70 12 minecraft:jungle
zoomed 23 70 12 minecraft:jungle
zoomed 24 70 12 minecraft:jungle
zoomed 25 70 12 minecraft:jungle
zoomed 26 70 12 minecraft:jungle
zoomed 27 70 12 minecraft:jungle
zoomed 28 70 12 minecraft:jungle
zoomed 29 70 12 minecraft:jungle
zoomed 30 70 12 minecraft:jungle
zoomed 31 70 12 minecraft:jungle
zoomed 16 70 13 minecraft:jungle
zoomed 17 70 13 minecraft:jungle
zoomed 18 70 13 minecraft:jungle
zoomed 19 70 13 minecraft:jungle
zoomed 20 70 13 minecraft:jungle
zoomed 21 70 13 minecraft:jungle
zoomed 22 70 13 minecraft:jungle
zoomed 23 70 13 minecraft:jungle
zoomed 24 70 13 minecraft:jungle
zoomed 25 70 13 minecraft:jungle
zoomed 26 70 13 minecraft:jungle
zoomed 27 70 13 minecraft:jungle
zoomed 28 70 13 minecraft:jungle
zoomed 29 70 13 minecraft:jungle
zoomed 30 70 13 minecraft:jungle
zoomed 31 70 13 minecraft:jungle
zoomed 16 70 14 minecraft:jungle
zoomed 17 70 14 minecraft:jungle
zoomed 18 70 14 minecraft:jungle
zoomed 19 70 14 minecraft:jungle
zoomed 20 70 14 minecraft:jungle
zoomed 21 70 14 minecraft:jungle
zoomed 22 70 14 minecraft:jungle
zoomed 23 70 14 minecraft:jungle
zoomed 24 70 14 minecraft:jungle
zoomed 25 70 14 minecraft:jungle
zoomed 26 70 14 minecraft:jungle
zoomed 27 70 14 minecraft:jungle
zoomed 28 70 14 minecraft:jungle
zoomed 29 70 14 minecraft:jungle
zoomed 30 70 14 minecraft:jungle
zoomed 31 70 14 minecraft:jungle
zoomed 16 70 15 minecraft:jungle
zoomed 17 70 15 minecraft:jungle
zoomed 18 70 15 minecraft:jungle
zoomed 19 70 15 minecraft:jungle
zoomed 20 70 15 minecraft:jungle
zoomed 21 70 15 minecraft:jungle
zoomed 22 70 15 minecraft:jungle
zoomed 23 70 15 minecraft:jungle
zoomed 24 70 15 minecraft:jungle
zoomed 25 70 15 minecraft:jungle
zoomed 26 70 15 minecraft:jungle
zoomed 27 70 15 minecraft:jungle
zoomed 28 70 15 minecraft:jungle
zoomed 29 70 15 minecraft:jungle
zoomed 30 70 15 minecraft:jungle
zoomed 31 70 15 minecraft:jungle
zoomed 16 90 0 minecraft:jungle
zoomed 17 90 0 minecraft:jungle
zoomed 18 90 0 minecraft:jungle
zoomed 19 90 0 minecraft:jungle
zoomed 20 90 0 minecraft:jungle
zoomed 21 90 0 minecraft:jungle
zoomed 22 90 0 minecraft:jungle
zoomed 23 90 0 minecraft:jungle
zoomed 24 90 0 minecraft:jungle
zoomed 25 90 0 minecraft:jungle
zoomed 26 90 0 minecraft:jungle
zoomed 27 90 0 minecraft:jungle
zoomed 28 90 0 minecraft:jungle
zoomed 29 90 0 minecraft:jungle
zoomed 30 90 0 minecraft:jungle
zoomed 31 90 0 minecraft:jungle
zoomed 16 90 1 minecraft:jungle
zoomed 17 90 1 minecraft:jungle
zoomed 18 90 1 minecraft:jungle
zoomed 19 90 1 minecraft:jungle
zoomed 20 90 1 minecraft:jungle
zoomed 21 90 1 minecraft:jungle
zoomed 22 90 1 minecraft:jungle
zoomed 23 90 1 minecraft:jungle
zoomed 24 90 1 minecraft:jungle
zoomed 25 90 1 minecraft:jungle
zoomed 26 90 1 minecraft:jungle
zoomed 27 90 1 minecraft:jungle
zoomed 28 90 1 minecraft:jungle
zoomed 29 90 1 minecraft:jungle
zoomed 30 90 1 minecraft:jungle
zoomed 31 90 1 minecraft:jungle
zoomed 16 90 2 minecraft:jungle
zoomed 17 90 2 minecraft:jungle
zoomed 18 90 2 minecraft:jungle
zoomed 19 90 2 minecraft:jungle
zoomed 20 90 2 minecraft:jungle
zoomed 21 90 2 minecraft:jungle
zoomed 22 90 2 minecraft:jungle
zoomed 23 90 2 minecraft:jungle
zoomed 24 90 2 minecraft:jungle
zoomed 25 90 2 minecraft:jungle
zoomed 26 90 2 minecraft:jungle
zoomed 27 90 2 minecraft:jungle
zoomed 28 90 2 minecraft:jungle
zoomed 29 90 2 minecraft:jungle
zoomed 30 90 2 minecraft:jungle
zoomed 31 90 2 minecraft:jungle
zoomed 16 90 3 minecraft:jungle
zoomed 17 90 3 minecraft:jungle
zoomed 18 90 3 minecraft:jungle
zoomed 19 90 3 minecraft:jungle
zoomed 20 90 3 minecraft:jungle
zoomed 21 90 3 minecraft:jungle
zoomed 22 90 3 minecraft:jungle
zoomed 23 90 3 minecraft:jungle
zoomed 24 90 3 minecraft:jungle
zoomed 25 90 3 minecraft:jungle
zoomed 26 90 3 minecraft:jungle
zoomed 27 90 3 minecraft:jungle
zoomed 28 90 3 minecraft:jungle
zoomed 29 90 3 minecraft:jungle
zoomed 30 90 3 minecraft:jungle
zoomed 31 90 3 minecraft:jungle
zoomed 16 90 4 minecraft:jungle
zoomed 17 90 4 minecraft:jungle
zoomed 18 90 4 minecraft:jungle
zoomed 19 90 4 minecraft:jungle
zoomed 20 90 4 minecraft:jungle
zoomed 21 90 4 minecraft:jungle
zoomed 22 90 4 minecraft:jungle
zoomed 23 90 4 minecraft:jungle
zoomed 24 90 4 minecraft:jungle
zoomed 25 90 4 minecraft:jungle
zoomed 26 90 4 minecraft:jungle
zoomed 27 90 4 minecraft:jungle
zoomed 28 90 4 minecraft:jungle
zoomed 29 90 4 minecraft:jungle
zoomed 30 90 4 minecraft:jungle
zoomed 31 90 4 minecraft:jungle
zoomed 16 90 5 minecraft:jungle
zoomed 17 90 5 minecraft:jungle
zoomed 18 90 5 minecraft:jungle
zoomed 19 90 5 minecraft:jungle
zoomed 20 90 5 minecraft:jungle
zoomed 21 90 5 minecraft:jungle
zoomed 22 90 5 minecraft:jungle
zoomed 23 90 5 minecraft:jungle
zoomed 24 90 5 minecraft:jungle
zoomed 25 90 5 minecraft:jungle
zoomed 26 90 5 minecraft:jungle
zoomed 27 90 5 minecraft:jungle
zoomed 28 90 5 minecraft:jungle
zoomed 29 90 5 minecraft:jungle
zoomed 30 90 5 minecraft:jungle
zoomed 31 90 5 minecraft:jungle
zoomed 16 90 6 minecraft:jungle
zoomed 17 90 6 minecraft:jungle
zoomed 18 90 6 minecraft:jungle
zoomed 19 90 6 minecraft:jungle
zoomed 20 90 6 minecraft:jungle
zoomed 21 90 6 minecraft:jungle
zoomed 22 90 6 minecraft:jungle
zoomed 23 90 6 minecraft:jungle
zoomed 24 90 6 minecraft:jungle
zoomed 25 90 6 minecraft:jungle
zoomed 26 90 6 minecraft:jungle
zoomed 27 90 6 minecraft:jungle
zoomed 28 90 6 minecraft:jungle
zoomed 29 90 6 minecraft:jungle
zoomed 30 90 6 minecraft:jungle
zoomed 31 90 6 minecraft:jungle
zoomed 16 90 7 minecraft:jungle
zoomed 17 90 7 minecraft:jungle
zoomed 18 90 7 minecraft:jungle
zoomed 19 90 7 minecraft:jungle
zoomed 20 90 7 minecraft:jungle
zoomed 21 90 7 minecraft:jungle
zoomed 22 90 7 minecraft:jungle
zoomed 23 90 7 minecraft:jungle
zoomed 24 90 7 minecraft:jungle
zoomed 25 90 7 minecraft:jungle
zoomed 26 90 7 minecraft:jungle
zoomed 27 90 7 minecraft:jungle
zoomed 28 90 7 minecraft:jungle
zoomed 29 90 7 minecraft:jungle
zoomed 30 90 7 minecraft:jungle
zoomed 31 90 7 minecraft:jungle
zoomed 16 90 8 minecraft:jungle
zoomed 17 90 8 minecraft:jungle
zoomed 18 90 8 minecraft:jungle
zoomed 19 90 8 minecraft:jungle
zoomed 20 90 8 minecraft:jungle
zoomed 21 90 8 minecraft:jungle
zoomed 22 90 8 minecraft:jungle
zoomed 23 90 8 minecraft:jungle
zoomed 24 90 8 minecraft:jungle
zoomed 25 90 8 minecraft:jungle
zoomed 26 90 8 minecraft:jungle
zoomed 27 90 8 minecraft:jungle
zoomed 28 90 8 minecraft:jungle
zoomed 29 90 8 minecraft:jungle
zoomed 30 90 8 minecraft:jungle
zoomed 31 90 8 minecraft:jungle
zoomed 16 90 9 minecraft:jungle
zoomed 17 90 9 minecraft:jungle
zoomed 18 90 9 minecraft:jungle
zoomed 19 90 9 minecraft:jungle
zoomed 20 90 9 minecraft:jungle
zoomed 21 90 9 minecraft:jungle
zoomed 22 90 9 minecraft:jungle
zoomed 23 90 9 minecraft:jungle
zoomed 24 90 9 minecraft:jungle
zoomed 25 90 9 minecraft:jungle
zoomed 26 90 9 minecraft:jungle
zoomed 27 90 9 minecraft:jungle
zoomed 28 90 9 minecraft:jungle
zoomed 29 90 9 minecraft:jungle
zoomed 30 90 9 minecraft:jungle
zoomed 31 90 9 minecraft:jungle
zoomed 16 90 10 minecraft:jungle
zoomed 17 90 10 minecraft:jungle
zoomed 18 90 10 minecraft:jungle
zoomed 19 90 10 minecraft:jungle
zoomed 20 90 10 minecraft:jungle
zoomed 21 90 10 minecraft:jungle
zoomed 22 90 10 minecraft:jungle
zoomed 23 90 10 minecraft:jungle
zoomed 24 90 10 minecraft:jungle
zoomed 25 90 10 minecraft:jungle
zoomed 26 90 10 minecraft:jungle
zoomed 27 90 10 minecraft:jungle
zoomed 28 90 10 minecraft:jungle
zoomed 29 90 10 minecraft:jungle
zoomed 30 90 10 minecraft:jungle
zoomed 31 90 10 minecraft:jungle
zoomed 16 90 11 minecraft:jungle
zoomed 17 90 11 minecraft:jungle
zoomed 18 90 11 minecraft:jungle
zoomed 19 90 11 minecraft:jungle
zoomed 20 90 11 minecraft:jungle
zoomed 21 90 11 minecraft:jungle
zoomed 22 90 11 minecraft:jungle
zoomed 23 90 11 minecraft:jungle
zoomed 24 90 11 minecraft:jungle
zoomed 25 90 11 minecraft:jungle
zoomed 26 90 11 minecraft:jungle
zoomed 27 90 11 minecraft:jungle
zoomed 28 90 11 minecraft:jungle
zoomed 29 90 11 minecraft:jungle
zoomed 30 90 11 minecraft:jungle
zoomed 31 90 11 minecraft:jungle
zoomed 16 90 12 minecraft:jungle
zoomed 17 90 12 minecraft:jungle
zoomed 18 90 12 minecraft:jungle
zoomed 19 90 12 minecraft:jungle
zoomed 20 90 12 minecraft:jungle
zoomed 21 90 12 minecraft:jungle
zoomed 22 90 12 minecraft:jungle
zoomed 23 90 12 minecraft:jungle
zoomed 24 90 12 minecraft:jungle
zoomed 25 90 12 minecraft:jungle
zoomed 26 90 12 minecraft:jungle
zoomed 27 90 12 minecraft:jungle
zoomed 28 90 12 minecraft:jungle
zoomed 29 90 12 minecraft:jungle
zoomed 30 90 12 minecraft:jungle
zoomed 31 90 12 minecraft:jungle
zoomed 16 90 13 minecraft:jungle
zoomed 17 90 13 minecraft:jungle
zoomed 18 90 13 minecraft:jungle
zoomed 19 90 13 minecraft:jungle
zoomed 20 90 13 minecraft:jungle
zoomed 21 90 13 minecraft:jungle
zoomed 22 90 13 minecraft:jungle
zoomed 23 90 13 minecraft:jungle
zoomed 24 90 13 minecraft:jungle
zoomed 25 90 13 minecraft:jungle
zoomed 26 90 13 minecraft:jungle
zoomed 27 90 13 minecraft:jungle
zoomed 28 90 13 minecraft:jungle
zoomed 29 90 13 minecraft:jungle
zoomed 30 90 13 minecraft:jungle
zoomed 31 90 13 minecraft:jungle
zoomed 16 90 14 minecraft:jungle
zoomed 17 90 14 minecraft:jungle
zoomed 18 90 14 minecraft:jungle
zoomed 19 90 14 minecraft:jungle
zoomed 20 90 14 minecraft:jungle
zoomed 21 90 14 minecraft:jungle
zoomed 22 90 14 minecraft:jungle
zoomed 23 90 14 minecraft:jungle
zoomed 24 90 14 minecraft:jungle
zoomed 25 90 14 minecraft:jungle
zoomed 26 90 14 minecraft:jungle
zoomed 27 90 14 minecraft:jungle
zoomed 28 90 14 minecraft:jungle
zoomed 29 90 14 minecraft:jungle
zoomed 30 90 14 minecraft:jungle
zoomed 31 90 14 minecraft:jungle
zoomed 16 90 15 minecraft:jungle
zoomed 17 90 15 minecraft:jungle
zoomed 18 90 15 minecraft:jungle
zoomed 19 90 15 minecraft:jungle
zoomed 20 90 15 minecraft:jungle
zoomed 21 90 15 minecraft:jungle
zoomed 22 90 15 minecraft:jungle
zoomed 23 90 15 minecraft:jungle
zoomed 24 90 15 minecraft:jungle
zoomed 25 90 15 minecraft:jungle
zoomed 26 90 15 minecraft:jungle
zoomed 27 90 15 minecraft:jungle
zoomed 28 90 15 minecraft:jungle
zoomed 29 90 15 minecraft:jungle
zoomed 30 90 15 minecraft:jungle
zoomed 31 90 15 minecraft:jungle
zoomed 16 110 0 minecraft:jungle
zoomed 17 110 0 minecraft:jungle
zoomed 18 110 0 minecraft:jungle
zoomed 19 110 0 minecraft:jungle
zoomed 20 110 0 minecraft:jungle
zoomed 21 110 0 minecraft:jungle
zoomed 22 110 0 minecraft:jungle
zoomed 23 110 0 minecraft:jungle
zoomed 24 110 0 minecraft:jungle
zoomed 25 110 0 minecraft:jungle
zoomed 26 110 0 minecraft:jungle
zoomed 27 110 0 minecraft:jungle
zoomed 28 110 0 minecraft:jungle
zoomed 29 110 0 minecraft:jungle
zoomed 30 110 0 minecraft:jungle
zoomed 31 110 0 minecraft:beach
zoomed 16 110 1 minecraft:jungle
zoomed 17 110 1 minecraft:jungle
zoomed 18 110 1 minecraft:jungle
zoomed 19 110 1 minecraft:jungle
zoomed 20 110 1 minecraft:jungle
zoomed 21 110 1 minecraft:jungle
zoomed 22 110 1 minecraft:jungle
zoomed 23 110 1 minecraft:jungle
zoomed 24 110 1 minecraft:jungle
zoomed 25 110 1 minecraft:jungle
zoomed 26 110 1 minecraft:jungle
zoomed 27 110 1 minecraft:jungle
zoomed 28 110 1 minecraft:jungle
zoomed 29 110 1 minecraft:jungle
zoomed 30 110 1 minecraft:jungle
zoomed 31 110 1 minecraft:jungle
zoomed 16 110 2 minecraft:jungle
zoomed 17 110 2 minecraft:jungle
zoomed 18 110 2 minecraft:jungle
zoomed 19 110 2 minecraft:jungle
zoomed 20 110 2 minecraft:jungle
zoomed 21 110 2 minecraft:jungle
zoomed 22 110 2 minecraft:jungle
zoomed 23 110 2 minecraft:jungle
zoomed 24 110 2 minecraft:jungle
zoomed 25 110 2 minecraft:jungle
zoomed 26 110 2 minecraft:jungle
zoomed 27 110 2 minecraft:jungle
zoomed 28 110 2 minecraft:jungle
zoomed 29 110 2 minecraft:jungle
zoomed 30 110 2 minecraft:jungle
zoomed 31 110 2 minecraft:jungle
zoomed 16 110 3 minecraft:jungle
zoomed 17 110 3 minecraft:jungle
zoomed 18 110 3 minecraft:jungle
zoomed 19 110 3 minecraft:jungle
zoomed 20 110 3 minecraft:jungle
zoomed 21 110 3 minecraft:jungle
zoomed 22 110 3 minecraft:jungle
zoomed 23 110 3 minecraft:jungle
zoomed 24 110 3 minecraft:jungle
zoomed 25 110 3 minecraft:jungle
zoomed 26 110 3 minecraft:jungle
zoomed 27 110 3 minecraft:jungle
zoomed 28 110 3 minecraft:jungle
zoomed 29 110 3 minecraft:jungle
zoomed 30 110 3 minecraft:jungle
zoomed 31 110 3 minecraft:jungle
zoomed 16 110 4 minecraft:jungle
zoomed 17 110 4 minecraft:jungle
zoomed 18 110 4 minecraft:jungle
zoomed 19 110 4 minecraft:jungle
zoomed 20 110 4 minecraft:jungle
zoomed 21 110 4 minecraft:jungle
zoomed 22 110 4 minecraft:jungle
zoomed 23 110 4 minecraft:jungle
zoomed 24 110 4 minecraft:jungle
zoomed 25 110 4 minecraft:jungle
zoomed 26 110 4 minecraft:jungle
zoomed 27 110 4 minecraft:jungle
zoomed 28 110 4 minecraft:jungle
zoomed 29 110 4 minecraft:jungle
zoomed 30 110 4 minecraft:jungle
zoomed 31 110 4 minecraft:jungle
zoomed 16 110 5 minecraft:jungle
zoomed 17 110 5 minecraft:jungle
zoomed 18 110 5 minecraft:jungle
zoomed 19 110 5 minecraft:jungle
zoomed 20 110 5 minecraft:jungle
zoomed 21 110 5 minecraft:jungle
zoomed 22 110 5 minecraft:jungle
zoomed 23 110 5 minecraft:jungle
zoomed 24 110 5 minecraft:jungle
zoomed 25 110 5 minecraft:jungle
zoomed 26 110 5 minecraft:jungle
zoomed 27 110 5 minecraft:jungle
zoomed 28 110 5 minecraft:jungle
zoomed 29 110 5 minecraft:jungle
zoomed 30 110 5 minecraft:jungle
zoomed 31 110 5 minecraft:jungle
zoomed 16 110 6 minecraft:jungle
zoomed 17 110 6 minecraft:jungle
zoomed 18 110 6 minecraft:jungle
zoomed 19 110 6 minecraft:jungle
zoomed 20 110 6 minecraft:jungle
zoomed 21 110 6 minecraft:jungle
zoomed 22 110 6 minecraft:jungle
zoomed 23 110 6 minecraft:jungle
zoomed 24 110 6 minecraft:jungle
zoomed 25 110 6 minecraft:jungle
zoomed 26 110 6 minecraft:jungle
zoomed 27 110 6 minecraft:jungle
zoomed 28 110 6 minecraft:jungle
zoomed 29 110 6 minecraft:jungle
zoomed 30 110 6 minecraft:jungle
zoomed 31 110 6 minecraft:jungle
zoomed 16 110 7 minecraft:jungle
zoomed 17 110 7 minecraft:jungle
zoomed 18 110 7 minecraft:jungle
zoomed 19 110 7 minecraft:jungle
zoomed 20 110 7 minecraft:jungle
zoomed 21 110 7 minecraft:jungle
zoomed 22 110 7 minecraft:jungle
zoomed 23 110 7 minecraft:jungle
zoomed 24 110 7 minecraft:jungle
zoomed 25 110 7 minecraft:jungle
zoomed 26 110 7 minecraft:jungle
zoomed 27 110 7 minecraft:jungle
zoomed 28 110 7 minecraft:jungle
zoomed 29 110 7 minecraft:jungle
zoomed 30 110 7 minecraft:jungle
zoomed 31 110 7 minecraft:jungle
zoomed 16 110 8 minecraft:jungle
zoomed 17 110 8 minecraft:jungle
zoomed 18 110 8 minecraft:jungle
zoomed 19 110 8 minecraft:jungle
zoomed 20 110 8 minecraft:jungle
zoomed 21 110 8 minecraft:jungle
zoomed 22 110 8 minecraft:jungle
zoomed 23 110 8 minecraft:jungle
zoomed 24 110 8 minecraft:jungle
zoomed 25 110 8 minecraft:jungle
zoomed 26 110 8 minecraft:jungle
zoomed 27 110 8 minecraft:jungle
zoomed 28 110 8 minecraft:jungle
zoomed 29 110 8 minecraft:jungle
zoomed 30 110 8 minecraft:jungle
zoomed 31 110 8 minecraft:jungle
zoomed 16 110 9 minecraft:jungle
zoomed 17 110 9 minecraft:jungle
zoomed 18 110 9 minecraft:jungle
zoomed 19 110 9 minecraft:jungle
zoomed 20 110 9 minecraft:jungle
zoomed 21 110 9 minecraft:jungle
zoomed 22 110 9 minecraft:jungle
zoomed 23 110 9 minecraft:jungle
zoomed 24 110 9 minecraft:jungle
zoomed 25 110 9 minecraft:jungle
zoomed 26 110 9 minecraft:jungle
zoomed 27 110 9 minecraft:jungle
zoomed 28 110 9 minecraft:jungle
zoomed 29 110 9 minecraft:jungle
zoomed 30 110 9 minecraft:jungle
zoomed 31 110 9 minecraft:jungle
zoomed 16 110 10 minecraft:jungle
zoomed 17 110 10 minecraft:jungle
zoomed 18 110 10 minecraft:jungle
zoomed 19 110 10 minecraft:jungle
zoomed 20 110 10 minecraft:jungle
zoomed 21 110 10 minecraft:jungle
zoomed 22 110 10 minecraft:jungle
zoomed 23 110 10 minecraft:jungle
zoomed 24 110 10 minecraft:jungle
zoomed 25 110 10 minecraft:jungle
zoomed 26 110 10 minecraft:jungle
zoomed 27 110 10 minecraft:jungle
zoomed 28 110 10 minecraft:jungle
zoomed 29 110 10 minecraft:jungle
zoomed 30 110 10 minecraft:jungle
zoomed 31 110 10 minecraft:jungle
zoomed 16 110 11 minecraft:jungle
zoomed 17 110 11 minecraft:jungle
zoomed 18 110 11 minecraft:jungle
zoomed 19 110 11 minecraft:jungle
zoomed 20 110 11 minecraft:jungle
zoomed 21 110 11 minecraft:jungle
zoomed 22 110 11 minecraft:jungle
zoomed 23 110 11 minecraft:jungle
zoomed 24 110 11 minecraft:jungle
zoomed 25 110 11 minecraft:jungle
zoomed 26 110 11 minecraft:jungle
zoomed 27 110 11 minecraft:jungle
zoomed 28 110 11 minecraft:jungle
zoomed 29 110 11 minecraft:jungle
zoomed 30 110 11 minecraft:jungle
zoomed 31 110 11 minecraft:jungle
zoomed 16 110 12 minecraft:jungle
zoomed 17 110 12 minecraft:jungle
zoomed 18 110 12 minecraft:jungle
zoomed 19 110 12 minecraft:jungle
zoomed 20 110 12 minecraft:jungle
zoomed 21 110 12 minecraft:jungle
zoomed 22 110 12 minecraft:jungle
zoomed 23 110 12 minecraft:jungle
zoomed 24 110 12 minecraft:jungle
zoomed 25 110 12 minecraft:jungle
zoomed 26 110 12 minecraft:jungle
zoomed 27 110 12 minecraft:jungle
zoomed 28 110 12 minecraft:jungle
zoomed 29 110 12 minecraft:jungle
zoomed 30 110 12 minecraft:jungle
zoomed 31 110 12 minecraft:jungle
zoomed 16 110 13 minecraft:jungle
zoomed 17 110 13 minecraft:jungle
zoomed 18 110 13 minecraft:jungle
zoomed 19 110 13 minecraft:jungle
zoomed 20 110 13 minecraft:jungle
zoomed 21 110 13 minecraft:jungle
zoomed 22 110 13 minecraft:jungle
zoomed 23 110 13 minecraft:jungle
zoomed 24 110 13 minecraft:jungle
zoomed 25 110 13 minecraft:jungle
zoomed 26 110 13 minecraft:jungle
zoomed 27 110 13 minecraft:jungle
zoomed 28 110 13 minecraft:jungle
zoomed 29 110 13 minecraft:jungle
zoomed 30 110 13 minecraft:jungle
zoomed 31 110 13 minecraft:jungle
zoomed 16 110 14 minecraft:jungle
zoomed 17 110 14 minecraft:jungle
zoomed 18 110 14 minecraft:jungle
zoomed 19 110 14 minecraft:jungle
zoomed 20 110 14 minecraft:jungle
zoomed 21 110 14 minecraft:jungle
zoomed 22 110 14 minecraft:jungle
zoomed 23 110 14 minecraft:jungle
zoomed 24 110 14 minecraft:jungle
zoomed 25 110 14 minecraft:jungle
zoomed 26 110 14 minecraft:jungle
zoomed 27 110 14 minecraft:jungle
zoomed 28 110 14 minecraft:jungle
zoomed 29 110 14 minecraft:jungle
zoomed 30 110 14 minecraft:jungle
zoomed 31 110 14 minecraft:jungle
zoomed 16 110 15 minecraft:jungle
zoomed 17 110 15 minecraft:jungle
zoomed 18 110 15 minecraft:jungle
zoomed 19 110 15 minecraft:jungle
zoomed 20 110 15 minecraft:jungle
zoomed 21 110 15 minecraft:jungle
zoomed 22 110 15 minecraft:jungle
zoomed 23 110 15 minecraft:jungle
zoomed 24 110 15 minecraft:jungle
zoomed 25 110 15 minecraft:jungle
zoomed 26 110 15 minecraft:jungle
zoomed 27 110 15 minecraft:jungle
zoomed 28 110 15 minecraft:jungle
zoomed 29 110 15 minecraft:jungle
zoomed 30 110 15 minecraft:jungle
zoomed 31 110 15 minecraft:jungle
zoomed -16 -64 -16 minecraft:jungle
zoomed -15 -64 -16 minecraft:jungle
zoomed -14 -64 -16 minecraft:jungle
zoomed -13 -64 -16 minecraft:jungle
zoomed -12 -64 -16 minecraft:jungle
zoomed -11 -64 -16 minecraft:jungle
zoomed -10 -64 -16 minecraft:jungle
zoomed -9 -64 -16 minecraft:jungle
zoomed -8 -64 -16 minecraft:jungle
zoomed -7 -64 -16 minecraft:jungle
zoomed -6 -64 -16 minecraft:jungle
zoomed -5 -64 -16 minecraft:jungle
zoomed -4 -64 -16 minecraft:jungle
zoomed -3 -64 -16 minecraft:jungle
zoomed -2 -64 -16 minecraft:jungle
zoomed -1 -64 -16 minecraft:jungle
zoomed -16 -64 -15 minecraft:jungle
zoomed -15 -64 -15 minecraft:jungle
zoomed -14 -64 -15 minecraft:jungle
zoomed -13 -64 -15 minecraft:jungle
zoomed -12 -64 -15 minecraft:jungle
zoomed -11 -64 -15 minecraft:jungle
zoomed -10 -64 -15 minecraft:jungle
zoomed -9 -64 -15 minecraft:jungle
zoomed -8 -64 -15 minecraft:jungle
zoomed -7 -64 -15 minecraft:jungle
zoomed -6 -64 -15 minecraft:jungle
zoomed -5 -64 -15 minecraft:jungle
zoomed -4 -64 -15 minecraft:jungle
zoomed -3 -64 -15 minecraft:jungle
zoomed -2 -64 -15 minecraft:jungle
zoomed -1 -64 -15 minecraft:jungle
zoomed -16 -64 -14 minecraft:jungle
zoomed -15 -64 -14 minecraft:jungle
zoomed -14 -64 -14 minecraft:jungle
zoomed -13 -64 -14 minecraft:jungle
zoomed -12 -64 -14 minecraft:jungle
zoomed -11 -64 -14 minecraft:jungle
zoomed -10 -64 -14 minecraft:jungle
zoomed -9 -64 -14 minecraft:jungle
zoomed -8 -64 -14 minecraft:jungle
zoomed -7 -64 -14 minecraft:jungle
zoomed -6 -64 -14 minecraft:jungle
zoomed -5 -64 -14 minecraft:jungle
zoomed -4 -64 -14 minecraft:jungle
zoomed -3 -64 -14 minecraft:jungle
zoomed -2 -64 -14 minecraft:jungle
zoomed -1 -64 -14 minecraft:jungle
zoomed -16 -64 -13 minecraft:jungle
zoomed -15 -64 -13 minecraft:jungle
zoomed -14 -64 -13 minecraft:jungle
zoomed -13 -64 -13 minecraft:jungle
zoomed -12 -64 -13 minecraft:jungle
zoomed -11 -64 -13 minecraft:jungle
zoomed -10 -64 -13 minecraft:jungle
zoomed -9 -64 -13 minecraft:jungle
zoomed -8 -64 -13 minecraft:jungle
zoomed -7 -64 -13 minecraft:jungle
zoomed -6 -64 -13 minecraft:jungle
zoomed -5 -64 -13 minecraft:jungle
zoomed -4 -64 -13 minecraft:jungle
zoomed -3 -64 -13 minecraft:jungle
zoomed -2 -64 -13 minecraft:jungle
zoomed -1 -64 -13 minecraft:jungle
zoomed -16 -64 -12 minecraft:jungle
zoomed -15 -64 -12 minecraft:jungle
zoomed -14 -64 -12 minecraft:jungle
zoomed -13 -64 -12 minecraft:jungle
zoomed -12 -64 -12 minecraft:jungle
zoomed -11 -64 -12 minecraft:jungle
zoomed -10 -64 -12 minecraft:jungle
zoomed -9 -64 -12 minecraft:jungle
zoomed -8 -64 -12 minecraft:jungle
zoomed -7 -64 -12 minecraft:jungle
zoomed -6 -64 -12 minecraft:jungle
zoomed -5 -64 -12 minecraft:jungle
zoomed -4 -64 -12 minecraft:jungle
zoomed -3 -64 -12 minecraft:jungle
zoomed -2 -64 -12 minecraft:jungle
zoomed -1 -64 -12 minecraft:jungle
zoomed -16 -64 -11 minecraft:jungle
zoomed -15 -64 -11 minecraft:jungle
zoomed -14 -64 -11 minecraft:jungle
zoomed -13 -64 -11 minecraft:jungle
zoomed -12 -64 -11 minecraft:jungle
zoomed -11 -64 -11 minecraft:jungle
zoomed -10 -64 -11 minecraft:jungle
zoomed -9 -64 -11 minecraft:jungle
zoomed -8 -64 -11 minecraft:jungle
zoomed -7 -64 -11 minecraft:jungle
zoomed -6 -64 -11 minecraft:jungle
zoomed -5 -64 -11 minecraft:jungle
zoomed -4 -64 -11 minecraft:jungle
zoomed -3 -64 -11 minecraft:jungle
zoomed -2 -64 -11 minecraft:jungle
zoomed -1 -64 -11 minecraft:jungle
zoomed -16 -64 -10 minecraft:jungle
zoomed -15 -64 -10 minecraft:jungle
zoomed -14 -64 -10 minecraft:jungle
zoomed -13 -64 -10 minecraft:jungle
zoomed -12 -64 -10 minecraft:jungle
zoomed -11 -64 -10 minecraft:jungle
zoomed -10 -64 -10 minecraft:jungle
zoomed -9 -64 -10 minecraft:jungle
zoomed -8 -64 -10 minecraft:jungle
zoomed -7 -64 -10 minecraft:jungle
zoomed -6 -64 -10 minecraft:jungle
zoomed -5 -64 -10 minecraft:jungle
zoomed -4 -64 -10 minecraft:jungle
zoomed -3 -64 -10 minecraft:jungle
zoomed -2 -64 -10 minecraft:jungle
zoomed -1 -64 -10 minecraft:jungle
zoomed -16 -64 -9 minecraft:jungle
zoomed -15 -64 -9 minecraft:jungle
zoomed -14 -64 -9 minecraft:jungle
zoomed -13 -64 -9 minecraft:jungle
zoomed -12 -64 -9 minecraft:jungle
zoomed -11 -64 -9 minecraft:jungle
zoomed -10 -64 -9 minecraft:jungle
zoomed -9 -64 -9 minecraft:jungle
zoomed -8 -64 -9 minecraft:jungle
zoomed -7 -64 -9 minecraft:jungle
zoomed -6 -64 -9 minecraft:jungle
zoomed -5 -64 -9 minecraft:jungle
zoomed -4 -64 -9 minecraft:jungle
zoomed -3 -64 -9 minecraft:jungle
zoomed -2 -64 -9 minecraft:jungle
zoomed -1 -64 -9 minecraft:jungle
zoomed -16 -64 -8 minecraft:jungle
zoomed -15 -64 -8 minecraft:jungle
zoomed -14 -64 -8 minecraft:jungle
zoomed -13 -64 -8 minecraft:jungle
zoomed -12 -64 -8 minecraft:jungle
zoomed -11 -64 -8 minecraft:jungle
zoomed -10 -64 -8 minecraft:jungle
zoomed -9 -64 -8 minecraft:jungle
zoomed -8 -64 -8 minecraft:jungle
zoomed -7 -64 -8 minecraft:jungle
zoomed -6 -64 -8 minecraft:jungle
zoomed -5 -64 -8 minecraft:jungle
zoomed -4 -64 -8 minecraft:jungle
zoomed -3 -64 -8 minecraft:jungle
zoomed -2 -64 -8 minecraft:jungle
zoomed -1 -64 -8 minecraft:jungle
zoomed -16 -64 -7 minecraft:jungle
zoomed -15 -64 -7 minecraft:jungle
zoomed -14 -64 -7 minecraft:jungle
zoomed -13 -64 -7 minecraft:jungle
zoomed -12 -64 -7 minecraft:jungle
zoomed -11 -64 -7 minecraft:jungle
zoomed -10 -64 -7 minecraft:jungle
zoomed -9 -64 -7 minecraft:jungle
zoomed -8 -64 -7 minecraft:jungle
zoomed -7 -64 -7 minecraft:jungle
zoomed -6 -64 -7 minecraft:jungle
zoomed -5 -64 -7 minecraft:jungle
zoomed -4 -64 -7 minecraft:jungle
zoomed -3 -64 -7 minecraft:jungle
zoomed -2 -64 -7 minecraft:jungle
zoomed -1 -64 -7 minecraft:jungle
zoomed -16 -64 -6 minecraft:jungle
zoomed -15 -64 -6 minecraft:jungle
zoomed -14 -64 -6 minecraft:jungle
zoomed -13 -64 -6 minecraft:jungle
zoomed -12 -64 -6 minecraft:jungle
zoomed -11 -64 -6 minecraft:jungle
zoomed -10 -64 -6 minecraft:jungle
zoomed -9 -64 -6 minecraft:jungle
zoomed -8 -64 -6 minecraft:jungle
zoomed -7 -64 -6 minecraft:jungle
zoomed -6 -64 -6 minecraft:jungle
zoomed -5 -64 -6 minecraft:jungle
zoomed -4 -64 -6 minecraft:jungle
zoomed -3 -64 -6 minecraft:jungle
zoomed -2 -64 -6 minecraft:jungle
zoomed -1 -64 -6 minecraft:jungle
zoomed -16 -64 -5 minecraft:jungle
zoomed -15 -64 -5 minecraft:jungle
zoomed -14 -64 -5 minecraft:jungle
zoomed -13 -64 -5 minecraft:jungle
zoomed -12 -64 -5 minecraft:jungle
zoomed -11 -64 -5 minecraft:jungle
zoomed -10 -64 -5 minecraft:jungle
zoomed -9 -64 -5 minecraft:jungle
zoomed -8 -64 -5 minecraft:jungle
zoomed -7 -64 -5 minecraft:jungle
zoomed -6 -64 -5 minecraft:jungle
zoomed -5 -64 -5 minecraft:jungle
zoomed -4 -64 -5 minecraft:jungle
zoomed -3 -64 -5 minecraft:jungle
zoomed -2 -64 -5 minecraft:jungle
zoomed -1 -64 -5 minecraft:jungle
zoomed -16 -64 -4 minecraft:jungle
zoomed -15 -64 -4 minecraft:jungle
zoomed -14 -64 -4 minecraft:jungle
zoomed -13 -64 -4 minecraft:jungle
zoomed -12 -64 -4 minecraft:jungle
zoomed -11 -64 -4 minecraft:jungle
zoomed -10 -64 -4 minecraft:jungle
zoomed -9 -64 -4 minecraft:jungle
zoomed -8 -64 -4 minecraft:jungle
zoomed -7 -64 -4 minecraft:jungle
zoomed -6 -64 -4 minecraft:jungle
zoomed -5 -64 -4 minecraft:jungle
zoomed -4 -64 -4 minecraft:jungle
zoomed -3 -64 -4 minecraft:jungle
zoomed -2 -64 -4 minecraft:jungle
zoomed -1 -64 -4 minecraft:jungle
zoomed -16 -64 -3 minecraft:jungle
zoomed -15 -64 -3 minecraft:jungle
zoomed -14 -64 -3 minecraft:jungle
zoomed -13 -64 -3 minecraft:jungle
zoomed -12 -64 -3 minecraft:jungle
zoomed -11 -64 -3 minecraft:jungle
zoomed -10 -64 -3 minecraft:jungle
zoomed -9 -64 -3 minecraft:jungle
zoomed -8 -64 -3 minecraft:jungle
zoomed -7 -64 -3 minecraft:jungle
zoomed -6 -64 -3 minecraft:jungle
zoomed -5 -64 -3 minecraft:jungle
zoomed -4 -64 -3 minecraft:jungle
zoomed -3 -64 -3 minecraft:jungle
zoomed -2 -64 -3 minecraft:jungle
zoomed -1 -64 -3 minecraft:jungle
zoomed -16 -64 -2 minecraft:jungle
zoomed -15 -64 -2 minecraft:jungle
zoomed -14 -64 -2 minecraft:jungle
zoomed -13 -64 -2 minecraft:jungle
zoomed -12 -64 -2 minecraft:jungle
zoomed -11 -64 -2 minecraft:jungle
zoomed -10 -64 -2 minecraft:jungle
zoomed -9 -64 -2 minecraft:jungle
zoomed -8 -64 -2 minecraft:jungle
zoomed -7 -64 -2 minecraft:jungle
zoomed -6 -64 -2 minecraft:jungle
zoomed -5 -64 -2 minecraft:jungle
zoomed -4 -64 -2 minecraft:jungle
zoomed -3 -64 -2 minecraft:jungle
zoomed -2 -64 -2 minecraft:jungle
zoomed -1 -64 -2 minecraft:jungle
zoomed -16 -64 -1 minecraft:jungle
zoomed -15 -64 -1 minecraft:jungle
zoomed -14 -64 -1 minecraft:jungle
zoomed -13 -64 -1 minecraft:jungle
zoomed -12 -64 -1 minecraft:jungle
zoomed -11 -64 -1 minecraft:jungle
zoomed -10 -64 -1 minecraft:jungle
zoomed -9 -64 -1 minecraft:jungle
zoomed -8 -64 -1 minecraft:jungle
zoomed -7 -64 -1 minecraft:jungle
zoomed -6 -64 -1 minecraft:jungle
zoomed -5 -64 -1 minecraft:jungle
zoomed -4 -64 -1 minecraft:jungle
zoomed -3 -64 -1 minecraft:jungle
zoomed -2 -64 -1 minecraft:jungle
zoomed -1 -64 -1 minecraft:jungle
zoomed -16 -60 -16 minecraft:jungle
zoomed -15 -60 -16 minecraft:jungle
zoomed -14 -60 -16 minecraft:jungle
zoomed -13 -60 -16 minecraft:jungle
zoomed -12 -60 -16 minecraft:jungle
zoomed -11 -60 -16 minecraft:jungle
zoomed -10 -60 -16 minecraft:jungle
zoomed -9 -60 -16 minecraft:jungle
zoomed -8 -60 -16 minecraft:jungle
zoomed -7 -60 -16 minecraft:jungle
zoomed -6 -60 -16 minecraft:jungle
zoomed -5 -60 -16 minecraft:jungle
zoomed -4 -60 -16 minecraft:jungle
zoomed -3 -60 -16 minecraft:jungle
zoomed -2 -60 -16 minecraft:jungle
zoomed -1 -60 -16 minecraft:jungle
zoomed -16 -60 -15 minecraft:jungle
zoomed -15 -60 -15 minecraft:jungle
zoomed -14 -60 -15 minecraft:jungle
zoomed -13 -60 -15 minecraft:jungle
zoomed -12 -60 -15 minecraft:jungle
zoomed -11 -60 -15 minecraft:jungle
zoomed -10 -60 -15 minecraft:jungle
zoomed -9 -60 -15 minecraft:jungle
zoomed -8 -60 -15 minecraft:jungle
zoomed -7 -60 -15 minecraft:jungle
zoomed -6 -60 -15 minecraft:jungle
zoomed -5 -60 -15 minecraft:jungle
zoomed -4 -60 -15 minecraft:jungle
zoomed -3 -60 -15 minecraft:jungle
zoomed -2 -60 -15 minecraft:jungle
zoomed -1 -60 -15 minecraft:jungle
zoomed -16 -60 -14 minecraft:jungle
zoomed -15 -60 -14 minecraft:jungle
zoomed -14 -60 -14 minecraft:jungle
zoomed -13 -60 -14 minecraft:jungle
zoomed -12 -60 -14 minecraft:jungle
zoomed -11 -60 -14 minecraft:jungle
zoomed -10 -60 -14 minecraft:jungle
zoomed -9 -60 -14 minecraft:jungle
zoomed -8 -60 -14 minecraft:jungle
zoomed -7 -60 -14 minecraft:jungle
zoomed -6 -60 -14 minecraft:jungle
zoomed -5 -60 -14 minecraft:jungle
zoomed -4 -60 -14 minecraft:jungle
zoomed -3 -60 -14 minecraft:jungle
zoomed -2 -60 -14 minecraft:jungle
zoomed -1 -60 -14 minecraft:jungle
zoomed -16 -60 -13 minecraft:jungle
zoomed -15 -60 -13 minecraft:jungle
zoomed -14 -60 -13 minecraft:jungle
zoomed -13 -60 -13 minecraft:jungle
zoomed -12 -60 -13 minecraft:jungle
zoomed -11 -60 -13 minecraft:jungle
zoomed -10 -60 -13 minecraft:jungle
zoomed -9 -60 -13 minecraft:jungle
zoomed -8 -60 -13 minecraft:jungle
zoomed -7 -60 -13 minecraft:jungle
zoomed -6 -60 -13 minecraft:jungle
zoomed -5 -60 -13 minecraft:jungle
zoomed -4 -60 -13 minecraft:jungle
zoomed -3 -60 -13 minecraft:jungle
zoomed -2 -60 -13 minecraft:jungle
zoomed -1 -60 -13 minecraft:jungle
zoomed -16 -60 -12 minecraft:jungle
zoomed -15 -60 -12 minecraft:jungle
zoomed -14 -60 -12 minecraft:jungle
zoomed -13 -60 -12 minecraft:jungle
zoomed -12 -60 -12 minecraft:jungle
zoomed -11 -60 -12 minecraft:jungle
zoomed -10 -60 -12 minecraft:jungle
zoomed -9 -60 -12 minecraft:jungle
zoomed -8 -60 -12 minecraft:jungle
zoomed -7 -60 -12 minecraft:jungle
zoomed -6 -60 -12 minecraft:jungle
zoomed -5 -60 -12 minecraft:jungle
zoomed -4 -60 -12 minecraft:jungle
zoomed -3 -60 -12 minecraft:jungle
zoomed -2 -60 -12 minecraft:jungle
zoomed -1 -60 -12 minecraft:jungle
zoomed -16 -60 -11 minecraft:jungle
zoomed -15 -60 -11 minecraft:jungle
zoomed -14 -60 -11 minecraft:jungle
zoomed -13 -60 -11 minecraft:jungle
zoomed -12 -60 -11 minecraft:jungle
zoomed -11 -60 -11 minecraft:jungle
zoomed -10 -60 -11 minecraft:jungle
zoomed -9 -60 -11 minecraft:jungle
zoomed -8 -60 -11 minecraft:jungle
zoomed -7 -60 -11 minecraft:jungle
zoomed -6 -60 -11 minecraft:jungle
zoomed -5 -60 -11 minecraft:jungle
zoomed -4 -60 -11 minecraft:jungle
zoomed -3 -60 -11 minecraft:jungle
zoomed -2 -60 -11 minecraft:jungle
zoomed -1 -60 -11 minecraft:jungle
zoomed -16 -60 -10 minecraft:jungle
zoomed -15 -60 -10 minecraft:jungle
zoomed -14 -60 -10 minecraft:jungle
zoomed -13 -60 -10 minecraft:jungle
zoomed -12 -60 -10 minecraft:jungle
zoomed -11 -60 -10 minecraft:jungle
zoomed -10 -60 -10 minecraft:jungle
zoomed -9 -60 -10 minecraft:jungle
zoomed -8 -60 -10 minecraft:jungle
zoomed -7 -60 -10 minecraft:jungle
zoomed -6 -60 -10 minecraft:jungle
zoomed -5 -60 -10 minecraft:jungle
zoomed -4 -60 -10 minecraft:jungle
zoomed -3 -60 -10 minecraft:jungle
zoomed -2 -60 -10 minecraft:jungle
zoomed -1 -60 -10 minecraft:jungle
zoomed -16 -60 -9 minecraft:jungle
zoomed -15 -60 -9 minecraft:jungle
zoomed -14 -60 -9 minecraft:jungle
zoomed -13 -60 -9 minecraft:jungle
zoomed -12 -60 -9 minecraft:jungle
zoomed -11 -60 -9 minecraft:jungle
zoomed -10 -60 -9 minecraft:jungle
zoomed -9 -60 -9 minecraft:jungle
zoomed -8 -60 -9 minecraft:jungle
zoomed -7 -60 -9 minecraft:jungle
zoomed -6 -60 -9 minecraft:jungle
zoomed -5 -60 -9 minecraft:jungle
zoomed -4 -60 -9 minecraft:jungle
zoomed -3 -60 -9 minecraft:jungle
zoomed -2 -60 -9 minecraft:jungle
zoomed -1 -60 -9 minecraft:jungle
zoomed -16 -60 -8 minecraft:jungle
zoomed -15 -60 -8 minecraft:jungle
zoomed -14 -60 -8 minecraft:jungle
zoomed -13 -60 -8 minecraft:jungle
zoomed -12 -60 -8 minecraft:jungle
zoomed -11 -60 -8 minecraft:jungle
zoomed -10 -60 -8 minecraft:jungle
zoomed -9 -60 -8 minecraft:jungle
zoomed -8 -60 -8 minecraft:jungle
zoomed -7 -60 -8 minecraft:jungle
zoomed -6 -60 -8 minecraft:jungle
zoomed -5 -60 -8 minecraft:jungle
zoomed -4 -60 -8 minecraft:jungle
zoomed -3 -60 -8 minecraft:jungle
zoomed -2 -60 -8 minecraft:jungle
zoomed -1 -60 -8 minecraft:jungle
zoomed -16 -60 -7 minecraft:jungle
zoomed -15 -60 -7 minecraft:jungle
zoomed -14 -60 -7 minecraft:jungle
zoomed -13 -60 -7 minecraft:jungle
zoomed -12 -60 -7 minecraft:jungle
zoomed -11 -60 -7 minecraft:jungle
zoomed -10 -60 -7 minecraft:jungle
zoomed -9 -60 -7 minecraft:jungle
zoomed -8 -60 -7 minecraft:jungle
zoomed -7 -60 -7 minecraft:jungle
zoomed -6 -60 -7 minecraft:jungle
zoomed -5 -60 -7 minecraft:jungle
zoomed -4 -60 -7 minecraft:jungle
zoomed -3 -60 -7 minecraft:jungle
zoomed -2 -60 -7 minecraft:jungle
zoomed -1 -60 -7 minecraft:jungle
zoomed -16 -60 -6 minecraft:jungle
zoomed -15 -60 -6 minecraft:jungle
zoomed -14 -60 -6 minecraft:jungle
zoomed -13 -60 -6 minecraft:jungle
zoomed -12 -60 -6 minecraft:jungle
zoomed -11 -60 -6 minecraft:jungle
zoomed -10 -60 -6 minecraft:jungle
zoomed -9 -60 -6 minecraft:jungle
zoomed -8 -60 -6 minecraft:jungle
zoomed -7 -60 -6 minecraft:jungle
zoomed -6 -60 -6 minecraft:jungle
zoomed -5 -60 -6 minecraft:jungle
zoomed -4 -60 -6 minecraft:jungle
zoomed -3 -60 -6 minecraft:jungle
zoomed -2 -60 -6 minecraft:jungle
zoomed -1 -60 -6 minecraft:jungle
zoomed -16 -60 -5 minecraft:jungle
zoomed -15 -60 -5 minecraft:jungle
zoomed -14 -60 -5 minecraft:jungle
zoomed -13 -60 -5 minecraft:jungle
zoomed -12 -60 -5 minecraft:jungle
zoomed -11 -60 -5 minecraft:jungle
zoomed -10 -60 -5 minecraft:jungle
zoomed -9 -60 -5 minecraft:jungle
zoomed -8 -60 -5 minecraft:jungle
zoomed -7 -60 -5 minecraft:jungle
zoomed -6 -60 -5 minecraft:jungle
zoomed -5 -60 -5 minecraft:jungle
zoomed -4 -60 -5 minecraft:jungle
zoomed -3 -60 -5 minecraft:jungle
zoomed -2 -60 -5 minecraft:jungle
zoomed -1 -60 -5 minecraft:jungle
zoomed -16 -60 -4 minecraft:jungle
zoomed -15 -60 -4 minecraft:jungle
zoomed -14 -60 -4 minecraft:jungle
zoomed -13 -60 -4 minecraft:jungle
zoomed -12 -60 -4 minecraft:jungle
zoomed -11 -60 -4 minecraft:jungle
zoomed -10 -60 -4 minecraft:jungle
zoomed -9 -60 -4 minecraft:jungle
zoomed -8 -60 -4 minecraft:jungle
zoomed -7 -60 -4 minecraft:jungle
zoomed -6 -60 -4 minecraft:jungle
zoomed -5 -60 -4 minecraft:jungle
zoomed -4 -60 -4 minecraft:jungle
zoomed -3 -60 -4 minecraft:jungle
zoomed -2 -60 -4 minecraft:jungle
zoomed -1 -60 -4 minecraft:jungle
zoomed -16 -60 -3 minecraft:jungle
zoomed -15 -60 -3 minecraft:jungle
zoomed -14 -60 -3 minecraft:jungle
zoomed -13 -60 -3 minecraft:jungle
zoomed -12 -60 -3 minecraft:jungle
zoomed -11 -60 -3 minecraft:jungle
zoomed -10 -60 -3 minecraft:jungle
zoomed -9 -60 -3 minecraft:jungle
zoomed -8 -60 -3 minecraft:jungle
zoomed -7 -60 -3 minecraft:jungle
zoomed -6 -60 -3 minecraft:jungle
zoomed -5 -60 -3 minecraft:jungle
zoomed -4 -60 -3 minecraft:jungle
zoomed -3 -60 -3 minecraft:jungle
zoomed -2 -60 -3 minecraft:jungle
zoomed -1 -60 -3 minecraft:jungle
zoomed -16 -60 -2 minecraft:jungle
zoomed -15 -60 -2 minecraft:jungle
zoomed -14 -60 -2 minecraft:jungle
zoomed -13 -60 -2 minecraft:jungle
zoomed -12 -60 -2 minecraft:jungle
zoomed -11 -60 -2 minecraft:jungle
zoomed -10 -60 -2 minecraft:jungle
zoomed -9 -60 -2 minecraft:jungle
zoomed -8 -60 -2 minecraft:jungle
zoomed -7 -60 -2 minecraft:jungle
zoomed -6 -60 -2 minecraft:jungle
zoomed -5 -60 -2 minecraft:jungle
zoomed -4 -60 -2 minecraft:jungle
zoomed -3 -60 -2 minecraft:jungle
zoomed -2 -60 -2 minecraft:jungle
zoomed -1 -60 -2 minecraft:jungle
zoomed -16 -60 -1 minecraft:jungle
zoomed -15 -60 -1 minecraft:jungle
zoomed -14 -60 -1 minecraft:jungle
zoomed -13 -60 -1 minecraft:jungle
zoomed -12 -60 -1 minecraft:jungle
zoomed -11 -60 -1 minecraft:jungle
zoomed -10 -60 -1 minecraft:jungle
zoomed -9 -60 -1 minecraft:jungle
zoomed -8 -60 -1 minecraft:jungle
zoomed -7 -60 -1 minecraft:jungle
zoomed -6 -60 -1 minecraft:jungle
zoomed -5 -60 -1 minecraft:jungle
zoomed -4 -60 -1 minecraft:jungle
zoomed -3 -60 -1 minecraft:jungle
zoomed -2 -60 -1 minecraft:jungle
zoomed -1 -60 -1 minecraft:jungle
zoomed -16 -30 -16 minecraft:jungle
zoomed -15 -30 -16 minecraft:jungle
zoomed -14 -30 -16 minecraft:jungle
zoomed -13 -30 -16 minecraft:jungle
zoomed -12 -30 -16 minecraft:jungle
zoomed -11 -30 -16 minecraft:jungle
zoomed -10 -30 -16 minecraft:jungle
zoomed -9 -30 -16 minecraft:jungle
zoomed -8 -30 -16 minecraft:jungle
zoomed -7 -30 -16 minecraft:jungle
zoomed -6 -30 -16 minecraft:jungle
zoomed -5 -30 -16 minecraft:jungle
zoomed -4 -30 -16 minecraft:jungle
zoomed -3 -30 -16 minecraft:jungle
zoomed -2 -30 -16 minecraft:jungle
zoomed -1 -30 -16 minecraft:jungle
zoomed -16 -30 -15 minecraft:jungle
zoomed -15 -30 -15 minecraft:jungle
zoomed -14 -30 -15 minecraft:jungle
zoomed -13 -30 -15 minecraft:jungle
zoomed -12 -30 -15 minecraft:jungle
zoomed -11 -30 -15 minecraft:jungle
zoomed -10 -30 -15 minecraft:jungle
zoomed -9 -30 -15 minecraft:jungle
zoomed -8 -30 -15 minecraft:jungle
zoomed -7 -30 -15 minecraft:jungle
zoomed -6 -30 -15 minecraft:jungle
zoomed -5 -30 -15 minecraft:jungle
zoomed -4 -30 -15 minecraft:jungle
zoomed -3 -30 -15 minecraft:jungle
zoomed -2 -30 -15 minecraft:jungle
zoomed -1 -30 -15 minecraft:jungle
zoomed -16 -30 -14 minecraft:jungle
zoomed -15 -30 -14 minecraft:jungle
zoomed -14 -30 -14 minecraft:jungle
zoomed -13 -30 -14 minecraft:jungle
zoomed -12 -30 -14 minecraft:jungle
zoomed -11 -30 -14 minecraft:jungle
zoomed -10 -30 -14 minecraft:jungle
zoomed -9 -30 -14 minecraft:jungle
zoomed -8 -30 -14 minecraft:jungle
zoomed -7 -30 -14 minecraft:jungle
zoomed -6 -30 -14 minecraft:jungle
zoomed -5 -30 -14 minecraft:jungle
zoomed -4 -30 -14 minecraft:jungle
zoomed -3 -30 -14 minecraft:jungle
zoomed -2 -30 -14 minecraft:jungle
zoomed -1 -30 -14 minecraft:jungle
zoomed -16 -30 -13 minecraft:jungle
zoomed -15 -30 -13 minecraft:jungle
zoomed -14 -30 -13 minecraft:jungle
zoomed -13 -30 -13 minecraft:jungle
zoomed -12 -30 -13 minecraft:jungle
zoomed -11 -30 -13 minecraft:jungle
zoomed -10 -30 -13 minecraft:jungle
zoomed -9 -30 -13 minecraft:jungle
zoomed -8 -30 -13 minecraft:jungle
zoomed -7 -30 -13 minecraft:jungle
zoomed -6 -30 -13 minecraft:jungle
zoomed -5 -30 -13 minecraft:jungle
zoomed -4 -30 -13 minecraft:jungle
zoomed -3 -30 -13 minecraft:jungle
zoomed -2 -30 -13 minecraft:jungle
zoomed -1 -30 -13 minecraft:jungle
zoomed -16 -30 -12 minecraft:jungle
zoomed -15 -30 -12 minecraft:jungle
zoomed -14 -30 -12 minecraft:jungle
zoomed -13 -30 -12 minecraft:jungle
zoomed -12 -30 -12 minecraft:jungle
zoomed -11 -30 -12 minecraft:jungle
zoomed -10 -30 -12 minecraft:jungle
zoomed -9 -30 -12 minecraft:jungle
zoomed -8 -30 -12 minecraft:jungle
zoomed -7 -30 -12 minecraft:jungle
zoomed -6 -30 -12 minecraft:jungle
zoomed -5 -30 -12 minecraft:jungle
zoomed -4 -30 -12 minecraft:jungle
zoomed -3 -30 -12 minecraft:jungle
zoomed -2 -30 -12 minecraft:jungle
zoomed -1 -30 -12 minecraft:jungle
zoomed -16 -30 -11 minecraft:jungle
zoomed -15 -30 -11 minecraft:jungle
zoomed -14 -30 -11 minecraft:jungle
zoomed -13 -30 -11 minecraft:jungle
zoomed -12 -30 -11 minecraft:jungle
zoomed -11 -30 -11 minecraft:jungle
zoomed -10 -30 -11 minecraft:jungle
zoomed -9 -30 -11 minecraft:jungle
zoomed -8 -30 -11 minecraft:jungle
zoomed -7 -30 -11 minecraft:jungle
zoomed -6 -30 -11 minecraft:jungle
zoomed -5 -30 -11 minecraft:jungle
zoomed -4 -30 -11 minecraft:jungle
zoomed -3 -30 -11 minecraft:jungle
zoomed -2 -30 -11 minecraft:jungle
zoomed -1 -30 -11 minecraft:jungle
zoomed -16 -30 -10 minecraft:jungle
zoomed -15 -30 -10 minecraft:jungle
zoomed -14 -30 -10 minecraft:jungle
zoomed -13 -30 -10 minecraft:jungle
zoomed -12 -30 -10 minecraft:jungle
zoomed -11 -30 -10 minecraft:jungle
zoomed -10 -30 -10 minecraft:jungle
zoomed -9 -30 -10 minecraft:jungle
zoomed -8 -30 -10 minecraft:jungle
zoomed -7 -30 -10 minecraft:jungle
zoomed -6 -30 -10 minecraft:jungle
zoomed -5 -30 -10 minecraft:jungle
zoomed -4 -30 -10 minecraft:jungle
zoomed -3 -30 -10 minecraft:jungle
zoomed -2 -30 -10 minecraft:jungle
zoomed -1 -30 -10 minecraft:jungle
zoomed -16 -30 -9 minecraft:jungle
zoomed -15 -30 -9 minecraft:jungle
zoomed -14 -30 -9 minecraft:jungle
zoomed -13 -30 -9 minecraft:jungle
zoomed -12 -30 -9 minecraft:jungle
zoomed -11 -30 -9 minecraft:jungle
zoomed -10 -30 -9 minecraft:jungle
zoomed -9 -30 -9 minecraft:jungle
zoomed -8 -30 -9 minecraft:jungle
zoomed -7 -30 -9 minecraft:jungle
zoomed -6 -30 -9 minecraft:jungle
zoomed -5 -30 -9 minecraft:jungle
zoomed -4 -30 -9 minecraft:jungle
zoomed -3 -30 -9 minecraft:jungle
zoomed -2 -30 -9 minecraft:jungle
zoomed -1 -30 -9 minecraft:jungle
zoomed -16 -30 -8 minecraft:jungle
zoomed -15 -30 -8 minecraft:jungle
zoomed -14 -30 -8 minecraft:jungle
zoomed -13 -30 -8 minecraft:jungle
zoomed -12 -30 -8 minecraft:jungle
zoomed -11 -30 -8 minecraft:jungle
zoomed -10 -30 -8 minecraft:jungle
zoomed -9 -30 -8 minecraft:jungle
zoomed -8 -30 -8 minecraft:jungle
zoomed -7 -30 -8 minecraft:jungle
zoomed -6 -30 -8 minecraft:jungle
zoomed -5 -30 -8 minecraft:jungle
zoomed -4 -30 -8 minecraft:jungle
zoomed -3 -30 -8 minecraft:jungle
zoomed -2 -30 -8 minecraft:jungle
zoomed -1 -30 -8 minecraft:jungle
zoomed -16 -30 -7 minecraft:jungle
zoomed -15 -30 -7 minecraft:jungle
zoomed -14 -30 -7 minecraft:jungle
zoomed -13 -30 -7 minecraft:jungle
zoomed -12 -30 -7 minecraft:jungle
zoomed -11 -30 -7 minecraft:jungle
zoomed -10 -30 -7 minecraft:jungle
zoomed -9 -30 -7 minecraft:jungle
zoomed -8 -30 -7 minecraft:jungle
zoomed -7 -30 -7 minecraft:jungle
zoomed -6 -30 -7 minecraft:jungle
zoomed -5 -30 -7 minecraft:jungle
zoomed -4 -30 -7 minecraft:jungle
zoomed -3 -30 -7 minecraft:jungle
zoomed -2 -30 -7 minecraft:jungle
zoomed -1 -30 -7 minecraft:jungle
zoomed -16 -30 -6 minecraft:jungle
zoomed -15 -30 -6 minecraft:jungle
zoomed -14 -30 -6 minecraft:jungle
zoomed -13 -30 -6 minecraft:jungle
zoomed -12 -30 -6 minecraft:jungle
zoomed -11 -30 -6 minecraft:jungle
zoomed -10 -30 -6 minecraft:jungle
zoomed -9 -30 -6 minecraft:jungle
zoomed -8 -30 -6 minecraft:jungle
zoomed -7 -30 -6 minecraft:jungle
zoomed -6 -30 -6 minecraft:jungle
zoomed -5 -30 -6 minecraft:jungle
zoomed -4 -30 -6 minecraft:jungle
zoomed -3 -30 -6 minecraft:jungle
zoomed -2 -30 -6 minecraft:jungle
zoomed -1 -30 -6 minecraft:jungle
zoomed -16 -30 -5 minecraft:jungle
zoomed -15 -30 -5 minecraft:jungle
zoomed -14 -30 -5 minecraft:jungle
zoomed -13 -30 -5 minecraft:jungle
zoomed -12 -30 -5 minecraft:jungle
zoomed -11 -30 -5 minecraft:jungle
zoomed -10 -30 -5 minecraft:jungle
zoomed -9 -30 -5 minecraft:jungle
zoomed -8 -30 -5 minecraft:jungle
zoomed -7 -30 -5 minecraft:jungle
zoomed -6 -30 -5 minecraft:jungle
zoomed -5 -30 -5 minecraft:jungle
zoomed -4 -30 -5 minecraft:jungle
zoomed -3 -30 -5 minecraft:jungle
zoomed -2 -30 -5 minecraft:jungle
zoomed -1 -30 -5 minecraft:jungle
zoomed -16 -30 -4 minecraft:jungle
zoomed -15 -30 -4 minecraft:jungle
zoomed -14 -30 -4 minecraft:jungle
zoomed -13 -30 -4 minecraft:jungle
zoomed -12 -30 -4 minecraft:jungle
zoomed -11 -30 -4 minecraft:jungle
zoomed -10 -30 -4 minecraft:jungle
zoomed -9 -30 -4 minecraft:jungle
zoomed -8 -30 -4 minecraft:jungle
zoomed -7 -30 -4 minecraft:jungle
zoomed -6 -30 -4 minecraft:jungle
zoomed -5 -30 -4 minecraft:jungle
zoomed -4 -30 -4 minecraft:jungle
zoomed -3 -30 -4 minecraft:jungle
zoomed -2 -30 -4 minecraft:jungle
zoomed -1 -30 -4 minecraft:jungle
zoomed -16 -30 -3 minecraft:jungle
zoomed -15 -30 -3 minecraft:jungle
zoomed -14 -30 -3 minecraft:jungle
zoomed -13 -30 -3 minecraft:jungle
zoomed -12 -30 -3 minecraft:jungle
zoomed -11 -30 -3 minecraft:jungle
zoomed -10 -30 -3 minecraft:jungle
zoomed -9 -30 -3 minecraft:jungle
zoomed -8 -30 -3 minecraft:jungle
zoomed -7 -30 -3 minecraft:jungle
zoomed -6 -30 -3 minecraft:jungle
zoomed -5 -30 -3 minecraft:jungle
zoomed -4 -30 -3 minecraft:jungle
zoomed -3 -30 -3 minecraft:jungle
zoomed -2 -30 -3 minecraft:jungle
zoomed -1 -30 -3 minecraft:jungle
zoomed -16 -30 -2 minecraft:jungle
zoomed -15 -30 -2 minecraft:jungle
zoomed -14 -30 -2 minecraft:jungle
zoomed -13 -30 -2 minecraft:jungle
zoomed -12 -30 -2 minecraft:jungle
zoomed -11 -30 -2 minecraft:jungle
zoomed -10 -30 -2 minecraft:jungle
zoomed -9 -30 -2 minecraft:jungle
zoomed -8 -30 -2 minecraft:jungle
zoomed -7 -30 -2 minecraft:jungle
zoomed -6 -30 -2 minecraft:jungle
zoomed -5 -30 -2 minecraft:jungle
zoomed -4 -30 -2 minecraft:jungle
zoomed -3 -30 -2 minecraft:jungle
zoomed -2 -30 -2 minecraft:jungle
zoomed -1 -30 -2 minecraft:jungle
zoomed -16 -30 -1 minecraft:jungle
zoomed -15 -30 -1 minecraft:jungle
zoomed -14 -30 -1 minecraft:jungle
zoomed -13 -30 -1 minecraft:jungle
zoomed -12 -30 -1 minecraft:jungle
zoomed -11 -30 -1 minecraft:jungle
zoomed -10 -30 -1 minecraft:jungle
zoomed -9 -30 -1 minecraft:jungle
zoomed -8 -30 -1 minecraft:jungle
zoomed -7 -30 -1 minecraft:jungle
zoomed -6 -30 -1 minecraft:jungle
zoomed -5 -30 -1 minecraft:jungle
zoomed -4 -30 -1 minecraft:jungle
zoomed -3 -30 -1 minecraft:jungle
zoomed -2 -30 -1 minecraft:jungle
zoomed -1 -30 -1 minecraft:jungle
zoomed -16 0 -16 minecraft:lush_caves
zoomed -15 0 -16 minecraft:lush_caves
zoomed -14 0 -16 minecraft:lush_caves
zoomed -13 0 -16 minecraft:lush_caves
zoomed -12 0 -16 minecraft:lush_caves
zoomed -11 0 -16 minecraft:lush_caves
zoomed -10 0 -16 minecraft:lush_caves
zoomed -9 0 -16 minecraft:lush_caves
zoomed -8 0 -16 minecraft:lush_caves
zoomed -7 0 -16 minecraft:lush_caves
zoomed -6 0 -16 minecraft:lush_caves
zoomed -5 0 -16 minecraft:lush_caves
zoomed -4 0 -16 minecraft:lush_caves
zoomed -3 0 -16 minecraft:lush_caves
zoomed -2 0 -16 minecraft:lush_caves
zoomed -1 0 -16 minecraft:lush_caves
zoomed -16 0 -15 minecraft:lush_caves
zoomed -15 0 -15 minecraft:lush_caves
zoomed -14 0 -15 minecraft:lush_caves
zoomed -13 0 -15 minecraft:lush_caves
zoomed -12 0 -15 minecraft:lush_caves
zoomed -11 0 -15 minecraft:lush_caves
zoomed -10 0 -15 minecraft:lush_caves
zoomed -9 0 -15 minecraft:lush_caves
zoomed -8 0 -15 minecraft:lush_caves
zoomed -7 0 -15 minecraft:lush_caves
zoomed -6 0 -15 minecraft:lush_caves
zoomed -5 0 -15 minecraft:lush_caves
zoomed -4 0 -15 minecraft:lush_caves
zoomed -3 0 -15 minecraft:lush_caves
zoomed -2 0 -15 minecraft:lush_caves
zoomed -1 0 -15 minecraft:lush_caves
zoomed -16 0 -14 minecraft:lush_caves
zoomed -15 0 -14 minecraft:lush_caves
zoomed -14 0 -14 minecraft:lush_caves
zoomed -13 0 -14 minecraft:lush_caves
zoomed -12 0 -14 minecraft:lush_caves
zoomed -11 0 -14 minecraft:lush_caves
zoomed -10 0 -14 minecraft:lush_caves
zoomed -9 0 -14 minecraft:lush_caves
zoomed -8 0 -14 minecraft:lush_caves
zoomed -7 0 -14 minecraft:lush_caves
zoomed -6 0 -14 minecraft:lush_caves
zoomed -5 0 -14 minecraft:lush_caves
zoomed -4 0 -14 minecraft:lush_caves
zoomed -3 0 -14 minecraft:lush_caves
zoomed -2 0 -14 minecraft:lush_caves
zoomed -1 0 -14 minecraft:lush_caves
zoomed -16 0 -13 minecraft:lush_caves
zoomed -15 0 -13 minecraft:lush_caves
zoomed -14 0 -13 minecraft:lush_caves
zoomed -13 0 -13 minecraft:lush_caves
zoomed -12 0 -13 minecraft:lush_caves
zoomed -11 0 -13 minecraft:lush_caves
zoomed -10 0 -13 minecraft:lush_caves
zoomed -9 0 -13 minecraft:lush_caves
zoomed -8 0 -13 minecraft:lush_caves
zoomed -7 0 -13 minecraft:lush_caves
zoomed -6 0 -13 minecraft:lush_caves
zoomed -5 0 -13 minecraft:lush_caves
zoomed -4 0 -13 minecraft:lush_caves
zoomed -3 0 -13 minecraft:lush_caves
zoomed -2 0 -13 minecraft:lush_caves
zoomed -1 0 -13 minecraft:lush_caves
zoomed -16 0 -12 minecraft:lush_caves
zoomed -15 0 -12 minecraft:lush_caves
zoomed -14 0 -12 minecraft:lush_caves
zoomed -13 0 -12 minecraft:lush_caves
zoomed -12 0 -12 minecraft:lush_caves
zoomed -11 0 -12 minecraft:lush_caves
zoomed -10 0 -12 minecraft:lush_caves
zoomed -9 0 -12 minecraft:lush_caves
zoomed -8 0 -12 minecraft:lush_caves
zoomed -7 0 -12 minecraft:lush_caves
zoomed -6 0 -12 minecraft:lush_caves
zoomed -5 0 -12 minecraft:lush_caves
zoomed -4 0 -12 minecraft:lush_caves
zoomed -3 0 -12 minecraft:lush_caves
zoomed -2 0 -12 minecraft:lush_caves
zoomed -1 0 -12 minecraft:lush_caves
zoomed -16 0 -11 minecraft:lush_caves
zoomed -15 0 -11 minecraft:lush_caves
zoomed -14 0 -11 minecraft:lush_caves
zoomed -13 0 -11 minecraft:lush_caves
zoomed -12 0 -11 minecraft:lush_caves
zoomed -11 0 -11 minecraft:lush_caves
zoomed -10 0 -11 minecraft:lush_caves
zoomed -9 0 -11 minecraft:lush_caves
zoomed -8 0 -11 minecraft:lush_caves
zoomed -7 0 -11 minecraft:lush_caves
zoomed -6 0 -11 minecraft:lush_caves
zoomed -5 0 -11 minecraft:lush_caves
zoomed -4 0 -11 minecraft:lush_caves
zoomed -3 0 -11 minecraft:lush_caves
zoomed -2 0 -11 minecraft:lush_caves
zoomed -1 0 -11 minecraft:lush_caves
zoomed -16 0 -10 minecraft:lush_caves
zoomed -15 0 -10 minecraft:lush_caves
zoomed -14 0 -10 minecraft:lush_caves
zoomed -13 0 -10 minecraft:lush_caves
zoomed -12 0 -10 minecraft:lush_caves
zoomed -11 0 -10 minecraft:lush_caves
zoomed -10 0 -10 minecraft:lush_caves
zoomed -9 0 -10 minecraft:lush_caves
zoomed -8 0 -10 minecraft:lush_caves
zoomed -7 0 -10 minecraft:lush_caves
zoomed -6 0 -10 minecraft:lush_caves
zoomed -5 0 -10 minecraft:lush_caves
zoomed -4 0 -10 minecraft:lush_caves
zoomed -3 0 -10 minecraft:lush_caves
zoomed -2 0 -10 minecraft:lush_caves
zoomed -1 0 -10 minecraft:lush_caves
zoomed -16 0 -9 minecraft:lush_caves
zoomed -15 0 -9 minecraft:lush_caves
zoomed -14 0 -9 minecraft:lush_caves
zoomed -13 0 -9 minecraft:lush_caves
zoomed -12 0 -9 minecraft:lush_caves
zoomed -11 0 -9 minecraft:lush_caves
zoomed -10 0 -9 minecraft:lush_caves
zoomed -9 0 -9 minecraft:lush_caves
zoomed -8 0 -9 minecraft:lush_caves
zoomed -7 0 -9 minecraft:lush_caves
zoomed -6 0 -9 minecraft:lush_caves
zoomed -5 0 -9 minecraft:lush_caves
zoomed -4 0 -9 minecraft:lush_caves
zoomed -3 0 -9 minecraft:lush_caves
zoomed -2 0 -9 minecraft:lush_caves
zoomed -1 0 -9 minecraft:lush_caves
zoomed -16 0 -8 minecraft:lush_caves
zoomed -15 0 -8 minecraft:lush_caves
zoomed -14 0 -8 minecraft:lush_caves
zoomed -13 0 -8 minecraft:lush_caves
zoomed -12 0 -8 minecraft:lush_caves
zoomed -11 0 -8 minecraft:lush_caves
zoomed -10 0 -8 minecraft:lush_caves
zoomed -9 0 -8 minecraft:lush_caves
zoomed -8 0 -8 minecraft:lush_caves
zoomed -7 0 -8 minecraft:lush_caves
zoomed -6 0 -8 minecraft:lush_caves
zoomed -5 0 -8 minecraft:lush_caves
zoomed -4 0 -8 minecraft:lush_caves
zoomed -3 0 -8 minecraft:lush_caves
zoomed -2 0 -8 minecraft:lush_caves
zoomed -1 0 -8 minecraft:lush_caves
zoomed -16 0 -7 minecraft:lush_caves
zoomed -15 0 -7 minecraft:lush_caves
zoomed -14 0 -7 minecraft:lush_caves
zoomed -13 0 -7 minecraft:lush_caves
zoomed -12 0 -7 minecraft:lush_caves
zoomed -11 0 -7 minecraft:lush_caves
zoomed -10 0 -7 minecraft:lush_caves
zoomed -9 0 -7 minecraft:lush_caves
zoomed -8 0 -7 minecraft:lush_caves
zoomed -7 0 -7 minecraft:lush_caves
zoomed -6 0 -7 minecraft:lush_caves
zoomed -5 0 -7 minecraft:lush_caves
zoomed -4 0 -7 minecraft:lush_caves
zoomed -3 0 -7 minecraft:lush_caves
zoomed -2 0 -7 minecraft:lush_caves
zoomed -1 0 -7 minecraft:lush_caves
zoomed -16 0 -6 minecraft:lush_caves
zoomed -15 0 -6 minecraft:lush_caves
zoomed -14 0 -6 minecraft:lush_caves
zoomed -13 0 -6 minecraft:lush_caves
zoomed -12 0 -6 minecraft:lush_caves
zoomed -11 0 -6 minecraft:lush_caves
zoomed -10 0 -6 minecraft:lush_caves
zoomed -9 0 -6 minecraft:lush_caves
zoomed -8 0 -6 minecraft:lush_caves
zoomed -7 0 -6 minecraft:lush_caves
zoomed -6 0 -6 minecraft:lush_caves
zoomed -5 0 -6 minecraft:lush_caves
zoomed -4 0 -6 minecraft:lush_caves
zoomed -3 0 -6 minecraft:lush_caves
zoomed -2 0 -6 minecraft:lush_caves
zoomed -1 0 -6 minecraft:lush_caves
zoomed -16 0 -5 minecraft:lush_caves
zoomed -15 0 -5 minecraft:lush_caves
zoomed -14 0 -5 minecraft:lush_caves
zoomed -13 0 -5 minecraft:lush_caves
zoomed -12 0 -5 minecraft:lush_caves
zoomed -11 0 -5 minecraft:lush_caves
zoomed -10 0 -5 minecraft:lush_caves
zoomed -9 0 -5 minecraft:lush_caves
zoomed -8 0 -5 minecraft:lush_caves
zoomed -7 0 -5 minecraft:lush_caves
zoomed -6 0 -5 minecraft:lush_caves
zoomed -5 0 -5 minecraft:lush_caves
zoomed -4 0 -5 minecraft:lush_caves
zoomed -3 0 -5 minecraft:lush_caves
zoomed -2 0 -5 minecraft:lush_caves
zoomed -1 0 -5 minecraft:lush_caves
zoomed -16 0 -4 minecraft:lush_caves
zoomed -15 0 -4 minecraft:lush_caves
zoomed -14 0 -4 minecraft:lush_caves
zoomed -13 0 -4 minecraft:lush_caves
zoomed -12 0 -4 minecraft:lush_caves
zoomed -11 0 -4 minecraft:lush_caves
zoomed -10 0 -4 minecraft:lush_caves
zoomed -9 0 -4 minecraft:lush_caves
zoomed -8 0 -4 minecraft:lush_caves
zoomed -7 0 -4 minecraft:lush_caves
zoomed -6 0 -4 minecraft:lush_caves
zoomed -5 0 -4 minecraft:lush_caves
zoomed -4 0 -4 minecraft:lush_caves
zoomed -3 0 -4 minecraft:lush_caves
zoomed -2 0 -4 minecraft:lush_caves
zoomed -1 0 -4 minecraft:lush_caves
zoomed -16 0 -3 minecraft:lush_caves
zoomed -15 0 -3 minecraft:lush_caves
zoomed -14 0 -3 minecraft:lush_caves
zoomed -13 0 -3 minecraft:lush_caves
zoomed -12 0 -3 minecraft:lush_caves
zoomed -11 0 -3 minecraft:lush_caves
zoomed -10 0 -3 minecraft:lush_caves
zoomed -9 0 -3 minecraft:lush_caves
zoomed -8 0 -3 minecraft:lush_caves
zoomed -7 0 -3 minecraft:lush_caves
zoomed -6 0 -3 minecraft:lush_caves
zoomed -5 0 -3 minecraft:lush_caves
zoomed -4 0 -3 minecraft:lush_caves
zoomed -3 0 -3 minecraft:lush_caves
zoomed -2 0 -3 minecraft:lush_caves
zoomed -1 0 -3 minecraft:lush_caves
zoomed -16 0 -2 minecraft:lush_caves
zoomed -15 0 -2 minecraft:lush_caves
zoomed -14 0 -2 minecraft:lush_caves
zoomed -13 0 -2 minecraft:lush_caves
zoomed -12 0 -2 minecraft:lush_caves
zoomed -11 0 -2 minecraft:lush_caves
zoomed -10 0 -2 minecraft:lush_caves
zoomed -9 0 -2 minecraft:lush_caves
zoomed -8 0 -2 minecraft:lush_caves
zoomed -7 0 -2 minecraft:lush_caves
zoomed -6 0 -2 minecraft:lush_caves
zoomed -5 0 -2 minecraft:lush_caves
zoomed -4 0 -2 minecraft:lush_caves
zoomed -3 0 -2 minecraft:lush_caves
zoomed -2 0 -2 minecraft:lush_caves
zoomed -1 0 -2 minecraft:lush_caves
zoomed -16 0 -1 minecraft:lush_caves
zoomed -15 0 -1 minecraft:lush_caves
zoomed -14 0 -1 minecraft:lush_caves
zoomed -13 0 -1 minecraft:lush_caves
zoomed -12 0 -1 minecraft:lush_caves
zoomed -11 0 -1 minecraft:lush_caves
zoomed -10 0 -1 minecraft:lush_caves
zoomed -9 0 -1 minecraft:lush_caves
zoomed -8 0 -1 minecraft:lush_caves
zoomed -7 0 -1 minecraft:lush_caves
zoomed -6 0 -1 minecraft:lush_caves
zoomed -5 0 -1 minecraft:lush_caves
zoomed -4 0 -1 minecraft:lush_caves
zoomed -3 0 -1 minecraft:lush_caves
zoomed -2 0 -1 minecraft:lush_caves
zoomed -1 0 -1 minecraft:lush_caves
zoomed -16 20 -16 minecraft:lush_caves
zoomed -15 20 -16 minecraft:lush_caves
zoomed -14 20 -16 minecraft:lush_caves
zoomed -13 20 -16 minecraft:lush_caves
zoomed -12 20 -16 minecraft:lush_caves
zoomed -11 20 -16 minecraft:jungle
zoomed -10 20 -16 minecraft:jungle
zoomed -9 20 -16 minecraft:jungle
zoomed -8 20 -16 minecraft:jungle
zoomed -7 20 -16 minecraft:lush_caves
zoomed -6 20 -16 minecraft:lush_caves
zoomed -5 20 -16 minecraft:lush_caves
zoomed -4 20 -16 minecraft:lush_caves
zoomed -3 20 -16 minecraft:lush_caves
zoomed -2 20 -16 minecraft:lush_caves
zoomed -1 20 -16 minecraft:lush_caves
zoomed -16 20 -15 minecraft:lush_caves
zoomed -15 20 -15 minecraft:lush_caves
zoomed -14 20 -15 minecraft:lush_caves
zoomed -13 20 -15 minecraft:lush_caves
zoomed -12 20 -15 minecraft:lush_caves
zoomed -11 20 -15 minecraft:jungle
zoomed -10 20 -15 minecraft:jungle
zoomed -9 20 -15 minecraft:jungle
zoomed -8 20 -15 minecraft:jungle
zoomed -7 20 -15 minecraft:lush_caves
zoomed -6 20 -15 minecraft:lush_caves
zoomed -5 20 -15 minecraft:lush_caves
zoomed -4 20 -15 minecraft:lush_caves
zoomed -3 20 -15 minecraft:lush_caves
zoomed -2 20 -15 minecraft:lush_caves
zoomed -1 20 -15 minecraft:lush_caves
zoomed -16 20 -14 minecraft:lush_caves
zoomed -15 20 -14 minecraft:lush_caves
zoomed -14 20 -14 minecraft:lush_caves
zoomed -13 20 -14 minecraft:lush_caves
zoomed -12 20 -14 minecraft:lush_caves
zoomed -11 20 -14 minecraft:lush_caves
zoomed -10 20 -14 minecraft:lush_caves
zoomed -9 20 -14 minecraft:lush_caves
zoomed -8 20 -14 minecraft:lush_caves
zoomed -7 20 -14 minecraft:lush_caves
zoomed -6 20 -14 minecraft:lush_caves
zoomed -5 20 -14 minecraft:lush_caves
zoomed -4 20 -14 minecraft:lush_caves
zoomed -3 20 -14 minecraft:lush_caves
zoomed -2 20 -14 minecraft:lush_caves
zoomed -1 20 -14 minecraft:lush_caves
zoomed -16 20 -13 minecraft:lush_caves
zoomed -15 20 -13 minecraft:lush_caves
zoomed -14 20 -13 minecraft:lush_caves
zoomed -13 20 -13 minecraft:lush_caves
zoomed -12 20 -13 minecraft:lush_caves
zoomed -11 20 -13 minecraft:lush_caves
zoomed -10 20 -13 minecraft:lush_caves
zoomed -9 20 -13 minecraft:jungle
zoomed -8 20 -13 minecraft:lush_caves
zoomed -7 20 -13 minecraft:jungle
zoomed -6 20 -13 minecraft:jungle
zoomed -5 20 -13 minecraft:jungle
zoomed -4 20 -13 minecraft:lush_caves
zoomed -3 20 -13 minecraft:lush_caves
zoomed -2 20 -13 minecraft:lush_caves
zoomed -1 20 -13 minecraft:lush_caves
zoomed -16 20 -12 minecraft:lush_caves
zoomed -15 20 -12 minecraft:jungle
zoomed -14 20 -12 minecraft:lush_caves
zoomed -13 20 -12 minecraft:lush_caves
zoomed -12 20 -12 minecraft:lush_caves
zoomed -11 20 -12 minecraft:lush_caves
zoomed -10 20 -12 minecraft:jungle
zoomed -9 20 -12 minecraft:jungle
zoomed -8 20 -12 minecraft:jungle
zoomed -7 20 -12 minecraft:jungle
zoomed -6 20 -12 minecraft:jungle
zoomed -5 20 -12 minecraft:jungle
zoomed -4 20 -12 minecraft:lush_caves
zoomed -3 20 -12 minecraft:lush_caves
zoomed -2 20 -12 minecraft:lush_caves
zoomed -1 20 -12 minecraft:lush_caves
zoomed -16 20 -11 minecraft:jungle
zoomed -15 20 -11 minecraft:jungle
zoomed -14 20 -11 minecraft:jungle
zoomed -13 20 -11 minecraft:lush_caves
zoomed -12 20 -11 minecraft:lush_caves
zoomed -11 20 -11 minecraft:lush_caves
zoomed -10 20 -11 minecraft:jungle
zoomed -9 20 -11 minecraft:jungle
zoomed -8 20 -11 minecraft:jungle
zoomed -7 20 -11 minecraft:jungle
zoomed -6 20 -11 minecraft:jungle
zoomed -5 20 -11 minecraft:jungle
zoomed -4 20 -11 minecraft:lush_caves
zoomed -3 20 -11 minecraft:lush_caves
zoomed -2 20 -11 minecraft:lush_caves
zoomed -1 20 -11 minecraft:lush_caves
zoomed -16 20 -10 minecraft:jungle
zoomed -15 20 -10 minecraft:jungle
zoomed -14 20 -10 minecraft:jungle
zoomed -13 20 -10 minecraft:jungle
zoomed -12 20 -10 minecraft:lush_caves
zoomed -11 20 -10 minecraft:lush_caves
zoomed -10 20 -10 minecraft:jungle
zoomed -9 20 -10 minecraft:jungle
zoomed -8 20 -10 minecraft:jungle
zoomed -7 20 -10 minecraft:jungle
zoomed -6 20 -10 minecraft:jungle
zoomed -5 20 -10 minecraft:lush_caves
zoomed -4 20 -10 minecraft:lush_caves
zoomed -3 20 -10 minecraft:lush_caves
zoomed -2 20 -10 minecraft:lush_caves
zoomed -1 20 -10 minecraft:lush_caves
zoomed -16 20 -9 minecraft:jungle
zoomed -15 20 -9 minecraft:jungle
zoomed -14 20 -9 minecraft:jungle
zoomed -13 20 -9 minecraft:jungle
zoomed -12 20 -9 minecraft:lush_caves
zoomed -11 20 -9 minecraft:lush_caves
zoomed -10 20 -9 minecraft:jungle
zoomed -9 20 -9 minecraft:jungle
zoomed -8 20 -9 minecraft:jungle
zoomed -7 20 -9 minecraft:jungle
zoomed -6 20 -9 minecraft:lush_caves
zoomed -5 20 -9 minecraft:lush_caves
zoomed -4 20 -9 minecraft:lush_caves
zoomed -3 20 -9 minecraft:lush_caves
zoomed -2 20 -9 minecraft:lush_caves
zoomed -1 20 -9 minecraft:lush_caves
zoomed -16 20 -8 minecraft:lush_caves
zoomed -15 20 -8 minecraft:jungle
zoomed -14 20 -8 minecraft:jungle
zoomed -13 20 -8 minecraft:jungle
zoomed -12 20 -8 minecraft:jungle
zoomed -11 20 -8 minecraft:jungle
zoomed -10 20 -8 minecraft:lush_caves
zoomed -9 20 -8 minecraft:lush_caves
zoomed -8 20 -8 minecraft:jungle
zoomed -7 20 -8 minecraft:jungle
zoomed -6 20 -8 minecraft:jungle
zoomed -5 20 -8 minecraft:lush_caves
zoomed -4 20 -8 minecraft:lush_caves
zoomed -3 20 -8 minecraft:lush_caves
zoomed -2 20 -8 minecraft:lush_caves
zoomed -1 20 -8 minecraft:lush_caves
zoomed -16 20 -7 minecraft:lush_caves
zoomed -15 20 -7 minecraft:jungle
zoomed -14 20 -7 minecraft:jungle
zoomed -13 20 -7 minecraft:jungle
zoomed -12 20 -7 minecraft:jungle
zoomed -11 20 -7 minecraft:jungle
zoomed -10 20 -7 minecraft:lush_caves
zoomed -9 20 -7 minecraft:lush_caves
zoomed -8 20 -7 minecraft:jungle
zoomed -7 20 -7 minecraft:jungle
zoomed -6 20 -7 minecraft:jungle
zoomed -5 20 -7 minecraft:jungle
zoomed -4 20 -7 minecraft:lush_caves
zoomed -3 20 -7 minecraft:jungle
zoomed -2 20 -7 minecraft:lush_caves
zoomed -1 20 -7 minecraft:lush_caves
zoomed -16 20 -6 minecraft:jungle
zoomed -15 20 -6 minecraft:jungle
zoomed -14 20 -6 minecraft:jungle
zoomed -13 20 -6 minecraft:jungle
zoomed -12 20 -6 minecraft:jungle
zoomed -11 20 -6 minecraft:jungle
zoomed -10 20 -6 minecraft:lush_caves
zoomed -9 20 -6 minecraft:lush_caves
zoomed -8 20 -6 minecraft:lush_caves
zoomed -7 20 -6 minecraft:jungle
zoomed -6 20 -6 minecraft:jungle
zoomed -5 20 -6 minecraft:jungle
zoomed -4 20 -6 minecraft:jungle
zoomed -3 20 -6 minecraft:jungle
zoomed -2 20 -6 minecraft:jungle
zoomed -1 20 -6 minecraft:lush_caves
zoomed -16 20 -5 minecraft:jungle
zoomed -15 20 -5 minecraft:jungle
zoomed -14 20 -5 minecraft:jungle
zoomed -13 20 -5 minecraft:jungle
zoomed -12 20 -5 minecraft:jungle
zoomed -11 20 -5 minecraft:jungle
zoomed -10 20 -5 minecraft:lush_caves
zoomed -9 20 -5 minecraft:lush_caves
zoomed -8 20 -5 minecraft:lush_caves
zoomed -7 20 -5 minecraft:jungle
zoomed -6 20 -5 minecraft:jungle
zoomed -5 20 -5 minecraft:jungle
zoomed -4 20 -5 minecraft:jungle
zoomed -3 20 -5 minecraft:jungle
zoomed -2 20 -5 minecraft:jungle
zoomed -1 20 -5 minecraft:jungle
zoomed -16 20 -4 minecraft:jungle
zoomed -15 20 -4 minecraft:lush_caves
zoomed -14 20 -4 minecraft:lush_caves
zoomed -13 20 -4 minecraft:lush_caves
zoomed -12 20 -4 minecraft:lush_caves
zoomed -11 20 -4 minecraft:lush_caves
zoomed -10 20 -4 minecraft:jungle
zoomed -9 20 -4 minecraft:jungle
zoomed -8 20 -4 minecraft:jungle
zoomed -7 20 -4 minecraft:jungle
zoomed -6 20 -4 minecraft:jungle
zoomed -5 20 -4 minecraft:jungle
zoomed -4 20 -4 minecraft:jungle
zoomed -3 20 -4 minecraft:jungle
zoomed -2 20 -4 minecraft:jungle
zoomed -1 20 -4 minecraft:jungle
zoomed -16 20 -3 minecraft:jungle
zoomed -15 20 -3 minecraft:lush_caves
zoomed -14 20 -3 minecraft:lush_caves
zoomed -13 20 -3 minecraft:lush_caves
zoomed -12 20 -3 minecraft:lush_caves
zoomed -11 20 -3 minecraft:lush_caves
zoomed -10 20 -3 minecraft:jungle
zoomed -9 20 -3 minecraft:jungle
zoomed -8 20 -3 minecraft:jungle
zoomed -7 20 -3 minecraft:jungle
zoomed -6 20 -3 minecraft:jungle
zoomed -5 20 -3 minecraft:jungle
zoomed -4 20 -3 minecraft:jungle
zoomed -3 20 -3 minecraft:jungle
zoomed -2 20 -3 minecraft:jungle
zoomed -1 20 -3 minecraft:jungle
zoomed -16 20 -2 minecraft:jungle
zoomed -15 20 -2 minecraft:jungle
zoomed -14 20 -2 minecraft:lush_caves
zoomed -13 20 -2 minecraft:lush_caves
zoomed -12 20 -2 minecraft:lush_caves
zoomed -11 20 -2 minecraft:lush_caves
zoomed -10 20 -2 minecraft:jungle
zoomed -9 20 -2 minecraft:jungle
zoomed -8 20 -2 minecraft:jungle
zoomed -7 20 -2 minecraft:jungle
zoomed -6 20 -2 minecraft:jungle
zoomed -5 20 -2 minecraft:jungle
zoomed -4 20 -2 minecraft:jungle
zoomed -3 20 -2 minecraft:lush_caves
zoomed -2 20 -2 minecraft:jungle
zoomed -1 20 -2 minecraft:jungle
zoomed -16 20 -1 minecraft:jungle
zoomed -15 20 -1 minecraft:jungle
zoomed -14 20 -1 minecraft:lush_caves
zoomed -13 20 -1 minecraft:lush_caves
zoomed -12 20 -1 minecraft:lush_caves
zoomed -11 20 -1 minecraft:lush_caves
zoomed -10 20 -1 minecraft:jungle
zoomed -9 20 -1 minecraft:jungle
zoomed -8 20 -1 minecraft:jungle
zoomed -7 20 -1 minecraft:jungle
zoomed -6 20 -1 minecraft:jungle
zoomed -5 20 -1 minecraft:jungle
zoomed -4 20 -1 minecraft:lush_caves
zoomed -3 20 -1 minecraft:lush_caves
zoomed -2 20 -1 minecraft:jungle
zoomed -1 20 -1 minecraft:jungle
zoomed -16 40 -16 minecraft:jungle
zoomed -15 40 -16 minecraft:jungle
zoomed -14 40 -16 minecraft:jungle
zoomed -13 40 -16 minecraft:jungle
zoomed -12 40 -16 minecraft:jungle
zoomed -11 40 -16 minecraft:jungle
zoomed -10 40 -16 minecraft:jungle
zoomed -9 40 -16 minecraft:jungle
zoomed -8 40 -16 minecraft:jungle
zoomed -7 40 -16 minecraft:jungle
zoomed -6 40 -16 minecraft:jungle
zoomed -5 40 -16 minecraft:jungle
zoomed -4 40 -16 minecraft:jungle
zoomed -3 40 -16 minecraft:jungle
zoomed -2 40 -16 minecraft:jungle
zoomed -1 40 -16 minecraft:jungle
zoomed -16 40 -15 minecraft:jungle
zoomed -15 40 -15 minecraft:jungle
zoomed -14 40 -15 minecraft:jungle
zoomed -13 40 -15 minecraft:jungle
zoomed -12 40 -15 minecraft:jungle
zoomed -11 40 -15 minecraft:jungle
zoomed -10 40 -15 minecraft:jungle
zoomed -9 40 -15 minecraft:jungle
zoomed -8 40 -15 minecraft:jungle
zoomed -7 40 -15 minecraft:jungle
zoomed -6 40 -15 minecraft:jungle
zoomed -5 40 -15 minecraft:jungle
zoomed -4 40 -15 minecraft:jungle
zoomed -3 40 -15 minecraft:jungle
zoomed -2 40 -15 minecraft:jungle
zoomed -1 40 -15 minecraft:jungle
zoomed -16 40 -14 minecraft:jungle
zoomed -15 40 -14 minecraft:jungle
zoomed -14 40 -14 minecraft:jungle
zoomed -13 40 -14 minecraft:jungle
zoomed -12 40 -14 minecraft:jungle
zoomed -11 40 -14 minecraft:jungle
zoomed -10 40 -14 minecraft:jungle
zoomed -9 40 -14 minecraft:jungle
zoomed -8 40 -14 minecraft:jungle
zoomed -7 40 -14 minecraft:jungle
zoomed -6 40 -14 minecraft:jungle
zoomed -5 40 -14 minecraft:jungle
zoomed -4 40 -14 minecraft:jungle
zoomed -3 40 -14 minecraft:jungle
zoomed -2 40 -14 minecraft:jungle
zoomed -1 40 -14 minecraft:jungle
zoomed -16 40 -13 minecraft:jungle
zoomed -15 40 -13 minecraft:jungle
zoomed -14 40 -13 minecraft:jungle
zoomed -13 40 -13 minecraft:jungle
zoomed -12 40 -13 minecraft:jungle
zoomed -11 40 -13 minecraft:jungle
zoomed -10 40 -13 minecraft:jungle
zoomed -9 40 -13 minecraft:jungle
zoomed -8 40 -13 minecraft:jungle
zoomed -7 40 -13 minecraft:jungle
zoomed -6 40 -13 minecraft:jungle
zoomed -5 40 -13 minecraft:jungle
zoomed -4 40 -13 minecraft:jungle
zoomed -3 40 -13 minecraft:jungle
zoomed -2 40 -13 minecraft:jungle
zoomed -1 40 -13 minecraft:jungle
zoomed -16 40 -12 minecraft:jungle
zoomed -15 40 -12 minecraft:jungle
zoomed -14 40 -12 minecraft:jungle
zoomed -13 40 -12 minecraft:jungle
zoomed -12 40 -12 minecraft:jungle
zoomed -11 40 -12 minecraft:jungle
zoomed -10 40 -12 minecraft:jungle
zoomed -9 40 -12 minecraft:jungle
zoomed -8 40 -12 minecraft:jungle
zoomed -7 40 -12 minecraft:jungle
zoomed -6 40 -12 minecraft:jungle
zoomed -5 40 -12 minecraft:jungle
zoomed -4 40 -12 minecraft:jungle
zoomed -3 40 -12 minecraft:jungle
zoomed -2 40 -12 minecraft:jungle
zoomed -1 40 -12 minecraft:jungle
zoomed -16 40 -11 minecraft:jungle
zoomed -15 40 -11 minecraft:jungle
zoomed -14 40 -11 minecraft:jungle
zoomed -13 40 -11 minecraft:jungle
zoomed -12 40 -11 minecraft:jungle
zoomed -11 40 -11 minecraft:jungle
zoomed -10 40 -11 minecraft:jungle
zoomed -9 40 -11 minecraft:jungle
zoomed -8 40 -11 minecraft:jungle
zoomed -7 40 -11 minecraft:jungle
zoomed -6 40 -11 minecraft:jungle
zoomed -5 40 -11 minecraft:jungle
zoomed -4 40 -11 minecraft:jungle
zoomed -3 40 -11 minecraft:jungle
zoomed -2 40 -11 minecraft:jungle
zoomed -1 40 -11 minecraft:jungle
zoomed -16 40 -10 minecraft:jungle
zoomed -15 40 -10 minecraft:jungle
zoomed -14 40 -10 minecraft:jungle
zoomed -13 40 -10 minecraft:jungle
zoomed -12 40 -10 minecraft:jungle
zoomed -11 40 -10 minecraft:jungle
zoomed -10 40 -10 minecraft:jungle
zoomed -9 40 -10 minecraft:jungle
zoomed -8 40 -10 minecraft:jungle
zoomed -7 40 -10 minecraft:jungle
zoomed -6 40 -10 minecraft:jungle
zoomed -5 40 -10 minecraft:jungle
zoomed -4 40 -10 minecraft:jungle
zoomed -3 40 -10 minecraft:jungle
zoomed -2 40 -10 minecraft:jungle
zoomed -1 40 -10 minecraft:jungle
zoomed -16 40 -9 minecraft:jungle
zoomed -15 40 -9 minecraft:jungle
zoomed -14 40 -9 minecraft:jungle
zoomed -13 40 -9 minecraft:jungle
zoomed -12 40 -9 minecraft:jungle
zoomed -11 40 -9 minecraft:jungle
zoomed -10 40 -9 minecraft:jungle
zoomed -9 40 -9 minecraft:jungle
zoomed -8 40 -9 minecraft:jungle
zoomed -7 40 -9 minecraft:jungle
zoomed -6 40 -9 minecraft:jungle
zoomed -5 40 -9 minecraft:jungle
zoomed -4 40 -9 minecraft:jungle
zoomed -3 40 -9 minecraft:jungle
zoomed -2 40 -9 minecraft:jungle
zoomed -1 40 -9 minecraft:jungle
zoomed -16 40 -8 minecraft:jungle
zoomed -15 40 -8 minecraft:jungle
zoomed -14 40 -8 minecraft:jungle
zoomed -13 40 -8 minecraft:jungle
zoomed -12 40 -8 minecraft:jungle
zoomed -11 40 -8 minecraft:jungle
zoomed -10 40 -8 minecraft:jungle
zoomed -9 40 -8 minecraft:jungle
zoomed -8 40 -8 minecraft:jungle
zoomed -7 40 -8 minecraft:jungle
zoomed -6 40 -8 minecraft:jungle
zoomed -5 40 -8 minecraft:jungle
zoomed -4 40 -8 minecraft:jungle
zoomed -3 40 -8 minecraft:jungle
zoomed -2 40 -8 minecraft:jungle
zoomed -1 40 -8 minecraft:jungle
zoomed -16 40 -7 minecraft:jungle
zoomed -15 40 -7 minecraft:jungle
zoomed -14 40 -7 minecraft:jungle
zoomed -13 40 -7 minecraft:jungle
zoomed -12 40 -7 minecraft:jungle
zoomed -11 40 -7 minecraft:jungle
zoomed -10 40 -7 minecraft:jungle
zoomed -9 40 -7 minecraft:jungle
zoomed -8 40 -7 minecraft:jungle
zoomed -7 40 -7 minecraft:jungle
zoomed -6 40 -7 minecraft:jungle
zoomed -5 40 -7 minecraft:jungle
zoomed -4 40 -7 minecraft:jungle
zoomed -3 40 -7 minecraft:jungle
zoomed -2 40 -7 minecraft:jungle
zoomed -1 40 -7 minecraft:jungle
zoomed -16 40 -6 minecraft:jungle
zoomed -15 40 -6 minecraft:jungle
zoomed -14 40 -6 minecraft:jungle
zoomed -13 40 -6 minecraft:jungle
zoomed -12 40 -6 minecraft:jungle
zoomed -11 40 -6 minecraft:jungle
zoomed -10 40 -6 minecraft:jungle
zoomed -9 40 -6 minecraft:jungle
zoomed -8 40 -6 minecraft:jungle
zoomed -7 40 -6 minecraft:jungle
zoomed -6 40 -6 minecraft:jungle
zoomed -5 40 -6 minecraft:jungle
zoomed -4 40 -6 minecraft:jungle
zoomed -3 40 -6 minecraft:jungle
zoomed -2 40 -6 minecraft:jungle
zoomed -1 40 -6 minecraft:jungle
zoomed -16 40 -5 minecraft:jungle
zoomed -15 40 -5 minecraft:jungle
zoomed -14 40 -5 minecraft:jungle
zoomed -13 40 -5 minecraft:jungle
zoomed -12 40 -5 minecraft:jungle
zoomed -11 40 -5 minecraft:jungle
zoomed -10 40 -5 minecraft:jungle
zoomed -9 40 -5 minecraft:jungle
zoomed -8 40 -5 minecraft:jungle
zoomed -7 40 -5 minecraft:jungle
zoomed -6 40 -5 minecraft:jungle
zoomed -5 40 -5 minecraft:jungle
zoomed -4 40 -5 minecraft:jungle
zoomed -3 40 -5 minecraft:jungle
zoomed -2 40 -5 minecraft:jungle
zoomed -1 40 -5 minecraft:jungle
zoomed -16 40 -4 minecraft:jungle
zoomed -15 40 -4 minecraft:jungle
zoomed -14 40 -4 minecraft:jungle
zoomed -13 40 -4 minecraft:jungle
zoomed -12 40 -4 minecraft:jungle
zoomed -11 40 -4 minecraft:jungle
zoomed -10 40 -4 minecraft:jungle
zoomed -9 40 -4 minecraft:jungle
zoomed -8 40 -4 minecraft:jungle
zoomed -7 40 -4 minecraft:jungle
zoomed -6 40 -4 minecraft:jungle
zoomed -5 40 -4 minecraft:jungle
zoomed -4 40 -4 minecraft:jungle
zoomed -3 40 -4 minecraft:jungle
zoomed -2 40 -4 minecraft:jungle
zoomed -1 40 -4 minecraft:jungle
zoomed -16 40 -3 minecraft:jungle
zoomed -15 40 -3 minecraft:jungle
zoomed -14 40 -3 minecraft:jungle
zoomed -13 40 -3 minecraft:jungle
zoomed -12 40 -3 minecraft:jungle
zoomed -11 40 -3 minecraft:jungle
zoomed -10 40 -3 minecraft:jungle
zoomed -9 40 -3 minecraft:jungle
zoomed -8 40 -3 minecraft:jungle
zoomed -7 40 -3 minecraft:jungle
zoomed -6 40 -3 minecraft:jungle
zoomed -5 40 -3 minecraft:jungle
zoomed -4 40 -3 minecraft:jungle
zoomed -3 40 -3 minecraft:jungle
zoomed -2 40 -3 minecraft:jungle
zoomed -1 40 -3 minecraft:jungle
zoomed -16 40 -2 minecraft:jungle
zoomed -15 40 -2 minecraft:jungle
zoomed -14 40 -2 minecraft:jungle
zoomed -13 40 -2 minecraft:jungle
zoomed -12 40 -2 minecraft:jungle
zoomed -11 40 -2 minecraft:jungle
zoomed -10 40 -2 minecraft:jungle
zoomed -9 40 -2 minecraft:jungle
zoomed -8 40 -2 minecraft:jungle
zoomed -7 40 -2 minecraft:jungle
zoomed -6 40 -2 minecraft:jungle
zoomed -5 40 -2 minecraft:jungle
zoomed -4 40 -2 minecraft:jungle
zoomed -3 40 -2 minecraft:jungle
zoomed -2 40 -2 minecraft:jungle
zoomed -1 40 -2 minecraft:jungle
zoomed -16 40 -1 minecraft:jungle
zoomed -15 40 -1 minecraft:jungle
zoomed -14 40 -1 minecraft:jungle
zoomed -13 40 -1 minecraft:jungle
zoomed -12 40 -1 minecraft:jungle
zoomed -11 40 -1 minecraft:jungle
zoomed -10 40 -1 minecraft:jungle
zoomed -9 40 -1 minecraft:jungle
zoomed -8 40 -1 minecraft:jungle
zoomed -7 40 -1 minecraft:jungle
zoomed -6 40 -1 minecraft:jungle
zoomed -5 40 -1 minecraft:jungle
zoomed -4 40 -1 minecraft:jungle
zoomed -3 40 -1 minecraft:jungle
zoomed -2 40 -1 minecraft:jungle
zoomed -1 40 -1 minecraft:jungle
zoomed -16 55 -16 minecraft:jungle
zoomed -15 55 -16 minecraft:jungle
zoomed -14 55 -16 minecraft:jungle
zoomed -13 55 -16 minecraft:jungle
zoomed -12 55 -16 minecraft:jungle
zoomed -11 55 -16 minecraft:jungle
zoomed -10 55 -16 minecraft:jungle
zoomed -9 55 -16 minecraft:jungle
zoomed -8 55 -16 minecraft:jungle
zoomed -7 55 -16 minecraft:jungle
zoomed -6 55 -16 minecraft:jungle
zoomed -5 55 -16 minecraft:jungle
zoomed -4 55 -16 minecraft:jungle
zoomed -3 55 -16 minecraft:jungle
zoomed -2 55 -16 minecraft:jungle
zoomed -1 55 -16 minecraft:jungle
zoomed -16 55 -15 minecraft:jungle
zoomed -15 55 -15 minecraft:jungle
zoomed -14 55 -15 minecraft:jungle
zoomed -13 55 -15 minecraft:jungle
zoomed -12 55 -15 minecraft:jungle
zoomed -11 55 -15 minecraft:jungle
zoomed -10 55 -15 minecraft:jungle
zoomed -9 55 -15 minecraft:jungle
zoomed -8 55 -15 minecraft:jungle
zoomed -7 55 -15 minecraft:jungle
zoomed -6 55 -15 minecraft:jungle
zoomed -5 55 -15 minecraft:jungle
zoomed -4 55 -15 minecraft:jungle
zoomed -3 55 -15 minecraft:jungle
zoomed -2 55 -15 minecraft:jungle
zoomed -1 55 -15 minecraft:jungle
zoomed -16 55 -14 minecraft:jungle
zoomed -15 55 -14 minecraft:jungle
zoomed -14 55 -14 minecraft:jungle
zoomed -13 55 -14 minecraft:jungle
zoomed -12 55 -14 minecraft:jungle
zoomed -11 55 -14 minecraft:jungle
zoomed -10 55 -14 minecraft:jungle
zoomed -9 55 -14 minecraft:jungle
zoomed -8 55 -14 minecraft:jungle
zoomed -7 55 -14 minecraft:jungle
zoomed -6 55 -14 minecraft:jungle
zoomed -5 55 -14 minecraft:jungle
zoomed -4 55 -14 minecraft:jungle
zoomed -3 55 -14 minecraft:jungle
zoomed -2 55 -14 minecraft:jungle
zoomed -1 55 -14 minecraft:jungle
zoomed -16 55 -13 minecraft:jungle
zoomed -15 55 -13 minecraft:jungle
zoomed -14 55 -13 minecraft:jungle
zoomed -13 55 -13 minecraft:jungle
zoomed -12 55 -13 minecraft:jungle
zoomed -11 55 -13 minecraft:jungle
zoomed -10 55 -13 minecraft:jungle
zoomed -9 55 -13 minecraft:jungle
zoomed -8 55 -13 minecraft:jungle
zoomed -7 55 -13 minecraft:jungle
zoomed -6 55 -13 minecraft:jungle
zoomed -5 55 -13 minecraft:jungle
zoomed -4 55 -13 minecraft:jungle
zoomed -3 55 -13 minecraft:jungle
zoomed -2 55 -13 minecraft:jungle
zoomed -1 55 -13 minecraft:jungle
zoomed -16 55 -12 minecraft:jungle
zoomed -15 55 -12 minecraft:jungle
zoomed -14 55 -12 minecraft:jungle
zoomed -13 55 -12 minecraft:jungle
zoomed -12 55 -12 minecraft:jungle
zoomed -11 55 -12 minecraft:jungle
zoomed -10 55 -12 minecraft:jungle
zoomed -9 55 -12 minecraft:jungle
zoomed -8 55 -12 minecraft:jungle
zoomed -7 55 -12 minecraft:jungle
zoomed -6 55 -12 minecraft:jungle
zoomed -5 55 -12 minecraft:jungle
zoomed -4 55 -12 minecraft:jungle
zoomed -3 55 -12 minecraft:jungle
zoomed -2 55 -12 minecraft:jungle
zoomed -1 55 -12 minecraft:jungle
zoomed -16 55 -11 minecraft:jungle
zoomed -15 55 -11 minecraft:jungle
zoomed -14 55 -11 minecraft:jungle
zoomed -13 55 -11 minecraft:jungle
zoomed -12 55 -11 minecraft:jungle
zoomed -11 55 -11 minecraft:jungle
zoomed -10 55 -11 minecraft:jungle
zoomed -9 55 -11 minecraft:jungle
zoomed -8 55 -11 minecraft:jungle
zoomed -7 55 -11 minecraft:jungle
zoomed -6 55 -11 minecraft:jungle
zoomed -5 55 -11 minecraft:jungle
zoomed -4 55 -11 minecraft:jungle
zoomed -3 55 -11 minecraft:jungle
zoomed -2 55 -11 minecraft:jungle
zoomed -1 55 -11 minecraft:jungle
zoomed -16 55 -10 minecraft:jungle
zoomed -15 55 -10 minecraft:jungle
zoomed -14 55 -10 minecraft:jungle
zoomed -13 55 -10 minecraft:jungle
zoomed -12 55 -10 minecraft:jungle
zoomed -11 55 -10 minecraft:jungle
zoomed -10 55 -10 minecraft:jungle
zoomed -9 55 -10 minecraft:jungle
zoomed -8 55 -10 minecraft:jungle
zoomed -7 55 -10 minecraft:jungle
zoomed -6 55 -10 minecraft:jungle
zoomed -5 55 -10 minecraft:jungle
zoomed -4 55 -10 minecraft:jungle
zoomed -3 55 -10 minecraft:jungle
zoomed -2 55 -10 minecraft:jungle
zoomed -1 55 -10 minecraft:jungle
zoomed -16 55 -9 minecraft:jungle
zoomed -15 55 -9 minecraft:jungle
zoomed -14 55 -9 minecraft:jungle
zoomed -13 55 -9 minecraft:jungle
zoomed -12 55 -9 minecraft:jungle
zoomed -11 55 -9 minecraft:jungle
zoomed -10 55 -9 minecraft:jungle
zoomed -9 55 -9 minecraft:jungle
zoomed -8 55 -9 minecraft:jungle
zoomed -7 55 -9 minecraft:jungle
zoomed -6 55 -9 minecraft:jungle
zoomed -5 55 -9 minecraft:jungle
zoomed -4 55 -9 minecraft:jungle
zoomed -3 55 -9 minecraft:jungle
zoomed -2 55 -9 minecraft:jungle
zoomed -1 55 -9 minecraft:jungle
zoomed -16 55 -8 minecraft:jungle
zoomed -15 55 -8 minecraft:jungle
zoomed -14 55 -8 minecraft:jungle
zoomed -13 55 -8 minecraft:jungle
zoomed -12 55 -8 minecraft:jungle
zoomed -11 55 -8 minecraft:jungle
zoomed -10 55 -8 minecraft:jungle
zoomed -9 55 -8 minecraft:jungle
zoomed -8 55 -8 minecraft:jungle
zoomed -7 55 -8 minecraft:jungle
zoomed -6 55 -8 minecraft:jungle
zoomed -5 55 -8 minecraft:jungle
zoomed -4 55 -8 minecraft:jungle
zoomed -3 55 -8 minecraft:jungle
zoomed -2 55 -8 minecraft:jungle
zoomed -1 55 -8 minecraft:jungle
zoomed -16 55 -7 minecraft:jungle
zoomed -15 55 -7 minecraft:jungle
zoomed -14 55 -7 minecraft:jungle
zoomed -13 55 -7 minecraft:jungle
zoomed -12 55 -7 minecraft:jungle
zoomed -11 55 -7 minecraft:jungle
zoomed -10 55 -7 minecraft:jungle
zoomed -9 55 -7 minecraft:jungle
zoomed -8 55 -7 minecraft:jungle
zoomed -7 55 -7 minecraft:jungle
zoomed -6 55 -7 minecraft:jungle
zoomed -5 55 -7 minecraft:jungle
zoomed -4 55 -7 minecraft:jungle
zoomed -3 55 -7 minecraft:jungle
zoomed -2 55 -7 minecraft:jungle
zoomed -1 55 -7 minecraft:jungle
zoomed -16 55 -6 minecraft:jungle
zoomed -15 55 -6 minecraft:jungle
zoomed -14 55 -6 minecraft:jungle
zoomed -13 55 -6 minecraft:jungle
zoomed -12 55 -6 minecraft:jungle
zoomed -11 55 -6 minecraft:jungle
zoomed -10 55 -6 minecraft:jungle
zoomed -9 55 -6 minecraft:jungle
zoomed -8 55 -6 minecraft:jungle
zoomed -7 55 -6 minecraft:jungle
zoomed -6 55 -6 minecraft:jungle
zoomed -5 55 -6 minecraft:jungle
zoomed -4 55 -6 minecraft:jungle
zoomed -3 55 -6 minecraft:jungle
zoomed -2 55 -6 minecraft:jungle
zoomed -1 55 -6 minecraft:jungle
zoomed -16 55 -5 minecraft:jungle
zoomed -15 55 -5 minecraft:jungle
zoomed -14 55 -5 minecraft:jungle
zoomed -13 55 -5 minecraft:jungle
zoomed -12 55 -5 minecraft:jungle
zoomed -11 55 -5 minecraft:jungle
zoomed -10 55 -5 minecraft:jungle
zoomed -9 55 -5 minecraft:jungle
zoomed -8 55 -5 minecraft:jungle
zoomed -7 55 -5 minecraft:jungle
zoomed -6 55 -5 minecraft:jungle
zoomed -5 55 -5 minecraft:jungle
zoomed -4 55 -5 minecraft:jungle
zoomed -3 55 -5 minecraft:jungle
zoomed -2 55 -5 minecraft:jungle
zoomed -1 55 -5 minecraft:jungle
zoomed -16 55 -4 minecraft:jungle
zoomed -15 55 -4 minecraft:jungle
zoomed -14 55 -4 minecraft:jungle
zoomed -13 55 -4 minecraft:jungle
zoomed -12 55 -4 minecraft:jungle
zoomed -11 55 -4 minecraft:jungle
zoomed -10 55 -4 minecraft:jungle
zoomed -9 55 -4 minecraft:jungle
zoomed -8 55 -4 minecraft:jungle
zoomed -7 55 -4 minecraft:jungle
zoomed -6 55 -4 minecraft:jungle
zoomed -5 55 -4 minecraft:jungle
zoomed -4 55 -4 minecraft:jungle
zoomed -3 55 -4 minecraft:jungle
zoomed -2 55 -4 minecraft:jungle
zoomed -1 55 -4 minecraft:jungle
zoomed -16 55 -3 minecraft:jungle
zoomed -15 55 -3 minecraft:jungle
zoomed -14 55 -3 minecraft:jungle
zoomed -13 55 -3 minecraft:jungle
zoomed -12 55 -3 minecraft:jungle
zoomed -11 55 -3 minecraft:jungle
zoomed -10 55 -3 minecraft:jungle
zoomed -9 55 -3 minecraft:jungle
zoomed -8 55 -3 minecraft:jungle
zoomed -7 55 -3 minecraft:jungle
zoomed -6 55 -3 minecraft:jungle
zoomed -5 55 -3 minecraft:jungle
zoomed -4 55 -3 minecraft:jungle
zoomed -3 55 -3 minecraft:jungle
zoomed -2 55 -3 minecraft:jungle
zoomed -1 55 -3 minecraft:jungle
zoomed -16 55 -2 minecraft:jungle
zoomed -15 55 -2 minecraft:jungle
zoomed -14 55 -2 minecraft:jungle
zoomed -13 55 -2 minecraft:jungle
zoomed -12 55 -2 minecraft:jungle
zoomed -11 55 -2 minecraft:jungle
zoomed -10 55 -2 minecraft:jungle
zoomed -9 55 -2 minecraft:jungle
zoomed -8 55 -2 minecraft:jungle
zoomed -7 55 -2 minecraft:jungle
zoomed -6 55 -2 minecraft:jungle
zoomed -5 55 -2 minecraft:jungle
zoomed -4 55 -2 minecraft:jungle
zoomed -3 55 -2 minecraft:jungle
zoomed -2 55 -2 minecraft:jungle
zoomed -1 55 -2 minecraft:jungle
zoomed -16 55 -1 minecraft:jungle
zoomed -15 55 -1 minecraft:jungle
zoomed -14 55 -1 minecraft:jungle
zoomed -13 55 -1 minecraft:jungle
zoomed -12 55 -1 minecraft:jungle
zoomed -11 55 -1 minecraft:jungle
zoomed -10 55 -1 minecraft:jungle
zoomed -9 55 -1 minecraft:jungle
zoomed -8 55 -1 minecraft:jungle
zoomed -7 55 -1 minecraft:jungle
zoomed -6 55 -1 minecraft:jungle
zoomed -5 55 -1 minecraft:jungle
zoomed -4 55 -1 minecraft:jungle
zoomed -3 55 -1 minecraft:jungle
zoomed -2 55 -1 minecraft:jungle
zoomed -1 55 -1 minecraft:jungle
zoomed -16 60 -16 minecraft:jungle
zoomed -15 60 -16 minecraft:jungle
zoomed -14 60 -16 minecraft:jungle
zoomed -13 60 -16 minecraft:jungle
zoomed -12 60 -16 minecraft:jungle
zoomed -11 60 -16 minecraft:jungle
zoomed -10 60 -16 minecraft:jungle
zoomed -9 60 -16 minecraft:jungle
zoomed -8 60 -16 minecraft:jungle
zoomed -7 60 -16 minecraft:jungle
zoomed -6 60 -16 minecraft:jungle
zoomed -5 60 -16 minecraft:jungle
zoomed -4 60 -16 minecraft:jungle
zoomed -3 60 -16 minecraft:jungle
zoomed -2 60 -16 minecraft:jungle
zoomed -1 60 -16 minecraft:jungle
zoomed -16 60 -15 minecraft:jungle
zoomed -15 60 -15 minecraft:jungle
zoomed -14 60 -15 minecraft:jungle
zoomed -13 60 -15 minecraft:jungle
zoomed -12 60 -15 minecraft:jungle
zoomed -11 60 -15 minecraft:jungle
zoomed -10 60 -15 minecraft:jungle
zoomed -9 60 -15 minecraft:jungle
zoomed -8 60 -15 minecraft:jungle
zoomed -7 60 -15 minecraft:jungle
zoomed -6 60 -15 minecraft:jungle
zoomed -5 60 -15 minecraft:jungle
zoomed -4 60 -15 minecraft:jungle
zoomed -3 60 -15 minecraft:jungle
zoomed -2 60 -15 minecraft:jungle
zoomed -1 60 -15 minecraft:jungle
zoomed -16 60 -14 minecraft:jungle
zoomed -15 60 -14 minecraft:jungle
zoomed -14 60 -14 minecraft:jungle
zoomed -13 60 -14 minecraft:jungle
zoomed -12 60 -14 minecraft:jungle
zoomed -11 60 -14 minecraft:jungle
zoomed -10 60 -14 minecraft:jungle
zoomed -9 60 -14 minecraft:jungle
zoomed -8 60 -14 minecraft:jungle
zoomed -7 60 -14 minecraft:jungle
zoomed -6 60 -14 minecraft:jungle
zoomed -5 60 -14 minecraft:jungle
zoomed -4 60 -14 minecraft:jungle
zoomed -3 60 -14 minecraft:jungle
zoomed -2 60 -14 minecraft:jungle
zoomed -1 60 -14 minecraft:jungle
zoomed -16 60 -13 minecraft:jungle
zoomed -15 60 -13 minecraft:jungle
zoomed -14 60 -13 minecraft:jungle
zoomed -13 60 -13 minecraft:jungle
zoomed -12 60 -13 minecraft:jungle
zoomed -11 60 -13 minecraft:jungle
zoomed -10 60 -13 minecraft:jungle
zoomed -9 60 -13 minecraft:jungle
zoomed -8 60 -13 minecraft:jungle
zoomed -7 60 -13 minecraft:jungle
zoomed -6 60 -13 minecraft:jungle
zoomed -5 60 -13 minecraft:jungle
zoomed -4 60 -13 minecraft:jungle
zoomed -3 60 -13 minecraft:jungle
zoomed -2 60 -13 minecraft:jungle
zoomed -1 60 -13 minecraft:jungle
zoomed -16 60 -12 minecraft:jungle
zoomed -15 60 -12 minecraft:jungle
zoomed -14 60 -12 minecraft:jungle
zoomed -13 60 -12 minecraft:jungle
zoomed -12 60 -12 minecraft:jungle
zoomed -11 60 -12 minecraft:jungle
zoomed -10 60 -12 minecraft:jungle
zoomed -9 60 -12 minecraft:jungle
zoomed -8 60 -12 minecraft:jungle
zoomed -7 60 -12 minecraft:jungle
zoomed -6 60 -12 minecraft:jungle
zoomed -5 60 -12 minecraft:jungle
zoomed -4 60 -12 minecraft:jungle
zoomed -3 60 -12 minecraft:jungle
zoomed -2 60 -12 minecraft:jungle
zoomed -1 60 -12 minecraft:jungle
zoomed -16 60 -11 minecraft:jungle
zoomed -15 60 -11 minecraft:jungle
zoomed -14 60 -11 minecraft:jungle
zoomed -13 60 -11 minecraft:jungle
zoomed -12 60 -11 minecraft:jungle
zoomed -11 60 -11 minecraft:jungle
zoomed -10 60 -11 minecraft:jungle
zoomed -9 60 -11 minecraft:jungle
zoomed -8 60 -11 minecraft:jungle
zoomed -7 60 -11 minecraft:jungle
zoomed -6 60 -11 minecraft:jungle
zoomed -5 60 -11 minecraft:jungle
zoomed -4 60 -11 minecraft:jungle
zoomed -3 60 -11 minecraft:jungle
zoomed -2 60 -11 minecraft:jungle
zoomed -1 60 -11 minecraft:jungle
zoomed -16 60 -10 minecraft:jungle
zoomed -15 60 -10 minecraft:jungle
zoomed -14 60 -10 minecraft:jungle
zoomed -13 60 -10 minecraft:jungle
zoomed -12 60 -10 minecraft:jungle
zoomed -11 60 -10 minecraft:jungle
zoomed -10 60 -10 minecraft:jungle
zoomed -9 60 -10 minecraft:jungle
zoomed -8 60 -10 minecraft:jungle
zoomed -7 60 -10 minecraft:jungle
zoomed -6 60 -10 minecraft:jungle
zoomed -5 60 -10 minecraft:jungle
zoomed -4 60 -10 minecraft:jungle
zoomed -3 60 -10 minecraft:jungle
zoomed -2 60 -10 minecraft:jungle
zoomed -1 60 -10 minecraft:jungle
zoomed -16 60 -9 minecraft:jungle
zoomed -15 60 -9 minecraft:jungle
zoomed -14 60 -9 minecraft:jungle
zoomed -13 60 -9 minecraft:jungle
zoomed -12 60 -9 minecraft:jungle
zoomed -11 60 -9 minecraft:jungle
zoomed -10 60 -9 minecraft:jungle
zoomed -9 60 -9 minecraft:jungle
zoomed -8 60 -9 minecraft:jungle
zoomed -7 60 -9 minecraft:jungle
zoomed -6 60 -9 minecraft:jungle
zoomed -5 60 -9 minecraft:jungle
zoomed -4 60 -9 minecraft:jungle
zoomed -3 60 -9 minecraft:jungle
zoomed -2 60 -9 minecraft:jungle
zoomed -1 60 -9 minecraft:jungle
zoomed -16 60 -8 minecraft:jungle
zoomed -15 60 -8 minecraft:jungle
zoomed -14 60 -8 minecraft:jungle
zoomed -13 60 -8 minecraft:jungle
zoomed -12 60 -8 minecraft:jungle
zoomed -11 60 -8 minecraft:jungle
zoomed -10 60 -8 minecraft:jungle
zoomed -9 60 -8 minecraft:jungle
zoomed -8 60 -8 minecraft:jungle
zoomed -7 60 -8 minecraft:jungle
zoomed -6 60 -8 minecraft:jungle
zoomed -5 60 -8 minecraft:jungle
zoomed -4 60 -8 minecraft:jungle
zoomed -3 60 -8 minecraft:jungle
zoomed -2 60 -8 minecraft:jungle
zoomed -1 60 -8 minecraft:jungle
zoomed -16 60 -7 minecraft:jungle
zoomed -15 60 -7 minecraft:jungle
zoomed -14 60 -7 minecraft:jungle
zoomed -13 60 -7 minecraft:jungle
zoomed -12 60 -7 minecraft:jungle
zoomed -11 60 -7 minecraft:jungle
zoomed -10 60 -7 minecraft:jungle
zoomed -9 60 -7 minecraft:jungle
zoomed -8 60 -7 minecraft:jungle
zoomed -7 60 -7 minecraft:jungle
zoomed -6 60 -7 minecraft:jungle
zoomed -5 60 -7 minecraft:jungle
zoomed -4 60 -7 minecraft:jungle
zoomed -3 60 -7 minecraft:jungle
zoomed -2 60 -7 minecraft:jungle
zoomed -1 60 -7 minecraft:jungle
zoomed -16 60 -6 minecraft:jungle
zoomed -15 60 -6 minecraft:jungle
zoomed -14 60 -6 minecraft:jungle
zoomed -13 60 -6 minecraft:jungle
zoomed -12 60 -6 minecraft:jungle
zoomed -11 60 -6 minecraft:jungle
zoomed -10 60 -6 minecraft:jungle
zoomed -9 60 -6 minecraft:jungle
zoomed -8 60 -6 minecraft:jungle
zoomed -7 60 -6 minecraft:jungle
zoomed -6 60 -6 minecraft:jungle
zoomed -5 60 -6 minecraft:jungle
zoomed -4 60 -6 minecraft:jungle
zoomed -3 60 -6 minecraft:jungle
zoomed -2 60 -6 minecraft:jungle
zoomed -1 60 -6 minecraft:jungle
zoomed -16 60 -5 minecraft:jungle
zoomed -15 60 -5 minecraft:jungle
zoomed -14 60 -5 minecraft:jungle
zoomed -13 60 -5 minecraft:jungle
zoomed -12 60 -5 minecraft:jungle
zoomed -11 60 -5 minecraft:jungle
zoomed -10 60 -5 minecraft:jungle
zoomed -9 60 -5 minecraft:jungle
zoomed -8 60 -5 minecraft:jungle
zoomed -7 60 -5 minecraft:jungle
zoomed -6 60 -5 minecraft:jungle
zoomed -5 60 -5 minecraft:jungle
zoomed -4 60 -5 minecraft:jungle
zoomed -3 60 -5 minecraft:jungle
zoomed -2 60 -5 minecraft:jungle
zoomed -1 60 -5 minecraft:jungle
zoomed -16 60 -4 minecraft:jungle
zoomed -15 60 -4 minecraft:jungle
zoomed -14 60 -4 minecraft:jungle
zoomed -13 60 -4 minecraft:jungle
zoomed -12 60 -4 minecraft:jungle
zoomed -11 60 -4 minecraft:jungle
zoomed -10 60 -4 minecraft:jungle
zoomed -9 60 -4 minecraft:jungle
zoomed -8 60 -4 minecraft:jungle
zoomed -7 60 -4 minecraft:jungle
zoomed -6 60 -4 minecraft:jungle
zoomed -5 60 -4 minecraft:jungle
zoomed -4 60 -4 minecraft:jungle
zoomed -3 60 -4 minecraft:jungle
zoomed -2 60 -4 minecraft:jungle
zoomed -1 60 -4 minecraft:jungle
zoomed -16 60 -3 minecraft:jungle
zoomed -15 60 -3 minecraft:jungle
zoomed -14 60 -3 minecraft:jungle
zoomed -13 60 -3 minecraft:jungle
zoomed -12 60 -3 minecraft:jungle
zoomed -11 60 -3 minecraft:jungle
zoomed -10 60 -3 minecraft:jungle
zoomed -9 60 -3 minecraft:jungle
zoomed -8 60 -3 minecraft:jungle
zoomed -7 60 -3 minecraft:jungle
zoomed -6 60 -3 minecraft:jungle
zoomed -5 60 -3 minecraft:jungle
zoomed -4 60 -3 minecraft:jungle
zoomed -3 60 -3 minecraft:jungle
zoomed -2 60 -3 minecraft:jungle
zoomed -1 60 -3 minecraft:jungle
zoomed -16 60 -2 minecraft:jungle
zoomed -15 60 -2 minecraft:jungle
zoomed -14 60 -2 minecraft:jungle
zoomed -13 60 -2 minecraft:jungle
zoomed -12 60 -2 minecraft:jungle
zoomed -11 60 -2 minecraft:jungle
zoomed -10 60 -2 minecraft:jungle
zoomed -9 60 -2 minecraft:jungle
zoomed -8 60 -2 minecraft:jungle
zoomed -7 60 -2 minecraft:jungle
zoomed -6 60 -2 minecraft:jungle
zoomed -5 60 -2 minecraft:jungle
zoomed -4 60 -2 minecraft:jungle
zoomed -3 60 -2 minecraft:jungle
zoomed -2 60 -2 minecraft:jungle
zoomed -1 60 -2 minecraft:jungle
zoomed -16 60 -1 minecraft:jungle
zoomed -15 60 -1 minecraft:jungle
zoomed -14 60 -1 minecraft:jungle
zoomed -13 60 -1 minecraft:jungle
zoomed -12 60 -1 minecraft:jungle
zoomed -11 60 -1 minecraft:jungle
zoomed -10 60 -1 minecraft:jungle
zoomed -9 60 -1 minecraft:jungle
zoomed -8 60 -1 minecraft:jungle
zoomed -7 60 -1 minecraft:jungle
zoomed -6 60 -1 minecraft:jungle
zoomed -5 60 -1 minecraft:jungle
zoomed -4 60 -1 minecraft:jungle
zoomed -3 60 -1 minecraft:jungle
zoomed -2 60 -1 minecraft:jungle
zoomed -1 60 -1 minecraft:jungle
zoomed -16 63 -16 minecraft:jungle
zoomed -15 63 -16 minecraft:jungle
zoomed -14 63 -16 minecraft:jungle
zoomed -13 63 -16 minecraft:jungle
zoomed -12 63 -16 minecraft:jungle
zoomed -11 63 -16 minecraft:jungle
zoomed -10 63 -16 minecraft:jungle
zoomed -9 63 -16 minecraft:jungle
zoomed -8 63 -16 minecraft:jungle
zoomed -7 63 -16 minecraft:jungle
zoomed -6 63 -16 minecraft:jungle
zoomed -5 63 -16 minecraft:jungle
zoomed -4 63 -16 minecraft:jungle
zoomed -3 63 -16 minecraft:jungle
zoomed -2 63 -16 minecraft:jungle
zoomed -1 63 -16 minecraft:jungle
zoomed -16 63 -15 minecraft:jungle
zoomed -15 63 -15 minecraft:jungle
zoomed -14 63 -15 minecraft:jungle
zoomed -13 63 -15 minecraft:jungle
zoomed -12 63 -15 minecraft:jungle
zoomed -11 63 -15 minecraft:jungle
zoomed -10 63 -15 minecraft:jungle
zoomed -9 63 -15 minecraft:jungle
zoomed -8 63 -15 minecraft:jungle
zoomed -7 63 -15 minecraft:jungle
zoomed -6 63 -15 minecraft:jungle
zoomed -5 63 -15 minecraft:jungle
zoomed -4 63 -15 minecraft:jungle
zoomed -3 63 -15 minecraft:jungle
zoomed -2 63 -15 minecraft:jungle
zoomed -1 63 -15 minecraft:jungle
zoomed -16 63 -14 minecraft:jungle
zoomed -15 63 -14 minecraft:jungle
zoomed -14 63 -14 minecraft:jungle
zoomed -13 63 -14 minecraft:jungle
zoomed -12 63 -14 minecraft:jungle
zoomed -11 63 -14 minecraft:jungle
zoomed -10 63 -14 minecraft:jungle
zoomed -9 63 -14 minecraft:jungle
zoomed -8 63 -14 minecraft:jungle
zoomed -7 63 -14 minecraft:jungle
zoomed -6 63 -14 minecraft:jungle
zoomed -5 63 -14 minecraft:jungle
zoomed -4 63 -14 minecraft:jungle
zoomed -3 63 -14 minecraft:jungle
zoomed -2 63 -14 minecraft:jungle
zoomed -1 63 -14 minecraft:jungle
zoomed -16 63 -13 minecraft:jungle
zoomed -15 63 -13 minecraft:jungle
zoomed -14 63 -13 minecraft:jungle
zoomed -13 63 -13 minecraft:jungle
zoomed -12 63 -13 minecraft:jungle
zoomed -11 63 -13 minecraft:jungle
zoomed -10 63 -13 minecraft:jungle
zoomed -9 63 -13 minecraft:jungle
zoomed -8 63 -13 minecraft:jungle
zoomed -7 63 -13 minecraft:jungle
zoomed -6 63 -13 minecraft:jungle
zoomed -5 63 -13 minecraft:jungle
zoomed -4 63 -13 minecraft:jungle
zoomed -3 63 -13 minecraft:jungle
zoomed -2 63 -13 minecraft:jungle
zoomed -1 63 -13 minecraft:jungle
zoomed -16 63 -12 minecraft:jungle
zoomed -15 63 -12 minecraft:jungle
zoomed -14 63 -12 minecraft:jungle
zoomed -13 63 -12 minecraft:jungle
zoomed -12 63 -12 minecraft:jungle
zoomed -11 63 -12 minecraft:jungle
zoomed -10 63 -12 minecraft:jungle
zoomed -9 63 -12 minecraft:jungle
zoomed -8 63 -12 minecraft:jungle
zoomed -7 63 -12 minecraft:jungle
zoomed -6 63 -12 minecraft:jungle
zoomed -5 63 -12 minecraft:jungle
zoomed -4 63 -12 minecraft:jungle
zoomed -3 63 -12 minecraft:jungle
zoomed -2 63 -12 minecraft:jungle
zoomed -1 63 -12 minecraft:jungle
zoomed -16 63 -11 minecraft:jungle
zoomed -15 63 -11 minecraft:jungle
zoomed -14 63 -11 minecraft:jungle
zoomed -13 63 -11 minecraft:jungle
zoomed -12 63 -11 minecraft:jungle
zoomed -11 63 -11 minecraft:jungle
zoomed -10 63 -11 minecraft:jungle
zoomed -9 63 -11 minecraft:jungle
zoomed -8 63 -11 minecraft:jungle
zoomed -7 63 -11 minecraft:jungle
zoomed -6 63 -11 minecraft:jungle
zoomed -5 63 -11 minecraft:jungle
zoomed -4 63 -11 minecraft:jungle
zoomed -3 63 -11 minecraft:jungle
zoomed -2 63 -11 minecraft:jungle
zoomed -1 63 -11 minecraft:jungle
zoomed -16 63 -10 minecraft:jungle
zoomed -15 63 -10 minecraft:jungle
zoomed -14 63 -10 minecraft:jungle
zoomed -13 63 -10 minecraft:jungle
zoomed -12 63 -10 minecraft:jungle
zoomed -11 63 -10 minecraft:jungle
zoomed -10 63 -10 minecraft:jungle
zoomed -9 63 -10 minecraft:jungle
zoomed -8 63 -10 minecraft:jungle
zoomed -7 63 -10 minecraft:jungle
zoomed -6 63 -10 minecraft:jungle
zoomed -5 63 -10 minecraft:jungle
zoomed -4 63 -10 minecraft:jungle
zoomed -3 63 -10 minecraft:jungle
zoomed -2 63 -10 minecraft:jungle
zoomed -1 63 -10 minecraft:jungle
zoomed -16 63 -9 minecraft:jungle
zoomed -15 63 -9 minecraft:jungle
zoomed -14 63 -9 minecraft:jungle
zoomed -13 63 -9 minecraft:jungle
zoomed -12 63 -9 minecraft:jungle
zoomed -11 63 -9 minecraft:jungle
zoomed -10 63 -9 minecraft:jungle
zoomed -9 63 -9 minecraft:jungle
zoomed -8 63 -9 minecraft:jungle
zoomed -7 63 -9 minecraft:jungle
zoomed -6 63 -9 minecraft:jungle
zoomed -5 63 -9 minecraft:jungle
zoomed -4 63 -9 minecraft:jungle
zoomed -3 63 -9 minecraft:jungle
zoomed -2 63 -9 minecraft:jungle
zoomed -1 63 -9 minecraft:jungle
zoomed -16 63 -8 minecraft:jungle
zoomed -15 63 -8 minecraft:jungle
zoomed -14 63 -8 minecraft:jungle
zoomed -13 63 -8 minecraft:jungle
zoomed -12 63 -8 minecraft:jungle
zoomed -11 63 -8 minecraft:jungle
zoomed -10 63 -8 minecraft:jungle
zoomed -9 63 -8 minecraft:jungle
zoomed -8 63 -8 minecraft:jungle
zoomed -7 63 -8 minecraft:jungle
zoomed -6 63 -8 minecraft:jungle
zoomed -5 63 -8 minecraft:jungle
zoomed -4 63 -8 minecraft:jungle
zoomed -3 63 -8 minecraft:jungle
zoomed -2 63 -8 minecraft:jungle
zoomed -1 63 -8 minecraft:jungle
zoomed -16 63 -7 minecraft:jungle
zoomed -15 63 -7 minecraft:jungle
zoomed -14 63 -7 minecraft:jungle
zoomed -13 63 -7 minecraft:jungle
zoomed -12 63 -7 minecraft:jungle
zoomed -11 63 -7 minecraft:jungle
zoomed -10 63 -7 minecraft:jungle
zoomed -9 63 -7 minecraft:jungle
zoomed -8 63 -7 minecraft:jungle
zoomed -7 63 -7 minecraft:jungle
zoomed -6 63 -7 minecraft:jungle
zoomed -5 63 -7 minecraft:jungle
zoomed -4 63 -7 minecraft:jungle
zoomed -3 63 -7 minecraft:jungle
zoomed -2 63 -7 minecraft:jungle
zoomed -1 63 -7 minecraft:jungle
zoomed -16 63 -6 minecraft:jungle
zoomed -15 63 -6 minecraft:jungle
zoomed -14 63 -6 minecraft:jungle
zoomed -13 63 -6 minecraft:jungle
zoomed -12 63 -6 minecraft:jungle
zoomed -11 63 -6 minecraft:jungle
zoomed -10 63 -6 minecraft:jungle
zoomed -9 63 -6 minecraft:jungle
zoomed -8 63 -6 minecraft:jungle
zoomed -7 63 -6 minecraft:jungle
zoomed -6 63 -6 minecraft:jungle
zoomed -5 63 -6 minecraft:jungle
zoomed -4 63 -6 minecraft:jungle
zoomed -3 63 -6 minecraft:jungle
zoomed -2 63 -6 minecraft:jungle
zoomed -1 63 -6 minecraft:jungle
zoomed -16 63 -5 minecraft:jungle
zoomed -15 63 -5 minecraft:jungle
zoomed -14 63 -5 minecraft:jungle
zoomed -13 63 -5 minecraft:jungle
zoomed -12 63 -5 minecraft:jungle
zoomed -11 63 -5 minecraft:jungle
zoomed -10 63 -5 minecraft:jungle
zoomed -9 63 -5 minecraft:jungle
zoomed -8 63 -5 minecraft:jungle
zoomed -7 63 -5 minecraft:jungle
zoomed -6 63 -5 minecraft:jungle
zoomed -5 63 -5 minecraft:jungle
zoomed -4 63 -5 minecraft:jungle
zoomed -3 63 -5 minecraft:jungle
zoomed -2 63 -5 minecraft:jungle
zoomed -1 63 -5 minecraft:jungle
zoomed -16 63 -4 minecraft:jungle
zoomed -15 63 -4 minecraft:jungle
zoomed -14 63 -4 minecraft:jungle
zoomed -13 63 -4 minecraft:jungle
zoomed -12 63 -4 minecraft:jungle
zoomed -11 63 -4 minecraft:jungle
zoomed -10 63 -4 minecraft:jungle
zoomed -9 63 -4 minecraft:jungle
zoomed -8 63 -4 minecraft:jungle
zoomed -7 63 -4 minecraft:jungle
zoomed -6 63 -4 minecraft:jungle
zoomed -5 63 -4 minecraft:jungle
zoomed -4 63 -4 minecraft:jungle
zoomed -3 63 -4 minecraft:jungle
zoomed -2 63 -4 minecraft:jungle
zoomed -1 63 -4 minecraft:jungle
zoomed -16 63 -3 minecraft:jungle
zoomed -15 63 -3 minecraft:jungle
zoomed -14 63 -3 minecraft:jungle
zoomed -13 63 -3 minecraft:jungle
zoomed -12 63 -3 minecraft:jungle
zoomed -11 63 -3 minecraft:jungle
zoomed -10 63 -3 minecraft:jungle
zoomed -9 63 -3 minecraft:jungle
zoomed -8 63 -3 minecraft:jungle
zoomed -7 63 -3 minecraft:jungle
zoomed -6 63 -3 minecraft:jungle
zoomed -5 63 -3 minecraft:jungle
zoomed -4 63 -3 minecraft:jungle
zoomed -3 63 -3 minecraft:jungle
zoomed -2 63 -3 minecraft:jungle
zoomed -1 63 -3 minecraft:jungle
zoomed -16 63 -2 minecraft:jungle
zoomed -15 63 -2 minecraft:jungle
zoomed -14 63 -2 minecraft:jungle
zoomed -13 63 -2 minecraft:jungle
zoomed -12 63 -2 minecraft:jungle
zoomed -11 63 -2 minecraft:jungle
zoomed -10 63 -2 minecraft:jungle
zoomed -9 63 -2 minecraft:jungle
zoomed -8 63 -2 minecraft:jungle
zoomed -7 63 -2 minecraft:jungle
zoomed -6 63 -2 minecraft:jungle
zoomed -5 63 -2 minecraft:jungle
zoomed -4 63 -2 minecraft:jungle
zoomed -3 63 -2 minecraft:jungle
zoomed -2 63 -2 minecraft:jungle
zoomed -1 63 -2 minecraft:jungle
zoomed -16 63 -1 minecraft:jungle
zoomed -15 63 -1 minecraft:jungle
zoomed -14 63 -1 minecraft:jungle
zoomed -13 63 -1 minecraft:jungle
zoomed -12 63 -1 minecraft:jungle
zoomed -11 63 -1 minecraft:jungle
zoomed -10 63 -1 minecraft:jungle
zoomed -9 63 -1 minecraft:jungle
zoomed -8 63 -1 minecraft:jungle
zoomed -7 63 -1 minecraft:jungle
zoomed -6 63 -1 minecraft:jungle
zoomed -5 63 -1 minecraft:jungle
zoomed -4 63 -1 minecraft:jungle
zoomed -3 63 -1 minecraft:jungle
zoomed -2 63 -1 minecraft:jungle
zoomed -1 63 -1 minecraft:jungle
zoomed -16 70 -16 minecraft:jungle
zoomed -15 70 -16 minecraft:jungle
zoomed -14 70 -16 minecraft:jungle
zoomed -13 70 -16 minecraft:jungle
zoomed -12 70 -16 minecraft:jungle
zoomed -11 70 -16 minecraft:jungle
zoomed -10 70 -16 minecraft:jungle
zoomed -9 70 -16 minecraft:jungle
zoomed -8 70 -16 minecraft:jungle
zoomed -7 70 -16 minecraft:jungle
zoomed -6 70 -16 minecraft:jungle
zoomed -5 70 -16 minecraft:jungle
zoomed -4 70 -16 minecraft:jungle
zoomed -3 70 -16 minecraft:jungle
zoomed -2 70 -16 minecraft:jungle
zoomed -1 70 -16 minecraft:jungle
zoomed -16 70 -15 minecraft:jungle
zoomed -15 70 -15 minecraft:jungle
zoomed -14 70 -15 minecraft:jungle
zoomed -13 70 -15 minecraft:jungle
zoomed -12 70 -15 minecraft:jungle
zoomed -11 70 -15 minecraft:jungle
zoomed -10 70 -15 minecraft:jungle
zoomed -9 70 -15 minecraft:jungle
zoomed -8 70 -15 minecraft:jungle
zoomed -7 70 -15 minecraft:jungle
zoomed -6 70 -15 minecraft:jungle
zoomed -5 70 -15 minecraft:jungle
zoomed -4 70 -15 minecraft:jungle
zoomed -3 70 -15 minecraft:jungle
zoomed -2 70 -15 minecraft:jungle
zoomed -1 70 -15 minecraft:jungle
zoomed -16 70 -14 minecraft:jungle
zoomed -15 70 -14 minecraft:jungle
zoomed -14 70 -14 minecraft:jungle
zoomed -13 70 -14 minecraft:jungle
zoomed -12 70 -14 minecraft:jungle
zoomed -11 70 -14 minecraft:jungle
zoomed -10 70 -14 minecraft:jungle
zoomed -9 70 -14 minecraft:jungle
zoomed -8 70 -14 minecraft:jungle
zoomed -7 70 -14 minecraft:jungle
zoomed -6 70 -14 minecraft:jungle
zoomed -5 70 -14 minecraft:jungle
zoomed -4 70 -14 minecraft:jungle
zoomed -3 70 -14 minecraft:jungle
zoomed -2 70 -14 minecraft:jungle
zoomed -1 70 -14 minecraft:jungle
zoomed -16 70 -13 minecraft:jungle
zoomed -15 70 -13 minecraft:jungle
zoomed -14 70 -13 minecraft:jungle
zoomed -13 70 -13 minecraft:jungle
zoomed -12 70 -13 minecraft:jungle
zoomed -11 70 -13 minecraft:jungle
zoomed -10 70 -13 minecraft:jungle
zoomed -9 70 -13 minecraft:jungle
zoomed -8 70 -13 minecraft:jungle
zoomed -7 70 -13 minecraft:jungle
zoomed -6 70 -13 minecraft:jungle
zoomed -5 70 -13 minecraft:jungle
zoomed -4 70 -13 minecraft:jungle
zoomed -3 70 -13 minecraft:jungle
zoomed -2 70 -13 minecraft:jungle
zoomed -1 70 -13 minecraft:jungle
zoomed -16 70 -12 minecraft:jungle
zoomed -15 70 -12 minecraft:jungle
zoomed -14 70 -12 minecraft:jungle
zoomed -13 70 -12 minecraft:jungle
zoomed -12 70 -12 minecraft:jungle
zoomed -11 70 -12 minecraft:jungle
zoomed -10 70 -12 minecraft:jungle
zoomed -9 70 -12 minecraft:jungle
zoomed -8 70 -12 minecraft:jungle
zoomed -7 70 -12 minecraft:jungle
zoomed -6 70 -12 minecraft:jungle
zoomed -5 70 -12 minecraft:jungle
zoomed -4 70 -12 minecraft:jungle
zoomed -3 70 -12 minecraft:jungle
zoomed -2 70 -12 minecraft:jungle
zoomed -1 70 -12 minecraft:jungle
zoomed -16 70 -11 minecraft:jungle
zoomed -15 70 -11 minecraft:jungle
zoomed -14 70 -11 minecraft:jungle
zoomed -13 70 -11 minecraft:jungle
zoomed -12 70 -11 minecraft:jungle
zoomed -11 70 -11 minecraft:jungle
zoomed -10 70 -11 minecraft:jungle
zoomed -9 70 -11 minecraft:jungle
zoomed -8 70 -11 minecraft:jungle
zoomed -7 70 -11 minecraft:jungle
zoomed -6 70 -11 minecraft:jungle
zoomed -5 70 -11 minecraft:jungle
zoomed -4 70 -11 minecraft:jungle
zoomed -3 70 -11 minecraft:jungle
zoomed -2 70 -11 minecraft:jungle
zoomed -1 70 -11 minecraft:jungle
zoomed -16 70 -10 minecraft:jungle
zoomed -15 70 -10 minecraft:jungle
zoomed -14 70 -10 minecraft:jungle
zoomed -13 70 -10 minecraft:jungle
zoomed -12 70 -10 minecraft:jungle
zoomed -11 70 -10 minecraft:jungle
zoomed -10 70 -10 minecraft:jungle
zoomed -9 70 -10 minecraft:jungle
zoomed -8 70 -10 minecraft:jungle
zoomed -7 70 -10 minecraft:jungle
zoomed -6 70 -10 minecraft:jungle
zoomed -5 70 -10 minecraft:jungle
zoomed -4 70 -10 minecraft:jungle
zoomed -3 70 -10 minecraft:jungle
zoomed -2 70 -10 minecraft:jungle
zoomed -1 70 -10 minecraft:jungle
zoomed -16 70 -9 minecraft:jungle
zoomed -15 70 -9 minecraft:jungle
zoomed -14 70 -9 minecraft:jungle
zoomed -13 70 -9 minecraft:jungle
zoomed -12 70 -9 minecraft:jungle
zoomed -11 70 -9 minecraft:jungle
zoomed -10 70 -9 minecraft:jungle
zoomed -9 70 -9 minecraft:jungle
zoomed -8 70 -9 minecraft:jungle
zoomed -7 70 -9 minecraft:jungle
zoomed -6 70 -9 minecraft:jungle
zoomed -5 70 -9 minecraft:jungle
zoomed -4 70 -9 minecraft:jungle
zoomed -3 70 -9 minecraft:jungle
zoomed -2 70 -9 minecraft:jungle
zoomed -1 70 -9 minecraft:jungle
zoomed -16 70 -8 minecraft:jungle
zoomed -15 70 -8 minecraft:jungle
zoomed -14 70 -8 minecraft:jungle
zoomed -13 70 -8 minecraft:jungle
zoomed -12 70 -8 minecraft:jungle
zoomed -11 70 -8 minecraft:jungle
zoomed -10 70 -8 minecraft:jungle
zoomed -9 70 -8 minecraft:jungle
zoomed -8 70 -8 minecraft:jungle
zoomed -7 70 -8 minecraft:jungle
zoomed -6 70 -8 minecraft:jungle
zoomed -5 70 -8 minecraft:jungle
zoomed -4 70 -8 minecraft:jungle
zoomed -3 70 -8 minecraft:jungle
zoomed -2 70 -8 minecraft:jungle
zoomed -1 70 -8 minecraft:jungle
zoomed -16 70 -7 minecraft:jungle
zoomed -15 70 -7 minecraft:jungle
zoomed -14 70 -7 minecraft:jungle
zoomed -13 70 -7 minecraft:jungle
zoomed -12 70 -7 minecraft:jungle
zoomed -11 70 -7 minecraft:jungle
zoomed -10 70 -7 minecraft:jungle
zoomed -9 70 -7 minecraft:jungle
zoomed -8 70 -7 minecraft:jungle
zoomed -7 70 -7 minecraft:jungle
zoomed -6 70 -7 minecraft:jungle
zoomed -5 70 -7 minecraft:jungle
zoomed -4 70 -7 minecraft:jungle
zoomed -3 70 -7 minecraft:jungle
zoomed -2 70 -7 minecraft:jungle
zoomed -1 70 -7 minecraft:jungle
zoomed -16 70 -6 minecraft:jungle
zoomed -15 70 -6 minecraft:jungle
zoomed -14 70 -6 minecraft:jungle
zoomed -13 70 -6 minecraft:jungle
zoomed -12 70 -6 minecraft:jungle
zoomed -11 70 -6 minecraft:jungle
zoomed -10 70 -6 minecraft:jungle
zoomed -9 70 -6 minecraft:jungle
zoomed -8 70 -6 minecraft:jungle
zoomed -7 70 -6 minecraft:jungle
zoomed -6 70 -6 minecraft:jungle
zoomed -5 70 -6 minecraft:jungle
zoomed -4 70 -6 minecraft:jungle
zoomed -3 70 -6 minecraft:jungle
zoomed -2 70 -6 minecraft:jungle
zoomed -1 70 -6 minecraft:jungle
zoomed -16 70 -5 minecraft:jungle
zoomed -15 70 -5 minecraft:jungle
zoomed -14 70 -5 minecraft:jungle
zoomed -13 70 -5 minecraft:jungle
zoomed -12 70 -5 minecraft:jungle
zoomed -11 70 -5 minecraft:jungle
zoomed -10 70 -5 minecraft:jungle
zoomed -9 70 -5 minecraft:jungle
zoomed -8 70 -5 minecraft:jungle
zoomed -7 70 -5 minecraft:jungle
zoomed -6 70 -5 minecraft:jungle
zoomed -5 70 -5 minecraft:jungle
zoomed -4 70 -5 minecraft:jungle
zoomed -3 70 -5 minecraft:jungle
zoomed -2 70 -5 minecraft:jungle
zoomed -1 70 -5 minecraft:jungle
zoomed -16 70 -4 minecraft:jungle
zoomed -15 70 -4 minecraft:jungle
zoomed -14 70 -4 minecraft:jungle
zoomed -13 70 -4 minecraft:jungle
zoomed -12 70 -4 minecraft:jungle
zoomed -11 70 -4 minecraft:jungle
zoomed -10 70 -4 minecraft:jungle
zoomed -9 70 -4 minecraft:jungle
zoomed -8 70 -4 minecraft:jungle
zoomed -7 70 -4 minecraft:jungle
zoomed -6 70 -4 minecraft:jungle
zoomed -5 70 -4 minecraft:jungle
zoomed -4 70 -4 minecraft:jungle
zoomed -3 70 -4 minecraft:jungle
zoomed -2 70 -4 minecraft:jungle
zoomed -1 70 -4 minecraft:jungle
zoomed -16 70 -3 minecraft:jungle
zoomed -15 70 -3 minecraft:jungle
zoomed -14 70 -3 minecraft:jungle
zoomed -13 70 -3 minecraft:jungle
zoomed -12 70 -3 minecraft:jungle
zoomed -11 70 -3 minecraft:jungle
zoomed -10 70 -3 minecraft:jungle
zoomed -9 70 -3 minecraft:jungle
zoomed -8 70 -3 minecraft:jungle
zoomed -7 70 -3 minecraft:jungle
zoomed -6 70 -3 minecraft:jungle
zoomed -5 70 -3 minecraft:jungle
zoomed -4 70 -3 minecraft:jungle
zoomed -3 70 -3 minecraft:jungle
zoomed -2 70 -3 minecraft:jungle
zoomed -1 70 -3 minecraft:jungle
zoomed -16 70 -2 minecraft:jungle
zoomed -15 70 -2 minecraft:jungle
zoomed -14 70 -2 minecraft:jungle
zoomed -13 70 -2 minecraft:jungle
zoomed -12 70 -2 minecraft:jungle
zoomed -11 70 -2 minecraft:jungle
zoomed -10 70 -2 minecraft:jungle
zoomed -9 70 -2 minecraft:jungle
zoomed -8 70 -2 minecraft:jungle
zoomed -7 70 -2 minecraft:jungle
zoomed -6 70 -2 minecraft:jungle
zoomed -5 70 -2 minecraft:jungle
zoomed -4 70 -2 minecraft:jungle
zoomed -3 70 -2 minecraft:jungle
zoomed -2 70 -2 minecraft:jungle
zoomed -1 70 -2 minecraft:jungle
zoomed -16 70 -1 minecraft:jungle
zoomed -15 70 -1 minecraft:jungle
zoomed -14 70 -1 minecraft:jungle
zoomed -13 70 -1 minecraft:jungle
zoomed -12 70 -1 minecraft:jungle
zoomed -11 70 -1 minecraft:jungle
zoomed -10 70 -1 minecraft:jungle
zoomed -9 70 -1 minecraft:jungle
zoomed -8 70 -1 minecraft:jungle
zoomed -7 70 -1 minecraft:jungle
zoomed -6 70 -1 minecraft:jungle
zoomed -5 70 -1 minecraft:jungle
zoomed -4 70 -1 minecraft:jungle
zoomed -3 70 -1 minecraft:jungle
zoomed -2 70 -1 minecraft:jungle
zoomed -1 70 -1 minecraft:jungle
zoomed -16 90 -16 minecraft:jungle
zoomed -15 90 -16 minecraft:jungle
zoomed -14 90 -16 minecraft:jungle
zoomed -13 90 -16 minecraft:jungle
zoomed -12 90 -16 minecraft:jungle
zoomed -11 90 -16 minecraft:jungle
zoomed -10 90 -16 minecraft:jungle
zoomed -9 90 -16 minecraft:jungle
zoomed -8 90 -16 minecraft:jungle
zoomed -7 90 -16 minecraft:jungle
zoomed -6 90 -16 minecraft:jungle
zoomed -5 90 -16 minecraft:jungle
zoomed -4 90 -16 minecraft:jungle
zoomed -3 90 -16 minecraft:jungle
zoomed -2 90 -16 minecraft:jungle
zoomed -1 90 -16 minecraft:jungle
zoomed -16 90 -15 minecraft:jungle
zoomed -15 90 -15 minecraft:jungle
zoomed -14 90 -15 minecraft:jungle
zoomed -13 90 -15 minecraft:jungle
zoomed -12 90 -15 minecraft:jungle
zoomed -11 90 -15 minecraft:jungle
zoomed -10 90 -15 minecraft:jungle
zoomed -9 90 -15 minecraft:jungle
zoomed -8 90 -15 minecraft:jungle
zoomed -7 90 -15 minecraft:jungle
zoomed -6 90 -15 minecraft:jungle
zoomed -5 90 -15 minecraft:jungle
zoomed -4 90 -15 minecraft:jungle
zoomed -3 90 -15 minecraft:jungle
zoomed -2 90 -15 minecraft:jungle
zoomed -1 90 -15 minecraft:jungle
zoomed -16 90 -14 minecraft:jungle
zoomed -15 90 -14 minecraft:jungle
zoomed -14 90 -14 minecraft:jungle
zoomed -13 90 -14 minecraft:jungle
zoomed -12 90 -14 minecraft:jungle
zoomed -11 90 -14 minecraft:jungle
zoomed -10 90 -14 minecraft:jungle
zoomed -9 90 -14 minecraft:jungle
zoomed -8 90 -14 minecraft:jungle
zoomed -7 90 -14 minecraft:jungle
zoomed -6 90 -14 minecraft:jungle
zoomed -5 90 -14 minecraft:jungle
zoomed -4 90 -14 minecraft:jungle
zoomed -3 90 -14 minecraft:jungle
zoomed -2 90 -14 minecraft:jungle
zoomed -1 90 -14 minecraft:jungle
zoomed -16 90 -13 minecraft:jungle
zoomed -15 90 -13 minecraft:jungle
zoomed -14 90 -13 minecraft:jungle
zoomed -13 90 -13 minecraft:jungle
zoomed -12 90 -13 minecraft:jungle
zoomed -11 90 -13 minecraft:jungle
zoomed -10 90 -13 minecraft:jungle
zoomed -9 90 -13 minecraft:jungle
zoomed -8 90 -13 minecraft:jungle
zoomed -7 90 -13 minecraft:jungle
zoomed -6 90 -13 minecraft:jungle
zoomed -5 90 -13 minecraft:jungle
zoomed -4 90 -13 minecraft:jungle
zoomed -3 90 -13 minecraft:jungle
zoomed -2 90 -13 minecraft:jungle
zoomed -1 90 -13 minecraft:jungle
zoomed -16 90 -12 minecraft:jungle
zoomed -15 90 -12 minecraft:jungle
zoomed -14 90 -12 minecraft:jungle
zoomed -13 90 -12 minecraft:jungle
zoomed -12 90 -12 minecraft:jungle
zoomed -11 90 -12 minecraft:jungle
zoomed -10 90 -12 minecraft:jungle
zoomed -9 90 -12 minecraft:jungle
zoomed -8 90 -12 minecraft:jungle
zoomed -7 90 -12 minecraft:jungle
zoomed -6 90 -12 minecraft:jungle
zoomed -5 90 -12 minecraft:jungle
zoomed -4 90 -12 minecraft:jungle
zoomed -3 90 -12 minecraft:jungle
zoomed -2 90 -12 minecraft:jungle
zoomed -1 90 -12 minecraft:jungle
zoomed -16 90 -11 minecraft:jungle
zoomed -15 90 -11 minecraft:jungle
zoomed -14 90 -11 minecraft:jungle
zoomed -13 90 -11 minecraft:jungle
zoomed -12 90 -11 minecraft:jungle
zoomed -11 90 -11 minecraft:jungle
zoomed -10 90 -11 minecraft:jungle
zoomed -9 90 -11 minecraft:jungle
zoomed -8 90 -11 minecraft:jungle
zoomed -7 90 -11 minecraft:jungle
zoomed -6 90 -11 minecraft:jungle
zoomed -5 90 -11 minecraft:jungle
zoomed -4 90 -11 minecraft:jungle
zoomed -3 90 -11 minecraft:jungle
zoomed -2 90 -11 minecraft:jungle
zoomed -1 90 -11 minecraft:jungle
zoomed -16 90 -10 minecraft:jungle
zoomed -15 90 -10 minecraft:jungle
zoomed -14 90 -10 minecraft:jungle
zoomed -13 90 -10 minecraft:jungle
zoomed -12 90 -10 minecraft:jungle
zoomed -11 90 -10 minecraft:jungle
zoomed -10 90 -10 minecraft:jungle
zoomed -9 90 -10 minecraft:jungle
zoomed -8 90 -10 minecraft:jungle
zoomed -7 90 -10 minecraft:jungle
zoomed -6 90 -10 minecraft:jungle
zoomed -5 90 -10 minecraft:jungle
zoomed -4 90 -10 minecraft:jungle
zoomed -3 90 -10 minecraft:jungle
zoomed -2 90 -10 minecraft:jungle
zoomed -1 90 -10 minecraft:jungle
zoomed -16 90 -9 minecraft:jungle
zoomed -15 90 -9 minecraft:jungle
zoomed -14 90 -9 minecraft:jungle
zoomed -13 90 -9 minecraft:jungle
zoomed -12 90 -9 minecraft:jungle
zoomed -11 90 -9 minecraft:jungle
zoomed -10 90 -9 minecraft:jungle
zoomed -9 90 -9 minecraft:jungle
zoomed -8 90 -9 minecraft:jungle
zoomed -7 90 -9 minecraft:jungle
zoomed -6 90 -9 minecraft:jungle
zoomed -5 90 -9 minecraft:jungle
zoomed -4 90 -9 minecraft:jungle
zoomed -3 90 -9 minecraft:jungle
zoomed -2 90 -9 minecraft:jungle
zoomed -1 90 -9 minecraft:jungle
zoomed -16 90 -8 minecraft:jungle
zoomed -15 90 -8 minecraft:jungle
zoomed -14 90 -8 minecraft:jungle
zoomed -13 90 -8 minecraft:jungle
zoomed -12 90 -8 minecraft:jungle
zoomed -11 90 -8 minecraft:jungle
zoomed -10 90 -8 minecraft:jungle
zoomed -9 90 -8 minecraft:jungle
zoomed -8 90 -8 minecraft:jungle
zoomed -7 90 -8 minecraft:jungle
zoomed -6 90 -8 minecraft:jungle
zoomed -5 90 -8 minecraft:jungle
zoomed -4 90 -8 minecraft:jungle
zoomed -3 90 -8 minecraft:jungle
zoomed -2 90 -8 minecraft:jungle
zoomed -1 90 -8 minecraft:jungle
zoomed -16 90 -7 minecraft:jungle
zoomed -15 90 -7 minecraft:jungle
zoomed -14 90 -7 minecraft:jungle
zoomed -13 90 -7 minecraft:jungle
zoomed -12 90 -7 minecraft:jungle
zoomed -11 90 -7 minecraft:jungle
zoomed -10 90 -7 minecraft:jungle
zoomed -9 90 -7 minecraft:jungle
zoomed -8 90 -7 minecraft:jungle
zoomed -7 90 -7 minecraft:jungle
zoomed -6 90 -7 minecraft:jungle
zoomed -5 90 -7 minecraft:jungle
zoomed -4 90 -7 minecraft:jungle
zoomed -3 90 -7 minecraft:jungle
zoomed -2 90 -7 minecraft:jungle
zoomed -1 90 -7 minecraft:jungle
zoomed -16 90 -6 minecraft:jungle
zoomed -15 90 -6 minecraft:jungle
zoomed -14 90 -6 minecraft:jungle
zoomed -13 90 -6 minecraft:jungle
zoomed -12 90 -6 minecraft:jungle
zoomed -11 90 -6 minecraft:jungle
zoomed -10 90 -6 minecraft:jungle
zoomed -9 90 -6 minecraft:jungle
zoomed -8 90 -6 minecraft:jungle
zoomed -7 90 -6 minecraft:jungle
zoomed -6 90 -6 minecraft:jungle
zoomed -5 90 -6 minecraft:jungle
zoomed -4 90 -6 minecraft:jungle
zoomed -3 90 -6 minecraft:jungle
zoomed -2 90 -6 minecraft:jungle
zoomed -1 90 -6 minecraft:jungle
zoomed -16 90 -5 minecraft:jungle
zoomed -15 90 -5 minecraft:jungle
zoomed -14 90 -5 minecraft:jungle
zoomed -13 90 -5 minecraft:jungle
zoomed -12 90 -5 minecraft:jungle
zoomed -11 90 -5 minecraft:jungle
zoomed -10 90 -5 minecraft:jungle
zoomed -9 90 -5 minecraft:jungle
zoomed -8 90 -5 minecraft:jungle
zoomed -7 90 -5 minecraft:jungle
zoomed -6 90 -5 minecraft:jungle
zoomed -5 90 -5 minecraft:jungle
zoomed -4 90 -5 minecraft:jungle
zoomed -3 90 -5 minecraft:jungle
zoomed -2 90 -5 minecraft:jungle
zoomed -1 90 -5 minecraft:jungle
zoomed -16 90 -4 minecraft:jungle
zoomed -15 90 -4 minecraft:jungle
zoomed -14 90 -4 minecraft:jungle
zoomed -13 90 -4 minecraft:jungle
zoomed -12 90 -4 minecraft:jungle
zoomed -11 90 -4 minecraft:jungle
zoomed -10 90 -4 minecraft:jungle
zoomed -9 90 -4 minecraft:jungle
zoomed -8 90 -4 minecraft:jungle
zoomed -7 90 -4 minecraft:jungle
zoomed -6 90 -4 minecraft:jungle
zoomed -5 90 -4 minecraft:jungle
zoomed -4 90 -4 minecraft:jungle
zoomed -3 90 -4 minecraft:jungle
zoomed -2 90 -4 minecraft:jungle
zoomed -1 90 -4 minecraft:jungle
zoomed -16 90 -3 minecraft:jungle
zoomed -15 90 -3 minecraft:jungle
zoomed -14 90 -3 minecraft:jungle
zoomed -13 90 -3 minecraft:jungle
zoomed -12 90 -3 minecraft:jungle
zoomed -11 90 -3 minecraft:jungle
zoomed -10 90 -3 minecraft:jungle
zoomed -9 90 -3 minecraft:jungle
zoomed -8 90 -3 minecraft:jungle
zoomed -7 90 -3 minecraft:jungle
zoomed -6 90 -3 minecraft:jungle
zoomed -5 90 -3 minecraft:jungle
zoomed -4 90 -3 minecraft:jungle
zoomed -3 90 -3 minecraft:jungle
zoomed -2 90 -3 minecraft:jungle
zoomed -1 90 -3 minecraft:jungle
zoomed -16 90 -2 minecraft:jungle
zoomed -15 90 -2 minecraft:jungle
zoomed -14 90 -2 minecraft:jungle
zoomed -13 90 -2 minecraft:jungle
zoomed -12 90 -2 minecraft:jungle
zoomed -11 90 -2 minecraft:jungle
zoomed -10 90 -2 minecraft:jungle
zoomed -9 90 -2 minecraft:jungle
zoomed -8 90 -2 minecraft:jungle
zoomed -7 90 -2 minecraft:jungle
zoomed -6 90 -2 minecraft:jungle
zoomed -5 90 -2 minecraft:jungle
zoomed -4 90 -2 minecraft:jungle
zoomed -3 90 -2 minecraft:jungle
zoomed -2 90 -2 minecraft:jungle
zoomed -1 90 -2 minecraft:jungle
zoomed -16 90 -1 minecraft:jungle
zoomed -15 90 -1 minecraft:jungle
zoomed -14 90 -1 minecraft:jungle
zoomed -13 90 -1 minecraft:jungle
zoomed -12 90 -1 minecraft:jungle
zoomed -11 90 -1 minecraft:jungle
zoomed -10 90 -1 minecraft:jungle
zoomed -9 90 -1 minecraft:jungle
zoomed -8 90 -1 minecraft:jungle
zoomed -7 90 -1 minecraft:jungle
zoomed -6 90 -1 minecraft:jungle
zoomed -5 90 -1 minecraft:jungle
zoomed -4 90 -1 minecraft:jungle
zoomed -3 90 -1 minecraft:jungle
zoomed -2 90 -1 minecraft:jungle
zoomed -1 90 -1 minecraft:jungle
zoomed -16 110 -16 minecraft:jungle
zoomed -15 110 -16 minecraft:jungle
zoomed -14 110 -16 minecraft:jungle
zoomed -13 110 -16 minecraft:jungle
zoomed -12 110 -16 minecraft:jungle
zoomed -11 110 -16 minecraft:jungle
zoomed -10 110 -16 minecraft:jungle
zoomed -9 110 -16 minecraft:jungle
zoomed -8 110 -16 minecraft:jungle
zoomed -7 110 -16 minecraft:jungle
zoomed -6 110 -16 minecraft:jungle
zoomed -5 110 -16 minecraft:jungle
zoomed -4 110 -16 minecraft:jungle
zoomed -3 110 -16 minecraft:jungle
zoomed -2 110 -16 minecraft:jungle
zoomed -1 110 -16 minecraft:jungle
zoomed -16 110 -15 minecraft:jungle
zoomed -15 110 -15 minecraft:jungle
zoomed -14 110 -15 minecraft:jungle
zoomed -13 110 -15 minecraft:jungle
zoomed -12 110 -15 minecraft:jungle
zoomed -11 110 -15 minecraft:jungle
zoomed -10 110 -15 minecraft:jungle
zoomed -9 110 -15 minecraft:jungle
zoomed -8 110 -15 minecraft:jungle
zoomed -7 110 -15 minecraft:jungle
zoomed -6 110 -15 minecraft:jungle
zoomed -5 110 -15 minecraft:jungle
zoomed -4 110 -15 minecraft:jungle
zoomed -3 110 -15 minecraft:jungle
zoomed -2 110 -15 minecraft:jungle
zoomed -1 110 -15 minecraft:jungle
zoomed -16 110 -14 minecraft:jungle
zoomed -15 110 -14 minecraft:jungle
zoomed -14 110 -14 minecraft:jungle
zoomed -13 110 -14 minecraft:jungle
zoomed -12 110 -14 minecraft:jungle
zoomed -11 110 -14 minecraft:jungle
zoomed -10 110 -14 minecraft:jungle
zoomed -9 110 -14 minecraft:jungle
zoomed -8 110 -14 minecraft:jungle
zoomed -7 110 -14 minecraft:jungle
zoomed -6 110 -14 minecraft:jungle
zoomed -5 110 -14 minecraft:jungle
zoomed -4 110 -14 minecraft:jungle
zoomed -3 110 -14 minecraft:jungle
zoomed -2 110 -14 minecraft:jungle
zoomed -1 110 -14 minecraft:jungle
zoomed -16 110 -13 minecraft:jungle
zoomed -15 110 -13 minecraft:jungle
zoomed -14 110 -13 minecraft:jungle
zoomed -13 110 -13 minecraft:jungle
zoomed -12 110 -13 minecraft:jungle
zoomed -11 110 -13 minecraft:jungle
zoomed -10 110 -13 minecraft:jungle
zoomed -9 110 -13 minecraft:jungle
zoomed -8 110 -13 minecraft:jungle
zoomed -7 110 -13 minecraft:jungle
zoomed -6 110 -13 minecraft:jungle
zoomed -5 110 -13 minecraft:jungle
zoomed -4 110 -13 minecraft:jungle
zoomed -3 110 -13 minecraft:jungle
zoomed -2 110 -13 minecraft:jungle
zoomed -1 110 -13 minecraft:jungle
zoomed -16 110 -12 minecraft:jungle
zoomed -15 110 -12 minecraft:jungle
zoomed -14 110 -12 minecraft:jungle
zoomed -13 110 -12 minecraft:jungle
zoomed -12 110 -12 minecraft:jungle
zoomed -11 110 -12 minecraft:jungle
zoomed -10 110 -12 minecraft:jungle
zoomed -9 110 -12 minecraft:jungle
zoomed -8 110 -12 minecraft:jungle
zoomed -7 110 -12 minecraft:jungle
zoomed -6 110 -12 minecraft:jungle
zoomed -5 110 -12 minecraft:jungle
zoomed -4 110 -12 minecraft:jungle
zoomed -3 110 -12 minecraft:jungle
zoomed -2 110 -12 minecraft:jungle
zoomed -1 110 -12 minecraft:jungle
zoomed -16 110 -11 minecraft:jungle
zoomed -15 110 -11 minecraft:jungle
zoomed -14 110 -11 minecraft:jungle
zoomed -13 110 -11 minecraft:jungle
zoomed -12 110 -11 minecraft:jungle
zoomed -11 110 -11 minecraft:jungle
zoomed -10 110 -11 minecraft:jungle
zoomed -9 110 -11 minecraft:jungle
zoomed -8 110 -11 minecraft:jungle
zoomed -7 110 -11 minecraft:jungle
zoomed -6 110 -11 minecraft:jungle
zoomed -5 110 -11 minecraft:jungle
zoomed -4 110 -11 minecraft:jungle
zoomed -3 110 -11 minecraft:jungle
zoomed -2 110 -11 minecraft:jungle
zoomed -1 110 -11 minecraft:jungle
zoomed -16 110 -10 minecraft:jungle
zoomed -15 110 -10 minecraft:jungle
zoomed -14 110 -10 minecraft:jungle
zoomed -13 110 -10 minecraft:jungle
zoomed -12 110 -10 minecraft:jungle
zoomed -11 110 -10 minecraft:jungle
zoomed -10 110 -10 minecraft:jungle
zoomed -9 110 -10 minecraft:jungle
zoomed -8 110 -10 minecraft:jungle
zoomed -7 110 -10 minecraft:jungle
zoomed -6 110 -10 minecraft:jungle
zoomed -5 110 -10 minecraft:jungle
zoomed -4 110 -10 minecraft:jungle
zoomed -3 110 -10 minecraft:jungle
zoomed -2 110 -10 minecraft:jungle
zoomed -1 110 -10 minecraft:jungle
zoomed -16 110 -9 minecraft:jungle
zoomed -15 110 -9 minecraft:jungle
zoomed -14 110 -9 minecraft:jungle
zoomed -13 110 -9 minecraft:jungle
zoomed -12 110 -9 minecraft:jungle
zoomed -11 110 -9 minecraft:jungle
zoomed -10 110 -9 minecraft:jungle
zoomed -9 110 -9 minecraft:jungle
zoomed -8 110 -9 minecraft:jungle
zoomed -7 110 -9 minecraft:jungle
zoomed -6 110 -9 minecraft:jungle
zoomed -5 110 -9 minecraft:jungle
zoomed -4 110 -9 minecraft:jungle
zoomed -3 110 -9 minecraft:jungle
zoomed -2 110 -9 minecraft:jungle
zoomed -1 110 -9 minecraft:jungle
zoomed -16 110 -8 minecraft:jungle
zoomed -15 110 -8 minecraft:jungle
zoomed -14 110 -8 minecraft:jungle
zoomed -13 110 -8 minecraft:jungle
zoomed -12 110 -8 minecraft:jungle
zoomed -11 110 -8 minecraft:jungle
zoomed -10 110 -8 minecraft:jungle
zoomed -9 110 -8 minecraft:jungle
zoomed -8 110 -8 minecraft:jungle
zoomed -7 110 -8 minecraft:jungle
zoomed -6 110 -8 minecraft:jungle
zoomed -5 110 -8 minecraft:jungle
zoomed -4 110 -8 minecraft:jungle
zoomed -3 110 -8 minecraft:jungle
zoomed -2 110 -8 minecraft:jungle
zoomed -1 110 -8 minecraft:jungle
zoomed -16 110 -7 minecraft:jungle
zoomed -15 110 -7 minecraft:jungle
zoomed -14 110 -7 minecraft:jungle
zoomed -13 110 -7 minecraft:jungle
zoomed -12 110 -7 minecraft:jungle
zoomed -11 110 -7 minecraft:jungle
zoomed -10 110 -7 minecraft:jungle
zoomed -9 110 -7 minecraft:jungle
zoomed -8 110 -7 minecraft:jungle
zoomed -7 110 -7 minecraft:jungle
zoomed -6 110 -7 minecraft:jungle
zoomed -5 110 -7 minecraft:jungle
zoomed -4 110 -7 minecraft:jungle
zoomed -3 110 -7 minecraft:jungle
zoomed -2 110 -7 minecraft:jungle
zoomed -1 110 -7 minecraft:jungle
zoomed -16 110 -6 minecraft:jungle
zoomed -15 110 -6 minecraft:jungle
zoomed -14 110 -6 minecraft:jungle
zoomed -13 110 -6 minecraft:jungle
zoomed -12 110 -6 minecraft:jungle
zoomed -11 110 -6 minecraft:jungle
zoomed -10 110 -6 minecraft:jungle
zoomed -9 110 -6 minecraft:jungle
zoomed -8 110 -6 minecraft:jungle
zoomed -7 110 -6 minecraft:jungle
zoomed -6 110 -6 minecraft:jungle
zoomed -5 110 -6 minecraft:jungle
zoomed -4 110 -6 minecraft:jungle
zoomed -3 110 -6 minecraft:jungle
zoomed -2 110 -6 minecraft:jungle
zoomed -1 110 -6 minecraft:jungle
zoomed -16 110 -5 minecraft:jungle
zoomed -15 110 -5 minecraft:jungle
zoomed -14 110 -5 minecraft:jungle
zoomed -13 110 -5 minecraft:jungle
zoomed -12 110 -5 minecraft:jungle
zoomed -11 110 -5 minecraft:jungle
zoomed -10 110 -5 minecraft:jungle
zoomed -9 110 -5 minecraft:jungle
zoomed -8 110 -5 minecraft:jungle
zoomed -7 110 -5 minecraft:jungle
zoomed -6 110 -5 minecraft:jungle
zoomed -5 110 -5 minecraft:jungle
zoomed -4 110 -5 minecraft:jungle
zoomed -3 110 -5 minecraft:jungle
zoomed -2 110 -5 minecraft:jungle
zoomed -1 110 -5 minecraft:jungle
zoomed -16 110 -4 minecraft:jungle
zoomed -15 110 -4 minecraft:jungle
zoomed -14 110 -4 minecraft:jungle
zoomed -13 110 -4 minecraft:jungle
zoomed -12 110 -4 minecraft:jungle
zoomed -11 110 -4 minecraft:jungle
zoomed -10 110 -4 minecraft:jungle
zoomed -9 110 -4 minecraft:jungle
zoomed -8 110 -4 minecraft:jungle
zoomed -7 110 -4 minecraft:jungle
zoomed -6 110 -4 minecraft:jungle
zoomed -5 110 -4 minecraft:jungle
zoomed -4 110 -4 minecraft:jungle
zoomed -3 110 -4 minecraft:jungle
zoomed -2 110 -4 minecraft:jungle
zoomed -1 110 -4 minecraft:jungle
zoomed -16 110 -3 minecraft:jungle
zoomed -15 110 -3 minecraft:jungle
zoomed -14 110 -3 minecraft:jungle
zoomed -13 110 -3 minecraft:jungle
zoomed -12 110 -3 minecraft:jungle
zoomed -11 110 -3 minecraft:jungle
zoomed -10 110 -3 minecraft:jungle
zoomed -9 110 -3 minecraft:jungle
zoomed -8 110 -3 minecraft:jungle
zoomed -7 110 -3 minecraft:jungle
zoomed -6 110 -3 minecraft:jungle
zoomed -5 110 -3 minecraft:jungle
zoomed -4 110 -3 minecraft:jungle
zoomed -3 110 -3 minecraft:jungle
zoomed -2 110 -3 minecraft:jungle
zoomed -1 110 -3 minecraft:jungle
zoomed -16 110 -2 minecraft:jungle
zoomed -15 110 -2 minecraft:jungle
zoomed -14 110 -2 minecraft:jungle
zoomed -13 110 -2 minecraft:jungle
zoomed -12 110 -2 minecraft:jungle
zoomed -11 110 -2 minecraft:jungle
zoomed -10 110 -2 minecraft:jungle
zoomed -9 110 -2 minecraft:jungle
zoomed -8 110 -2 minecraft:jungle
zoomed -7 110 -2 minecraft:jungle
zoomed -6 110 -2 minecraft:jungle
zoomed -5 110 -2 minecraft:jungle
zoomed -4 110 -2 minecraft:jungle
zoomed -3 110 -2 minecraft:jungle
zoomed -2 110 -2 minecraft:jungle
zoomed -1 110 -2 minecraft:jungle
zoomed -16 110 -1 minecraft:jungle
zoomed -15 110 -1 minecraft:jungle
zoomed -14 110 -1 minecraft:jungle
zoomed -13 110 -1 minecraft:jungle
zoomed -12 110 -1 minecraft:jungle
zoomed -11 110 -1 minecraft:jungle
zoomed -10 110 -1 minecraft:jungle
zoomed -9 110 -1 minecraft:jungle
zoomed -8 110 -1 minecraft:jungle
zoomed -7 110 -1 minecraft:jungle
zoomed -6 110 -1 minecraft:jungle
zoomed -5 110 -1 minecraft:jungle
zoomed -4 110 -1 minecraft:jungle
zoomed -3 110 -1 minecraft:jungle
zoomed -2 110 -1 minecraft:jungle
zoomed -1 110 -1 minecraft:jungle
zoomed 16 -64 16 minecraft:jungle
zoomed 17 -64 16 minecraft:jungle
zoomed 18 -64 16 minecraft:jungle
zoomed 19 -64 16 minecraft:jungle
zoomed 20 -64 16 minecraft:jungle
zoomed 21 -64 16 minecraft:jungle
zoomed 22 -64 16 minecraft:jungle
zoomed 23 -64 16 minecraft:jungle
zoomed 24 -64 16 minecraft:jungle
zoomed 25 -64 16 minecraft:jungle
zoomed 26 -64 16 minecraft:jungle
zoomed 27 -64 16 minecraft:jungle
zoomed 28 -64 16 minecraft:jungle
zoomed 29 -64 16 minecraft:jungle
zoomed 30 -64 16 minecraft:jungle
zoomed 31 -64 16 minecraft:jungle
zoomed 16 -64 17 minecraft:jungle
zoomed 17 -64 17 minecraft:jungle
zoomed 18 -64 17 minecraft:jungle
zoomed 19 -64 17 minecraft:jungle
zoomed 20 -64 17 minecraft:jungle
zoomed 21 -64 17 minecraft:jungle
zoomed 22 -64 17 minecraft:jungle
zoomed 23 -64 17 minecraft:jungle
zoomed 24 -64 17 minecraft:jungle
zoomed 25 -64 17 minecraft:jungle
zoomed 26 -64 17 minecraft:jungle
zoomed 27 -64 17 minecraft:jungle
zoomed 28 -64 17 minecraft:jungle
zoomed 29 -64 17 minecraft:jungle
zoomed 30 -64 17 minecraft:jungle
zoomed 31 -64 17 minecraft:jungle
zoomed 16 -64 18 minecraft:jungle
zoomed 17 -64 18 minecraft:jungle
zoomed 18 -64 18 minecraft:jungle
zoomed 19 -64 18 minecraft:jungle
zoomed 20 -64 18 minecraft:jungle
zoomed 21 -64 18 minecraft:jungle
zoomed 22 -64 18 minecraft:jungle
zoomed 23 -64 18 minecraft:jungle
zoomed 24 -64 18 minecraft:jungle
zoomed 25 -64 18 minecraft:jungle
zoomed 26 -64 18 minecraft:jungle
zoomed 27 -64 18 minecraft:jungle
zoomed 28 -64 18 minecraft:jungle
zoomed 29 -64 18 minecraft:jungle
zoomed 30 -64 18 minecraft:jungle
zoomed 31 -64 18 minecraft:jungle
zoomed 16 -64 19 minecraft:jungle
zoomed 17 -64 19 minecraft:jungle
zoomed 18 -64 19 minecraft:jungle
zoomed 19 -64 19 minecraft:jungle
zoomed 20 -64 19 minecraft:jungle
zoomed 21 -64 19 minecraft:jungle
zoomed 22 -64 19 minecraft:jungle
zoomed 23 -64 19 minecraft:jungle
zoomed 24 -64 19 minecraft:jungle
zoomed 25 -64 19 minecraft:jungle
zoomed 26 -64 19 minecraft:jungle
zoomed 27 -64 19 minecraft:jungle
zoomed 28 -64 19 minecraft:jungle
zoomed 29 -64 19 minecraft:jungle
zoomed 30 -64 19 minecraft:jungle
zoomed 31 -64 19 minecraft:jungle
zoomed 16 -64 20 minecraft:jungle
zoomed 17 -64 20 minecraft:jungle
zoomed 18 -64 20 minecraft:jungle
zoomed 19 -64 20 minecraft:jungle
zoomed 20 -64 20 minecraft:jungle
zoomed 21 -64 20 minecraft:jungle
zoomed 22 -64 20 minecraft:jungle
zoomed 23 -64 20 minecraft:jungle
zoomed 24 -64 20 minecraft:jungle
zoomed 25 -64 20 minecraft:jungle
zoomed 26 -64 20 minecraft:jungle
zoomed 27 -64 20 minecraft:jungle
zoomed 28 -64 20 minecraft:jungle
zoomed 29 -64 20 minecraft:jungle
zoomed 30 -64 20 minecraft:jungle
zoomed 31 -64 20 minecraft:jungle
zoomed 16 -64 21 minecraft:jungle
zoomed 17 -64 21 minecraft:jungle
zoomed 18 -64 21 minecraft:jungle
zoomed 19 -64 21 minecraft:jungle
zoomed 20 -64 21 minecraft:jungle
zoomed 21 -64 21 minecraft:jungle
zoomed 22 -64 21 minecraft:jungle
zoomed 23 -64 21 minecraft:jungle
zoomed 24 -64 21 minecraft:jungle
zoomed 25 -64 21 minecraft:jungle
zoomed 26 -64 21 minecraft:jungle
zoomed 27 -64 21 minecraft:jungle
zoomed 28 -64 21 minecraft:jungle
zoomed 29 -64 21 minecraft:jungle
zoomed 30 -64 21 minecraft:jungle
zoomed 31 -64 21 minecraft:jungle
zoomed 16 -64 22 minecraft:jungle
zoomed 17 -64 22 minecraft:jungle
zoomed 18 -64 22 minecraft:jungle
zoomed 19 -64 22 minecraft:jungle
zoomed 20 -64 22 minecraft:jungle
zoomed 21 -64 22 minecraft:jungle
zoomed 22 -64 22 minecraft:jungle
zoomed 23 -64 22 minecraft:jungle
zoomed 24 -64 22 minecraft:jungle
zoomed 25 -64 22 minecraft:jungle
zoomed 26 -64 22 minecraft:jungle
zoomed 27 -64 22 minecraft:jungle
zoomed 28 -64 22 minecraft:jungle
zoomed 29 -64 22 minecraft:jungle
zoomed 30 -64 22 minecraft:jungle
zoomed 31 -64 22 minecraft:jungle
zoomed 16 -64 23 minecraft:jungle
zoomed 17 -64 23 minecraft:jungle
zoomed 18 -64 23 minecraft:jungle
zoomed 19 -64 23 minecraft:jungle
zoomed 20 -64 23 minecraft:jungle
zoomed 21 -64 23 minecraft:jungle
zoomed 22 -64 23 minecraft:jungle
zoomed 23 -64 23 minecraft:jungle
zoomed 24 -64 23 minecraft:jungle
zoomed 25 -64 23 minecraft:jungle
zoomed 26 -64 23 minecraft:jungle
zoomed 27 -64 23 minecraft:jungle
zoomed 28 -64 23 minecraft:jungle
zoomed 29 -64 23 minecraft:jungle
zoomed 30 -64 23 minecraft:jungle
zoomed 31 -64 23 minecraft:jungle
zoomed 16 -64 24 minecraft:jungle
zoomed 17 -64 24 minecraft:jungle
zoomed 18 -64 24 minecraft:jungle
zoomed 19 -64 24 minecraft:jungle
zoomed 20 -64 24 minecraft:jungle
zoomed 21 -64 24 minecraft:jungle
zoomed 22 -64 24 minecraft:jungle
zoomed 23 -64 24 minecraft:jungle
zoomed 24 -64 24 minecraft:jungle
zoomed 25 -64 24 minecraft:jungle
zoomed 26 -64 24 minecraft:jungle
zoomed 27 -64 24 minecraft:jungle
zoomed 28 -64 24 minecraft:jungle
zoomed 29 -64 24 minecraft:jungle
zoomed 30 -64 24 minecraft:jungle
zoomed 31 -64 24 minecraft:jungle
zoomed 16 -64 25 minecraft:jungle
zoomed 17 -64 25 minecraft:jungle
zoomed 18 -64 25 minecraft:jungle
zoomed 19 -64 25 minecraft:jungle
zoomed 20 -64 25 minecraft:jungle
zoomed 21 -64 25 minecraft:jungle
zoomed 22 -64 25 minecraft:jungle
zoomed 23 -64 25 minecraft:jungle
zoomed 24 -64 25 minecraft:jungle
zoomed 25 -64 25 minecraft:jungle
zoomed 26 -64 25 minecraft:jungle
zoomed 27 -64 25 minecraft:jungle
zoomed 28 -64 25 minecraft:jungle
zoomed 29 -64 25 minecraft:jungle
zoomed 30 -64 25 minecraft:jungle
zoomed 31 -64 25 minecraft:jungle
zoomed 16 -64 26 minecraft:jungle
zoomed 17 -64 26 minecraft:jungle
zoomed 18 -64 26 minecraft:jungle
zoomed 19 -64 26 minecraft:jungle
zoomed 20 -64 26 minecraft:jungle
zoomed 21 -64 26 minecraft:jungle
zoomed 22 -64 26 minecraft:jungle
zoomed 23 -64 26 minecraft:jungle
zoomed 24 -64 26 minecraft:jungle
zoomed 25 -64 26 minecraft:jungle
zoomed 26 -64 26 minecraft:jungle
zoomed 27 -64 26 minecraft:jungle
zoomed 28 -64 26 minecraft:jungle
zoomed 29 -64 26 minecraft:jungle
zoomed 30 -64 26 minecraft:jungle
zoomed 31 -64 26 minecraft:jungle
zoomed 16 -64 27 minecraft:jungle
zoomed 17 -64 27 minecraft:jungle
zoomed 18 -64 27 minecraft:jungle
zoomed 19 -64 27 minecraft:jungle
zoomed 20 -64 27 minecraft:jungle
zoomed 21 -64 27 minecraft:jungle
zoomed 22 -64 27 minecraft:jungle
zoomed 23 -64 27 minecraft:jungle
zoomed 24 -64 27 minecraft:jungle
zoomed 25 -64 27 minecraft:jungle
zoomed 26 -64 27 minecraft:jungle
zoomed 27 -64 27 minecraft:jungle
zoomed 28 -64 27 minecraft:jungle
zoomed 29 -64 27 minecraft:jungle
zoomed 30 -64 27 minecraft:jungle
zoomed 31 -64 27 minecraft:jungle
zoomed 16 -64 28 minecraft:jungle
zoomed 17 -64 28 minecraft:jungle
zoomed 18 -64 28 minecraft:jungle
zoomed 19 -64 28 minecraft:jungle
zoomed 20 -64 28 minecraft:jungle
zoomed 21 -64 28 minecraft:jungle
zoomed 22 -64 28 minecraft:jungle
zoomed 23 -64 28 minecraft:jungle
zoomed 24 -64 28 minecraft:jungle
zoomed 25 -64 28 minecraft:jungle
zoomed 26 -64 28 minecraft:jungle
zoomed 27 -64 28 minecraft:jungle
zoomed 28 -64 28 minecraft:jungle
zoomed 29 -64 28 minecraft:jungle
zoomed 30 -64 28 minecraft:jungle
zoomed 31 -64 28 minecraft:jungle
zoomed 16 -64 29 minecraft:jungle
zoomed 17 -64 29 minecraft:jungle
zoomed 18 -64 29 minecraft:jungle
zoomed 19 -64 29 minecraft:jungle
zoomed 20 -64 29 minecraft:jungle
zoomed 21 -64 29 minecraft:jungle
zoomed 22 -64 29 minecraft:jungle
zoomed 23 -64 29 minecraft:jungle
zoomed 24 -64 29 minecraft:jungle
zoomed 25 -64 29 minecraft:jungle
zoomed 26 -64 29 minecraft:jungle
zoomed 27 -64 29 minecraft:jungle
zoomed 28 -64 29 minecraft:jungle
zoomed 29 -64 29 minecraft:jungle
zoomed 30 -64 29 minecraft:jungle
zoomed 31 -64 29 minecraft:jungle
zoomed 16 -64 30 minecraft:jungle
zoomed 17 -64 30 minecraft:jungle
zoomed 18 -64 30 minecraft:jungle
zoomed 19 -64 30 minecraft:jungle
zoomed 20 -64 30 minecraft:jungle
zoomed 21 -64 30 minecraft:jungle
zoomed 22 -64 30 minecraft:jungle
zoomed 23 -64 30 minecraft:jungle
zoomed 24 -64 30 minecraft:jungle
zoomed 25 -64 30 minecraft:jungle
zoomed 26 -64 30 minecraft:jungle
zoomed 27 -64 30 minecraft:jungle
zoomed 28 -64 30 minecraft:jungle
zoomed 29 -64 30 minecraft:jungle
zoomed 30 -64 30 minecraft:jungle
zoomed 31 -64 30 minecraft:jungle
zoomed 16 -64 31 minecraft:jungle
zoomed 17 -64 31 minecraft:jungle
zoomed 18 -64 31 minecraft:jungle
zoomed 19 -64 31 minecraft:jungle
zoomed 20 -64 31 minecraft:jungle
zoomed 21 -64 31 minecraft:jungle
zoomed 22 -64 31 minecraft:jungle
zoomed 23 -64 31 minecraft:jungle
zoomed 24 -64 31 minecraft:jungle
zoomed 25 -64 31 minecraft:jungle
zoomed 26 -64 31 minecraft:jungle
zoomed 27 -64 31 minecraft:jungle
zoomed 28 -64 31 minecraft:jungle
zoomed 29 -64 31 minecraft:jungle
zoomed 30 -64 31 minecraft:jungle
zoomed 31 -64 31 minecraft:jungle
zoomed 16 -60 16 minecraft:jungle
zoomed 17 -60 16 minecraft:jungle
zoomed 18 -60 16 minecraft:jungle
zoomed 19 -60 16 minecraft:jungle
zoomed 20 -60 16 minecraft:jungle
zoomed 21 -60 16 minecraft:jungle
zoomed 22 -60 16 minecraft:jungle
zoomed 23 -60 16 minecraft:jungle
zoomed 24 -60 16 minecraft:jungle
zoomed 25 -60 16 minecraft:jungle
zoomed 26 -60 16 minecraft:jungle
zoomed 27 -60 16 minecraft:jungle
zoomed 28 -60 16 minecraft:jungle
zoomed 29 -60 16 minecraft:jungle
zoomed 30 -60 16 minecraft:jungle
zoomed 31 -60 16 minecraft:jungle
zoomed 16 -60 17 minecraft:jungle
zoomed 17 -60 17 minecraft:jungle
zoomed 18 -60 17 minecraft:jungle
zoomed 19 -60 17 minecraft:jungle
zoomed 20 -60 17 minecraft:jungle
zoomed 21 -60 17 minecraft:jungle
zoomed 22 -60 17 minecraft:jungle
zoomed 23 -60 17 minecraft:jungle
zoomed 24 -60 17 minecraft:jungle
zoomed 25 -60 17 minecraft:jungle
zoomed 26 -60 17 minecraft:jungle
zoomed 27 -60 17 minecraft:jungle
zoomed 28 -60 17 minecraft:jungle
zoomed 29 -60 17 minecraft:jungle
zoomed 30 -60 17 minecraft:jungle
zoomed 31 -60 17 minecraft:jungle
zoomed 16 -60 18 minecraft:jungle
zoomed 17 -60 18 minecraft:jungle
zoomed 18 -60 18 minecraft:jungle
zoomed 19 -60 18 minecraft:jungle
zoomed 20 -60 18 minecraft:jungle
zoomed 21 -60 18 minecraft:jungle
zoomed 22 -60 18 minecraft:jungle
zoomed 23 -60 18 minecraft:jungle
zoomed 24 -60 18 minecraft:jungle
zoomed 25 -60 18 minecraft:jungle
zoomed 26 -60 18 minecraft:jungle
zoomed 27 -60 18 minecraft:jungle
zoomed 28 -60 18 minecraft:jungle
zoomed 29 -60 18 minecraft:jungle
zoomed 30 -60 18 minecraft:jungle
zoomed 31 -60 18 minecraft:jungle
zoomed 16 -60 19 minecraft:jungle
zoomed 17 -60 19 minecraft:jungle
zoomed 18 -60 19 minecraft:jungle
zoomed 19 -60 19 minecraft:jungle
zoomed 20 -60 19 minecraft:jungle
zoomed 21 -60 19 minecraft:jungle
zoomed 22 -60 19 minecraft:jungle
zoomed 23 -60 19 minecraft:jungle
zoomed 24 -60 19 minecraft:jungle
zoomed 25 -60 19 minecraft:jungle
zoomed 26 -60 19 minecraft:jungle
zoomed 27 -60 19 minecraft:jungle
zoomed 28 -60 19 minecraft:jungle
zoomed 29 -60 19 minecraft:jungle
zoomed 30 -60 19 minecraft:jungle
zoomed 31 -60 19 minecraft:jungle
zoomed 16 -60 20 minecraft:jungle
zoomed 17 -60 20 minecraft:jungle
zoomed 18 -60 20 minecraft:jungle
zoomed 19 -60 20 minecraft:jungle
zoomed 20 -60 20 minecraft:jungle
zoomed 21 -60 20 minecraft:jungle
zoomed 22 -60 20 minecraft:jungle
zoomed 23 -60 20 minecraft:jungle
zoomed 24 -60 20 minecraft:jungle
zoomed 25 -60 20 minecraft:jungle
zoomed 26 -60 20 minecraft:jungle
zoomed 27 -60 20 minecraft:jungle
zoomed 28 -60 20 minecraft:jungle
zoomed 29 -60 20 minecraft:jungle
zoomed 30 -60 20 minecraft:jungle
zoomed 31 -60 20 minecraft:jungle
zoomed 16 -60 21 minecraft:jungle
zoomed 17 -60 21 minecraft:jungle
zoomed 18 -60 21 minecraft:jungle
zoomed 19 -60 21 minecraft:jungle
zoomed 20 -60 21 minecraft:jungle
zoomed 21 -60 21 minecraft:jungle
zoomed 22 -60 21 minecraft:jungle
zoomed 23 -60 21 minecraft:jungle
zoomed 24 -60 21 minecraft:jungle
zoomed 25 -60 21 minecraft:jungle
zoomed 26 -60 21 minecraft:jungle
zoomed 27 -60 21 minecraft:jungle
zoomed 28 -60 21 minecraft:jungle
zoomed 29 -60 21 minecraft:jungle
zoomed 30 -60 21 minecraft:jungle
zoomed 31 -60 21 minecraft:jungle
zoomed 16 -60 22 minecraft:jungle
zoomed 17 -60 22 minecraft:jungle
zoomed 18 -60 22 minecraft:jungle
zoomed 19 -60 22 minecraft:jungle
zoomed 20 -60 22 minecraft:jungle
zoomed 21 -60 22 minecraft:jungle
zoomed 22 -60 22 minecraft:jungle
zoomed 23 -60 22 minecraft:jungle
zoomed 24 -60 22 minecraft:jungle
zoomed 25 -60 22 minecraft:jungle
zoomed 26 -60 22 minecraft:jungle
zoomed 27 -60 22 minecraft:jungle
zoomed 28 -60 22 minecraft:jungle
zoomed 29 -60 22 minecraft:jungle
zoomed 30 -60 22 minecraft:jungle
zoomed 31 -60 22 minecraft:jungle
zoomed 16 -60 23 minecraft:jungle
zoomed 17 -60 23 minecraft:jungle
zoomed 18 -60 23 minecraft:jungle
zoomed 19 -60 23 minecraft:jungle
zoomed 20 -60 23 minecraft:jungle
zoomed 21 -60 23 minecraft:jungle
zoomed 22 -60 23 minecraft:jungle
zoomed 23 -60 23 minecraft:jungle
zoomed 24 -60 23 minecraft:jungle
zoomed 25 -60 23 minecraft:jungle
zoomed 26 -60 23 minecraft:jungle
zoomed 27 -60 23 minecraft:jungle
zoomed 28 -60 23 minecraft:jungle
zoomed 29 -60 23 minecraft:jungle
zoomed 30 -60 23 minecraft:jungle
zoomed 31 -60 23 minecraft:jungle
zoomed 16 -60 24 minecraft:jungle
zoomed 17 -60 24 minecraft:jungle
zoomed 18 -60 24 minecraft:jungle
zoomed 19 -60 24 minecraft:jungle
zoomed 20 -60 24 minecraft:jungle
zoomed 21 -60 24 minecraft:jungle
zoomed 22 -60 24 minecraft:jungle
zoomed 23 -60 24 minecraft:jungle
zoomed 24 -60 24 minecraft:jungle
zoomed 25 -60 24 minecraft:jungle
zoomed 26 -60 24 minecraft:jungle
zoomed 27 -60 24 minecraft:jungle
zoomed 28 -60 24 minecraft:jungle
zoomed 29 -60 24 minecraft:jungle
zoomed 30 -60 24 minecraft:jungle
zoomed 31 -60 24 minecraft:jungle
zoomed 16 -60 25 minecraft:jungle
zoomed 17 -60 25 minecraft:jungle
zoomed 18 -60 25 minecraft:jungle
zoomed 19 -60 25 minecraft:jungle
zoomed 20 -60 25 minecraft:jungle
zoomed 21 -60 25 minecraft:jungle
zoomed 22 -60 25 minecraft:jungle
zoomed 23 -60 25 minecraft:jungle
zoomed 24 -60 25 minecraft:jungle
zoomed 25 -60 25 minecraft:jungle
zoomed 26 -60 25 minecraft:jungle
zoomed 27 -60 25 minecraft:jungle
zoomed 28 -60 25 minecraft:jungle
zoomed 29 -60 25 minecraft:jungle
zoomed 30 -60 25 minecraft:jungle
zoomed 31 -60 25 minecraft:jungle
zoomed 16 -60 26 minecraft:jungle
zoomed 17 -60 26 minecraft:jungle
zoomed 18 -60 26 minecraft:jungle
zoomed 19 -60 26 minecraft:jungle
zoomed 20 -60 26 minecraft:jungle
zoomed 21 -60 26 minecraft:jungle
zoomed 22 -60 26 minecraft:jungle
zoomed 23 -60 26 minecraft:jungle
zoomed 24 -60 26 minecraft:jungle
zoomed 25 -60 26 minecraft:jungle
zoomed 26 -60 26 minecraft:jungle
zoomed 27 -60 26 minecraft:jungle
zoomed 28 -60 26 minecraft:jungle
zoomed 29 -60 26 minecraft:jungle
zoomed 30 -60 26 minecraft:jungle
zoomed 31 -60 26 minecraft:jungle
zoomed 16 -60 27 minecraft:jungle
zoomed 17 -60 27 minecraft:jungle
zoomed 18 -60 27 minecraft:jungle
zoomed 19 -60 27 minecraft:jungle
zoomed 20 -60 27 minecraft:jungle
zoomed 21 -60 27 minecraft:jungle
zoomed 22 -60 27 minecraft:jungle
zoomed 23 -60 27 minecraft:jungle
zoomed 24 -60 27 minecraft:jungle
zoomed 25 -60 27 minecraft:jungle
zoomed 26 -60 27 minecraft:jungle
zoomed 27 -60 27 minecraft:jungle
zoomed 28 -60 27 minecraft:jungle
zoomed 29 -60 27 minecraft:jungle
zoomed 30 -60 27 minecraft:jungle
zoomed 31 -60 27 minecraft:jungle
zoomed 16 -60 28 minecraft:jungle
zoomed 17 -60 28 minecraft:jungle
zoomed 18 -60 28 minecraft:jungle
zoomed 19 -60 28 minecraft:jungle
zoomed 20 -60 28 minecraft:jungle
zoomed 21 -60 28 minecraft:jungle
zoomed 22 -60 28 minecraft:jungle
zoomed 23 -60 28 minecraft:jungle
zoomed 24 -60 28 minecraft:jungle
zoomed 25 -60 28 minecraft:jungle
zoomed 26 -60 28 minecraft:jungle
zoomed 27 -60 28 minecraft:jungle
zoomed 28 -60 28 minecraft:jungle
zoomed 29 -60 28 minecraft:jungle
zoomed 30 -60 28 minecraft:jungle
zoomed 31 -60 28 minecraft:jungle
zoomed 16 -60 29 minecraft:jungle
zoomed 17 -60 29 minecraft:jungle
zoomed 18 -60 29 minecraft:jungle
zoomed 19 -60 29 minecraft:jungle
zoomed 20 -60 29 minecraft:jungle
zoomed 21 -60 29 minecraft:jungle
zoomed 22 -60 29 minecraft:jungle
zoomed 23 -60 29 minecraft:jungle
zoomed 24 -60 29 minecraft:jungle
zoomed 25 -60 29 minecraft:jungle
zoomed 26 -60 29 minecraft:jungle
zoomed 27 -60 29 minecraft:jungle
zoomed 28 -60 29 minecraft:jungle
zoomed 29 -60 29 minecraft:jungle
zoomed 30 -60 29 minecraft:jungle
zoomed 31 -60 29 minecraft:jungle
zoomed 16 -60 30 minecraft:jungle
zoomed 17 -60 30 minecraft:jungle
zoomed 18 -60 30 minecraft:jungle
zoomed 19 -60 30 minecraft:jungle
zoomed 20 -60 30 minecraft:jungle
zoomed 21 -60 30 minecraft:jungle
zoomed 22 -60 30 minecraft:jungle
zoomed 23 -60 30 minecraft:jungle
zoomed 24 -60 30 minecraft:jungle
zoomed 25 -60 30 minecraft:jungle
zoomed 26 -60 30 minecraft:jungle
zoomed 27 -60 30 minecraft:jungle
zoomed 28 -60 30 minecraft:jungle
zoomed 29 -60 30 minecraft:jungle
zoomed 30 -60 30 minecraft:jungle
zoomed 31 -60 30 minecraft:jungle
zoomed 16 -60 31 minecraft:jungle
zoomed 17 -60 31 minecraft:jungle
zoomed 18 -60 31 minecraft:jungle
zoomed 19 -60 31 minecraft:jungle
zoomed 20 -60 31 minecraft:jungle
zoomed 21 -60 31 minecraft:jungle
zoomed 22 -60 31 minecraft:jungle
zoomed 23 -60 31 minecraft:jungle
zoomed 24 -60 31 minecraft:jungle
zoomed 25 -60 31 minecraft:jungle
zoomed 26 -60 31 minecraft:jungle
zoomed 27 -60 31 minecraft:jungle
zoomed 28 -60 31 minecraft:jungle
zoomed 29 -60 31 minecraft:jungle
zoomed 30 -60 31 minecraft:jungle
zoomed 31 -60 31 minecraft:jungle
zoomed 16 -30 16 minecraft:jungle
zoomed 17 -30 16 minecraft:jungle
zoomed 18 -30 16 minecraft:jungle
zoomed 19 -30 16 minecraft:jungle
zoomed 20 -30 16 minecraft:jungle
zoomed 21 -30 16 minecraft:jungle
zoomed 22 -30 16 minecraft:jungle
zoomed 23 -30 16 minecraft:jungle
zoomed 24 -30 16 minecraft:jungle
zoomed 25 -30 16 minecraft:jungle
zoomed 26 -30 16 minecraft:jungle
zoomed 27 -30 16 minecraft:jungle
zoomed 28 -30 16 minecraft:jungle
zoomed 29 -30 16 minecraft:jungle
zoomed 30 -30 16 minecraft:jungle
zoomed 31 -30 16 minecraft:jungle
zoomed 16 -30 17 minecraft:jungle
zoomed 17 -30 17 minecraft:jungle
zoomed 18 -30 17 minecraft:jungle
zoomed 19 -30 17 minecraft:jungle
zoomed 20 -30 17 minecraft:jungle
zoomed 21 -30 17 minecraft:jungle
zoomed 22 -30 17 minecraft:jungle
zoomed 23 -30 17 minecraft:jungle
zoomed 24 -30 17 minecraft:jungle
zoomed 25 -30 17 minecraft:jungle
zoomed 26 -30 17 minecraft:jungle
zoomed 27 -30 17 minecraft:jungle
zoomed 28 -30 17 minecraft:jungle
zoomed 29 -30 17 minecraft:jungle
zoomed 30 -30 17 minecraft:jungle
zoomed 31 -30 17 minecraft:jungle
zoomed 16 -30 18 minecraft:jungle
zoomed 17 -30 18 minecraft:jungle
zoomed 18 -30 18 minecraft:jungle
zoomed 19 -30 18 minecraft:jungle
zoomed 20 -30 18 minecraft:jungle
zoomed 21 -30 18 minecraft:jungle
zoomed 22 -30 18 minecraft:jungle
zoomed 23 -30 18 minecraft:jungle
zoomed 24 -30 18 minecraft:jungle
zoomed 25 -30 18 minecraft:jungle
zoomed 26 -30 18 minecraft:jungle
zoomed 27 -30 18 minecraft:jungle
zoomed 28 -30 18 minecraft:jungle
zoomed 29 -30 18 minecraft:jungle
zoomed 30 -30 18 minecraft:jungle
zoomed 31 -30 18 minecraft:jungle
zoomed 16 -30 19 minecraft:jungle
zoomed 17 -30 19 minecraft:jungle
zoomed 18 -30 19 minecraft:jungle
zoomed 19 -30 19 minecraft:jungle
zoomed 20 -30 19 minecraft:jungle
zoomed 21 -30 19 minecraft:jungle
zoomed 22 -30 19 minecraft:jungle
zoomed 23 -30 19 minecraft:jungle
zoomed 24 -30 19 minecraft:jungle
zoomed 25 -30 19 minecraft:jungle
zoomed 26 -30 19 minecraft:jungle
zoomed 27 -30 19 minecraft:jungle
zoomed 28 -30 19 minecraft:jungle
zoomed 29 -30 19 minecraft:jungle
zoomed 30 -30 19 minecraft:jungle
zoomed 31 -30 19 minecraft:jungle
zoomed 16 -30 20 minecraft:jungle
zoomed 17 -30 20 minecraft:jungle
zoomed 18 -30 20 minecraft:jungle
zoomed 19 -30 20 minecraft:jungle
zoomed 20 -30 20 minecraft:jungle
zoomed 21 -30 20 minecraft:jungle
zoomed 22 -30 20 minecraft:jungle
zoomed 23 -30 20 minecraft:jungle
zoomed 24 -30 20 minecraft:jungle
zoomed 25 -30 20 minecraft:jungle
zoomed 26 -30 20 minecraft:jungle
zoomed 27 -30 20 minecraft:jungle
zoomed 28 -30 20 minecraft:jungle
zoomed 29 -30 20 minecraft:jungle
zoomed 30 -30 20 minecraft:jungle
zoomed 31 -30 20 minecraft:jungle
zoomed 16 -30 21 minecraft:jungle
zoomed 17 -30 21 minecraft:jungle
zoomed 18 -30 21 minecraft:jungle
zoomed 19 -30 21 minecraft:jungle
zoomed 20 -30 21 minecraft:jungle
zoomed 21 -30 21 minecraft:jungle
zoomed 22 -30 21 minecraft:jungle
zoomed 23 -30 21 minecraft:jungle
zoomed 24 -30 21 minecraft:jungle
zoomed 25 -30 21 minecraft:jungle
zoomed 26 -30 21 minecraft:jungle
zoomed 27 -30 21 minecraft:jungle
zoomed 28 -30 21 minecraft:jungle
zoomed 29 -30 21 minecraft:jungle
zoomed 30 -30 21 minecraft:jungle
zoomed 31 -30 21 minecraft:jungle
zoomed 16 -30 22 minecraft:jungle
zoomed 17 -30 22 minecraft:jungle
zoomed 18 -30 22 minecraft:jungle
zoomed 19 -30 22 minecraft:jungle
zoomed 20 -30 22 minecraft:jungle
zoomed 21 -30 22 minecraft:jungle
zoomed 22 -30 22 minecraft:jungle
zoomed 23 -30 22 minecraft:jungle
zoomed 24 -30 22 minecraft:jungle
zoomed 25 -30 22 minecraft:jungle
zoomed 26 -30 22 minecraft:jungle
zoomed 27 -30 22 minecraft:jungle
zoomed 28 -30 22 minecraft:jungle
zoomed 29 -30 22 minecraft:jungle
zoomed 30 -30 22 minecraft:jungle
zoomed 31 -30 22 minecraft:jungle
zoomed 16 -30 23 minecraft:jungle
zoomed 17 -30 23 minecraft:jungle
zoomed 18 -30 23 minecraft:jungle
zoomed 19 -30 23 minecraft:jungle
zoomed 20 -30 23 minecraft:jungle
zoomed 21 -30 23 minecraft:jungle
zoomed 22 -30 23 minecraft:jungle
zoomed 23 -30 23 minecraft:jungle
zoomed 24 -30 23 minecraft:jungle
zoomed 25 -30 23 minecraft:jungle
zoomed 26 -30 23 minecraft:jungle
zoomed 27 -30 23 minecraft:jungle
zoomed 28 -30 23 minecraft:jungle
zoomed 29 -30 23 minecraft:jungle
zoomed 30 -30 23 minecraft:jungle
zoomed 31 -30 23 minecraft:jungle
zoomed 16 -30 24 minecraft:jungle
zoomed 17 -30 24 minecraft:jungle
zoomed 18 -30 24 minecraft:jungle
zoomed 19 -30 24 minecraft:jungle
zoomed 20 -30 24 minecraft:jungle
zoomed 21 -30 24 minecraft:jungle
zoomed 22 -30 24 minecraft:jungle
zoomed 23 -30 24 minecraft:jungle
zoomed 24 -30 24 minecraft:jungle
zoomed 25 -30 24 minecraft:jungle
zoomed 26 -30 24 minecraft:jungle
zoomed 27 -30 24 minecraft:jungle
zoomed 28 -30 24 minecraft:jungle
zoomed 29 -30 24 minecraft:jungle
zoomed 30 -30 24 minecraft:jungle
zoomed 31 -30 24 minecraft:jungle
zoomed 16 -30 25 minecraft:jungle
zoomed 17 -30 25 minecraft:jungle
zoomed 18 -30 25 minecraft:jungle
zoomed 19 -30 25 minecraft:jungle
zoomed 20 -30 25 minecraft:jungle
zoomed 21 -30 25 minecraft:jungle
zoomed 22 -30 25 minecraft:jungle
zoomed 23 -30 25 minecraft:jungle
zoomed 24 -30 25 minecraft:jungle
zoomed 25 -30 25 minecraft:jungle
zoomed 26 -30 25 minecraft:jungle
zoomed 27 -30 25 minecraft:jungle
zoomed 28 -30 25 minecraft:jungle
zoomed 29 -30 25 minecraft:jungle
zoomed 30 -30 25 minecraft:jungle
zoomed 31 -30 25 minecraft:jungle
zoomed 16 -30 26 minecraft:jungle
zoomed 17 -30 26 minecraft:jungle
zoomed 18 -30 26 minecraft:jungle
zoomed 19 -30 26 minecraft:jungle
zoomed 20 -30 26 minecraft:jungle
zoomed 21 -30 26 minecraft:jungle
zoomed 22 -30 26 minecraft:jungle
zoomed 23 -30 26 minecraft:jungle
zoomed 24 -30 26 minecraft:jungle
zoomed 25 -30 26 minecraft:jungle
zoomed 26 -30 26 minecraft:jungle
zoomed 27 -30 26 minecraft:jungle
zoomed 28 -30 26 minecraft:jungle
zoomed 29 -30 26 minecraft:jungle
zoomed 30 -30 26 minecraft:jungle
zoomed 31 -30 26 minecraft:jungle
zoomed 16 -30 27 minecraft:jungle
zoomed 17 -30 27 minecraft:jungle
zoomed 18 -30 27 minecraft:jungle
zoomed 19 -30 27 minecraft:jungle
zoomed 20 -30 27 minecraft:jungle
zoomed 21 -30 27 minecraft:jungle
zoomed 22 -30 27 minecraft:jungle
zoomed 23 -30 27 minecraft:jungle
zoomed 24 -30 27 minecraft:jungle
zoomed 25 -30 27 minecraft:jungle
zoomed 26 -30 27 minecraft:jungle
zoomed 27 -30 27 minecraft:jungle
zoomed 28 -30 27 minecraft:jungle
zoomed 29 -30 27 minecraft:jungle
zoomed 30 -30 27 minecraft:jungle
zoomed 31 -30 27 minecraft:jungle
zoomed 16 -30 28 minecraft:jungle
zoomed 17 -30 28 minecraft:jungle
zoomed 18 -30 28 minecraft:jungle
zoomed 19 -30 28 minecraft:jungle
zoomed 20 -30 28 minecraft:jungle
zoomed 21 -30 28 minecraft:jungle
zoomed 22 -30 28 minecraft:jungle
zoomed 23 -30 28 minecraft:jungle
zoomed 24 -30 28 minecraft:jungle
zoomed 25 -30 28 minecraft:jungle
zoomed 26 -30 28 minecraft:jungle
zoomed 27 -30 28 minecraft:jungle
zoomed 28 -30 28 minecraft:jungle
zoomed 29 -30 28 minecraft:jungle
zoomed 30 -30 28 minecraft:jungle
zoomed 31 -30 28 minecraft:jungle
zoomed 16 -30 29 minecraft:jungle
zoomed 17 -30 29 minecraft:jungle
zoomed 18 -30 29 minecraft:jungle
zoomed 19 -30 29 minecraft:jungle
zoomed 20 -30 29 minecraft:jungle
zoomed 21 -30 29 minecraft:jungle
zoomed 22 -30 29 minecraft:jungle
zoomed 23 -30 29 minecraft:jungle
zoomed 24 -30 29 minecraft:jungle
zoomed 25 -30 29 minecraft:jungle
zoomed 26 -30 29 minecraft:jungle
zoomed 27 -30 29 minecraft:jungle
zoomed 28 -30 29 minecraft:jungle
zoomed 29 -30 29 minecraft:jungle
zoomed 30 -30 29 minecraft:jungle
zoomed 31 -30 29 minecraft:jungle
zoomed 16 -30 30 minecraft:jungle
zoomed 17 -30 30 minecraft:jungle
zoomed 18 -30 30 minecraft:jungle
zoomed 19 -30 30 minecraft:jungle
zoomed 20 -30 30 minecraft:jungle
zoomed 21 -30 30 minecraft:jungle
zoomed 22 -30 30 minecraft:jungle
zoomed 23 -30 30 minecraft:jungle
zoomed 24 -30 30 minecraft:jungle
zoomed 25 -30 30 minecraft:jungle
zoomed 26 -30 30 minecraft:jungle
zoomed 27 -30 30 minecraft:jungle
zoomed 28 -30 30 minecraft:jungle
zoomed 29 -30 30 minecraft:jungle
zoomed 30 -30 30 minecraft:jungle
zoomed 31 -30 30 minecraft:jungle
zoomed 16 -30 31 minecraft:jungle
zoomed 17 -30 31 minecraft:jungle
zoomed 18 -30 31 minecraft:jungle
zoomed 19 -30 31 minecraft:jungle
zoomed 20 -30 31 minecraft:jungle
zoomed 21 -30 31 minecraft:jungle
zoomed 22 -30 31 minecraft:jungle
zoomed 23 -30 31 minecraft:jungle
zoomed 24 -30 31 minecraft:jungle
zoomed 25 -30 31 minecraft:jungle
zoomed 26 -30 31 minecraft:jungle
zoomed 27 -30 31 minecraft:jungle
zoomed 28 -30 31 minecraft:jungle
zoomed 29 -30 31 minecraft:jungle
zoomed 30 -30 31 minecraft:jungle
zoomed 31 -30 31 minecraft:jungle
zoomed 16 0 16 minecraft:lush_caves
zoomed 17 0 16 minecraft:lush_caves
zoomed 18 0 16 minecraft:lush_caves
zoomed 19 0 16 minecraft:lush_caves
zoomed 20 0 16 minecraft:lush_caves
zoomed 21 0 16 minecraft:lush_caves
zoomed 22 0 16 minecraft:lush_caves
zoomed 23 0 16 minecraft:lush_caves
zoomed 24 0 16 minecraft:lush_caves
zoomed 25 0 16 minecraft:lush_caves
zoomed 26 0 16 minecraft:lush_caves
zoomed 27 0 16 minecraft:lush_caves
zoomed 28 0 16 minecraft:lush_caves
zoomed 29 0 16 minecraft:lush_caves
zoomed 30 0 16 minecraft:lush_caves
zoomed 31 0 16 minecraft:lush_caves
zoomed 16 0 17 minecraft:lush_caves
zoomed 17 0 17 minecraft:lush_caves
zoomed 18 0 17 minecraft:lush_caves
zoomed 19 0 17 minecraft:lush_caves
zoomed 20 0 17 minecraft:lush_caves
zoomed 21 0 17 minecraft:lush_caves
zoomed 22 0 17 minecraft:lush_caves
zoomed 23 0 17 minecraft:lush_caves
zoomed 24 0 17 minecraft:lush_caves
zoomed 25 0 17 minecraft:lush_caves
zoomed 26 0 17 minecraft:lush_caves
zoomed 27 0 17 minecraft:lush_caves
zoomed 28 0 17 minecraft:lush_caves
zoomed 29 0 17 minecraft:lush_caves
zoomed 30 0 17 minecraft:lush_caves
zoomed 31 0 17 minecraft:lush_caves
zoomed 16 0 18 minecraft:lush_caves
zoomed 17 0 18 minecraft:lush_caves
zoomed 18 0 18 minecraft:lush_caves
zoomed 19 0 18 minecraft:lush_caves
zoomed 20 0 18 minecraft:lush_caves
zoomed 21 0 18 minecraft:lush_caves
zoomed 22 0 18 minecraft:lush_caves
zoomed 23 0 18 minecraft:lush_caves
zoomed 24 0 18 minecraft:lush_caves
zoomed 25 0 18 minecraft:lush_caves
zoomed 26 0 18 minecraft:lush_caves
zoomed 27 0 18 minecraft:lush_caves
zoomed 28 0 18 minecraft:lush_caves
zoomed 29 0 18 minecraft:lush_caves
zoomed 30 0 18 minecraft:lush_caves
zoomed 31 0 18 minecraft:lush_caves
zoomed 16 0 19 minecraft:lush_caves
zoomed 17 0 19 minecraft:lush_caves
zoomed 18 0 19 minecraft:lush_caves
zoomed 19 0 19 minecraft:lush_caves
zoomed 20 0 19 minecraft:lush_caves
zoomed 21 0 19 minecraft:lush_caves
zoomed 22 0 19 minecraft:lush_caves
zoomed 23 0 19 minecraft:lush_caves
zoomed 24 0 19 minecraft:lush_caves
zoomed 25 0 19 minecraft:lush_caves
zoomed 26 0 19 minecraft:lush_caves
zoomed 27 0 19 minecraft:lush_caves
zoomed 28 0 19 minecraft:lush_caves
zoomed 29 0 19 minecraft:lush_caves
zoomed 30 0 19 minecraft:lush_caves
zoomed 31 0 19 minecraft:lush_caves
zoomed 16 0 20 minecraft:lush_caves
zoomed 17 0 20 minecraft:lush_caves
zoomed 18 0 20 minecraft:lush_caves
zoomed 19 0 20 minecraft:lush_caves
zoomed 20 0 20 minecraft:lush_caves
zoomed 21 0 20 minecraft:lush_caves
zoomed 22 0 20 minecraft:lush_caves
zoomed 23 0 20 minecraft:lush_caves
zoomed 24 0 20 minecraft:lush_caves
zoomed 25 0 20 minecraft:lush_caves
zoomed 26 0 20 minecraft:lush_caves
zoomed 27 0 20 minecraft:lush_caves
zoomed 28 0 20 minecraft:lush_caves
zoomed 29 0 20 minecraft:lush_caves
zoomed 30 0 20 minecraft:lush_caves
zoomed 31 0 20 minecraft:lush_caves
zoomed 16 0 21 minecraft:lush_caves
zoomed 17 0 21 minecraft:lush_caves
zoomed 18 0 21 minecraft:lush_caves
zoomed 19 0 21 minecraft:lush_caves
zoomed 20 0 21 minecraft:lush_caves
zoomed 21 0 21 minecraft:lush_caves
zoomed 22 0 21 minecraft:lush_caves
zoomed 23 0 21 minecraft:lush_caves
zoomed 24 0 21 minecraft:lush_caves
zoomed 25 0 21 minecraft:lush_caves
zoomed 26 0 21 minecraft:lush_caves
zoomed 27 0 21 minecraft:lush_caves
zoomed 28 0 21 minecraft:lush_caves
zoomed 29 0 21 minecraft:lush_caves
zoomed 30 0 21 minecraft:lush_caves
zoomed 31 0 21 minecraft:lush_caves
zoomed 16 0 22 minecraft:lush_caves
zoomed 17 0 22 minecraft:lush_caves
zoomed 18 0 22 minecraft:lush_caves
zoomed 19 0 22 minecraft:lush_caves
zoomed 20 0 22 minecraft:lush_caves
zoomed 21 0 22 minecraft:lush_caves
zoomed 22 0 22 minecraft:lush_caves
zoomed 23 0 22 minecraft:lush_caves
zoomed 24 0 22 minecraft:lush_caves
zoomed 25 0 22 minecraft:lush_caves
zoomed 26 0 22 minecraft:lush_caves
zoomed 27 0 22 minecraft:lush_caves
zoomed 28 0 22 minecraft:lush_caves
zoomed 29 0 22 minecraft:lush_caves
zoomed 30 0 22 minecraft:lush_caves
zoomed 31 0 22 minecraft:lush_caves
zoomed 16 0 23 minecraft:lush_caves
zoomed 17 0 23 minecraft:lush_caves
zoomed 18 0 23 minecraft:lush_caves
zoomed 19 0 23 minecraft:lush_caves
zoomed 20 0 23 minecraft:lush_caves
zoomed 21 0 23 minecraft:lush_caves
zoomed 22 0 23 minecraft:lush_caves
zoomed 23 0 23 minecraft:lush_caves
zoomed 24 0 23 minecraft:lush_caves
zoomed 25 0 23 minecraft:lush_caves
zoomed 26 0 23 minecraft:lush_caves
zoomed 27 0 23 minecraft:lush_caves
zoomed 28 0 23 minecraft:lush_caves
zoomed 29 0 23 minecraft:lush_caves
zoomed 30 0 23 minecraft:lush_caves
zoomed 31 0 23 minecraft:lush_caves
zoomed 16 0 24 minecraft:lush_caves
zoomed 17 0 24 minecraft:lush_caves
zoomed 18 0 24 minecraft:lush_caves
zoomed 19 0 24 minecraft:lush_caves
zoomed 20 0 24 minecraft:lush_caves
zoomed 21 0 24 minecraft:lush_caves
zoomed 22 0 24 minecraft:lush_caves
zoomed 23 0 24 minecraft:lush_caves
zoomed 24 0 24 minecraft:lush_caves
zoomed 25 0 24 minecraft:lush_caves
zoomed 26 0 24 minecraft:lush_caves
zoomed 27 0 24 minecraft:lush_caves
zoomed 28 0 24 minecraft:lush_caves
zoomed 29 0 24 minecraft:lush_caves
zoomed 30 0 24 minecraft:lush_caves
zoomed 31 0 24 minecraft:lush_caves
zoomed 16 0 25 minecraft:lush_caves
zoomed 17 0 25 minecraft:lush_caves
zoomed 18 0 25 minecraft:lush_caves
zoomed 19 0 25 minecraft:lush_caves
zoomed 20 0 25 minecraft:lush_caves
zoomed 21 0 25 minecraft:lush_caves
zoomed 22 0 25 minecraft:lush_caves
zoomed 23 0 25 minecraft:lush_caves
zoomed 24 0 25 minecraft:lush_caves
zoomed 25 0 25 minecraft:lush_caves
zoomed 26 0 25 minecraft:lush_caves
zoomed 27 0 25 minecraft:lush_caves
zoomed 28 0 25 minecraft:lush_caves
zoomed 29 0 25 minecraft:lush_caves
zoomed 30 0 25 minecraft:lush_caves
zoomed 31 0 25 minecraft:lush_caves
zoomed 16 0 26 minecraft:lush_caves
zoomed 17 0 26 minecraft:lush_caves
zoomed 18 0 26 minecraft:lush_caves
zoomed 19 0 26 minecraft:lush_caves
zoomed 20 0 26 minecraft:lush_caves
zoomed 21 0 26 minecraft:lush_caves
zoomed 22 0 26 minecraft:lush_caves
zoomed 23 0 26 minecraft:lush_caves
zoomed 24 0 26 minecraft:lush_caves
zoomed 25 0 26 minecraft:lush_caves
zoomed 26 0 26 minecraft:lush_caves
zoomed 27 0 26 minecraft:lush_caves
zoomed 28 0 26 minecraft:lush_caves
zoomed 29 0 26 minecraft:lush_caves
zoomed 30 0 26 minecraft:lush_caves
zoomed 31 0 26 minecraft:lush_caves
zoomed 16 0 27 minecraft:lush_caves
zoomed 17 0 27 minecraft:lush_caves
zoomed 18 0 27 minecraft:lush_caves
zoomed 19 0 27 minecraft:lush_caves
zoomed 20 0 27 minecraft:lush_caves
zoomed 21 0 27 minecraft:lush_caves
zoomed 22 0 27 minecraft:lush_caves
zoomed 23 0 27 minecraft:lush_caves
zoomed 24 0 27 minecraft:lush_caves
zoomed 25 0 27 minecraft:lush_caves
zoomed 26 0 27 minecraft:lush_caves
zoomed 27 0 27 minecraft:lush_caves
zoomed 28 0 27 minecraft:lush_caves
zoomed 29 0 27 minecraft:lush_caves
zoomed 30 0 27 minecraft:lush_caves
zoomed 31 0 27 minecraft:lush_caves
zoomed 16 0 28 minecraft:lush_caves
zoomed 17 0 28 minecraft:lush_caves
zoomed 18 0 28 minecraft:lush_caves
zoomed 19 0 28 minecraft:lush_caves
zoomed 20 0 28 minecraft:lush_caves
zoomed 21 0 28 minecraft:lush_caves
zoomed 22 0 28 minecraft:lush_caves
zoomed 23 0 28 minecraft:lush_caves
zoomed 24 0 28 minecraft:lush_caves
zoomed 25 0 28 minecraft:lush_caves
zoomed 26 0 28 minecraft:lush_caves
zoomed 27 0 28 minecraft:lush_caves
zoomed 28 0 28 minecraft:lush_caves
zoomed 29 0 28 minecraft:lush_caves
zoomed 30 0 28 minecraft:lush_caves
zoomed 31 0 28 minecraft:lush_caves
zoomed 16 0 29 minecraft:lush_caves
zoomed 17 0 29 minecraft:lush_caves
zoomed 18 0 29 minecraft:lush_caves
zoomed 19 0 29 minecraft:lush_caves
zoomed 20 0 29 minecraft:lush_caves
zoomed 21 0 29 minecraft:lush_caves
zoomed 22 0 29 minecraft:lush_caves
zoomed 23 0 29 minecraft:lush_caves
zoomed 24 0 29 minecraft:lush_caves
zoomed 25 0 29 minecraft:lush_caves
zoomed 26 0 29 minecraft:lush_caves
zoomed 27 0 29 minecraft:lush_caves
zoomed 28 0 29 minecraft:lush_caves
zoomed 29 0 29 minecraft:lush_caves
zoomed 30 0 29 minecraft:lush_caves
zoomed 31 0 29 minecraft:lush_caves
zoomed 16 0 30 minecraft:lush_caves
zoomed 17 0 30 minecraft:lush_caves
zoomed 18 0 30 minecraft:lush_caves
zoomed 19 0 30 minecraft:lush_caves
zoomed 20 0 30 minecraft:lush_caves
zoomed 21 0 30 minecraft:lush_caves
zoomed 22 0 30 minecraft:lush_caves
zoomed 23 0 30 minecraft:lush_caves
zoomed 24 0 30 minecraft:lush_caves
zoomed 25 0 30 minecraft:lush_caves
zoomed 26 0 30 minecraft:lush_caves
zoomed 27 0 30 minecraft:lush_caves
zoomed 28 0 30 minecraft:lush_caves
zoomed 29 0 30 minecraft:lush_caves
zoomed 30 0 30 minecraft:lush_caves
zoomed 31 0 30 minecraft:lush_caves
zoomed 16 0 31 minecraft:lush_caves
zoomed 17 0 31 minecraft:lush_caves
zoomed 18 0 31 minecraft:lush_caves
zoomed 19 0 31 minecraft:lush_caves
zoomed 20 0 31 minecraft:lush_caves
zoomed 21 0 31 minecraft:lush_caves
zoomed 22 0 31 minecraft:lush_caves
zoomed 23 0 31 minecraft:lush_caves
zoomed 24 0 31 minecraft:lush_caves
zoomed 25 0 31 minecraft:lush_caves
zoomed 26 0 31 minecraft:lush_caves
zoomed 27 0 31 minecraft:lush_caves
zoomed 28 0 31 minecraft:lush_caves
zoomed 29 0 31 minecraft:lush_caves
zoomed 30 0 31 minecraft:lush_caves
zoomed 31 0 31 minecraft:lush_caves
zoomed 16 20 16 minecraft:jungle
zoomed 17 20 16 minecraft:jungle
zoomed 18 20 16 minecraft:jungle
zoomed 19 20 16 minecraft:lush_caves
zoomed 20 20 16 minecraft:lush_caves
zoomed 21 20 16 minecraft:lush_caves
zoomed 22 20 16 minecraft:lush_caves
zoomed 23 20 16 minecraft:jungle
zoomed 24 20 16 minecraft:jungle
zoomed 25 20 16 minecraft:lush_caves
zoomed 26 20 16 minecraft:lush_caves
zoomed 27 20 16 minecraft:jungle
zoomed 28 20 16 minecraft:lush_caves
zoomed 29 20 16 minecraft:lush_caves
zoomed 30 20 16 minecraft:lush_caves
zoomed 31 20 16 minecraft:lush_caves
zoomed 16 20 17 minecraft:jungle
zoomed 17 20 17 minecraft:jungle
zoomed 18 20 17 minecraft:jungle
zoomed 19 20 17 minecraft:jungle
zoomed 20 20 17 minecraft:lush_caves
zoomed 21 20 17 minecraft:lush_caves
zoomed 22 20 17 minecraft:lush_caves
zoomed 23 20 17 minecraft:jungle
zoomed 24 20 17 minecraft:jungle
zoomed 25 20 17 minecraft:jungle
zoomed 26 20 17 minecraft:lush_caves
zoomed 27 20 17 minecraft:lush_caves
zoomed 28 20 17 minecraft:lush_caves
zoomed 29 20 17 minecraft:lush_caves
zoomed 30 20 17 minecraft:lush_caves
zoomed 31 20 17 minecraft:lush_caves
zoomed 16 20 18 minecraft:jungle
zoomed 17 20 18 minecraft:jungle
zoomed 18 20 18 minecraft:jungle
zoomed 19 20 18 minecraft:jungle
zoomed 20 20 18 minecraft:lush_caves
zoomed 21 20 18 minecraft:lush_caves
zoomed 22 20 18 minecraft:lush_caves
zoomed 23 20 18 minecraft:jungle
zoomed 24 20 18 minecraft:jungle
zoomed 25 20 18 minecraft:jungle
zoomed 26 20 18 minecraft:jungle
zoomed 27 20 18 minecraft:lush_caves
zoomed 28 20 18 minecraft:lush_caves
zoomed 29 20 18 minecraft:lush_caves
zoomed 30 20 18 minecraft:lush_caves
zoomed 31 20 18 minecraft:lush_caves
zoomed 16 20 19 minecraft:jungle
zoomed 17 20 19 minecraft:jungle
zoomed 18 20 19 minecraft:jungle
zoomed 19 20 19 minecraft:lush_caves
zoomed 20 20 19 minecraft:lush_caves
zoomed 21 20 19 minecraft:lush_caves
zoomed 22 20 19 minecraft:lush_caves
zoomed 23 20 19 minecraft:jungle
zoomed 24 20 19 minecraft:jungle
zoomed 25 20 19 minecraft:jungle
zoomed 26 20 19 minecraft:jungle
zoomed 27 20 19 minecraft:jungle
zoomed 28 20 19 minecraft:lush_caves
zoomed 29 20 19 minecraft:lush_caves
zoomed 30 20 19 minecraft:lush_caves
zoomed 31 20 19 minecraft:lush_caves
zoomed 16 20 20 minecraft:lush_caves
zoomed 17 20 20 minecraft:lush_caves
zoomed 18 20 20 minecraft:lush_caves
zoomed 19 20 20 minecraft:lush_caves
zoomed 20 20 20 minecraft:lush_caves
zoomed 21 20 20 minecraft:jungle
zoomed 22 20 20 minecraft:jungle
zoomed 23 20 20 minecraft:jungle
zoomed 24 20 20 minecraft:jungle
zoomed 25 20 20 minecraft:jungle
zoomed 26 20 20 minecraft:jungle
zoomed 27 20 20 minecraft:jungle
zoomed 28 20 20 minecraft:jungle
zoomed 29 20 20 minecraft:lush_caves
zoomed 30 20 20 minecraft:lush_caves
zoomed 31 20 20 minecraft:lush_caves
zoomed 16 20 21 minecraft:lush_caves
zoomed 17 20 21 minecraft:lush_caves
zoomed 18 20 21 minecraft:lush_caves
zoomed 19 20 21 minecraft:lush_caves
zoomed 20 20 21 minecraft:jungle
zoomed 21 20 21 minecraft:jungle
zoomed 22 20 21 minecraft:jungle
zoomed 23 20 21 minecraft:jungle
zoomed 24 20 21 minecraft:jungle
zoomed 25 20 21 minecraft:jungle
zoomed 26 20 21 minecraft:jungle
zoomed 27 20 21 minecraft:jungle
zoomed 28 20 21 minecraft:jungle
zoomed 29 20 21 minecraft:lush_caves
zoomed 30 20 21 minecraft:lush_caves
zoomed 31 20 21 minecraft:lush_caves
zoomed 16 20 22 minecraft:lush_caves
zoomed 17 20 22 minecraft:lush_caves
zoomed 18 20 22 minecraft:lush_caves
zoomed 19 20 22 minecraft:lush_caves
zoomed 20 20 22 minecraft:lush_caves
zoomed 21 20 22 minecraft:jungle
zoomed 22 20 22 minecraft:jungle
zoomed 23 20 22 minecraft:jungle
zoomed 24 20 22 minecraft:jungle
zoomed 25 20 22 minecraft:lush_caves
zoomed 26 20 22 minecraft:lush_caves
zoomed 27 20 22 minecraft:lush_caves
zoomed 28 20 22 minecraft:lush_caves
zoomed 29 20 22 minecraft:lush_caves
zoomed 30 20 22 minecraft:lush_caves
zoomed 31 20 22 minecraft:lush_caves
zoomed 16 20 23 minecraft:lush_caves
zoomed 17 20 23 minecraft:lush_caves
zoomed 18 20 23 minecraft:lush_caves
zoomed 19 20 23 minecraft:lush_caves
zoomed 20 20 23 minecraft:lush_caves
zoomed 21 20 23 minecraft:lush_caves
zoomed 22 20 23 minecraft:lush_caves
zoomed 23 20 23 minecraft:lush_caves
zoomed 24 20 23 minecraft:lush_caves
zoomed 25 20 23 minecraft:lush_caves
zoomed 26 20 23 minecraft:lush_caves
zoomed 27 20 23 minecraft:lush_caves
zoomed 28 20 23 minecraft:lush_caves
zoomed 29 20 23 minecraft:lush_caves
zoomed 30 20 23 minecraft:lush_caves
zoomed 31 20 23 minecraft:lush_caves
zoomed 16 20 24 minecraft:lush_caves
zoomed 17 20 24 minecraft:lush_caves
zoomed 18 20 24 minecraft:lush_caves
zoomed 19 20 24 minecraft:lush_caves
zoomed 20 20 24 minecraft:lush_caves
zoomed 21 20 24 minecraft:lush_caves
zoomed 22 20 24 minecraft:lush_caves
zoomed 23 20 24 minecraft:lush_caves
zoomed 24 20 24 minecraft:lush_caves
zoomed 25 20 24 minecraft:lush_caves
zoomed 26 20 24 minecraft:lush_caves
zoomed 27 20 24 minecraft:lush_caves
zoomed 28 20 24 minecraft:lush_caves
zoomed 29 20 24 minecraft:lush_caves
zoomed 30 20 24 minecraft:lush_caves
zoomed 31 20 24 minecraft:lush_caves
zoomed 16 20 25 minecraft:jungle
zoomed 17 20 25 minecraft:lush_caves
zoomed 18 20 25 minecraft:jungle
zoomed 19 20 25 minecraft:jungle
zoomed 20 20 25 minecraft:lush_caves
zoomed 21 20 25 minecraft:lush_caves
zoomed 22 20 25 minecraft:lush_caves
zoomed 23 20 25 minecraft:lush_caves
zoomed 24 20 25 minecraft:lush_caves
zoomed 25 20 25 minecraft:lush_caves
zoomed 26 20 25 minecraft:lush_caves
zoomed 27 20 25 minecraft:lush_caves
zoomed 28 20 25 minecraft:lush_caves
zoomed 29 20 25 minecraft:lush_caves
zoomed 30 20 25 minecraft:lush_caves
zoomed 31 20 25 minecraft:lush_caves
zoomed 16 20 26 minecraft:jungle
zoomed 17 20 26 minecraft:jungle
zoomed 18 20 26 minecraft:jungle
zoomed 19 20 26 minecraft:lush_caves
zoomed 20 20 26 minecraft:lush_caves
zoomed 21 20 26 minecraft:lush_caves
zoomed 22 20 26 minecraft:lush_caves
zoomed 23 20 26 minecraft:lush_caves
zoomed 24 20 26 minecraft:lush_caves
zoomed 25 20 26 minecraft:lush_caves
zoomed 26 20 26 minecraft:lush_caves
zoomed 27 20 26 minecraft:lush_caves
zoomed 28 20 26 minecraft:lush_caves
zoomed 29 20 26 minecraft:lush_caves
zoomed 30 20 26 minecraft:lush_caves
zoomed 31 20 26 minecraft:lush_caves
zoomed 16 20 27 minecraft:jungle
zoomed 17 20 27 minecraft:jungle
zoomed 18 20 27 minecraft:lush_caves
zoomed 19 20 27 minecraft:lush_caves
zoomed 20 20 27 minecraft:lush_caves
zoomed 21 20 27 minecraft:lush_caves
zoomed 22 20 27 minecraft:lush_caves
zoomed 23 20 27 minecraft:lush_caves
zoomed 24 20 27 minecraft:lush_caves
zoomed 25 20 27 minecraft:lush_caves
zoomed 26 20 27 minecraft:lush_caves
zoomed 27 20 27 minecraft:lush_caves
zoomed 28 20 27 minecraft:lush_caves
zoomed 29 20 27 minecraft:lush_caves
zoomed 30 20 27 minecraft:lush_caves
zoomed 31 20 27 minecraft:lush_caves
zoomed 16 20 28 minecraft:jungle
zoomed 17 20 28 minecraft:lush_caves
zoomed 18 20 28 minecraft:lush_caves
zoomed 19 20 28 minecraft:lush_caves
zoomed 20 20 28 minecraft:lush_caves
zoomed 21 20 28 minecraft:lush_caves
zoomed 22 20 28 minecraft:lush_caves
zoomed 23 20 28 minecraft:lush_caves
zoomed 24 20 28 minecraft:lush_caves
zoomed 25 20 28 minecraft:lush_caves
zoomed 26 20 28 minecraft:lush_caves
zoomed 27 20 28 minecraft:lush_caves
zoomed 28 20 28 minecraft:lush_caves
zoomed 29 20 28 minecraft:lush_caves
zoomed 30 20 28 minecraft:lush_caves
zoomed 31 20 28 minecraft:lush_caves
zoomed 16 20 29 minecraft:jungle
zoomed 17 20 29 minecraft:lush_caves
zoomed 18 20 29 minecraft:jungle
zoomed 19 20 29 minecraft:jungle
zoomed 20 20 29 minecraft:lush_caves
zoomed 21 20 29 minecraft:lush_caves
zoomed 22 20 29 minecraft:lush_caves
zoomed 23 20 29 minecraft:lush_caves
zoomed 24 20 29 minecraft:lush_caves
zoomed 25 20 29 minecraft:lush_caves
zoomed 26 20 29 minecraft:lush_caves
zoomed 27 20 29 minecraft:lush_caves
zoomed 28 20 29 minecraft:lush_caves
zoomed 29 20 29 minecraft:lush_caves
zoomed 30 20 29 minecraft:lush_caves
zoomed 31 20 29 minecraft:lush_caves
zoomed 16 20 30 minecraft:jungle
zoomed 17 20 30 minecraft:jungle
zoomed 18 20 30 minecraft:jungle
zoomed 19 20 30 minecraft:jungle
zoomed 20 20 30 minecraft:jungle
zoomed 21 20 30 minecraft:jungle
zoomed 22 20 30 minecraft:lush_caves
zoomed 23 20 30 minecraft:lush_caves
zoomed 24 20 30 minecraft:lush_caves
zoomed 25 20 30 minecraft:lush_caves
zoomed 26 20 30 minecraft:lush_caves
zoomed 27 20 30 minecraft:lush_caves
zoomed 28 20 30 minecraft:lush_caves
zoomed 29 20 30 minecraft:lush_caves
zoomed 30 20 30 minecraft:lush_caves
zoomed 31 20 30 minecraft:lush_caves
zoomed 16 20 31 minecraft:jungle
zoomed 17 20 31 minecraft:jungle
zoomed 18 20 31 minecraft:jungle
zoomed 19 20 31 minecraft:jungle
zoomed 20 20 31 minecraft:jungle
zoomed 21 20 31 minecraft:jungle
zoomed 22 20 31 minecraft:lush_caves
zoomed 23 20 31 minecraft:lush_caves
zoomed 24 20 31 minecraft:lush_caves
zoomed 25 20 31 minecraft:lush_caves
zoomed 26 20 31 minecraft:lush_caves
zoomed 27 20 31 minecraft:lush_caves
zoomed 28 20 31 minecraft:lush_caves
zoomed 29 20 31 minecraft:lush_caves
zoomed 30 20 31 minecraft:lush_caves
zoomed 31 20 31 minecraft:lush_caves
zoomed 16 40 16 minecraft:jungle
zoomed 17 40 16 minecraft:jungle
zoomed 18 40 16 minecraft:jungle
zoomed 19 40 16 minecraft:jungle
zoomed 20 40 16 minecraft:jungle
zoomed 21 40 16 minecraft:jungle
zoomed 22 40 16 minecraft:jungle
zoomed 23 40 16 minecraft:jungle
zoomed 24 40 16 minecraft:jungle
zoomed 25 40 16 minecraft:jungle
zoomed 26 40 16 minecraft:jungle
zoomed 27 40 16 minecraft:jungle
zoomed 28 40 16 minecraft:jungle
zoomed 29 40 16 minecraft:jungle
zoomed 30 40 16 minecraft:jungle
zoomed 31 40 16 minecraft:jungle
zoomed 16 40 17 minecraft:jungle
zoomed 17 40 17 minecraft:jungle
zoomed 18 40 17 minecraft:jungle
zoomed 19 40 17 minecraft:jungle
zoomed 20 40 17 minecraft:jungle
zoomed 21 40 17 minecraft:jungle
zoomed 22 40 17 minecraft:jungle
zoomed 23 40 17 minecraft:jungle
zoomed 24 40 17 minecraft:jungle
zoomed 25 40 17 minecraft:jungle
zoomed 26 40 17 minecraft:jungle
zoomed 27 40 17 minecraft:jungle
zoomed 28 40 17 minecraft:jungle
zoomed 29 40 17 minecraft:jungle
zoomed 30 40 17 minecraft:jungle
zoomed 31 40 17 minecraft:jungle
zoomed 16 40 18 minecraft:jungle
zoomed 17 40 18 minecraft:jungle
zoomed 18 40 18 minecraft:jungle
zoomed 19 40 18 minecraft:jungle
zoomed 20 40 18 minecraft:jungle
zoomed 21 40 18 minecraft:jungle
zoomed 22 40 18 minecraft:jungle
zoomed 23 40 18 minecraft:jungle
zoomed 24 40 18 minecraft:jungle
zoomed 25 40 18 minecraft:jungle
zoomed 26 40 18 minecraft:jungle
zoomed 27 40 18 minecraft:jungle
zoomed 28 40 18 minecraft:jungle
zoomed 29 40 18 minecraft:jungle
zoomed 30 40 18 minecraft:jungle
zoomed 31 40 18 minecraft:jungle
zoomed 16 40 19 minecraft:jungle
zoomed 17 40 19 minecraft:jungle
zoomed 18 40 19 minecraft:jungle
zoomed 19 40 19 minecraft:jungle
zoomed 20 40 19 minecraft:jungle
zoomed 21 40 19 minecraft:jungle
zoomed 22 40 19 minecraft:jungle
zoomed 23 40 19 minecraft:jungle
zoomed 24 40 19 minecraft:jungle
zoomed 25 40 19 minecraft:jungle
zoomed 26 40 19 minecraft:jungle
zoomed 27 40 19 minecraft:jungle
zoomed 28 40 19 minecraft:jungle
zoomed 29 40 19 minecraft:jungle
zoomed 30 40 19 minecraft:jungle
zoomed 31 40 19 minecraft:jungle
zoomed 16 40 20 minecraft:jungle
zoomed 17 40 20 minecraft:jungle
zoomed 18 40 20 minecraft:jungle
zoomed 19 40 20 minecraft:jungle
zoomed 20 40 20 minecraft:jungle
zoomed 21 40 20 minecraft:jungle
zoomed 22 40 20 minecraft:jungle
zoomed 23 40 20 minecraft:jungle
zoomed 24 40 20 minecraft:jungle
zoomed 25 40 20 minecraft:jungle
zoomed 26 40 20 minecraft:jungle
zoomed 27 40 20 minecraft:jungle
zoomed 28 40 20 minecraft:jungle
zoomed 29 40 20 minecraft:jungle
zoomed 30 40 20 minecraft:jungle
zoomed 31 40 20 minecraft:jungle
zoomed 16 40 21 minecraft:jungle
zoomed 17 40 21 minecraft:jungle
zoomed 18 40 21 minecraft:jungle
zoomed 19 40 21 minecraft:jungle
zoomed 20 40 21 minecraft:jungle
zoomed 21 40 21 minecraft:jungle
zoomed 22 40 21 minecraft:jungle
zoomed 23 40 21 minecraft:jungle
zoomed 24 40 21 minecraft:jungle
zoomed 25 40 21 minecraft:jungle
zoomed 26 40 21 minecraft:jungle
zoomed 27 40 21 minecraft:jungle
zoomed 28 40 21 minecraft:jungle
zoomed 29 40 21 minecraft:jungle
zoomed 30 40 21 minecraft:jungle
zoomed 31 40 21 minecraft:jungle
zoomed 16 40 22 minecraft:jungle
zoomed 17 40 22 minecraft:jungle
zoomed 18 40 22 minecraft:jungle
zoomed 19 40 22 minecraft:jungle
zoomed 20 40 22 minecraft:jungle
zoomed 21 40 22 minecraft:jungle
zoomed 22 40 22 minecraft:jungle
zoomed 23 40 22 minecraft:jungle
zoomed 24 40 22 minecraft:jungle
zoomed 25 40 22 minecraft:jungle
zoomed 26 40 22 minecraft:jungle
zoomed 27 40 22 minecraft:jungle
zoomed 28 40 22 minecraft:jungle
zoomed 29 40 22 minecraft:jungle
zoomed 30 40 22 minecraft:jungle
zoomed 31 40 22 minecraft:jungle
zoomed 16 40 23 minecraft:jungle
zoomed 17 40 23 minecraft:jungle
zoomed 18 40 23 minecraft:jungle
zoomed 19 40 23 minecraft:jungle
zoomed 20 40 23 minecraft:jungle
zoomed 21 40 23 minecraft:jungle
zoomed 22 40 23 minecraft:jungle
zoomed 23 40 23 minecraft:jungle
zoomed 24 40 23 minecraft:jungle
zoomed 25 40 23 minecraft:jungle
zoomed 26 40 23 minecraft:jungle
zoomed 27 40 23 minecraft:jungle
zoomed 28 40 23 minecraft:jungle
zoomed 29 40 23 minecraft:jungle
zoomed 30 40 23 minecraft:jungle
zoomed 31 40 23 minecraft:jungle
zoomed 16 40 24 minecraft:jungle
zoomed 17 40 24 minecraft:jungle
zoomed 18 40 24 minecraft:jungle
zoomed 19 40 24 minecraft:jungle
zoomed 20 40 24 minecraft:jungle
zoomed 21 40 24 minecraft:jungle
zoomed 22 40 24 minecraft:jungle
zoomed 23 40 24 minecraft:jungle
zoomed 24 40 24 minecraft:jungle
zoomed 25 40 24 minecraft:jungle
zoomed 26 40 24 minecraft:jungle
zoomed 27 40 24 minecraft:jungle
zoomed 28 40 24 minecraft:jungle
zoomed 29 40 24 minecraft:jungle
zoomed 30 40 24 minecraft:jungle
zoomed 31 40 24 minecraft:jungle
zoomed 16 40 25 minecraft:jungle
zoomed 17 40 25 minecraft:jungle
zoomed 18 40 25 minecraft:jungle
zoomed 19 40 25 minecraft:jungle
zoomed 20 40 25 minecraft:jungle
zoomed 21 40 25 minecraft:jungle
zoomed 22 40 25 minecraft:jungle
zoomed 23 40 25 minecraft:jungle
zoomed 24 40 25 minecraft:jungle
zoomed 25 40 25 minecraft:jungle
zoomed 26 40 25 minecraft:jungle
zoomed 27 40 25 minecraft:jungle
zoomed 28 40 25 minecraft:jungle
zoomed 29 40 25 minecraft:jungle
zoomed 30 40 25 minecraft:jungle
zoomed 31 40 25 minecraft:jungle
zoomed 16 40 26 minecraft:jungle
zoomed 17 40 26 minecraft:jungle
zoomed 18 40 26 minecraft:jungle
zoomed 19 40 26 minecraft:jungle
zoomed 20 40 26 minecraft:jungle
zoomed 21 40 26 minecraft:jungle
zoomed 22 40 26 minecraft:jungle
zoomed 23 40 26 minecraft:jungle
zoomed 24 40 26 minecraft:jungle
zoomed 25 40 26 minecraft:jungle
zoomed 26 40 26 minecraft:jungle
zoomed 27 40 26 minecraft:jungle
zoomed 28 40 26 minecraft:jungle
zoomed 29 40 26 minecraft:jungle
zoomed 30 40 26 minecraft:jungle
zoomed 31 40 26 minecraft:jungle
zoomed 16 40 27 minecraft:jungle
zoomed 17 40 27 minecraft:jungle
zoomed 18 40 27 minecraft:jungle
zoomed 19 40 27 minecraft:jungle
zoomed 20 40 27 minecraft:jungle
zoomed 21 40 27 minecraft:jungle
zoomed 22 40 27 minecraft:jungle
zoomed 23 40 27 minecraft:jungle
zoomed 24 40 27 minecraft:jungle
zoomed 25 40 27 minecraft:jungle
zoomed 26 40 27 minecraft:jungle
zoomed 27 40 27 minecraft:jungle
zoomed 28 40 27 minecraft:jungle
zoomed 29 40 27 minecraft:jungle
zoomed 30 40 27 minecraft:jungle
zoomed 31 40 27 minecraft:jungle
zoomed 16 40 28 minecraft:jungle
zoomed 17 40 28 minecraft:jungle
zoomed 18 40 28 minecraft:jungle
zoomed 19 40 28 minecraft:jungle
zoomed 20 40 28 minecraft:jungle
zoomed 21 40 28 minecraft:jungle
zoomed 22 40 28 minecraft:jungle
zoomed 23 40 28 minecraft:jungle
zoomed 24 40 28 minecraft:jungle
zoomed 25 40 28 minecraft:jungle
zoomed 26 40 28 minecraft:jungle
zoomed 27 40 28 minecraft:jungle
zoomed 28 40 28 minecraft:jungle
zoomed 29 40 28 minecraft:jungle
zoomed 30 40 28 minecraft:jungle
zoomed 31 40 28 minecraft:jungle
zoomed 16 40 29 minecraft:jungle
zoomed 17 40 29 minecraft:jungle
zoomed 18 40 29 minecraft:jungle
zoomed 19 40 29 minecraft:jungle
zoomed 20 40 29 minecraft:jungle
zoomed 21 40 29 minecraft:jungle
zoomed 22 40 29 minecraft:jungle
zoomed 23 40 29 minecraft:jungle
zoomed 24 40 29 minecraft:jungle
zoomed 25 40 29 minecraft:jungle
zoomed 26 40 29 minecraft:jungle
zoomed 27 40 29 minecraft:jungle
zoomed 28 40 29 minecraft:jungle
zoomed 29 40 29 minecraft:jungle
zoomed 30 40 29 minecraft:jungle
zoomed 31 40 29 minecraft:jungle
zoomed 16 40 30 minecraft:jungle
zoomed 17 40 30 minecraft:jungle
zoomed 18 40 30 minecraft:jungle
zoomed 19 40 30 minecraft:jungle
zoomed 20 40 30 minecraft:jungle
zoomed 21 40 30 minecraft:jungle
zoomed 22 40 30 minecraft:jungle
zoomed 23 40 30 minecraft:jungle
zoomed 24 40 30 minecraft:jungle
zoomed 25 40 30 minecraft:jungle
zoomed 26 40 30 minecraft:jungle
zoomed 27 40 30 minecraft:jungle
zoomed 28 40 30 minecraft:jungle
zoomed 29 40 30 minecraft:jungle
zoomed 30 40 30 minecraft:jungle
zoomed 31 40 30 minecraft:jungle
zoomed 16 40 31 minecraft:jungle
zoomed 17 40 31 minecraft:jungle
zoomed 18 40 31 minecraft:jungle
zoomed 19 40 31 minecraft:jungle
zoomed 20 40 31 minecraft:jungle
zoomed 21 40 31 minecraft:jungle
zoomed 22 40 31 minecraft:jungle
zoomed 23 40 31 minecraft:jungle
zoomed 24 40 31 minecraft:jungle
zoomed 25 40 31 minecraft:jungle
zoomed 26 40 31 minecraft:jungle
zoomed 27 40 31 minecraft:jungle
zoomed 28 40 31 minecraft:jungle
zoomed 29 40 31 minecraft:jungle
zoomed 30 40 31 minecraft:jungle
zoomed 31 40 31 minecraft:jungle
zoomed 16 55 16 minecraft:jungle
zoomed 17 55 16 minecraft:jungle
zoomed 18 55 16 minecraft:jungle
zoomed 19 55 16 minecraft:jungle
zoomed 20 55 16 minecraft:jungle
zoomed 21 55 16 minecraft:jungle
zoomed 22 55 16 minecraft:jungle
zoomed 23 55 16 minecraft:jungle
zoomed 24 55 16 minecraft:jungle
zoomed 25 55 16 minecraft:jungle
zoomed 26 55 16 minecraft:jungle
zoomed 27 55 16 minecraft:jungle
zoomed 28 55 16 minecraft:jungle
zoomed 29 55 16 minecraft:jungle
zoomed 30 55 16 minecraft:jungle
zoomed 31 55 16 minecraft:jungle
zoomed 16 55 17 minecraft:jungle
zoomed 17 55 17 minecraft:jungle
zoomed 18 55 17 minecraft:jungle
zoomed 19 55 17 minecraft:jungle
zoomed 20 55 17 minecraft:jungle
zoomed 21 55 17 minecraft:jungle
zoomed 22 55 17 minecraft:jungle
zoomed 23 55 17 minecraft:jungle
zoomed 24 55 17 minecraft:jungle
zoomed 25 55 17 minecraft:jungle
zoomed 26 55 17 minecraft:jungle
zoomed 27 55 17 minecraft:jungle
zoomed 28 55 17 minecraft:jungle
zoomed 29 55 17 minecraft:jungle
zoomed 30 55 17 minecraft:jungle
zoomed 31 55 17 minecraft:jungle
zoomed 16 55 18 minecraft:jungle
zoomed 17 55 18 minecraft:jungle
zoomed 18 55 18 minecraft:jungle
zoomed 19 55 18 minecraft:jungle
zoomed 20 55 18 minecraft:jungle
zoomed 21 55 18 minecraft:jungle
zoomed 22 55 18 minecraft:jungle
zoomed 23 55 18 minecraft:jungle
zoomed 24 55 18 minecraft:jungle
zoomed 25 55 18 minecraft:jungle
zoomed 26 55 18 minecraft:jungle
zoomed 27 55 18 minecraft:jungle
zoomed 28 55 18 minecraft:jungle
zoomed 29 55 18 minecraft:jungle
zoomed 30 55 18 minecraft:jungle
zoomed 31 55 18 minecraft:jungle
zoomed 16 55 19 minecraft:jungle
zoomed 17 55 19 minecraft:jungle
zoomed 18 55 19 minecraft:jungle
zoomed 19 55 19 minecraft:jungle
zoomed 20 55 19 minecraft:jungle
zoomed 21 55 19 minecraft:jungle
zoomed 22 55 19 minecraft:jungle
zoomed 23 55 19 minecraft:jungle
zoomed 24 55 19 minecraft:jungle
zoomed 25 55 19 minecraft:jungle
zoomed 26 55 19 minecraft:jungle
zoomed 27 55 19 minecraft:jungle
zoomed 28 55 19 minecraft:jungle
zoomed 29 55 19 minecraft:jungle
zoomed 30 55 19 minecraft:jungle
zoomed 31 55 19 minecraft:jungle
zoomed 16 55 20 minecraft:jungle
zoomed 17 55 20 minecraft:jungle
zoomed 18 55 20 minecraft:jungle
zoomed 19 55 20 minecraft:jungle
zoomed 20 55 20 minecraft:jungle
zoomed 21 55 20 minecraft:jungle
zoomed 22 55 20 minecraft:jungle
zoomed 23 55 20 minecraft:jungle
zoomed 24 55 20 minecraft:jungle
zoomed 25 55 20 minecraft:jungle
zoomed 26 55 20 minecraft:jungle
zoomed 27 55 20 minecraft:jungle
zoomed 28 55 20 minecraft:jungle
zoomed 29 55 20 minecraft:jungle
zoomed 30 55 20 minecraft:jungle
zoomed 31 55 20 minecraft:jungle
zoomed 16 55 21 minecraft:jungle
zoomed 17 55 21 minecraft:jungle
zoomed 18 55 21 minecraft:jungle
zoomed 19 55 21 minecraft:jungle
zoomed 20 55 21 minecraft:jungle
zoomed 21 55 21 minecraft:jungle
zoomed 22 55 21 minecraft:jungle
zoomed 23 55 21 minecraft:jungle
zoomed 24 55 21 minecraft:jungle
zoomed 25 55 21 minecraft:jungle
zoomed 26 55 21 minecraft:jungle
zoomed 27 55 21 minecraft:jungle
zoomed 28 55 21 minecraft:jungle
zoomed 29 55 21 minecraft:jungle
zoomed 30 55 21 minecraft:jungle
zoomed 31 55 21 minecraft:jungle
zoomed 16 55 22 minecraft:jungle
zoomed 17 55 22 minecraft:jungle
zoomed 18 55 22 minecraft:jungle
zoomed 19 55 22 minecraft:jungle
zoomed 20 55 22 minecraft:jungle
zoomed 21 55 22 minecraft:jungle
zoomed 22 55 22 minecraft:jungle
zoomed 23 55 22 minecraft:jungle
zoomed 24 55 22 minecraft:jungle
zoomed 25 55 22 minecraft:jungle
zoomed 26 55 22 minecraft:jungle
zoomed 27 55 22 minecraft:jungle
zoomed 28 55 22 minecraft:jungle
zoomed 29 55 22 minecraft:jungle
zoomed 30 55 22 minecraft:jungle
zoomed 31 55 22 minecraft:jungle
zoomed 16 55 23 minecraft:jungle
zoomed 17 55 23 minecraft:jungle
zoomed 18 55 23 minecraft:jungle
zoomed 19 55 23 minecraft:jungle
zoomed 20 55 23 minecraft:jungle
zoomed 21 55 23 minecraft:jungle
zoomed 22 55 23 minecraft:jungle
zoomed 23 55 23 minecraft:jungle
zoomed 24 55 23 minecraft:jungle
zoomed 25 55 23 minecraft:jungle
zoomed 26 55 23 minecraft:jungle
zoomed 27 55 23 minecraft:jungle
zoomed 28 55 23 minecraft:jungle
zoomed 29 55 23 minecraft:jungle
zoomed 30 55 23 minecraft:jungle
zoomed 31 55 23 minecraft:jungle
zoomed 16 55 24 minecraft:jungle
zoomed 17 55 24 minecraft:jungle
zoomed 18 55 24 minecraft:jungle
zoomed 19 55 24 minecraft:jungle
zoomed 20 55 24 minecraft:jungle
zoomed 21 55 24 minecraft:jungle
zoomed 22 55 24 minecraft:jungle
zoomed 23 55 24 minecraft:jungle
zoomed 24 55 24 minecraft:jungle
zoomed 25 55 24 minecraft:jungle
zoomed 26 55 24 minecraft:jungle
zoomed 27 55 24 minecraft:jungle
zoomed 28 55 24 minecraft:jungle
zoomed 29 55 24 minecraft:jungle
zoomed 30 55 24 minecraft:jungle
zoomed 31 55 24 minecraft:jungle
zoomed 16 55 25 minecraft:jungle
zoomed 17 55 25 minecraft:jungle
zoomed 18 55 25 minecraft:jungle
zoomed 19 55 25 minecraft:jungle
zoomed 20 55 25 minecraft:jungle
zoomed 21 55 25 minecraft:jungle
zoomed 22 55 25 minecraft:jungle
zoomed 23 55 25 minecraft:jungle
zoomed 24 55 25 minecraft:jungle
zoomed 25 55 25 minecraft:jungle
zoomed 26 55 25 minecraft:jungle
zoomed 27 55 25 minecraft:jungle
zoomed 28 55 25 minecraft:jungle
zoomed 29 55 25 minecraft:jungle
zoomed 30 55 25 minecraft:jungle
zoomed 31 55 25 minecraft:jungle
zoomed 16 55 26 minecraft:jungle
zoomed 17 55 26 minecraft:jungle
zoomed 18 55 26 minecraft:jungle
zoomed 19 55 26 minecraft:jungle
zoomed 20 55 26 minecraft:jungle
zoomed 21 55 26 minecraft:jungle
zoomed 22 55 26 minecraft:jungle
zoomed 23 55 26 minecraft:jungle
zoomed 24 55 26 minecraft:jungle
zoomed 25 55 26 minecraft:jungle
zoomed 26 55 26 minecraft:jungle
zoomed 27 55 26 minecraft:jungle
zoomed 28 55 26 minecraft:jungle
zoomed 29 55 26 minecraft:jungle
zoomed 30 55 26 minecraft:jungle
zoomed 31 55 26 minecraft:jungle
zoomed 16 55 27 minecraft:jungle
zoomed 17 55 27 minecraft:jungle
zoomed 18 55 27 minecraft:jungle
zoomed 19 55 27 minecraft:jungle
zoomed 20 55 27 minecraft:jungle
zoomed 21 55 27 minecraft:jungle
zoomed 22 55 27 minecraft:jungle
zoomed 23 55 27 minecraft:jungle
zoomed 24 55 27 minecraft:jungle
zoomed 25 55 27 minecraft:jungle
zoomed 26 55 27 minecraft:jungle
zoomed 27 55 27 minecraft:jungle
zoomed 28 55 27 minecraft:jungle
zoomed 29 55 27 minecraft:jungle
zoomed 30 55 27 minecraft:jungle
zoomed 31 55 27 minecraft:jungle
zoomed 16 55 28 minecraft:jungle
zoomed 17 55 28 minecraft:jungle
zoomed 18 55 28 minecraft:jungle
zoomed 19 55 28 minecraft:jungle
zoomed 20 55 28 minecraft:jungle
zoomed 21 55 28 minecraft:jungle
zoomed 22 55 28 minecraft:jungle
zoomed 23 55 28 minecraft:jungle
zoomed 24 55 28 minecraft:jungle
zoomed 25 55 28 minecraft:jungle
zoomed 26 55 28 minecraft:jungle
zoomed 27 55 28 minecraft:jungle
zoomed 28 55 28 minecraft:jungle
zoomed 29 55 28 minecraft:jungle
zoomed 30 55 28 minecraft:jungle
zoomed 31 55 28 minecraft:jungle
zoomed 16 55 29 minecraft:jungle
zoomed 17 55 29 minecraft:jungle
zoomed 18 55 29 minecraft:jungle
zoomed 19 55 29 minecraft:jungle
zoomed 20 55 29 minecraft:jungle
zoomed 21 55 29 minecraft:jungle
zoomed 22 55 29 minecraft:jungle
zoomed 23 55 29 minecraft:jungle
zoomed 24 55 29 minecraft:jungle
zoomed 25 55 29 minecraft:jungle
zoomed 26 55 29 minecraft:jungle
zoomed 27 55 29 minecraft:jungle
zoomed 28 55 29 minecraft:jungle
zoomed 29 55 29 minecraft:jungle
zoomed 30 55 29 minecraft:jungle
zoomed 31 55 29 minecraft:jungle
zoomed 16 55 30 minecraft:jungle
zoomed 17 55 30 minecraft:jungle
zoomed 18 55 30 minecraft:jungle
zoomed 19 55 30 minecraft:jungle
zoomed 20 55 30 minecraft:jungle
zoomed 21 55 30 minecraft:jungle
zoomed 22 55 30 minecraft:jungle
zoomed 23 55 30 minecraft:jungle
zoomed 24 55 30 minecraft:jungle
zoomed 25 55 30 minecraft:jungle
zoomed 26 55 30 minecraft:jungle
zoomed 27 55 30 minecraft:jungle
zoomed 28 55 30 minecraft:jungle
zoomed 29 55 30 minecraft:jungle
zoomed 30 55 30 minecraft:jungle
zoomed 31 55 30 minecraft:jungle
zoomed 16 55 31 minecraft:jungle
zoomed 17 55 31 minecraft:jungle
zoomed 18 55 31 minecraft:jungle
zoomed 19 55 31 minecraft:jungle
zoomed 20 55 31 minecraft:jungle
zoomed 21 55 31 minecraft:jungle
zoomed 22 55 31 minecraft:jungle
zoomed 23 55 31 minecraft:jungle
zoomed 24 55 31 minecraft:jungle
zoomed 25 55 31 minecraft:jungle
zoomed 26 55 31 minecraft:jungle
zoomed 27 55 31 minecraft:jungle
zoomed 28 55 31 minecraft:jungle
zoomed 29 55 31 minecraft:jungle
zoomed 30 55 31 minecraft:jungle
zoomed 31 55 31 minecraft:jungle
zoomed 16 60 16 minecraft:jungle
zoomed 17 60 16 minecraft:jungle
zoomed 18 60 16 minecraft:jungle
zoomed 19 60 16 minecraft:jungle
zoomed 20 60 16 minecraft:jungle
zoomed 21 60 16 minecraft:jungle
zoomed 22 60 16 minecraft:jungle
zoomed 23 60 16 minecraft:jungle
zoomed 24 60 16 minecraft:jungle
zoomed 25 60 16 minecraft:jungle
zoomed 26 60 16 minecraft:jungle
zoomed 27 60 16 minecraft:jungle
zoomed 28 60 16 minecraft:jungle
zoomed 29 60 16 minecraft:jungle
zoomed 30 60 16 minecraft:jungle
zoomed 31 60 16 minecraft:jungle
zoomed 16 60 17 minecraft:jungle
zoomed 17 60 17 minecraft:jungle
zoomed 18 60 17 minecraft:jungle
zoomed 19 60 17 minecraft:jungle
zoomed 20 60 17 minecraft:jungle
zoomed 21 60 17 minecraft:jungle
zoomed 22 60 17 minecraft:jungle
zoomed 23 60 17 minecraft:jungle
zoomed 24 60 17 minecraft:jungle
zoomed 25 60 17 minecraft:jungle
zoomed 26 60 17 minecraft:jungle
zoomed 27 60 17 minecraft:jungle
zoomed 28 60 17 minecraft:jungle
zoomed 29 60 17 minecraft:jungle
zoomed 30 60 17 minecraft:jungle
zoomed 31 60 17 minecraft:jungle
zoomed 16 60 18 minecraft:jungle
zoomed 17 60 18 minecraft:jungle
zoomed 18 60 18 minecraft:jungle
zoomed 19 60 18 minecraft:jungle
zoomed 20 60 18 minecraft:jungle
zoomed 21 60 18 minecraft:jungle
zoomed 22 60 18 minecraft:jungle
zoomed 23 60 18 minecraft:jungle
zoomed 24 60 18 minecraft:jungle
zoomed 25 60 18 minecraft:jungle
zoomed 26 60 18 minecraft:jungle
zoomed 27 60 18 minecraft:jungle
zoomed 28 60 18 minecraft:jungle
zoomed 29 60 18 minecraft:jungle
zoomed 30 60 18 minecraft:jungle
zoomed 31 60 18 minecraft:jungle
zoomed 16 60 19 minecraft:jungle
zoomed 17 60 19 minecraft:jungle
zoomed 18 60 19 minecraft:jungle
zoomed 19 60 19 minecraft:jungle
zoomed 20 60 19 minecraft:jungle
zoomed 21 60 19 minecraft:jungle
zoomed 22 60 19 minecraft:jungle
zoomed 23 60 19 minecraft:jungle
zoomed 24 60 19 minecraft:jungle
zoomed 25 60 19 minecraft:jungle
zoomed 26 60 19 minecraft:jungle
zoomed 27 60 19 minecraft:jungle
zoomed 28 60 19 minecraft:jungle
zoomed 29 60 19 minecraft:jungle
zoomed 30 60 19 minecraft:jungle
zoomed 31 60 19 minecraft:jungle
zoomed 16 60 20 minecraft:jungle
zoomed 17 60 20 minecraft:jungle
zoomed 18 60 20 minecraft:jungle
zoomed 19 60 20 minecraft:jungle
zoomed 20 60 20 minecraft:jungle
zoomed 21 60 20 minecraft:jungle
zoomed 22 60 20 minecraft:jungle
zoomed 23 60 20 minecraft:jungle
zoomed 24 60 20 minecraft:jungle
zoomed 25 60 20 minecraft:jungle
zoomed 26 60 20 minecraft:jungle
zoomed 27 60 20 minecraft:jungle
zoomed 28 60 20 minecraft:jungle
zoomed 29 60 20 minecraft:jungle
zoomed 30 60 20 minecraft:jungle
zoomed 31 60 20 minecraft:jungle
zoomed 16 60 21 minecraft:jungle
zoomed 17 60 21 minecraft:jungle
zoomed 18 60 21 minecraft:jungle
zoomed 19 60 21 minecraft:jungle
zoomed 20 60 21 minecraft:jungle
zoomed 21 60 21 minecraft:jungle
zoomed 22 60 21 minecraft:jungle
zoomed 23 60 21 minecraft:jungle
zoomed 24 60 21 minecraft:jungle
zoomed 25 60 21 minecraft:jungle
zoomed 26 60 21 minecraft:jungle
zoomed 27 60 21 minecraft:jungle
zoomed 28 60 21 minecraft:jungle
zoomed 29 60 21 minecraft:jungle
zoomed 30 60 21 minecraft:jungle
zoomed 31 60 21 minecraft:jungle
zoomed 16 60 22 minecraft:jungle
zoomed 17 60 22 minecraft:jungle
zoomed 18 60 22 minecraft:jungle
zoomed 19 60 22 minecraft:jungle
zoomed 20 60 22 minecraft:jungle
zoomed 21 60 22 minecraft:jungle
zoomed 22 60 22 minecraft:jungle
zoomed 23 60 22 minecraft:jungle
zoomed 24 60 22 minecraft:jungle
zoomed 25 60 22 minecraft:jungle
zoomed 26 60 22 minecraft:jungle
zoomed 27 60 22 minecraft:jungle
zoomed 28 60 22 minecraft:jungle
zoomed 29 60 22 minecraft:jungle
zoomed 30 60 22 minecraft:jungle
zoomed 31 60 22 minecraft:jungle
zoomed 16 60 23 minecraft:jungle
zoomed 17 60 23 minecraft:jungle
zoomed 18 60 23 minecraft:jungle
zoomed 19 60 23 minecraft:jungle
zoomed 20 60 23 minecraft:jungle
zoomed 21 60 23 minecraft:jungle
zoomed 22 60 23 minecraft:jungle
zoomed 23 60 23 minecraft:jungle
zoomed 24 60 23 minecraft:jungle
zoomed 25 60 23 minecraft:jungle
zoomed 26 60 23 minecraft:jungle
zoomed 27 60 23 minecraft:jungle
zoomed 28 60 23 minecraft:jungle
zoomed 29 60 23 minecraft:jungle
zoomed 30 60 23 minecraft:jungle
zoomed 31 60 23 minecraft:jungle
zoomed 16 60 24 minecraft:jungle
zoomed 17 60 24 minecraft:jungle
zoomed 18 60 24 minecraft:jungle
zoomed 19 60 24 minecraft:jungle
zoomed 20 60 24 minecraft:jungle
zoomed 21 60 24 minecraft:jungle
zoomed 22 60 24 minecraft:jungle
zoomed 23 60 24 minecraft:jungle
zoomed 24 60 24 minecraft:jungle
zoomed 25 60 24 minecraft:jungle
zoomed 26 60 24 minecraft:jungle
zoomed 27 60 24 minecraft:jungle
zoomed 28 60 24 minecraft:jungle
zoomed 29 60 24 minecraft:jungle
zoomed 30 60 24 minecraft:jungle
zoomed 31 60 24 minecraft:jungle
zoomed 16 60 25 minecraft:jungle
zoomed 17 60 25 minecraft:jungle
zoomed 18 60 25 minecraft:jungle
zoomed 19 60 25 minecraft:jungle
zoomed 20 60 25 minecraft:jungle
zoomed 21 60 25 minecraft:jungle
zoomed 22 60 25 minecraft:jungle
zoomed 23 60 25 minecraft:jungle
zoomed 24 60 25 minecraft:jungle
zoomed 25 60 25 minecraft:jungle
zoomed 26 60 25 minecraft:jungle
zoomed 27 60 25 minecraft:jungle
zoomed 28 60 25 minecraft:jungle
zoomed 29 60 25 minecraft:jungle
zoomed 30 60 25 minecraft:jungle
zoomed 31 60 25 minecraft:jungle
zoomed 16 60 26 minecraft:jungle
zoomed 17 60 26 minecraft:jungle
zoomed 18 60 26 minecraft:jungle
zoomed 19 60 26 minecraft:jungle
zoomed 20 60 26 minecraft:jungle
zoomed 21 60 26 minecraft:jungle
zoomed 22 60 26 minecraft:jungle
zoomed 23 60 26 minecraft:jungle
zoomed 24 60 26 minecraft:jungle
zoomed 25 60 26 minecraft:jungle
zoomed 26 60 26 minecraft:jungle
zoomed 27 60 26 minecraft:jungle
zoomed 28 60 26 minecraft:jungle
zoomed 29 60 26 minecraft:jungle
zoomed 30 60 26 minecraft:jungle
zoomed 31 60 26 minecraft:jungle
zoomed 16 60 27 minecraft:jungle
zoomed 17 60 27 minecraft:jungle
zoomed 18 60 27 minecraft:jungle
zoomed 19 60 27 minecraft:jungle
zoomed 20 60 27 minecraft:jungle
zoomed 21 60 27 minecraft:jungle
zoomed 22 60 27 minecraft:jungle
zoomed 23 60 27 minecraft:jungle
zoomed 24 60 27 minecraft:jungle
zoomed 25 60 27 minecraft:jungle
zoomed 26 60 27 minecraft:jungle
zoomed 27 60 27 minecraft:jungle
zoomed 28 60 27 minecraft:jungle
zoomed 29 60 27 minecraft:jungle
zoomed 30 60 27 minecraft:jungle
zoomed 31 60 27 minecraft:jungle
zoomed 16 60 28 minecraft:jungle
zoomed 17 60 28 minecraft:jungle
zoomed 18 60 28 minecraft:jungle
zoomed 19 60 28 minecraft:jungle
zoomed 20 60 28 minecraft:jungle
zoomed 21 60 28 minecraft:jungle
zoomed 22 60 28 minecraft:jungle
zoomed 23 60 28 minecraft:jungle
zoomed 24 60 28 minecraft:jungle
zoomed 25 60 28 minecraft:jungle
zoomed 26 60 28 minecraft:jungle
zoomed 27 60 28 minecraft:jungle
zoomed 28 60 28 minecraft:jungle
zoomed 29 60 28 minecraft:jungle
zoomed 30 60 28 minecraft:jungle
zoomed 31 60 28 minecraft:jungle
zoomed 16 60 29 minecraft:jungle
zoomed 17 60 29 minecraft:jungle
zoomed 18 60 29 minecraft:jungle
zoomed 19 60 29 minecraft:jungle
zoomed 20 60 29 minecraft:jungle
zoomed 21 60 29 minecraft:jungle
zoomed 22 60 29 minecraft:jungle
zoomed 23 60 29 minecraft:jungle
zoomed 24 60 29 minecraft:jungle
zoomed 25 60 29 minecraft:jungle
zoomed 26 60 29 minecraft:jungle
zoomed 27 60 29 minecraft:jungle
zoomed 28 60 29 minecraft:jungle
zoomed 29 60 29 minecraft:jungle
zoomed 30 60 29 minecraft:jungle
zoomed 31 60 29 minecraft:jungle
zoomed 16 60 30 minecraft:jungle
zoomed 17 60 30 minecraft:jungle
zoomed 18 60 30 minecraft:jungle
zoomed 19 60 30 minecraft:jungle
zoomed 20 60 30 minecraft:jungle
zoomed 21 60 30 minecraft:jungle
zoomed 22 60 30 minecraft:jungle
zoomed 23 60 30 minecraft:jungle
zoomed 24 60 30 minecraft:jungle
zoomed 25 60 30 minecraft:jungle
zoomed 26 60 30 minecraft:jungle
zoomed 27 60 30 minecraft:jungle
zoomed 28 60 30 minecraft:jungle
zoomed 29 60 30 minecraft:jungle
zoomed 30 60 30 minecraft:jungle
zoomed 31 60 30 minecraft:jungle
zoomed 16 60 31 minecraft:jungle
zoomed 17 60 31 minecraft:jungle
zoomed 18 60 31 minecraft:jungle
zoomed 19 60 31 minecraft:jungle
zoomed 20 60 31 minecraft:jungle
zoomed 21 60 31 minecraft:jungle
zoomed 22 60 31 minecraft:jungle
zoomed 23 60 31 minecraft:jungle
zoomed 24 60 31 minecraft:jungle
zoomed 25 60 31 minecraft:jungle
zoomed 26 60 31 minecraft:jungle
zoomed 27 60 31 minecraft:jungle
zoomed 28 60 31 minecraft:jungle
zoomed 29 60 31 minecraft:jungle
zoomed 30 60 31 minecraft:jungle
zoomed 31 60 31 minecraft:jungle
zoomed 16 63 16 minecraft:jungle
zoomed 17 63 16 minecraft:jungle
zoomed 18 63 16 minecraft:jungle
zoomed 19 63 16 minecraft:jungle
zoomed 20 63 16 minecraft:jungle
zoomed 21 63 16 minecraft:jungle
zoomed 22 63 16 minecraft:jungle
zoomed 23 63 16 minecraft:jungle
zoomed 24 63 16 minecraft:jungle
zoomed 25 63 16 minecraft:jungle
zoomed 26 63 16 minecraft:jungle
zoomed 27 63 16 minecraft:jungle
zoomed 28 63 16 minecraft:jungle
zoomed 29 63 16 minecraft:jungle
zoomed 30 63 16 minecraft:jungle
zoomed 31 63 16 minecraft:jungle
zoomed 16 63 17 minecraft:jungle
zoomed 17 63 17 minecraft:jungle
zoomed 18 63 17 minecraft:jungle
zoomed 19 63 17 minecraft:jungle
zoomed 20 63 17 minecraft:jungle
zoomed 21 63 17 minecraft:jungle
zoomed 22 63 17 minecraft:jungle
zoomed 23 63 17 minecraft:jungle
zoomed 24 63 17 minecraft:jungle
zoomed 25 63 17 minecraft:jungle
zoomed 26 63 17 minecraft:jungle
zoomed 27 63 17 minecraft:jungle
zoomed 28 63 17 minecraft:jungle
zoomed 29 63 17 minecraft:jungle
zoomed 30 63 17 minecraft:jungle
zoomed 31 63 17 minecraft:jungle
zoomed 16 63 18 minecraft:jungle
zoomed 17 63 18 minecraft:jungle
zoomed 18 63 18 minecraft:jungle
zoomed 19 63 18 minecraft:jungle
zoomed 20 63 18 minecraft:jungle
zoomed 21 63 18 minecraft:jungle
zoomed 22 63 18 minecraft:jungle
zoomed 23 63 18 minecraft:jungle
zoomed 24 63 18 minecraft:jungle
zoomed 25 63 18 minecraft:jungle
zoomed 26 63 18 minecraft:jungle
zoomed 27 63 18 minecraft:jungle
zoomed 28 63 18 minecraft:jungle
zoomed 29 63 18 minecraft:jungle
zoomed 30 63 18 minecraft:jungle
zoomed 31 63 18 minecraft:jungle
zoomed 16 63 19 minecraft:jungle
zoomed 17 63 19 minecraft:jungle
zoomed 18 63 19 minecraft:jungle
zoomed 19 63 19 minecraft:jungle
zoomed 20 63 19 minecraft:jungle
zoomed 21 63 19 minecraft:jungle
zoomed 22 63 19 minecraft:jungle
zoomed 23 63 19 minecraft:jungle
zoomed 24 63 19 minecraft:jungle
zoomed 25 63 19 minecraft:jungle
zoomed 26 63 19 minecraft:jungle
zoomed 27 63 19 minecraft:jungle
zoomed 28 63 19 minecraft:jungle
zoomed 29 63 19 minecraft:jungle
zoomed 30 63 19 minecraft:jungle
zoomed 31 63 19 minecraft:jungle
zoomed 16 63 20 minecraft:jungle
zoomed 17 63 20 minecraft:jungle
zoomed 18 63 20 minecraft:jungle
zoomed 19 63 20 minecraft:jungle
zoomed 20 63 20 minecraft:jungle
zoomed 21 63 20 minecraft:jungle
zoomed 22 63 20 minecraft:jungle
zoomed 23 63 20 minecraft:jungle
zoomed 24 63 20 minecraft:jungle
zoomed 25 63 20 minecraft:jungle
zoomed 26 63 20 minecraft:jungle
zoomed 27 63 20 minecraft:jungle
zoomed 28 63 20 minecraft:jungle
zoomed 29 63 20 minecraft:jungle
zoomed 30 63 20 minecraft:jungle
zoomed 31 63 20 minecraft:jungle
zoomed 16 63 21 minecraft:jungle
zoomed 17 63 21 minecraft:jungle
zoomed 18 63 21 minecraft:jungle
zoomed 19 63 21 minecraft:jungle
zoomed 20 63 21 minecraft:jungle
zoomed 21 63 21 minecraft:jungle
zoomed 22 63 21 minecraft:jungle
zoomed 23 63 21 minecraft:jungle
zoomed 24 63 21 minecraft:jungle
zoomed 25 63 21 minecraft:jungle
zoomed 26 63 21 minecraft:jungle
zoomed 27 63 21 minecraft:jungle
zoomed 28 63 21 minecraft:jungle
zoomed 29 63 21 minecraft:jungle
zoomed 30 63 21 minecraft:jungle
zoomed 31 63 21 minecraft:jungle
zoomed 16 63 22 minecraft:jungle
zoomed 17 63 22 minecraft:jungle
zoomed 18 63 22 minecraft:jungle
zoomed 19 63 22 minecraft:jungle
zoomed 20 63 22 minecraft:jungle
zoomed 21 63 22 minecraft:jungle
zoomed 22 63 22 minecraft:jungle
zoomed 23 63 22 minecraft:jungle
zoomed 24 63 22 minecraft:jungle
zoomed 25 63 22 minecraft:jungle
zoomed 26 63 22 minecraft:jungle
zoomed 27 63 22 minecraft:jungle
zoomed 28 63 22 minecraft:jungle
zoomed 29 63 22 minecraft:jungle
zoomed 30 63 22 minecraft:jungle
zoomed 31 63 22 minecraft:jungle
zoomed 16 63 23 minecraft:jungle
zoomed 17 63 23 minecraft:jungle
zoomed 18 63 23 minecraft:jungle
zoomed 19 63 23 minecraft:jungle
zoomed 20 63 23 minecraft:jungle
zoomed 21 63 23 minecraft:jungle
zoomed 22 63 23 minecraft:jungle
zoomed 23 63 23 minecraft:jungle
zoomed 24 63 23 minecraft:jungle
zoomed 25 63 23 minecraft:jungle
zoomed 26 63 23 minecraft:jungle
zoomed 27 63 23 minecraft:jungle
zoomed 28 63 23 minecraft:jungle
zoomed 29 63 23 minecraft:jungle
zoomed 30 63 23 minecraft:jungle
zoomed 31 63 23 minecraft:jungle
zoomed 16 63 24 minecraft:jungle
zoomed 17 63 24 minecraft:jungle
zoomed 18 63 24 minecraft:jungle
zoomed 19 63 24 minecraft:jungle
zoomed 20 63 24 minecraft:jungle
zoomed 21 63 24 minecraft:jungle
zoomed 22 63 24 minecraft:jungle
zoomed 23 63 24 minecraft:jungle
zoomed 24 63 24 minecraft:jungle
zoomed 25 63 24 minecraft:jungle
zoomed 26 63 24 minecraft:jungle
zoomed 27 63 24 minecraft:jungle
zoomed 28 63 24 minecraft:jungle
zoomed 29 63 24 minecraft:jungle
zoomed 30 63 24 minecraft:jungle
zoomed 31 63 24 minecraft:jungle
zoomed 16 63 25 minecraft:jungle
zoomed 17 63 25 minecraft:jungle
zoomed 18 63 25 minecraft:jungle
zoomed 19 63 25 minecraft:jungle
zoomed 20 63 25 minecraft:jungle
zoomed 21 63 25 minecraft:jungle
zoomed 22 63 25 minecraft:jungle
zoomed 23 63 25 minecraft:jungle
zoomed 24 63 25 minecraft:jungle
zoomed 25 63 25 minecraft:jungle
zoomed 26 63 25 minecraft:jungle
zoomed 27 63 25 minecraft:jungle
zoomed 28 63 25 minecraft:jungle
zoomed 29 63 25 minecraft:jungle
zoomed 30 63 25 minecraft:jungle
zoomed 31 63 25 minecraft:jungle
zoomed 16 63 26 minecraft:jungle
zoomed 17 63 26 minecraft:jungle
zoomed 18 63 26 minecraft:jungle
zoomed 19 63 26 minecraft:jungle
zoomed 20 63 26 minecraft:jungle
zoomed 21 63 26 minecraft:jungle
zoomed 22 63 26 minecraft:jungle
zoomed 23 63 26 minecraft:jungle
zoomed 24 63 26 minecraft:jungle
zoomed 25 63 26 minecraft:jungle
zoomed 26 63 26 minecraft:jungle
zoomed 27 63 26 minecraft:jungle
zoomed 28 63 26 minecraft:jungle
zoomed 29 63 26 minecraft:jungle
zoomed 30 63 26 minecraft:jungle
zoomed 31 63 26 minecraft:jungle
zoomed 16 63 27 minecraft:jungle
zoomed 17 63 27 minecraft:jungle
zoomed 18 63 27 minecraft:jungle
zoomed 19 63 27 minecraft:jungle
zoomed 20 63 27 minecraft:jungle
zoomed 21 63 27 minecraft:jungle
zoomed 22 63 27 minecraft:jungle
zoomed 23 63 27 minecraft:jungle
zoomed 24 63 27 minecraft:jungle
zoomed 25 63 27 minecraft:jungle
zoomed 26 63 27 minecraft:jungle
zoomed 27 63 27 minecraft:jungle
zoomed 28 63 27 minecraft:jungle
zoomed 29 63 27 minecraft:jungle
zoomed 30 63 27 minecraft:jungle
zoomed 31 63 27 minecraft:jungle
zoomed 16 63 28 minecraft:jungle
zoomed 17 63 28 minecraft:jungle
zoomed 18 63 28 minecraft:jungle
zoomed 19 63 28 minecraft:jungle
zoomed 20 63 28 minecraft:jungle
zoomed 21 63 28 minecraft:jungle
zoomed 22 63 28 minecraft:jungle
zoomed 23 63 28 minecraft:jungle
zoomed 24 63 28 minecraft:jungle
zoomed 25 63 28 minecraft:jungle
zoomed 26 63 28 minecraft:jungle
zoomed 27 63 28 minecraft:jungle
zoomed 28 63 28 minecraft:jungle
zoomed 29 63 28 minecraft:jungle
zoomed 30 63 28 minecraft:jungle
zoomed 31 63 28 minecraft:jungle
zoomed 16 63 29 minecraft:jungle
zoomed 17 63 29 minecraft:jungle
zoomed 18 63 29 minecraft:jungle
zoomed 19 63 29 minecraft:jungle
zoomed 20 63 29 minecraft:jungle
zoomed 21 63 29 minecraft:jungle
zoomed 22 63 29 minecraft:jungle
zoomed 23 63 29 minecraft:jungle
zoomed 24 63 29 minecraft:jungle
zoomed 25 63 29 minecraft:jungle
zoomed 26 63 29 minecraft:jungle
zoomed 27 63 29 minecraft:jungle
zoomed 28 63 29 minecraft:jungle
zoomed 29 63 29 minecraft:jungle
zoomed 30 63 29 minecraft:jungle
zoomed 31 63 29 minecraft:jungle
zoomed 16 63 30 minecraft:jungle
zoomed 17 63 30 minecraft:jungle
zoomed 18 63 30 minecraft:jungle
zoomed 19 63 30 minecraft:jungle
zoomed 20 63 30 minecraft:jungle
zoomed 21 63 30 minecraft:jungle
zoomed 22 63 30 minecraft:jungle
zoomed 23 63 30 minecraft:jungle
zoomed 24 63 30 minecraft:jungle
zoomed 25 63 30 minecraft:jungle
zoomed 26 63 30 minecraft:jungle
zoomed 27 63 30 minecraft:jungle
zoomed 28 63 30 minecraft:jungle
zoomed 29 63 30 minecraft:jungle
zoomed 30 63 30 minecraft:jungle
zoomed 31 63 30 minecraft:jungle
zoomed 16 63 31 minecraft:jungle
zoomed 17 63 31 minecraft:jungle
zoomed 18 63 31 minecraft:jungle
zoomed 19 63 31 minecraft:jungle
zoomed 20 63 31 minecraft:jungle
zoomed 21 63 31 minecraft:jungle
zoomed 22 63 31 minecraft:jungle
zoomed 23 63 31 minecraft:jungle
zoomed 24 63 31 minecraft:jungle
zoomed 25 63 31 minecraft:jungle
zoomed 26 63 31 minecraft:jungle
zoomed 27 63 31 minecraft:jungle
zoomed 28 63 31 minecraft:jungle
zoomed 29 63 31 minecraft:jungle
zoomed 30 63 31 minecraft:jungle
zoomed 31 63 31 minecraft:jungle
zoomed 16 70 16 minecraft:jungle
zoomed 17 70 16 minecraft:jungle
zoomed 18 70 16 minecraft:jungle
zoomed 19 70 16 minecraft:jungle
zoomed 20 70 16 minecraft:jungle
zoomed 21 70 16 minecraft:jungle
zoomed 22 70 16 minecraft:jungle
zoomed 23 70 16 minecraft:jungle
zoomed 24 70 16 minecraft:jungle
zoomed 25 70 16 minecraft:jungle
zoomed 26 70 16 minecraft:jungle
zoomed 27 70 16 minecraft:jungle
zoomed 28 70 16 minecraft:jungle
zoomed 29 70 16 minecraft:jungle
zoomed 30 70 16 minecraft:jungle
zoomed 31 70 16 minecraft:jungle
zoomed 16 70 17 minecraft:jungle
zoomed 17 70 17 minecraft:jungle
zoomed 18 70 17 minecraft:jungle
zoomed 19 70 17 minecraft:jungle
zoomed 20 70 17 minecraft:jungle
zoomed 21 70 17 minecraft:jungle
zoomed 22 70 17 minecraft:jungle
zoomed 23 70 17 minecraft:jungle
zoomed 24 70 17 minecraft:jungle
zoomed 25 70 17 minecraft:jungle
zoomed 26 70 17 minecraft:jungle
zoomed 27 70 17 minecraft:jungle
zoomed 28 70 17 minecraft:jungle
zoomed 29 70 17 minecraft:jungle
zoomed 30 70 17 minecraft:jungle
zoomed 31 70 17 minecraft:jungle
zoomed 16 70 18 minecraft:jungle
zoomed 17 70 18 minecraft:jungle
zoomed 18 70 18 minecraft:jungle
zoomed 19 70 18 minecraft:jungle
zoomed 20 70 18 minecraft:jungle
zoomed 21 70 18 minecraft:jungle
zoomed 22 70 18 minecraft:jungle
zoomed 23 70 18 minecraft:jungle
zoomed 24 70 18 minecraft:jungle
zoomed 25 70 18 minecraft:jungle
zoomed 26 70 18 minecraft:jungle
zoomed 27 70 18 minecraft:jungle
zoomed 28 70 18 minecraft:jungle
zoomed 29 70 18 minecraft:jungle
zoomed 30 70 18 minecraft:jungle
zoomed 31 70 18 minecraft:jungle
zoomed 16 70 19 minecraft:jungle
zoomed 17 70 19 minecraft:jungle
zoomed 18 70 19 minecraft:jungle
zoomed 19 70 19 minecraft:jungle
zoomed 20 70 19 minecraft:jungle
zoomed 21 70 19 minecraft:jungle
zoomed 22 70 19 minecraft:jungle
zoomed 23 70 19 minecraft:jungle
zoomed 24 70 19 minecraft:jungle
zoomed 25 70 19 minecraft:jungle
zoomed 26 70 19 minecraft:jungle
zoomed 27 70 19 minecraft:jungle
zoomed 28 70 19 minecraft:jungle
zoomed 29 70 19 minecraft:jungle
zoomed 30 70 19 minecraft:jungle
zoomed 31 70 19 minecraft:jungle
zoomed 16 70 20 minecraft:jungle
zoomed 17 70 20 minecraft:jungle
zoomed 18 70 20 minecraft:jungle
zoomed 19 70 20 minecraft:jungle
zoomed 20 70 20 minecraft:jungle
zoomed 21 70 20 minecraft:jungle
zoomed 22 70 20 minecraft:jungle
zoomed 23 70 20 minecraft:jungle
zoomed 24 70 20 minecraft:jungle
zoomed 25 70 20 minecraft:jungle
zoomed 26 70 20 minecraft:jungle
zoomed 27 70 20 minecraft:jungle
zoomed 28 70 20 minecraft:jungle
zoomed 29 70 20 minecraft:jungle
zoomed 30 70 20 minecraft:jungle
zoomed 31 70 20 minecraft:jungle
zoomed 16 70 21 minecraft:jungle
zoomed 17 70 21 minecraft:jungle
zoomed 18 70 21 minecraft:jungle
zoomed 19 70 21 minecraft:jungle
zoomed 20 70 21 minecraft:jungle
zoomed 21 70 21 minecraft:jungle
zoomed 22 70 21 minecraft:jungle
zoomed 23 70 21 minecraft:jungle
zoomed 24 70 21 minecraft:jungle
zoomed 25 70 21 minecraft:jungle
zoomed 26 70 21 minecraft:jungle
zoomed 27 70 21 minecraft:jungle
zoomed 28 70 21 minecraft:jungle
zoomed 29 70 21 minecraft:jungle
zoomed 30 70 21 minecraft:jungle
zoomed 31 70 21 minecraft:jungle
zoomed 16 70 22 minecraft:jungle
zoomed 17 70 22 minecraft:jungle
zoomed 18 70 22 minecraft:jungle
zoomed 19 70 22 minecraft:jungle
zoomed 20 70 22 minecraft:jungle
zoomed 21 70 22 minecraft:jungle
zoomed 22 70 22 minecraft:jungle
zoomed 23 70 22 minecraft:jungle
zoomed 24 70 22 minecraft:jungle
zoomed 25 70 22 minecraft:jungle
zoomed 26 70 22 minecraft:jungle
zoomed 27 70 22 minecraft:jungle
zoomed 28 70 22 minecraft:jungle
zoomed 29 70 22 minecraft:jungle
zoomed 30 70 22 minecraft:jungle
zoomed 31 70 22 minecraft:jungle
zoomed 16 70 23 minecraft:jungle
zoomed 17 70 23 minecraft:jungle
zoomed 18 70 23 minecraft:jungle
zoomed 19 70 23 minecraft:jungle
zoomed 20 70 23 minecraft:jungle
zoomed 21 70 23 minecraft:jungle
zoomed 22 70 23 minecraft:jungle
zoomed 23 70 23 minecraft:jungle
zoomed 24 70 23 minecraft:jungle
zoomed 25 70 23 minecraft:jungle
zoomed 26 70 23 minecraft:jungle
zoomed 27 70 23 minecraft:jungle
zoomed 28 70 23 minecraft:jungle
zoomed 29 70 23 minecraft:jungle
zoomed 30 70 23 minecraft:jungle
zoomed 31 70 23 minecraft:jungle
zoomed 16 70 24 minecraft:jungle
zoomed 17 70 24 minecraft:jungle
zoomed 18 70 24 minecraft:jungle
zoomed 19 70 24 minecraft:jungle
zoomed 20 70 24 minecraft:jungle
zoomed 21 70 24 minecraft:jungle
zoomed 22 70 24 minecraft:jungle
zoomed 23 70 24 minecraft:jungle
zoomed 24 70 24 minecraft:jungle
zoomed 25 70 24 minecraft:jungle
zoomed 26 70 24 minecraft:jungle
zoomed 27 70 24 minecraft:jungle
zoomed 28 70 24 minecraft:jungle
zoomed 29 70 24 minecraft:jungle
zoomed 30 70 24 minecraft:jungle
zoomed 31 70 24 minecraft:jungle
zoomed 16 70 25 minecraft:jungle
zoomed 17 70 25 minecraft:jungle
zoomed 18 70 25 minecraft:jungle
zoomed 19 70 25 minecraft:jungle
zoomed 20 70 25 minecraft:jungle
zoomed 21 70 25 minecraft:jungle
zoomed 22 70 25 minecraft:jungle
zoomed 23 70 25 minecraft:jungle
zoomed 24 70 25 minecraft:jungle
zoomed 25 70 25 minecraft:jungle
zoomed 26 70 25 minecraft:jungle
zoomed 27 70 25 minecraft:jungle
zoomed 28 70 25 minecraft:jungle
zoomed 29 70 25 minecraft:jungle
zoomed 30 70 25 minecraft:jungle
zoomed 31 70 25 minecraft:jungle
zoomed 16 70 26 minecraft:jungle
zoomed 17 70 26 minecraft:jungle
zoomed 18 70 26 minecraft:jungle
zoomed 19 70 26 minecraft:jungle
zoomed 20 70 26 minecraft:jungle
zoomed 21 70 26 minecraft:jungle
zoomed 22 70 26 minecraft:jungle
zoomed 23 70 26 minecraft:jungle
zoomed 24 70 26 minecraft:jungle
zoomed 25 70 26 minecraft:jungle
zoomed 26 70 26 minecraft:jungle
zoomed 27 70 26 minecraft:jungle
zoomed 28 70 26 minecraft:jungle
zoomed 29 70 26 minecraft:jungle
zoomed 30 70 26 minecraft:jungle
zoomed 31 70 26 minecraft:jungle
zoomed 16 70 27 minecraft:jungle
zoomed 17 70 27 minecraft:jungle
zoomed 18 70 27 minecraft:jungle
zoomed 19 70 27 minecraft:jungle
zoomed 20 70 27 minecraft:jungle
zoomed 21 70 27 minecraft:jungle
zoomed 22 70 27 minecraft:jungle
zoomed 23 70 27 minecraft:jungle
zoomed 24 70 27 minecraft:jungle
zoomed 25 70 27 minecraft:jungle
zoomed 26 70 27 minecraft:jungle
zoomed 27 70 27 minecraft:jungle
zoomed 28 70 27 minecraft:jungle
zoomed 29 70 27 minecraft:jungle
zoomed 30 70 27 minecraft:jungle
zoomed 31 70 27 minecraft:jungle
zoomed 16 70 28 minecraft:jungle
zoomed 17 70 28 minecraft:jungle
zoomed 18 70 28 minecraft:jungle
zoomed 19 70 28 minecraft:jungle
zoomed 20 70 28 minecraft:jungle
zoomed 21 70 28 minecraft:jungle
zoomed 22 70 28 minecraft:jungle
zoomed 23 70 28 minecraft:jungle
zoomed 24 70 28 minecraft:jungle
zoomed 25 70 28 minecraft:jungle
zoomed 26 70 28 minecraft:jungle
zoomed 27 70 28 minecraft:jungle
zoomed 28 70 28 minecraft:jungle
zoomed 29 70 28 minecraft:jungle
zoomed 30 70 28 minecraft:jungle
zoomed 31 70 28 minecraft:jungle
zoomed 16 70 29 minecraft:jungle
zoomed 17 70 29 minecraft:jungle
zoomed 18 70 29 minecraft:jungle
zoomed 19 70 29 minecraft:jungle
zoomed 20 70 29 minecraft:jungle
zoomed 21 70 29 minecraft:jungle
zoomed 22 70 29 minecraft:jungle
zoomed 23 70 29 minecraft:jungle
zoomed 24 70 29 minecraft:jungle
zoomed 25 70 29 minecraft:jungle
zoomed 26 70 29 minecraft:jungle
zoomed 27 70 29 minecraft:jungle
zoomed 28 70 29 minecraft:jungle
zoomed 29 70 29 minecraft:jungle
zoomed 30 70 29 minecraft:jungle
zoomed 31 70 29 minecraft:jungle
zoomed 16 70 30 minecraft:jungle
zoomed 17 70 30 minecraft:jungle
zoomed 18 70 30 minecraft:jungle
zoomed 19 70 30 minecraft:jungle
zoomed 20 70 30 minecraft:jungle
zoomed 21 70 30 minecraft:jungle
zoomed 22 70 30 minecraft:jungle
zoomed 23 70 30 minecraft:jungle
zoomed 24 70 30 minecraft:jungle
zoomed 25 70 30 minecraft:jungle
zoomed 26 70 30 minecraft:jungle
zoomed 27 70 30 minecraft:jungle
zoomed 28 70 30 minecraft:jungle
zoomed 29 70 30 minecraft:jungle
zoomed 30 70 30 minecraft:jungle
zoomed 31 70 30 minecraft:jungle
zoomed 16 70 31 minecraft:jungle
zoomed 17 70 31 minecraft:jungle
zoomed 18 70 31 minecraft:jungle
zoomed 19 70 31 minecraft:jungle
zoomed 20 70 31 minecraft:jungle
zoomed 21 70 31 minecraft:jungle
zoomed 22 70 31 minecraft:jungle
zoomed 23 70 31 minecraft:jungle
zoomed 24 70 31 minecraft:jungle
zoomed 25 70 31 minecraft:jungle
zoomed 26 70 31 minecraft:jungle
zoomed 27 70 31 minecraft:jungle
zoomed 28 70 31 minecraft:jungle
zoomed 29 70 31 minecraft:jungle
zoomed 30 70 31 minecraft:jungle
zoomed 31 70 31 minecraft:jungle
zoomed 16 90 16 minecraft:jungle
zoomed 17 90 16 minecraft:jungle
zoomed 18 90 16 minecraft:jungle
zoomed 19 90 16 minecraft:jungle
zoomed 20 90 16 minecraft:jungle
zoomed 21 90 16 minecraft:jungle
zoomed 22 90 16 minecraft:jungle
zoomed 23 90 16 minecraft:jungle
zoomed 24 90 16 minecraft:jungle
zoomed 25 90 16 minecraft:jungle
zoomed 26 90 16 minecraft:jungle
zoomed 27 90 16 minecraft:jungle
zoomed 28 90 16 minecraft:jungle
zoomed 29 90 16 minecraft:jungle
zoomed 30 90 16 minecraft:jungle
zoomed 31 90 16 minecraft:jungle
zoomed 16 90 17 minecraft:jungle
zoomed 17 90 17 minecraft:jungle
zoomed 18 90 17 minecraft:jungle
zoomed 19 90 17 minecraft:jungle
zoomed 20 90 17 minecraft:jungle
zoomed 21 90 17 minecraft:jungle
zoomed 22 90 17 minecraft:jungle
zoomed 23 90 17 minecraft:jungle
zoomed 24 90 17 minecraft:jungle
zoomed 25 90 17 minecraft:jungle
zoomed 26 90 17 minecraft:jungle
zoomed 27 90 17 minecraft:jungle
zoomed 28 90 17 minecraft:jungle
zoomed 29 90 17 minecraft:jungle
zoomed 30 90 17 minecraft:jungle
zoomed 31 90 17 minecraft:jungle
zoomed 16 90 18 minecraft:jungle
zoomed 17 90 18 minecraft:jungle
zoomed 18 90 18 minecraft:jungle
zoomed 19 90 18 minecraft:jungle
zoomed 20 90 18 minecraft:jungle
zoomed 21 90 18 minecraft:jungle
zoomed 22 90 18 minecraft:jungle
zoomed 23 90 18 minecraft:jungle
zoomed 24 90 18 minecraft:jungle
zoomed 25 90 18 minecraft:jungle
zoomed 26 90 18 minecraft:jungle
zoomed 27 90 18 minecraft:jungle
zoomed 28 90 18 minecraft:jungle
zoomed 29 90 18 minecraft:jungle
zoomed 30 90 18 minecraft:jungle
zoomed 31 90 18 minecraft:jungle
zoomed 16 90 19 minecraft:jungle
zoomed 17 90 19 minecraft:jungle
zoomed 18 90 19 minecraft:jungle
zoomed 19 90 19 minecraft:jungle
zoomed 20 90 19 minecraft:jungle
zoomed 21 90 19 minecraft:jungle
zoomed 22 90 19 minecraft:jungle
zoomed 23 90 19 minecraft:jungle
zoomed 24 90 19 minecraft:jungle
zoomed 25 90 19 minecraft:jungle
zoomed 26 90 19 minecraft:jungle
zoomed 27 90 19 minecraft:jungle
zoomed 28 90 19 minecraft:jungle
zoomed 29 90 19 minecraft:jungle
zoomed 30 90 19 minecraft:jungle
zoomed 31 90 19 minecraft:jungle
zoomed 16 90 20 minecraft:jungle
zoomed 17 90 20 minecraft:jungle
zoomed 18 90 20 minecraft:jungle
zoomed 19 90 20 minecraft:jungle
zoomed 20 90 20 minecraft:jungle
zoomed 21 90 20 minecraft:jungle
zoomed 22 90 20 minecraft:jungle
zoomed 23 90 20 minecraft:jungle
zoomed 24 90 20 minecraft:jungle
zoomed 25 90 20 minecraft:jungle
zoomed 26 90 20 minecraft:jungle
zoomed 27 90 20 minecraft:jungle
zoomed 28 90 20 minecraft:jungle
zoomed 29 90 20 minecraft:jungle
zoomed 30 90 20 minecraft:jungle
zoomed 31 90 20 minecraft:jungle
zoomed 16 90 21 minecraft:jungle
zoomed 17 90 21 minecraft:jungle
zoomed 18 90 21 minecraft:jungle
zoomed 19 90 21 minecraft:jungle
zoomed 20 90 21 minecraft:jungle
zoomed 21 90 21 minecraft:jungle
zoomed 22 90 21 minecraft:jungle
zoomed 23 90 21 minecraft:jungle
zoomed 24 90 21 minecraft:jungle
zoomed 25 90 21 minecraft:jungle
zoomed 26 90 21 minecraft:jungle
zoomed 27 90 21 minecraft:jungle
zoomed 28 90 21 minecraft:jungle
zoomed 29 90 21 minecraft:jungle
zoomed 30 90 21 minecraft:jungle
zoomed 31 90 21 minecraft:jungle
zoomed 16 90 22 minecraft:jungle
zoomed 17 90 22 minecraft:jungle
zoomed 18 90 22 minecraft:jungle
zoomed 19 90 22 minecraft:jungle
zoomed 20 90 22 minecraft:jungle
zoomed 21 90 22 minecraft:jungle
zoomed 22 90 22 minecraft:jungle
zoomed 23 90 22 minecraft:jungle
zoomed 24 90 22 minecraft:jungle
zoomed 25 90 22 minecraft:jungle
zoomed 26 90 22 minecraft:jungle
zoomed 27 90 22 minecraft:jungle
zoomed 28 90 22 minecraft:jungle
zoomed 29 90 22 minecraft:jungle
zoomed 30 90 22 minecraft:jungle
zoomed 31 90 22 minecraft:jungle
zoomed 16 90 23 minecraft:jungle
zoomed 17 90 23 minecraft:jungle
zoomed 18 90 23 minecraft:jungle
zoomed 19 90 23 minecraft:jungle
zoomed 20 90 23 minecraft:jungle
zoomed 21 90 23 minecraft:jungle
zoomed 22 90 23 minecraft:jungle
zoomed 23 90 23 minecraft:jungle
zoomed 24 90 23 minecraft:jungle
zoomed 25 90 23 minecraft:jungle
zoomed 26 90 23 minecraft:jungle
zoomed 27 90 23 minecraft:jungle
zoomed 28 90 23 minecraft:jungle
zoomed 29 90 23 minecraft:jungle
zoomed 30 90 23 minecraft:jungle
zoomed 31 90 23 minecraft:jungle
zoomed 16 90 24 minecraft:jungle
zoomed 17 90 24 minecraft:jungle
zoomed 18 90 24 minecraft:jungle
zoomed 19 90 24 minecraft:jungle
zoomed 20 90 24 minecraft:jungle
zoomed 21 90 24 minecraft:jungle
zoomed 22 90 24 minecraft:jungle
zoomed 23 90 24 minecraft:jungle
zoomed 24 90 24 minecraft:jungle
zoomed 25 90 24 minecraft:jungle
zoomed 26 90 24 minecraft:jungle
zoomed 27 90 24 minecraft:jungle
zoomed 28 90 24 minecraft:jungle
zoomed 29 90 24 minecraft:jungle
zoomed 30 90 24 minecraft:jungle
zoomed 31 90 24 minecraft:jungle
zoomed 16 90 25 minecraft:jungle
zoomed 17 90 25 minecraft:jungle
zoomed 18 90 25 minecraft:jungle
zoomed 19 90 25 minecraft:jungle
zoomed 20 90 25 minecraft:jungle
zoomed 21 90 25 minecraft:jungle
zoomed 22 90 25 minecraft:jungle
zoomed 23 90 25 minecraft:jungle
zoomed 24 90 25 minecraft:jungle
zoomed 25 90 25 minecraft:jungle
zoomed 26 90 25 minecraft:jungle
zoomed 27 90 25 minecraft:jungle
zoomed 28 90 25 minecraft:jungle
zoomed 29 90 25 minecraft:jungle
zoomed 30 90 25 minecraft:jungle
zoomed 31 90 25 minecraft:jungle
zoomed 16 90 26 minecraft:jungle
zoomed 17 90 26 minecraft:jungle
zoomed 18 90 26 minecraft:jungle
zoomed 19 90 26 minecraft:jungle
zoomed 20 90 26 minecraft:jungle
zoomed 21 90 26 minecraft:jungle
zoomed 22 90 26 minecraft:jungle
zoomed 23 90 26 minecraft:jungle
zoomed 24 90 26 minecraft:jungle
zoomed 25 90 26 minecraft:jungle
zoomed 26 90 26 minecraft:jungle
zoomed 27 90 26 minecraft:jungle
zoomed 28 90 26 minecraft:jungle
zoomed 29 90 26 minecraft:jungle
zoomed 30 90 26 minecraft:jungle
zoomed 31 90 26 minecraft:jungle
zoomed 16 90 27 minecraft:jungle
zoomed 17 90 27 minecraft:jungle
zoomed 18 90 27 minecraft:jungle
zoomed 19 90 27 minecraft:jungle
zoomed 20 90 27 minecraft:jungle
zoomed 21 90 27 minecraft:jungle
zoomed 22 90 27 minecraft:jungle
zoomed 23 90 27 minecraft:jungle
zoomed 24 90 27 minecraft:jungle
zoomed 25 90 27 minecraft:jungle
zoomed 26 90 27 minecraft:jungle
zoomed 27 90 27 minecraft:jungle
zoomed 28 90 27 minecraft:jungle
zoomed 29 90 27 minecraft:jungle
zoomed 30 90 27 minecraft:jungle
zoomed 31 90 27 minecraft:jungle
zoomed 16 90 28 minecraft:jungle
zoomed 17 90 28 minecraft:jungle
zoomed 18 90 28 minecraft:jungle
zoomed 19 90 28 minecraft:jungle
zoomed 20 90 28 minecraft:jungle
zoomed 21 90 28 minecraft:jungle
zoomed 22 90 28 minecraft:jungle
zoomed 23 90 28 minecraft:jungle
zoomed 24 90 28 minecraft:jungle
zoomed 25 90 28 minecraft:jungle
zoomed 26 90 28 minecraft:jungle
zoomed 27 90 28 minecraft:jungle
zoomed 28 90 28 minecraft:jungle
zoomed 29 90 28 minecraft:jungle
zoomed 30 90 28 minecraft:jungle
zoomed 31 90 28 minecraft:jungle
zoomed 16 90 29 minecraft:jungle
zoomed 17 90 29 minecraft:jungle
zoomed 18 90 29 minecraft:jungle
zoomed 19 90 29 minecraft:jungle
zoomed 20 90 29 minecraft:jungle
zoomed 21 90 29 minecraft:jungle
zoomed 22 90 29 minecraft:jungle
zoomed 23 90 29 minecraft:jungle
zoomed 24 90 29 minecraft:jungle
zoomed 25 90 29 minecraft:jungle
zoomed 26 90 29 minecraft:jungle
zoomed 27 90 29 minecraft:jungle
zoomed 28 90 29 minecraft:jungle
zoomed 29 90 29 minecraft:jungle
zoomed 30 90 29 minecraft:jungle
zoomed 31 90 29 minecraft:jungle
zoomed 16 90 30 minecraft:jungle
zoomed 17 90 30 minecraft:jungle
zoomed 18 90 30 minecraft:jungle
zoomed 19 90 30 minecraft:jungle
zoomed 20 90 30 minecraft:jungle
zoomed 21 90 30 minecraft:jungle
zoomed 22 90 30 minecraft:jungle
zoomed 23 90 30 minecraft:jungle
zoomed 24 90 30 minecraft:jungle
zoomed 25 90 30 minecraft:jungle
zoomed 26 90 30 minecraft:jungle
zoomed 27 90 30 minecraft:jungle
zoomed 28 90 30 minecraft:jungle
zoomed 29 90 30 minecraft:jungle
zoomed 30 90 30 minecraft:jungle
zoomed 31 90 30 minecraft:jungle
zoomed 16 90 31 minecraft:jungle
zoomed 17 90 31 minecraft:jungle
zoomed 18 90 31 minecraft:jungle
zoomed 19 90 31 minecraft:jungle
zoomed 20 90 31 minecraft:jungle
zoomed 21 90 31 minecraft:jungle
zoomed 22 90 31 minecraft:jungle
zoomed 23 90 31 minecraft:jungle
zoomed 24 90 31 minecraft:jungle
zoomed 25 90 31 minecraft:jungle
zoomed 26 90 31 minecraft:jungle
zoomed 27 90 31 minecraft:jungle
zoomed 28 90 31 minecraft:jungle
zoomed 29 90 31 minecraft:jungle
zoomed 30 90 31 minecraft:jungle
zoomed 31 90 31 minecraft:jungle
zoomed 16 110 16 minecraft:jungle
zoomed 17 110 16 minecraft:jungle
zoomed 18 110 16 minecraft:jungle
zoomed 19 110 16 minecraft:jungle
zoomed 20 110 16 minecraft:jungle
zoomed 21 110 16 minecraft:jungle
zoomed 22 110 16 minecraft:jungle
zoomed 23 110 16 minecraft:jungle
zoomed 24 110 16 minecraft:jungle
zoomed 25 110 16 minecraft:jungle
zoomed 26 110 16 minecraft:jungle
zoomed 27 110 16 minecraft:jungle
zoomed 28 110 16 minecraft:jungle
zoomed 29 110 16 minecraft:jungle
zoomed 30 110 16 minecraft:jungle
zoomed 31 110 16 minecraft:jungle
zoomed 16 110 17 minecraft:jungle
zoomed 17 110 17 minecraft:jungle
zoomed 18 110 17 minecraft:jungle
zoomed 19 110 17 minecraft:jungle
zoomed 20 110 17 minecraft:jungle
zoomed 21 110 17 minecraft:jungle
zoomed 22 110 17 minecraft:jungle
zoomed 23 110 17 minecraft:jungle
zoomed 24 110 17 minecraft:jungle
zoomed 25 110 17 minecraft:jungle
zoomed 26 110 17 minecraft:jungle
zoomed 27 110 17 minecraft:jungle
zoomed 28 110 17 minecraft:jungle
zoomed 29 110 17 minecraft:jungle
zoomed 30 110 17 minecraft:jungle
zoomed 31 110 17 minecraft:jungle
zoomed 16 110 18 minecraft:jungle
zoomed 17 110 18 minecraft:jungle
zoomed 18 110 18 minecraft:jungle
zoomed 19 110 18 minecraft:jungle
zoomed 20 110 18 minecraft:jungle
zoomed 21 110 18 minecraft:jungle
zoomed 22 110 18 minecraft:jungle
zoomed 23 110 18 minecraft:jungle
zoomed 24 110 18 minecraft:jungle
zoomed 25 110 18 minecraft:jungle
zoomed 26 110 18 minecraft:jungle
zoomed 27 110 18 minecraft:jungle
zoomed 28 110 18 minecraft:jungle
zoomed 29 110 18 minecraft:jungle
zoomed 30 110 18 minecraft:jungle
zoomed 31 110 18 minecraft:jungle
zoomed 16 110 19 minecraft:jungle
zoomed 17 110 19 minecraft:jungle
zoomed 18 110 19 minecraft:jungle
zoomed 19 110 19 minecraft:jungle
zoomed 20 110 19 minecraft:jungle
zoomed 21 110 19 minecraft:jungle
zoomed 22 110 19 minecraft:jungle
zoomed 23 110 19 minecraft:jungle
zoomed 24 110 19 minecraft:jungle
zoomed 25 110 19 minecraft:jungle
zoomed 26 110 19 minecraft:jungle
zoomed 27 110 19 minecraft:jungle
zoomed 28 110 19 minecraft:jungle
zoomed 29 110 19 minecraft:jungle
zoomed 30 110 19 minecraft:jungle
zoomed 31 110 19 minecraft:jungle
zoomed 16 110 20 minecraft:jungle
zoomed 17 110 20 minecraft:jungle
zoomed 18 110 20 minecraft:jungle
zoomed 19 110 20 minecraft:jungle
zoomed 20 110 20 minecraft:jungle
zoomed 21 110 20 minecraft:jungle
zoomed 22 110 20 minecraft:jungle
zoomed 23 110 20 minecraft:jungle
zoomed 24 110 20 minecraft:jungle
zoomed 25 110 20 minecraft:jungle
zoomed 26 110 20 minecraft:jungle
zoomed 27 110 20 minecraft:jungle
zoomed 28 110 20 minecraft:jungle
zoomed 29 110 20 minecraft:jungle
zoomed 30 110 20 minecraft:jungle
zoomed 31 110 20 minecraft:jungle
zoomed 16 110 21 minecraft:jungle
zoomed 17 110 21 minecraft:jungle
zoomed 18 110 21 minecraft:jungle
zoomed 19 110 21 minecraft:jungle
zoomed 20 110 21 minecraft:jungle
zoomed 21 110 21 minecraft:jungle
zoomed 22 110 21 minecraft:jungle
zoomed 23 110 21 minecraft:jungle
zoomed 24 110 21 minecraft:jungle
zoomed 25 110 21 minecraft:jungle
zoomed 26 110 21 minecraft:jungle
zoomed 27 110 21 minecraft:jungle
zoomed 28 110 21 minecraft:jungle
zoomed 29 110 21 minecraft:jungle
zoomed 30 110 21 minecraft:jungle
zoomed 31 110 21 minecraft:jungle
zoomed 16 110 22 minecraft:jungle
zoomed 17 110 22 minecraft:jungle
zoomed 18 110 22 minecraft:jungle
zoomed 19 110 22 minecraft:jungle
zoomed 20 110 22 minecraft:jungle
zoomed 21 110 22 minecraft:jungle
zoomed 22 110 22 minecraft:jungle
zoomed 23 110 22 minecraft:jungle
zoomed 24 110 22 minecraft:jungle
zoomed 25 110 22 minecraft:jungle
zoomed 26 110 22 minecraft:jungle
zoomed 27 110 22 minecraft:jungle
zoomed 28 110 22 minecraft:jungle
zoomed 29 110 22 minecraft:jungle
zoomed 30 110 22 minecraft:jungle
zoomed 31 110 22 minecraft:jungle
zoomed 16 110 23 minecraft:jungle
zoomed 17 110 23 minecraft:jungle
zoomed 18 110 23 minecraft:jungle
zoomed 19 110 23 minecraft:jungle
zoomed 20 110 23 minecraft:jungle
zoomed 21 110 23 minecraft:jungle
zoomed 22 110 23 minecraft:jungle
zoomed 23 110 23 minecraft:jungle
zoomed 24 110 23 minecraft:jungle
zoomed 25 110 23 minecraft:jungle
zoomed 26 110 23 minecraft:jungle
zoomed 27 110 23 minecraft:jungle
zoomed 28 110 23 minecraft:jungle
zoomed 29 110 23 minecraft:jungle
zoomed 30 110 23 minecraft:jungle
zoomed 31 110 23 minecraft:jungle
zoomed 16 110 24 minecraft:jungle
zoomed 17 110 24 minecraft:jungle
zoomed 18 110 24 minecraft:jungle
zoomed 19 110 24 minecraft:jungle
zoomed 20 110 24 minecraft:jungle
zoomed 21 110 24 minecraft:jungle
zoomed 22 110 24 minecraft:jungle
zoomed 23 110 24 minecraft:jungle
zoomed 24 110 24 minecraft:jungle
zoomed 25 110 24 minecraft:jungle
zoomed 26 110 24 minecraft:jungle
zoomed 27 110 24 minecraft:jungle
zoomed 28 110 24 minecraft:jungle
zoomed 29 110 24 minecraft:jungle
zoomed 30 110 24 minecraft:jungle
zoomed 31 110 24 minecraft:jungle
zoomed 16 110 25 minecraft:jungle
zoomed 17 110 25 minecraft:jungle
zoomed 18 110 25 minecraft:jungle
zoomed 19 110 25 minecraft:jungle
zoomed 20 110 25 minecraft:jungle
zoomed 21 110 25 minecraft:jungle
zoomed 22 110 25 minecraft:jungle
zoomed 23 110 25 minecraft:jungle
zoomed 24 110 25 minecraft:jungle
zoomed 25 110 25 minecraft:jungle
zoomed 26 110 25 minecraft:jungle
zoomed 27 110 25 minecraft:jungle
zoomed 28 110 25 minecraft:jungle
zoomed 29 110 25 minecraft:jungle
zoomed 30 110 25 minecraft:jungle
zoomed 31 110 25 minecraft:jungle
zoomed 16 110 26 minecraft:jungle
zoomed 17 110 26 minecraft:jungle
zoomed 18 110 26 minecraft:jungle
zoomed 19 110 26 minecraft:jungle
zoomed 20 110 26 minecraft:jungle
zoomed 21 110 26 minecraft:jungle
zoomed 22 110 26 minecraft:jungle
zoomed 23 110 26 minecraft:jungle
zoomed 24 110 26 minecraft:jungle
zoomed 25 110 26 minecraft:jungle
zoomed 26 110 26 minecraft:jungle
zoomed 27 110 26 minecraft:jungle
zoomed 28 110 26 minecraft:jungle
zoomed 29 110 26 minecraft:jungle
zoomed 30 110 26 minecraft:jungle
zoomed 31 110 26 minecraft:jungle
zoomed 16 110 27 minecraft:jungle
zoomed 17 110 27 minecraft:jungle
zoomed 18 110 27 minecraft:jungle
zoomed 19 110 27 minecraft:jungle
zoomed 20 110 27 minecraft:jungle
zoomed 21 110 27 minecraft:jungle
zoomed 22 110 27 minecraft:jungle
zoomed 23 110 27 minecraft:jungle
zoomed 24 110 27 minecraft:jungle
zoomed 25 110 27 minecraft:jungle
zoomed 26 110 27 minecraft:jungle
zoomed 27 110 27 minecraft:jungle
zoomed 28 110 27 minecraft:jungle
zoomed 29 110 27 minecraft:jungle
zoomed 30 110 27 minecraft:jungle
zoomed 31 110 27 minecraft:jungle
zoomed 16 110 28 minecraft:jungle
zoomed 17 110 28 minecraft:jungle
zoomed 18 110 28 minecraft:jungle
zoomed 19 110 28 minecraft:jungle
zoomed 20 110 28 minecraft:jungle
zoomed 21 110 28 minecraft:jungle
zoomed 22 110 28 minecraft:jungle
zoomed 23 110 28 minecraft:jungle
zoomed 24 110 28 minecraft:jungle
zoomed 25 110 28 minecraft:jungle
zoomed 26 110 28 minecraft:jungle
zoomed 27 110 28 minecraft:jungle
zoomed 28 110 28 minecraft:jungle
zoomed 29 110 28 minecraft:jungle
zoomed 30 110 28 minecraft:jungle
zoomed 31 110 28 minecraft:jungle
zoomed 16 110 29 minecraft:jungle
zoomed 17 110 29 minecraft:jungle
zoomed 18 110 29 minecraft:jungle
zoomed 19 110 29 minecraft:jungle
zoomed 20 110 29 minecraft:jungle
zoomed 21 110 29 minecraft:jungle
zoomed 22 110 29 minecraft:jungle
zoomed 23 110 29 minecraft:jungle
zoomed 24 110 29 minecraft:jungle
zoomed 25 110 29 minecraft:jungle
zoomed 26 110 29 minecraft:jungle
zoomed 27 110 29 minecraft:jungle
zoomed 28 110 29 minecraft:jungle
zoomed 29 110 29 minecraft:jungle
zoomed 30 110 29 minecraft:jungle
zoomed 31 110 29 minecraft:jungle
zoomed 16 110 30 minecraft:jungle
zoomed 17 110 30 minecraft:jungle
zoomed 18 110 30 minecraft:jungle
zoomed 19 110 30 minecraft:jungle
zoomed 20 110 30 minecraft:jungle
zoomed 21 110 30 minecraft:jungle
zoomed 22 110 30 minecraft:jungle
zoomed 23 110 30 minecraft:jungle
zoomed 24 110 30 minecraft:jungle
zoomed 25 110 30 minecraft:jungle
zoomed 26 110 30 minecraft:jungle
zoomed 27 110 30 minecraft:jungle
zoomed 28 110 30 minecraft:jungle
zoomed 29 110 30 minecraft:jungle
zoomed 30 110 30 minecraft:jungle
zoomed 31 110 30 minecraft:jungle
zoomed 16 110 31 minecraft:jungle
zoomed 17 110 31 minecraft:jungle
zoomed 18 110 31 minecraft:jungle
zoomed 19 110 31 minecraft:jungle
zoomed 20 110 31 minecraft:jungle
zoomed 21 110 31 minecraft:jungle
zoomed 22 110 31 minecraft:jungle
zoomed 23 110 31 minecraft:jungle
zoomed 24 110 31 minecraft:jungle
zoomed 25 110 31 minecraft:jungle
zoomed 26 110 31 minecraft:jungle
zoomed 27 110 31 minecraft:jungle
zoomed 28 110 31 minecraft:jungle
zoomed 29 110 31 minecraft:jungle
zoomed 30 110 31 minecraft:jungle
zoomed 31 110 31 minecraft:jungle
section surface_depth x -16 31 z -16 31
surface_depth -16 -16 2 0.10757996560625584 bits=0x3fbb8a5c51fbd209
surface_depth -15 -16 2 0.12078927990836091 bits=0x3fbeec0bd6e9eecc
surface_depth -14 -16 2 0.13120959262684978 bits=0x3fc0cb79d6a07c9a
surface_depth -13 -16 2 0.13985877896570445 bits=0x3fc1e6e478dbac39
surface_depth -12 -16 2 0.15093286579738613 bits=0x3fc351c4a53ee3ea
surface_depth -11 -16 2 0.16634637927697943 bits=0x3fc54ad69166bcde
surface_depth -10 -16 2 0.18580059799826620 bits=0x3fc7c85061fd69f8
surface_depth -9 -16 2 0.20733417808345870 bits=0x3fca89ed251b1245
surface_depth -8 -16 2 0.22820313173359300 bits=0x3fcd35c29dd1fded
surface_depth -7 -16 2 0.24483857037476536 bits=0x3fcf56deca478db2
surface_depth -6 -16 2 0.25809547608365524 bits=0x3fd084a2e3419722
surface_depth -5 -16 2 0.27222549131253726 bits=0x3fd16c247794cad4
surface_depth -4 -16 2 0.28956047730535190 bits=0x3fd28828ab0f6697
surface_depth -3 -16 2 0.31098300694161307 bits=0x3fd3e725451b4314
surface_depth -2 -16 2 0.33701639912449200 bits=0x3fd591ad3b1d24e2
surface_depth -1 -16 2 0.36661054807492965 bits=0x3fd7768c16966dea
surface_depth 0 -16 2 0.39857269776424460 bits=0x3fd982370f7e7585
surface_depth 1 -16 2 0.43058542316165316 bits=0x3fdb8eb629a74592
surface_depth 2 -16 2 0.45667234804924994 bits=0x3fdd3a1ea7f6face
surface_depth 3 -16 2 0.47250187583554180 bits=0x3fde3d788200c99a
surface_depth 4 -16 3 0.47333506812545006 bits=0x3fde4b1f2b6984f5
surface_depth 5 -16 2 0.45643124453906820 bits=0x3fdd362b650abe7d
surface_depth 6 -16 2 0.42736005066517857 bits=0x3fdb59ddf84e537a
surface_depth 7 -16 3 0.39442032360534307 bits=0x3fd93e2ebdb0cfd6
surface_depth 8 -16 3 0.36296206295697553 bits=0x3fd73ac53b85b096
surface_depth 9 -16 3 0.33827974824102650 bits=0x3fd5a66019e60961
surface_depth 10 -16 3 0.32275143544257350 bits=0x3fd4a7f5a2fda04b
surface_depth 11 -16 3 0.31217920351473727 bits=0x3fd3fabe7b659374
surface_depth 12 -16 3 0.30014215703961733 bits=0x3fd335877328b516
surface_depth 13 -16 3 0.28434279456117056 bits=0x3fd232ac1edf9515
surface_depth 14 -16 3 0.26435740182534334 bits=0x3fd0eb3b4ed2e783
surface_depth 15 -16 3 0.24178379815021037 bits=0x3fcef2c580e10035
surface_depth 16 -16 3 0.22162121196880390 bits=0x3fcc5e1578c0c138
surface_depth 17 -16 3 0.20968113810032920 bits=0x3fcad6d4df5d4f01
surface_depth 18 -16 3 0.20607637401173157 bits=0x3fca60b5eb6de84a
surface_depth 19 -16 3 0.20573419582692393 bits=0x3fca557f855f6c7a
surface_depth 20 -16 2 0.19975865879998340 bits=0x3fc991b11551c29a
surface_depth 21 -16 2 0.18119948348413017 bits=0x3fc7318b6fcee738
surface_depth 22 -16 2 0.14910767863804240 bits=0x3fc315f5ddaa9b7b
surface_depth 23 -16 2 0.10849798704654591 bits=0x3fbbc6862a0bf791
surface_depth 24 -16 2 0.065035786909032570 bits=0x3fb0a62f71d80b21
surface_depth 25 -16 2 0.023545726773998847 bits=0x3f981c5ef9d1cb2e
surface_depth 26 -16 2 -0.010507148171889552 bits=0xbf8584c58e2e1030
surface_depth 27 -16 2 -0.036940675712903730 bits=0xbfa2e9e364287af2
surface_depth 28 -16 2 -0.055705873801043006 bits=0xbfac857af45756a5
surface_depth 29 -16 2 -0.064124350209586120 bits=0xbfb06a7413070534
surface_depth 30 -16 2 -0.064596471860303100 bits=0xbfb08964f613b55c
surface_depth 31 -16 2 -0.061791980963099160 bits=0xbfafa332d2c87b45
surface_depth -16 -15 2 0.070116170343614420 bits=0x3fb1f322228bed42
surface_depth -15 -15 2 0.082901838540980610 bits=0x3fb5390e0d4fd115
surface_depth -14 -15 2 0.093377738790200570 bits=0x3fb7e79a7e47416d
surface_depth -13 -15 2 0.10353624050882293 bits=0x3fba8159deefa9d0
surface_depth -12 -15 2 0.11820244028122776 bits=0x3fbe4283df50b54a
surface_depth -11 -15 2 0.13868912856225188 bits=0x3fc1c090bbbe2883
surface_depth -10 -15 2 0.16320826949324913 bits=0x3fc4e40231f48362
surface_depth -9 -15 2 0.18854282912709253 bits=0x3fc8222be27f82c8
surface_depth -8 -15 2 0.21215757107132116 bits=0x3fcb27fab2acd0bc
surface_depth -7 -15 2 0.23028349732982614 bits=0x3fcd79edfceb889d
surface_depth -6 -15 2 0.24326953875382120 bits=0x3fcf2374cc87c3ed
surface_depth -5 -15 2 0.25595106587826190 bits=0x3fd061809454b3d6
surface_depth -4 -15 2 0.27022333150145870 bits=0x3fd14b56ccda8e3e
surface_depth -3 -15 2 0.28595781700027450 bits=0x3fd24d2204034f93
surface_depth -2 -15 2 0.30444584639764340 bits=0x3fd37c0a6e6b9428
surface_depth -1 -15 2 0.32626681545159175 bits=0x3fd4e18e35889e2c
surface_depth 0 -15 2 0.35154323394757103 bits=0x3fd67faf313bd550
surface_depth 1 -15 2 0.37830055918801203 bits=0x3fd836138c715875
surface_depth 2 -15 2 0.40161502331804360 bits=0x3fd9b40f7faeedf9
surface_depth 3 -15 2 0.41750073154933465 bits=0x3fdab854fd03deb4
surface_depth 4 -15 2 0.42191427139277893 bits=0x3fdb00a4b7563ff6
surface_depth 5 -15 2 0.41285799668595274 bits=0x3fda6c43f26a20a9
surface_depth 6 -15 3 0.39439400695489350 bits=0x3fd93dc05c6704bd
surface_depth 7 -15 3 0.37248205570757840 bits=0x3fd7d6bef9e718fa
surface_depth 8 -15 3 0.35096951521007835 bits=0x3fd67648d76e18c2
surface_depth 9 -15 3 0.33339997416746037 bits=0x3fd5566cd86255ce
surface_depth 10 -15 3 0.32063181971721355 bits=0x3fd4853b52ef837c
surface_depth 11 -15 3 0.30876204692259890 bits=0x3fd3c2c1e371d440
surface_depth 12 -15 3 0.29237155842979456 bits=0x3fd2b637326f2328
surface_depth 13 -15 3 0.27063372322402650 bits=0x3fd152101b9c483f
surface_depth 14 -15 3 0.24565997029975972 bits=0x3fcf71c9312fd8a8
surface_depth 15 -15 3 0.22036261341712420 bits=0x3fcc34d794f19e2a
surface_depth 16 -15 3 0.19818886004667685 bits=0x3fc95e40a82a7eea
surface_depth 17 -15 3 0.18396375145458643 bits=0x3fc78c1fcc12ce50
surface_depth 18 -15 2 0.17822660781122113 bits=0x3fc6d02125e9c158
surface_depth 19 -15 2 0.17656943633922506 bits=0x3fc699d3c9466a84
surface_depth 20 -15 2 0.17099387649197990 bits=0x3fc5e32099acb66a
surface_depth 21 -15 2 0.15487604054236540 bits=0x3fc3d2fa64881e75
surface_depth 22 -15 2 0.12634851456971270 bits=0x3fc02c3028fccfee
surface_depth 23 -15 2 0.089102671589852520 bits=0x3fb6cf6ec476f2f8
surface_depth 24 -15 2 0.048984667958505760 bits=0x3fa91484b5c63f41
surface_depth 25 -15 2 0.011229576322072438 bits=0x3f86ff883868eefd
surface_depth 26 -15 2 -0.020209892493834848 bits=0xbf94b1e6ed444c1a
surface_depth 27 -15 2 -0.046958066378746624 bits=0xbfa80ae33ec29e4a
surface_depth 28 -15 2 -0.070424866317946880 bits=0xbfb2075d31a92729
surface_depth 29 -15 2 -0.087391615922336300 bits=0xbfb65f4c0454be34
surface_depth 30 -15 2 -0.097774316194099540 bits=0xbfb907bcd271427c
surface_depth 31 -15 2 -0.10432602500742741 bits=0xbfbab51c418750f2
surface_depth -16 -14 2 0.039692640076142380 bits=0x3fa45297fe09b141
surface_depth -15 -14 2 0.052697579101597820 bits=0x3faafb2d55a3b466
surface_depth -14 -14 2 0.064664353289526040 bits=0x3fb08dd7d29872f9
surface_depth -13 -14 2 0.078143777288873450 bits=0x3fb4013b07d77458
surface_depth -12 -14 2 0.097661023325503080 bits=0x3fb900501546e4d0
surface_depth -11 -14 2 0.12314411249065384 bits=0x3fbf865f5fd7a131
surface_depth -10 -14 2 0.15121231749517160 bits=0x3fc35aecdb3272e0
surface_depth -9 -14 2 0.17790781940401837 bits=0x3fc6c5aef5057ed5
surface_depth -8 -14 2 0.20177179846044094 bits=0x3fc9d3a885d243e5
surface_depth -7 -14 2 0.21943611532685664 bits=0x3fcc167b8d71efe6
surface_depth -6 -14 2 0.23098193087795510 bits=0x3fcd90d0df8b3b62
surface_depth -5 -14 2 0.24150279226546480 bits=0x3fcee9904156200d
surface_depth -4 -14 2 0.25250143454499560 bits=0x3fd028fbc6e415f7
surface_depth -3 -14 2 0.26334908285027960 bits=0x3fd0dab61c9181c4
surface_depth -2 -14 2 0.27592226898656550 bits=0x3fd1a8b5e0624439
surface_depth -1 -14 2 0.29182371124431855 bits=0x3fd2ad3d5bff77f1
surface_depth 0 -14 2 0.31172245947903154 bits=0x3fd3f342c2390834
surface_depth 1 -14 2 0.33332824493341670 bits=0x3fd5553ffdb49d53
surface_depth 2 -14 2 0.35255128894366620 bits=0x3fd69033480b3e8d
surface_depth 3 -14 2 0.36614842790231450 bits=0x3fd76ef9d0d49fd2
surface_depth 4 -14 2 0.37129500378818214 bits=0x3fd7c34c1e9c0f60
surface_depth 5 -14 3 0.36721503614889440 bits=0x3fd780737eb6f930
surface_depth 6 -14 2 0.35706099915426640 bits=0x3fd6da166082dbad
surface_depth 7 -14 3 0.34469772742970506 bits=0x3fd60f870e943b12
surface_depth 8 -14 3 0.33210397031831110 bits=0x3fd5413102d8e3c1
surface_depth 9 -14 3 0.32099975809526815 bits=0x3fd48b4291c2c1f4
surface_depth 10 -14 3 0.31080460548641510 bits=0x3fd3e4390000a954
surface_depth 11 -14 3 0.29795120387539590 bits=0x3fd311a1ed1cb6bf
surface_depth 12 -14 3 0.27815256383575476 bits=0x3fd1cd40693e4795
surface_depth 13 -14 3 0.25178081601916960 bits=0x3fd01d2d48a4006e
surface_depth 14 -14 2 0.22281242868740380 bits=0x3fcc851e1f2d67d8
surface_depth 15 -14 3 0.19504294523549470 bits=0x3fc8f72acf8d0d50
surface_depth 16 -14 3 0.17049178417548100 bits=0x3fc5d2acbea29bda
surface_depth 17 -14 2 0.15310088140308936 bits=0x3fc398cf474eb9be
surface_depth 18 -14 2 0.14398397722453177 bits=0x3fc26e1124a9e75a
surface_depth 19 -14 2 0.13953672099363668 bits=0x3fc1dc56daa11e98
surface_depth 20 -14 2 0.13287065866916156 bits=0x3fc101e7deca7fe3
surface_depth 21 -14 2 0.11830238612813593 bits=0x3fbe4910af758818
surface_depth 22 -14 2 0.093598306049423540 bits=0x3fb7f60eff717a58
surface_depth 23 -14 2 0.061156375705777090 bits=0x3faf4fe373324778
surface_depth 24 -14 2 0.026665222465463552 bits=0x3f9b4e20c9b80b42
surface_depth 25 -14 2 -0.0044463755666780585 bits=0xbf72365cda505895
surface_depth 26 -14 2 -0.030058293661970760 bits=0xbf9ec799f101c51d
surface_depth 27 -14 2 -0.053587606294119420 bits=0xbfab6fd5b1022222
surface_depth 28 -14 2 -0.078029760499326250 bits=0xbfb3f9c2257595ec
surface_depth 29 -14 2 -0.10060151588185637 bits=0xbfb9c1055ca3fe36
surface_depth 30 -14 2 -0.11942088602739066 bits=0xbfbe925dfff26db1
surface_depth 31 -14 2 -0.13500581786146984 bits=0xbfc147dee23e0c25
surface_depth -16 -13 2 0.019211764337610940 bits=0x3f93ac3fae1d2e9a
surface_depth -15 -13 2 0.033087021132757860 bits=0x3fa0f0c8335fe001
surface_depth -14 -13 2 0.046618999904410874 bits=0x3fa7de720fec6040
surface_depth -13 -13 2 0.062775060455783400 bits=0x3fb01206bfa979a8
surface_depth -12 -13 2 0.085773500247189080 bits=0x3fb5f5408a6cd4fe
surface_depth -11 -13 2 0.11443569307198179 bits=0x3fbd4ba8573d3fda
surface_depth -10 -13 2 0.14437733064422315 bits=0x3fc27af4d4b34ab2
surface_depth -9 -13 2 0.17136108247870255 bits=0x3fc5ef28f286cecd
surface_depth -8 -13 2 0.19488870779257278 bits=0x3fc8f21cf92a1622
surface_depth -7 -13 2 0.21191369646885940 bits=0x3fcb1ffcedf4409d
surface_depth -6 -13 2 0.22227715644843432 bits=0x3fcc7393eecc04f2
surface_depth -5 -13 2 0.23114092078788062 bits=0x3fcd960693c69024
surface_depth -4 -13 2 0.23957425123826182 bits=0x3fceaa5e7b04194c
surface_depth -3 -13 2 0.24639254245097578 bits=0x3fcf89ca73e711dd
surface_depth -2 -13 2 0.25374239976147783 bits=0x3fd03d50c32561fc
surface_depth -1 -13 2 0.26397766729588246 bits=0x3fd0e50295fa4074
surface_depth 0 -13 2 0.27827361929433450 bits=0x3fd1cf3c278d5bb0
surface_depth 1 -13 2 0.29398988393842024 bits=0x3fd2d0baf237b3d3
surface_depth 2 -13 2 0.30764466129981360 bits=0x3fd3b0733bc496ac
surface_depth 3 -13 2 0.31656629496077043 bits=0x3fd4429f46f7d561
surface_depth 4 -13 2 0.31919482571802180 bits=0x3fd46db02260b986
surface_depth 5 -13 3 0.31648857385855717 bits=0x3fd441594a91ee87
surface_depth 6 -13 3 0.31142896345858600 bits=0x3fd3ee73bf453c4f
surface_depth 7 -13 3 0.30615767439954433 bits=0x3fd398165bbdca16
surface_depth 8 -13 3 0.30039156651430976 bits=0x3fd3399d8c8b1534
surface_depth 9 -13 3 0.29412308780417457 bits=0x3fd2d2e9a4c78491
surface_depth 10 -13 3 0.28572826705431154 bits=0x3fd2495f36a2a01c
surface_depth 11 -13 3 0.27216438468851517 bits=0x3fd16b242ad7e175
surface_depth 12 -13 3 0.25019127895268980 bits=0x3fd0032248362866
surface_depth 13 -13 3 0.22085084092943990 bits=0x3fcc44d7218b0372
surface_depth 14 -13 2 0.18920635609817174 bits=0x3fc837e9f3d1887d
surface_depth 15 -13 2 0.15960873230616274 bits=0x3fc46e0f16b49b3e
surface_depth 16 -13 2 0.13325599885373200 bits=0x3fc10e8856894ab5
surface_depth 17 -13 2 0.11352491677938623 bits=0x3fbd0ff80cd93ce6
surface_depth 18 -13 2 0.10188036130668146 bits=0x3fba14d4d3eab762
surface_depth 19 -13 2 0.095226784923265060 bits=0x3fb860c856f2daae
surface_depth 20 -13 2 0.087629373262701200 bits=0x3fb66ee0ec551034
surface_depth 21 -13 2 0.074427371571751470 bits=0x3fb30dac16d3f216
surface_depth 22 -13 2 0.053318390414753840 bits=0x3fab4c8c4e36a501
surface_depth 23 -13 2 0.025688168545560940 bits=0x3f9a4dffcf3074b0
surface_depth 24 -13 2 -0.0029540222452656320 bits=0xbf6833089dec1cea
surface_depth 25 -13 2 -0.026887016711519080 bits=0xbf9b884525da1768
surface_depth 26 -13 2 -0.045396160418725270 bits=0xbfa73e2a60b98bcc
surface_depth 27 -13 2 -0.063294653248771300 bits=0xbfb0341411b712f3
surface_depth 28 -13 2 -0.085309576141022280 bits=0xbfb5d6d92f8fb22e
surface_depth 29 -13 2 -0.11009455089922589 bits=0xbfbc2f280f9479bd
surface_depth 30 -13 2 -0.13496908661953216 bits=0xbfc146aac2803daa
surface_depth 31 -13 2 -0.15822769478524934 bits=0xbfc440ce1b36496c
surface_depth -16 -12 2 0.010012111969380260 bits=0x3f84813aebc76e50
surface_depth -15 -12 2 0.025034777337334852 bits=0x3f99a2b777b4bb25
surface_depth -14 -12 2 0.039277418615539710 bits=0x3fa41c2b78d99f74
surface_depth -13 -12 2 0.056089479181768070 bits=0x3facb7c29d7881fc
surface_depth -12 -12 2 0.079531612157164500 bits=0x3fb45c2f093692ce
surface_depth -11 -12 2 0.10791296961811064 bits=0x3fbba02f3352f36c
surface_depth -10 -12 2 0.13691161040674550 bits=0x3fc18651d491e08c
surface_depth -9 -12 2 0.16273282959744045 bits=0x3fc4d46dea8da35a
surface_depth -8 -12 2 0.18554846861494678 bits=0x3fc7c00d5e431504
surface_depth -7 -12 2 0.20246472108763253 bits=0x3fc9ea5d2dd5236a
surface_depth -6 -12 2 0.21301476053095430 bits=0x3fcb44115305da2a
surface_depth -5 -12 2 0.22204380975341034 bits=0x3fcc6bee7a95c741
surface_depth -4 -12 2 0.23022544040444376 bits=0x3fcd7806f89f44aa
surface_depth -3 -12 2 0.23557866689080403 bits=0x3fce277116f7343a
surface_depth -2 -12 2 0.23964411291540316 bits=0x3fceaca885d34676
surface_depth -1 -12 2 0.24484624467714755 bits=0x3fcf571f2ab7e7d8
surface_depth 0 -12 2 0.25289695411921487 bits=0x3fd02f76b4cccd76
surface_depth 1 -12 2 0.26122201883930330 bits=0x3fd0b7dc8efa3bdc
surface_depth 2 -12 2 0.26717179162174630 bits=0x3fd11957b6db76d2
surface_depth 3 -12 2 0.26859426571328093 bits=0x3fd130a600c86d60
surface_depth 4 -12 2 0.26498979023087610 bits=0x3fd0f597bcb4315e
surface_depth 5 -12 2 0.25945201701490650 bits=0x3fd09adca1fd74e2
surface_depth 6 -12 3 0.25554799556541120 bits=0x3fd05ae5fae0c13c
surface_depth 7 -12 3 0.25417029333568303 bits=0x3fd044537a5f747f
surface_depth 8 -12 3 0.25250960337568660 bits=0x3fd0291e0a1b2b18
surface_depth 9 -12 3 0.24887333563742114 bits=0x3fcfdb14dab45f32
surface_depth 10 -12 3 0.24088686710206325 bits=0x3fced561801ea012
surface_depth 11 -12 3 0.22622531892812892 bits=0x3fccf4f3852967e8
surface_depth 12 -12 3 0.20290577076710226 bits=0x3fc9f8d0f8cea3e8
surface_depth 13 -12 3 0.17239589182103854 bits=0x3fc611118eab05cc
surface_depth 14 -12 2 0.14006356150519422 bits=0x3fc1ed9a5003570a
surface_depth 15 -12 2 0.11025858948272828 bits=0x3fbc39e82bee70b9
surface_depth 16 -12 2 0.083694184014194150 bits=0x3fb56cfb6734d4a8
surface_depth 17 -12 2 0.063315203278435180 bits=0x3fb0356cd76ba3fe
surface_depth 18 -12 2 0.050551454150619080 bits=0x3fa9e1e154af2e9a
surface_depth 19 -12 2 0.042621405713117770 bits=0x3fa5d2790f4b767d
surface_depth 20 -12 2 0.034511891827601636 bits=0x3fa1ab8aed71fdb3
surface_depth 21 -12 2 0.022638999862114102 bits=0x3f972ead90167472
surface_depth 22 -12 2 0.0050456404676524920 bits=0x3f74aabcccbc2d42
surface_depth 23 -12 2 -0.017433305031306360 bits=0xbf91da094be1f2e1
surface_depth 24 -12 2 -0.039600014548668750 bits=0xbfa44673fed0b85a
surface_depth 25 -12 2 -0.055817604932169154 bits=0xbfac942007730dd2
surface_depth 26 -12 2 -0.066525533713876100 bits=0xbfb107d13fa6693c
surface_depth 27 -12 2 -0.077279841937162360 bits=0xbfb3c89c99c299f4
surface_depth 28 -12 2 -0.094167069778144430 bits=0xbfb81b55450ea9ec
surface_depth 29 -12 2 -0.11811711570091749 bits=0xbfbe3cec5d08859c
surface_depth 30 -12 2 -0.14682372215959710 bits=0xbfc2cb1ea679ea36
surface_depth 31 -12 2 -0.17673534410105277 bits=0xbfc69f43857b0ccd
surface_depth -16 -11 2 0.0034023426916078383 bits=0x3f6bdf3ad2e33f95
surface_depth -15 -11 2 0.018994987937894560 bits=0x3f93736c0fecb840
surface_depth -14 -11 2 0.033281252495073420 bits=0x3fa10a3d86129081
surface_depth -13 -11 2 0.049807314534677670 bits=0x3fa98058260e596e
surface_depth -12 -11 2 0.072150525873907660 bits=0x3fb27874f50483be
surface_depth -11 -11 2 0.098236467958369180 bits=0x3fb926067127df12
surface_depth -10 -11 2 0.12443549159775631 bits=0x3fbfdb011edfc17d
surface_depth -9 -11 2 0.14796126918055405 bits=0x3fc2f065161a41c7
surface_depth -8 -11 2 0.16972858153890075 bits=0x3fc5b9aa8973f962
surface_depth -7 -11 2 0.18695382977381447 bits=0x3fc7ee1a645ec830
surface_depth -6 -11 2 0.19870894885919788 bits=0x3fc96f4b7a62ead4
surface_depth -5 -11 2 0.20921056784246045 bits=0x3fcac769716e33d6
surface_depth -4 -11 2 0.21922377618193600 bits=0x3fcc0f86529a8040
surface_depth -3 -11 2 0.22618445720642646 bits=0x3fccf39cbf4855a1
surface_depth -2 -11 2 0.23014929427014663 bits=0x3fcd7588360b3bb8
surface_depth -1 -11 2 0.23257544638200092 bits=0x3fcdc50840081a11
surface_depth 0 -11 2 0.23516827156551184 bits=0x3fce19fe71b721d6
surface_depth 1 -11 2 0.23549511497976520 bits=0x3fce24b4349a5955
surface_depth 2 -11 2 0.23214307481683943 bits=0x3fcdb6dd412a64fa
surface_depth 3 -11 2 0.22394224990736317 bits=0x3fccaa23bfc5bb7a
surface_depth 4 -11 2 0.21147223196989298 bits=0x3fcb1185a8295209
surface_depth 5 -11 2 0.20005340892860430 bits=0x3fc99b59a0669d1e
surface_depth 6 -11 2 0.19427103046369415 bits=0x3fc8dddf85336dba
surface_depth 7 -11 3 0.19415072441261700 bits=0x3fc8d9ee51ec672e
surface_depth 8 -11 3 0.19441375439462777 bits=0x3fc8e28cc6823d86
surface_depth 9 -11 3 0.19176499412985282 bits=0x3fc88bc15d2715b4
surface_depth 10 -11 3 0.18309730590849974 bits=0x3fc76fbb866e6d69
surface_depth 11 -11 3 0.16673481599169410 bits=0x3fc5579102e4face
surface_depth 12 -11 3 0.14227305770891857 bits=0x3fc23600e8fb19d6
surface_depth 13 -11 2 0.11182942356802850 bits=0x3fbca0da64f488e8
surface_depth 14 -11 2 0.080695600947380600 bits=0x3fb4a87787000458
surface_depth 15 -11 2 0.052677762078570646 bits=0x3faaf89462b5364d
surface_depth 16 -11 2 0.027707679271231456 bits=0x3f9c5f66e145a0cd
surface_depth 17 -11 2 0.0079592707917230560 bits=0x3f804cf33e00f06a
surface_depth 18 -11 2 -0.0054284301294047115 bits=0xbf763c1f1dfd99d5
surface_depth 19 -11 2 -0.014657626680592260 bits=0xbf8e04d159d74992
surface_depth 20 -11 2 -0.023619364765467738 bits=0xbf982facbce14215
surface_depth 21 -11 2 -0.034835224823106640 bits=0xbfa1d5ec2eba64d1
surface_depth 22 -11 2 -0.049538493767668924 bits=0xbfa95d1c05401f2d
surface_depth 23 -11 2 -0.067002574145044620 bits=0xbfb12714a8b36670
surface_depth 24 -11 2 -0.082294648952124130 bits=0xbfb5114319e29ac0
surface_depth 25 -11 2 -0.090206931266607460 bits=0xbfb717cd2ba9a015
surface_depth 26 -11 2 -0.092503907495820350 bits=0xbfb7ae5609725eb6
surface_depth 27 -11 2 -0.095318224167534940 bits=0xbfb866c66f8329fc
surface_depth 28 -11 2 -0.10551347745879760 bits=0xbfbb02ee66f90762
surface_depth 29 -11 2 -0.12635850465106090 bits=0xbfc02c83f6861d58
surface_depth 30 -11 2 -0.15664685906493536 bits=0xbfc40d01185a3e0c
surface_depth 31 -11 2 -0.19162735234039996 bits=0xbfc8873ebda91960
surface_depth -16 -10 2 -0.0097657591136441620 bits=0xbf840012001c16f0
surface_depth -15 -10 2 0.0054469554478005310 bits=0x3f764f8bf82d5a2a
surface_depth -14 -10 2 0.019913285265353336 bits=0x3f946425f3e1e7eb
surface_depth -13 -10 2 0.036968524787714514 bits=0x3fa2ed89d9e3a281
surface_depth -12 -10 2 0.058953681776933480 bits=0x3fae2f2d4e6be38d
surface_depth -11 -10 2 0.083052042888051070 bits=0x3fb542e61011f694
surface_depth -10 -10 2 0.10632345162624837 bits=0x3fbb3803838856d2
surface_depth -9 -10 2 0.12722393956324848 bits=0x3fc048dfc1d8a1a3
surface_depth -8 -10 2 0.14776926195244627 bits=0x3fc2ea1a69b84bd2
surface_depth -7 -10 2 0.16521331302482115 bits=0x3fc525b5b82717ed
surface_depth -6 -10 2 0.17793721818342326 bits=0x3fc6c6a5926b64fd
surface_depth -5 -10 2 0.18950692650267725 bits=0x3fc841c351d8e48a
surface_depth -4 -10 2 0.20169284582533337 bits=0x3fc9d112385417d2
surface_depth -3 -10 2 0.21213944038760651 bits=0x3fcb27629b540892
surface_depth -2 -10 2 0.21903906884775284 bits=0x3fcc0978e29faa81
surface_depth -1 -10 2 0.22188792123701756 bits=0x3fcc66d2ca8b92b2
surface_depth 0 -10 2 0.22132962085451790 bits=0x3fcc54876d9a65e0
surface_depth 1 -10 2 0.21472504814968230 bits=0x3fcb7c1c41b7ab28
surface_depth 2 -10 2 0.20198935013137412 bits=0x3fc9dac97a7a2e89
surface_depth 3 -10 2 0.18339630678767893 bits=0x3fc77987b9ee1d20
surface_depth 4 -10 2 0.16073748579742930 bits=0x3fc4930bc25ee068
surface_depth 5 -10 2 0.14141762613095970 bits=0x3fc219f907a7bc12
surface_depth 6 -10 2 0.13131314088138038 bits=0x3fc0cede76cf6ed1
surface_depth 7 -10 3 0.13001356068591774 bits=0x3fc0a448cb975d14
surface_depth 8 -10 3 0.13021978702636130 bits=0x3fc0ab0abf48ffd1
surface_depth 9 -10 3 0.12767225431456500 bits=0x3fc057907e719e91
surface_depth 10 -10 3 0.11858055392662004 bits=0x3fbe5b4b910e7010
surface_depth 11 -10 3 0.10142150717407766 bits=0x3fb9f6c2886c7724
surface_depth 12 -10 3 0.077086085322536680 bits=0x3fb3bbe9e76fdca7
surface_depth 13 -10 3 0.048234847449245370 bits=0x3fa8b23ce8a4e4c5
surface_depth 14 -10 3 0.019741851662271083 bits=0x3f9437353d01fbea
surface_depth 15 -10 2 -0.0053339683634966800 bits=0xbf75d9123adda9aa
surface_depth 16 -10 2 -0.027946978103529703 bits=0xbf9c9e21f3e820f2
surface_depth 17 -10 2 -0.047090748755347196 bits=0xbfa81c4753b25d69
surface_depth 18 -10 2 -0.061745059708874730 bits=0xbfaf9d0c68474328
surface_depth 19 -10 2 -0.072850402398361460 bits=0xbfb2a652efcd28b6
surface_depth 20 -10 2 -0.082994440777889950 bits=0xbfb53f1fa8e40e7e
surface_depth 21 -10 2 -0.094038366862890420 bits=0xbfb812e5fe3ed035
surface_depth 22 -10 2 -0.10657723955065503 bits=0xbfbb48a55e5e36a1
surface_depth 23 -10 2 -0.11973475218791943 bits=0xbfbea6efccd77eca
surface_depth 24 -10 2 -0.12847973315159783 bits=0xbfc072061e0adea6
surface_depth 25 -10 2 -0.12819298013104763 bits=0xbfc068a0a89eac1c
surface_depth 26 -10 2 -0.12226203488091827 bits=0xbfbf4c90915b1fe2
surface_depth 27 -10 2 -0.11758630523036968 bits=0xbfbe1a22d76c0265
surface_depth 28 -10 2 -0.12109196485442689 bits=0xbfbeffe20cdbaf62
surface_depth 29 -10 2 -0.13753300706420013 bits=0xbfc19aae7bbb0b1c
surface_depth 30 -10 2 -0.16689399954000717 bits=0xbfc55cc856f623e0
surface_depth 31 -10 2 -0.20411996812254052 bits=0xbfca209a65c5fff8
surface_depth -16 -9 2 -0.034815836581305305 bits=0xbfa1d3619effc9d5
surface_depth -15 -9 2 -0.020963772923653715 bits=0xbf957786fc6e73a4
surface_depth -14 -9 2 -0.0062183478620585810 bits=0xbf7978690b3e3b25
surface_depth -13 -9 2 0.012146361523634021 bits=0x3f88e0310c1340c1
surface_depth -12 -9 2 0.034720309002819486 bits=0x3fa1c6dc3f5926ca
surface_depth -11 -9 2 0.057731616700808430 bits=0x3fad8eff9b59b125
surface_depth -10 -9 2 0.078718716116608240 bits=0x3fb426e8e74dcf0c
surface_depth -9 -9 2 0.097295808792680520 bits=0x3fb8e860cccd6c30
surface_depth -8 -9 2 0.11669074794566478 bits=0x3fbddf71e22c2306
surface_depth -7 -9 2 0.13408242918579750 bits=0x3fc1299cf0291e44
surface_depth -6 -9 2 0.14707203397316170 bits=0x3fc2d341a4091440
surface_depth -5 -9 2 0.15874038691375741 bits=0x3fc4519ae12cab32
surface_depth -4 -9 2 0.17257476064629750 bits=0x3fc616ee048ba1d0
surface_depth -3 -9 2 0.18719746844414425 bits=0x3fc7f6162e6e48a2
surface_depth -2 -9 2 0.19903876763840922 bits=0x3fc97a1a32d25174
surface_depth -1 -9 2 0.20512941050340083 bits=0x3fca41ae36c7a9ac
surface_depth 0 -9 2 0.20428688401290543 bits=0x3fca261296eb2885
surface_depth 1 -9 2 0.19357329204206342 bits=0x3fc8c70277599068
surface_depth 2 -9 2 0.17397918323012540 bits=0x3fc644f32b143f40
surface_depth 3 -9 2 0.14711638818003570 bits=0x3fc2d4b5b5f82db0
surface_depth 4 -9 2 0.11574154599290405 bits=0x3fbda13cead3f7fd
surface_depth 5 -9 3 0.088743834632097060 bits=0x3fb6b7ea7b776bd4
surface_depth 6 -9 3 0.073252707229739620 bits=0x3fb2c0b07de52b76
surface_depth 7 -9 3 0.068940377518834210 bits=0x3fb1a6139ad139b1
surface_depth 8 -9 3 0.067428500322986930 bits=0x3fb142fe83b49f35
surface_depth 9 -9 3 0.064471216322477020 bits=0x3fb0812f85a36ce2
surface_depth 10 -9 3 0.055805089255463490 bits=0x3fac927c129aeb55
surface_depth 11 -9 3 0.039506581958044240 bits=0x3fa43a34eaf91c40
surface_depth 12 -9 2 0.017035174524811050 bits=0x3f9171ab35dce49a
surface_depth 13 -9 2 -0.0089122031763556040 bits=0xbf82408fa96c0aa0
surface_depth 14 -9 2 -0.034234530757849560 bits=0xbfa187303bff6be2
surface_depth 15 -9 2 -0.056509774212281550 bits=0xbfaceed9604accc2
surface_depth 16 -9 2 -0.077244927380311690 bits=0xbfb3c652d4e15d8c
surface_depth 17 -9 2 -0.096655516401738610 bits=0xbfb8be6a79ec67ce
surface_depth 18 -9 2 -0.11339105240280420 bits=0xbfbd07322dbaa416
surface_depth 19 -9 2 -0.12654888742685020 bits=0xbfc032c1026bf80b
surface_depth 20 -9 2 -0.13755085600729575 bits=0xbfc19b44360b482f
surface_depth 21 -9 2 -0.14833791140321050 bits=0xbfc2fcbc971deb04
surface_depth 22 -9 2 -0.15936041111798555 bits=0xbfc465ec0503b1c6
surface_depth 23 -9 2 -0.16947928745789034 bits=0xbfc5b17f4e7d9221
surface_depth 24 -9 2 -0.17315553498706548 bits=0xbfc629f5e7f206b8
surface_depth 25 -9 2 -0.16650126743840846 bits=0xbfc54fe9dd31fc5d
surface_depth 26 -9 2 -0.15454395139299704 bits=0xbfc3c818a083864c
surface_depth 27 -9 2 -0.14495489409692003 bits=0xbfc28de1c8c54d16
surface_depth 28 -9 2 -0.14384922627047570 bits=0xbfc269a6c5317c04
surface_depth 29 -9 2 -0.15600827239614576 bits=0xbfc3f8143dec6767
surface_depth 30 -9 2 -0.18222448129612756 bits=0xbfc75321bdd94570
surface_depth 31 -9 2 -0.21818945359470315 bits=0xbfcbeda1cbc2bbea
surface_depth -16 -8 2 -0.072158817103513500 bits=0xbfb279000f93dff3
surface_depth -15 -8 2 -0.060344084536290840 bits=0xbfaee56b7b2e4ca4
surface_depth -14 -8 2 -0.045614264552122155 bits=0xbfa75ac0bcf70492
surface_depth -13 -8 2 -0.026016789344940000 bits=0xbf9aa4252d88a41e
surface_depth -12 -8 2 -0.0026391047990677596 bits=0xbf659e9a99afd280
surface_depth -11 -8 2 0.019947288478087334 bits=0x3f946d0fdea1097a
surface_depth -10 -8 2 0.039524127288728250 bits=0x3fa43c81a4374f93
surface_depth -9 -8 2 0.056502415709395270 bits=0x3facede2773bd3ad
surface_depth -8 -8 2 0.075037053368723750 bits=0x3fb335a0da34f5c5
surface_depth -7 -8 2 0.092175505706530230 bits=0x3fb798d05e807689
surface_depth -6 -8 2 0.10489013846095004 bits=0x3fbada14825cd965
surface_depth -5 -8 2 0.11600535931957352 bits=0x3fbdb286f870343d
surface_depth -4 -8 2 0.13078765017739077 bits=0x3fc0bda6541dc53f
surface_depth -3 -8 2 0.14910303570132868 bits=0x3fc315ceeb0927cd
surface_depth -2 -8 2 0.16608630552887610 bits=0x3fc54250e947ada6
surface_depth -1 -8 2 0.17654403582974626 bits=0x3fc698feb618a786
surface_depth 0 -8 2 0.17750996007751954 bits=0x3fc6b8a5789fa4a5
surface_depth 1 -8 2 0.16619517086241226 bits=0x3fc545e223cdb87e
surface_depth 2 -8 2 0.14427217176481277 bits=0x3fc27782b1b9f438
surface_depth 3 -8 2 0.11398498442500515 bits=0x3fbd2e1eb45728d0
surface_depth 4 -8 2 0.078361624879947360 bits=0x3fb40f81e81eec58
surface_depth 5 -8 2 0.046788242968596920 bits=0x3fa7f4a0eac65caa
surface_depth 6 -8 3 0.027165864781231525 bits=0x3f9bd15e533637e5
surface_depth 7 -8 3 0.019634465555367926 bits=0x3f941b0eadbd2d75
surface_depth 8 -8 3 0.015889800785951536 bits=0x3f90456a7adccab0
surface_depth 9 -8 3 0.012459097718706938 bits=0x3f898427c9ea8695
surface_depth 10 -8 3 0.0048507840016880160 bits=0x3f73de6a6a5af8ea
surface_depth 11 -8 3 -0.0095075930548725870 bits=0xbf8378b789dff540
surface_depth 12 -8 3 -0.029260922443133792 bits=0xbf9df69343c6b595
surface_depth 13 -8 3 -0.052196236256929165 bits=0xbfaab9770f654612
surface_depth 14 -8 2 -0.075108420705652070 bits=0xbfb33a4e3295c192
surface_depth 15 -8 2 -0.095897169256884710 bits=0xbfb88cb785bcbf76
surface_depth 16 -8 2 -0.11614205763534060 bits=0xbfbdbb7c633be32a
surface_depth 17 -8 2 -0.13698330453172820 bits=0xbfc188ab3e87e872
surface_depth 18 -8 2 -0.15627968651745050 bits=0xbfc400f9074f9000
surface_depth 19 -8 2 -0.17114182353487206 bits=0xbfc5e7f9ab87b0a8
surface_depth 20 -8 2 -0.18223962787903790 bits=0xbfc753a0cce34968
surface_depth 21 -8 2 -0.19229133314119654 bits=0xbfc89d009d92a5a5
surface_depth 22 -8 2 -0.20221228911402447 bits=0xbfc9e217a04c093d
surface_depth 23 -8 2 -0.21065524446448594 bits=0xbfcaf6c044da595d
surface_depth 24 -8 2 -0.21139632762096200 bits=0xbfcb0f08ecd0323e
surface_depth 25 -8 2 -0.20141930521397147 bits=0xbfc9c81b9856a991
surface_depth 26 -8 2 -0.18707499275260145 bits=0xbfc7f212c7e2cc51
surface_depth 27 -8 2 -0.17652361496997773 bits=0xbfc6985368a245a5
surface_depth 28 -8 2 -0.17435135462745893 bits=0xbfc651252b11b1aa
surface_depth 29 -8 2 -0.18393140671483077 bits=0xbfc78b1078461398
surface_depth 30 -8 2 -0.20618909867064864 bits=0xbfca646785ca83fd
surface_depth 31 -8 2 -0.23834056841775300 bits=0xbfce81f1995507c5
surface_depth -16 -7 2 -0.11684038137231728 bits=0xbfbde94050d8a52c
surface_depth -15 -7 2 -0.10720095454736506 bits=0xbfbb718591e183ac
surface_depth -14 -7 2 -0.093096362553679260 bits=0xbfb7d529c88b6ba8
surface_depth -13 -7 2 -0.073211399488404190 bits=0xbfb2bdfb767f411a
surface_depth -12 -7 2 -0.049681106727301720 bits=0xbfa96fcd513ee5bc
surface_depth -11 -7 2 -0.027412355840731900 bits=0xbf9c11fc0f5e78e8
surface_depth -10 -7 2 -0.0085355367500339340 bits=0xbf817b14598fc600
surface_depth -9 -7 2 0.0076719708874928060 bits=0x3f7f6ca500ec1de5
surface_depth -8 -7 2 0.025725549461152520 bits=0x3f9a57cc666ddaf0
surface_depth -7 -7 2 0.042567282992555870 bits=0x3fa5cb6100aa4b22
surface_depth -6 -7 2 0.054871267947976546 bits=0x3fac18163aa739ba
surface_depth -5 -7 2 0.065397546276081910 bits=0x3fb0bde4c27e9234
surface_depth -4 -7 2 0.080581706026813260 bits=0x3fb4a100b00a8231
surface_depth -3 -7 2 0.10118578274420983 bits=0x3fb9e74fbbb4dff6
surface_depth -2 -7 2 0.12167415630361683 bits=0x3fbf26099a17a944
surface_depth -1 -7 2 0.13550324112572910 bits=0x3fc1582b92918980
surface_depth 0 -7 2 0.13874832682353425 bits=0x3fc1c281530a7865
surface_depth 1 -7 2 0.12956412611027070 bits=0x3fc0958eaa307079
surface_depth 2 -7 2 0.10993927743183074 bits=0x3fbc24fb011d96e8
surface_depth 3 -7 2 0.081753379143888210 bits=0x3fb4edca19c2af5d
surface_depth 4 -7 2 0.047462911927202010 bits=0x3fa84d0f0d002235
surface_depth 5 -7 2 0.015984840984282580 bits=0x3f905e54850979ea
surface_depth 6 -7 2 -0.0047347820223774630 bits=0xbf7364c75f096baa
surface_depth 7 -7 3 -0.013997740764253308 bits=0xbf8caad8f6672000
surface_depth 8 -7 3 -0.019150097919427380 bits=0xbf939c15511dd66a
surface_depth 9 -7 3 -0.022680017877953207 bits=0xbf97396e3c3be890
surface_depth 10 -7 3 -0.029132817142160795 bits=0xbf9dd4fe4376b60a
surface_depth 11 -7 3 -0.041563309576375900 bits=0xbfa547c93eb02862
surface_depth 12 -7 3 -0.059041169178317880 bits=0xbfae3aa4e57a19da
surface_depth 13 -7 3 -0.080134492887794740 bits=0xbfb483b1b23c1041
surface_depth 14 -7 3 -0.10236629063279074 bits=0xbfba34ad5e7b0d04
surface_depth 15 -7 2 -0.12358003582445257 bits=0xbfbfa2f0f44df5d2
surface_depth 16 -7 2 -0.14502054228970734 bits=0xbfc290087b30f50a
surface_depth 17 -7 2 -0.16823537648865420 bits=0xbfc588bca0064631
surface_depth 18 -7 2 -0.19002391028596670 bits=0xbfc852b418117122
surface_depth 19 -7 2 -0.20586933908858898 bits=0xbfca59ed2f513b5d
surface_depth 20 -7 2 -0.21621002990066454 bits=0xbfcbacc52fbec9e5
surface_depth 21 -7 2 -0.22490335542199730 bits=0xbfccc9a21626298a
surface_depth 22 -7 2 -0.23378749623170206 bits=0xbfcdecbfa943b275
surface_depth 23 -7 2 -0.24149510521571860 bits=0xbfcee94fc585d5e8
surface_depth 24 -7 2 -0.24124194944658062 bits=0xbfcee10425a5eec4
surface_depth 25 -7 2 -0.23095358516343590 bits=0xbfcd8fe31795e050
surface_depth 26 -7 2 -0.21778284528175296 bits=0xbfcbe04eeb0eb6e8
surface_depth 27 -7 2 -0.20993163854707222 bits=0xbfcadf0a38fa4981
surface_depth 28 -7 2 -0.21019618504086215 bits=0xbfcae7b5663f4ab5
surface_depth 29 -7 2 -0.21972926441515778 bits=0xbfcc2016aa51910e
surface_depth 30 -7 2 -0.23891526332213145 bits=0xbfce94c67d3dec99
surface_depth 31 -7 2 -0.26668269716329280 bits=0xbfd111544dae6d31
surface_depth -16 -6 2 -0.16190638903222920 bits=0xbfc4b9593af41490
surface_depth -15 -6 2 -0.15434220328604920 bits=0xbfc3c17c3dc0ca04
surface_depth -14 -6 2 -0.14163764591482522 bits=0xbfc2212eb08b15c9
surface_depth -13 -6 2 -0.12284274994035091 bits=0xbfbf729f598b6536
surface_depth -12 -6 2 -0.10039345640475347 bits=0xbfb9b362b3fda63e
surface_depth -11 -6 2 -0.079005762958937800 bits=0xbfb439b8c01aaaa0
surface_depth -10 -6 2 -0.060702769245087260 bits=0xbfaf146ef15e5a86
surface_depth -9 -6 2 -0.044793350016888470 bits=0xbfa6ef276acd37e4
surface_depth -8 -6 2 -0.026952568948040843 bits=0xbf9b997448b33896
surface_depth -7 -6 2 -0.010248105035382746 bits=0xbf84fcf55fc895b8
surface_depth -6 -6 2 0.0020282999388087247 bits=0x3f609da73ceacd25
surface_depth -5 -6 2 0.012624683885971433 bits=0x3f89daf8634cf9a0
surface_depth -4 -6 2 0.028340938507065185 bits=0x3f9d0568301a693a
surface_depth -3 -6 2 0.050207087388960576 bits=0x3fa9b4be4cb9db19
surface_depth -2 -6 2 0.072404826360472810 bits=0x3fb2891f694a712d
surface_depth -1 -6 2 0.087899912226696050 bits=0x3fb6809bd055bdfa
surface_depth 0 -6 2 0.092781803100052420 bits=0x3fb7c08c59fa87ed
surface_depth 1 -6 2 0.086755871638765160 bits=0x3fb635a1ff6caa16
surface_depth 2 -6 2 0.071961500349100140 bits=0x3fb26c11a2920ad3
surface_depth 3 -6 2 0.049279489880837080 bits=0x3fa93b294acdb340
surface_depth 4 -6 2 0.020113709686107630 bits=0x3f9498b03536582a
surface_depth 5 -6 2 -0.0076052060632891640 bits=0xbf7f26a2f52380ea
surface_depth 6 -6 2 -0.026477079578477926 bits=0xbf9b1ccebb88590a
surface_depth 7 -6 3 -0.035424828863278836 bits=0xbfa2233402de4cc5
surface_depth 8 -6 3 -0.040576319396442160 bits=0xbfa4c66b59997b65
surface_depth 9 -6 3 -0.043820297725343460 bits=0xbfa66f9d33433e20
surface_depth 10 -6 2 -0.049732823868622336 bits=0xbfa97694a81b5f42
surface_depth 11 -6 3 -0.061403428299996454 bits=0xbfaf704528d24fe0
surface_depth 12 -6 3 -0.078116949757541080 bits=0xbfb3ff78f078cf5c
surface_depth 13 -6 3 -0.099078120369323800 bits=0xbfb95d2f06bc42fd
surface_depth 14 -6 2 -0.12218056409418054 bits=0xbfbf4739b6fdc848
surface_depth 15 -6 2 -0.14503455629312983 bits=0xbfc2907e0a08d086
surface_depth 16 -6 2 -0.16851675454973053 bits=0xbfc591f4fecf405e
surface_depth 17 -6 2 -0.19418744467049392 bits=0xbfc8db225a13a88a
surface_depth 18 -6 2 -0.21786590943494968 bits=0xbfcbe307b5f7dc2d
surface_depth 19 -6 2 -0.23402149786327270 bits=0xbfcdf46a9bf11cc2
surface_depth 20 -6 2 -0.24325210002494416 bits=0xbfcf22e283252da9
surface_depth 21 -6 2 -0.25049329934396290 bits=0xbfd008150c232a56
surface_depth 22 -6 2 -0.25854139466402914 bits=0xbfd08bf134afa188
surface_depth 23 -6 2 -0.26611707675299560 bits=0xbfd1080feb63eb53
surface_depth 24 -6 2 -0.26611188269085710 bits=0xbfd107fa224efd75
surface_depth 25 -6 2 -0.25728068839366486 bits=0xbfd077496ba2c317
surface_depth 26 -6 2 -0.24710710961906430 bits=0xbfcfa134ad3623d2
surface_depth 27 -6 2 -0.24352958721722628 bits=0xbfcf2bfa3e5a6a38
surface_depth 28 -6 2 -0.24778755305451916 bits=0xbfcfb780a65ccd9c
surface_depth 29 -6 2 -0.25885601946000220 bits=0xbfd09118d67d054f
surface_depth 30 -6 2 -0.27630158910544130 bits=0xbfd1aeecdc429ad5
surface_depth 31 -6 2 -0.30047545197627260 bits=0xbfd33afd63df4a4b
surface_depth -16 -5 2 -0.20165863992692562 bits=0xbfc9cff347b892fa
surface_depth -15 -5 2 -0.19623102099166984 bits=0xbfc91e191ccf5942
surface_depth -14 -5 2 -0.18583144876563912 bits=0xbfc7c9532d8223de
surface_depth -13 -5 2 -0.16956291192954165 bits=0xbfc5b43cccad0b60
surface_depth -12 -5 2 -0.14975784632781874 bits=0xbfc32b43de261064
surface_depth -11 -5 2 -0.13066186651310980 bits=0xbfc0b9872dc10a36
surface_depth -10 -5 2 -0.11399060564707342 bits=0xbfbd2e7d034e2f90
surface_depth -9 -5 2 -0.099062908360835260 bits=0xbfb95c2fcfa80bf4
surface_depth -8 -5 2 -0.081945401748353550 bits=0xbfb4fa5fb491172a
surface_depth -7 -5 2 -0.065520577856056380 bits=0xbfb0c5f4e31b5631
surface_depth -6 -5 2 -0.052838449644074980 bits=0xbfab0da42a62a25a
surface_depth -5 -5 2 -0.041318116677484150 bits=0xbfa527a5efb96609
surface_depth -4 -5 2 -0.024124548699795245 bits=0xbf98b41b0ec917d0
surface_depth -3 -5 2 -0.00017117584004215183 bits=0xbf266fb5450a9555
surface_depth -2 -5 2 0.024355259143115350 bits=0x3f98f095c605698a
surface_depth -1 -5 2 0.041989242254376315 bits=0x3fa57f9d2c886155
surface_depth 0 -5 2 0.048970457203157550 bits=0x3fa912a7e050c1e5
surface_depth 1 -5 2 0.046210626180243850 bits=0x3fa7a8eb5057f9f0
surface_depth 2 -5 2 0.035934783222376420 bits=0x3fa2660b3d7539c0
surface_depth 3 -5 2 0.018411820671498064 bits=0x3f92da8c5e935ac5
surface_depth 4 -5 2 -0.0054890729213562710 bits=0xbf767bb5caebdd95
surface_depth 5 -5 2 -0.028688183410416936 bits=0xbf9d606f661e188a
surface_depth 6 -5 2 -0.044549278119623614 bits=0xbfa6cf29b92b1b30
surface_depth 7 -5 2 -0.051967418761500570 bits=0xbfaa9b7938138c90
surface_depth 8 -5 3 -0.056273386479609610 bits=0xbfaccfdd852153b8
surface_depth 9 -5 2 -0.059478092040891660 bits=0xbfae73e99849c878
surface_depth 10 -5 3 -0.066261775383642670 bits=0xbfb0f6881e3f658a
surface_depth 11 -5 3 -0.079247523798628400 bits=0xbfb44990d3010c16
surface_depth 12 -5 3 -0.097195412084709410 bits=0xbfb8e1cc6c399e32
surface_depth 13 -5 3 -0.11921885963183873 bits=0xbfbe85208f2f66c6
surface_depth 14 -5 2 -0.14318773774064686 bits=0xbfc253f9cd64640c
surface_depth 15 -5 2 -0.16674718279128786 bits=0xbfc557f8c064f4a0
surface_depth 16 -5 2 -0.19102042123763896 bits=0xbfc8735b6f0aba10
surface_depth 17 -5 2 -0.21773285438719970 bits=0xbfcbdeab906dcad8
surface_depth 18 -5 2 -0.24223569640155940 bits=0xbfcf01944cfbf73c
surface_depth 19 -5 2 -0.25843200820064840 bits=0xbfd08a2667dd8764
surface_depth 20 -5 2 -0.26713021371782586 bits=0xbfd118a952ec4266
surface_depth 21 -5 2 -0.27405064919969820 bits=0xbfd18a0bbbf0a84d
surface_depth 22 -5 2 -0.28247699135964355 bits=0xbfd2141a5ff0c6f6
surface_depth 23 -5 2 -0.29098921385118426 bits=0xbfd29f91393eb18c
surface_depth 24 -5 2 -0.29214651139358183 bits=0xbfd2b2874804dbf6
surface_depth 25 -5 2 -0.28508588524642353 bits=0xbfd23ed8de6bd074
surface_depth 26 -5 2 -0.27736560245833780 bits=0xbfd1c05ba7e6026d
surface_depth 27 -5 2 -0.27681347349173224 bits=0xbfd1b74fdbef4e48
surface_depth 28 -5 2 -0.28382895445439140 bits=0xbfd22a40eb4286ea
surface_depth 29 -5 2 -0.29592351909540750 bits=0xbfd2f069332872cc
surface_depth 30 -5 2 -0.31201286736243067 bits=0xbfd3f804d1502e4b
surface_depth 31 -5 2 -0.33329518388119816 bits=0xbfd554b552abc784
surface_depth -16 -4 2 -0.22950117402433928 bits=0xbfcd604b626a008e
surface_depth -15 -4 2 -0.22575706310258510 bits=0xbfcce59b816eed1e
surface_depth -14 -4 2 -0.21837834208857065 bits=0xbfcbf3d24eb66a0c
surface_depth -13 -4 2 -0.20590391942851620 bits=0xbfca5b0f44082732
surface_depth -12 -4 2 -0.19021295994139120 bits=0xbfc858e5f51ca004
surface_depth -11 -4 2 -0.17507940380355290 bits=0xbfc669007cc50c4c
surface_depth -10 -4 2 -0.16179681992107103 bits=0xbfc4b5c2191432d6
surface_depth -9 -4 3 -0.14954817521874970 bits=0xbfc3246504ded956
surface_depth -8 -4 2 -0.13470267774991418 bits=0xbfc13deff5cf4c0c
surface_depth -7 -4 2 -0.11970350004252811 bits=0xbfbea4e379e63e9c
surface_depth -6 -4 2 -0.10720168466105574 bits=0xbfbb7191d1b201c1
surface_depth -5 -4 2 -0.094969807730249900 bits=0xbfb84ff0fa4f0f92
surface_depth -4 -4 2 -0.076170378389567110 bits=0xbfb37fe6e41b6d42
surface_depth -3 -4 2 -0.049398490359976566 bits=0xbfa94ac24922bff0
surface_depth -2 -4 2 -0.021198111918059260 bits=0xbf95b4f535b33670
surface_depth -1 -4 2 0.00031163817224281554 bits=0x3f346c6bc20a32aa
surface_depth 0 -4 2 0.011016080515014515 bits=0x3f868f994c563360
surface_depth 1 -4 2 0.011841017651755232 bits=0x3f88401a7c86722a
surface_depth 2 -4 2 0.0047211936254237990 bits=0x3f735687c3822a95
surface_depth 3 -4 2 -0.0098421458940550940 bits=0xbf84281e75e6404a
surface_depth 4 -4 2 -0.030248217750919272 bits=0xbf9ef96388028b6a
surface_depth 5 -4 2 -0.049731821871863036 bits=0xbfa9767309053248
surface_depth 6 -4 2 -0.062464989013878126 bits=0xbfaffb6939eb5175
surface_depth 7 -4 2 -0.067802947969207340 bits=0xbfb15b88b419a275
surface_depth 8 -4 3 -0.071047344815853010 bits=0xbfb23028a673a42c
surface_depth 9 -4 3 -0.074890560969487210 bits=0xbfb32c071e249e60
surface_depth 10 -4 3 -0.084051988288984940 bits=0xbfb5846e5cdd6e5e
surface_depth 11 -4 2 -0.10028387991573375 bits=0xbfb9ac34508dd761
surface_depth 12 -4 3 -0.12115817875475757 bits=0xbfbf0438ef6504e2
surface_depth 13 -4 3 -0.14491069163274300 bits=0xbfc28c6efcb3a1b2
surface_depth 14 -4 2 -0.16903182547936418 bits=0xbfc5a2d5b93561da
surface_depth 15 -4 2 -0.19154067667118385 bits=0xbfc88467a7140662
surface_depth 16 -4 2 -0.21452938753059883 bits=0xbfcb75b2efbcc74d
surface_depth 17 -4 2 -0.24033043967786283 bits=0xbfcec325d9532a14
surface_depth 18 -4 2 -0.26449111591339060 bits=0xbfd0ed6c253b8e42
surface_depth 19 -4 2 -0.28059734304898850 bits=0xbfd1f54e8eef5a7f
surface_depth 20 -4 2 -0.28942850707311110 bits=0xbfd285ff251a2ef8
surface_depth 21 -4 2 -0.29715918699342830 bits=0xbfd304a7f775ef2d
surface_depth 22 -4 2 -0.30708541815294915 bits=0xbfd3a7499902e7db
surface_depth 23 -4 2 -0.31742637688092170 bits=0xbfd450b6b8e5d856
surface_depth 24 -4 2 -0.32027031577614173 bits=0xbfd47f4f1108d6fc
surface_depth 25 -4 2 -0.31452830242994195 bits=0xbfd4213b51269785
surface_depth 26 -4 2 -0.30767155245187330 bits=0xbfd3b0e405ec2e9a
surface_depth 27 -4 2 -0.30778460451794290 bits=0xbfd3b2be32a77a9c
surface_depth 28 -4 2 -0.31568448672538840 bits=0xbfd4342cb495c406
surface_depth 29 -4 2 -0.32851970999640234 bits=0xbfd5067788a1a934
surface_depth 30 -4 2 -0.34446723513103900 bits=0xbfd60bc04d5b9b51
surface_depth 31 -4 2 -0.36437551684146846 bits=0xbfd751edb0130565
surface_depth -16 -3 2 -0.24421566734067250 bits=0xbfcf42758033128d
surface_depth -15 -3 2 -0.24141438389548958 bits=0xbfcee6aaa1cebc26
surface_depth -14 -3 3 -0.23740746724021092 bits=0xbfce635e2dcfbb19
surface_depth -13 -3 2 -0.22962181425637285 bits=0xbfcd643f6356f390
surface_depth -12 -3 2 -0.21916008503881979 bits=0xbfcc0d700aea4798
surface_depth -11 -3 3 -0.20931564947819475 bits=0xbfcacadaee86615a
surface_depth -10 -3 3 -0.20086091600676420 bits=0xbfc9b5cf7ca5967e
surface_depth -9 -3 2 -0.19271315076154060 bits=0xbfc8aad31403d4e4
surface_depth -8 -3 3 -0.18149287549783050 bits=0xbfc73b28965c2eea
surface_depth -7 -3 2 -0.16907186817869319 bits=0xbfc5a425a0402462
surface_depth -6 -3 2 -0.15757174283343134 bits=0xbfc42b4f951f24c8
surface_depth -5 -3 2 -0.14518239198908750 bits=0xbfc295562cc62ade
surface_depth -4 -3 2 -0.12510691842699450 bits=0xbfc00380e592da1c
surface_depth -3 -3 2 -0.095472157005298780 bits=0xbfb870dd00042e91
surface_depth -2 -3 2 -0.063119865094480530 bits=0xbfb0289f9c4f08a8
surface_depth -1 -3 2 -0.036907106904551350 bits=0xbfa2e57d024a4091
surface_depth 0 -3 2 -0.021565467027695990 bits=0xbf961541fe6d7c98
surface_depth 1 -3 2 -0.016884982858360133 bits=0xbf914a4c04ae42fa
surface_depth 2 -3 2 -0.021587199792207946 bits=0xbf961af4747aa00a
surface_depth 3 -3 2 -0.034551721904594636 bits=0xbfa1b0c3673391ad
surface_depth 4 -3 2 -0.052776265808932944 bits=0xbfab057d9f4f0995
surface_depth 5 -3 2 -0.069590813366580250 bits=0xbfb1d0b41b82f1c9
surface_depth 6 -3 2 -0.079984735871725390 bits=0xbfb479e130bf8de0
surface_depth 7 -3 2 -0.083953356774170390 bits=0xbfb57df799bc0701
surface_depth 8 -3 3 -0.087056564584412600 bits=0xbfb64956c9cacb42
surface_depth 9 -3 2 -0.092684468883067930 bits=0xbfb7ba2b5ab32d11
surface_depth 10 -3 3 -0.10538263119401728 bits=0xbfbafa5b2a8b73aa
surface_depth 11 -3 3 -0.12592881998405620 bits=0xbfc01e6f81ba4a4e
surface_depth 12 -3 2 -0.15061473906885625 bits=0xbfc34758014c53ec
surface_depth 13 -3 2 -0.17648271590517790 bits=0xbfc696fc528f9da2
surface_depth 14 -3 3 -0.20048203676401868 bits=0xbfc9a96537ab2085
surface_depth 15 -3 2 -0.22112903767535735 bits=0xbfcc4df4d0817c7e
surface_depth 16 -3 2 -0.24170413837471963 bits=0xbfcef02944d04ab1
surface_depth 17 -3 2 -0.26530608553714580 bits=0xbfd0fac66033f4db
surface_depth 18 -3 2 -0.28810685529330937 bits=0xbfd27057bc4f3e26
surface_depth 19 -3 2 -0.30359322595694410 bits=0xbfd36e1248316bf1
surface_depth 20 -3 2 -0.31234342181153530 bits=0xbfd3fd6f43734820
surface_depth 21 -3 2 -0.32080990365939660 bits=0xbfd48826431ccd1d
surface_depth 22 -3 2 -0.33214814766925590 bits=0xbfd541ea4deaa6d5
surface_depth 23 -3 2 -0.34417117719787880 bits=0xbfd606e68b929b00
surface_depth 24 -3 2 -0.34860697543794406 bits=0xbfd64f93a1aa75e2
surface_depth 25 -3 2 -0.34413235728954870 bits=0xbfd60643b90374b8
surface_depth 26 -3 2 -0.33802177833279307 bits=0xbfd5a22618d19b5d
surface_depth 27 -3 2 -0.33849901806253435 bits=0xbfd5a9f7c913a0f2
surface_depth 28 -3 2 -0.34741241659365430 bits=0xbfd63c0149df9ee4
surface_depth 29 -3 2 -0.36214966940459337 bits=0xbfd72d75ce96656c
surface_depth 30 -3 2 -0.37980405272540320 bits=0xbfd84eb5a85601e8
surface_depth 31 -3 2 -0.39997840518673150 bits=0xbfd9993f06588725
surface_depth -16 -2 2 -0.24357678624543716 bits=0xbfcf2d862d7e956e
surface_depth -15 -2 2 -0.24057776622212230 bits=0xbfcecb409308ccc2
surface_depth -14 -2 2 -0.23960011358695216 bits=0xbfceab376dfca6f2
surface_depth -13 -2 3 -0.23699505116365255 bits=0xbfce55da9507e6ea
surface_depth -12 -2 2 -0.23294095409237353 bits=0xbfcdd10259dce66a
surface_depth -11 -2 2 -0.22994814644033580 bits=0xbfcd6ef0dc5e5804
surface_depth -10 -2 2 -0.22781441422660964 bits=0xbfcd2905d1549158
surface_depth -9 -2 3 -0.22486739123068994 bits=0xbfccc87465a2e636
surface_depth -8 -2 2 -0.21818590779461788 bits=0xbfcbed840d3685b4
surface_depth -7 -2 2 -0.20910740379696668 bits=0xbfcac4080a546878
surface_depth -6 -2 2 -0.19894437727912442 bits=0xbfc97702651186c1
surface_depth -5 -2 2 -0.18617821730629025 bits=0xbfc7d4b015476fc0
surface_depth -4 -2 2 -0.16433787542561840 bits=0xbfc5090604393c50
surface_depth -3 -2 2 -0.13155524277594130 bits=0xbfc0d6cd5cab8563
surface_depth -2 -2 2 -0.095247060247388910 bits=0xbfb8621c80cd7c3e
surface_depth -1 -2 2 -0.064959706674308420 bits=0xbfb0a13307b95202
surface_depth 0 -2 2 -0.045664831102867384 bits=0xbfa7616178540f46
surface_depth 1 -2 2 -0.038268307043656780 bits=0xbfa397e74e739b0d
surface_depth 2 -2 2 -0.042446080462993540 bits=0xbfa5bb7e1edd277a
surface_depth 3 -2 2 -0.056279703851772514 bits=0xbfacd0b17ef1a092
surface_depth 4 -2 2 -0.074991632030830670 bits=0xbfb332a6cf0bcc26
surface_depth 5 -2 2 -0.091625787740833740 bits=0xbfb774c9a1d12eb0
surface_depth 6 -2 2 -0.10167479163780824 bits=0xbfba075bf0e978e0
surface_depth 7 -2 2 -0.10578135130567075 bits=0xbfbb147c94627165
surface_depth 8 -2 2 -0.11018649740116224 bits=0xbfbc352eaacc7ce6
surface_depth 9 -2 3 -0.11898033819857146 bits=0xbfbe757ed56e0ce0
surface_depth 10 -2 2 -0.13621395461519250 bits=0xbfc16f75782a60d5
surface_depth 11 -2 2 -0.16159952111446500 bits=0xbfc4af4b091e3199
surface_depth 12 -2 2 -0.19031976574297796 bits=0xbfc85c65e8d3011d
surface_depth 13 -2 2 -0.21828706578153484 bits=0xbfcbf0d4a055f37a
surface_depth 14 -2 2 -0.24198178390259972 bits=0xbfcef942540b71a0
surface_depth 15 -2 2 -0.26047084131382610 bits=0xbfd0ab8de440498b
surface_depth 16 -2 2 -0.27770361348746053 bits=0xbfd1c5e5607a37fe
surface_depth 17 -2 2 -0.29683283679294536 bits=0xbfd2ff4f2799e510
surface_depth 18 -2 2 -0.31525974945754454 bits=0xbfd42d373a6a9466
surface_depth 19 -2 2 -0.32747534604767760 bits=0xbfd4f55b27615904
surface_depth 20 -2 2 -0.33448763526920440 bits=0xbfd5683ed399726d
surface_depth 21 -2 2 -0.34305938373193295 bits=0xbfd5f4af586dbb75
surface_depth 22 -2 2 -0.35590293753146160 bits=0xbfd6c71d1d4fde8e
surface_depth 23 -2 2 -0.36998598975585806 bits=0xbfd7add9b77eb1ca
surface_depth 24 -2 2 -0.37696878505990780 bits=0xbfd82041aedc7d75
surface_depth 25 -2 2 -0.37575450163609836 bits=0xbfd80c5c9bf6843c
surface_depth 26 -2 2 -0.37286617528474690 bits=0xbfd7dd0a17287c61
surface_depth 27 -2 2 -0.37570293029798120 bits=0xbfd80b844da9095e
surface_depth 28 -2 2 -0.38687265831640800 bits=0xbfd8c28589cbe021
surface_depth 29 -2 2 -0.40436158073223170 bits=0xbfd9e10f65403e3e
surface_depth 30 -2 2 -0.42439893318904620 bits=0xbfdb295a24a04582
surface_depth 31 -2 2 -0.44527658221274740 bits=0xbfdc7f695991d165
surface_depth -16 -1 3 -0.23226769367803540 bits=0xbfcdbaf2a221db66
surface_depth -15 -1 2 -0.22790095925138615 bits=0xbfcd2bdbcf5b1a0a
surface_depth -14 -1 2 -0.22854099290383859 bits=0xbfcd40d4cd289f15
surface_depth -13 -1 2 -0.23009114211656706 bits=0xbfcd73a0653eb67a
surface_depth -12 -1 2 -0.23209506336665647 bits=0xbfcdb54a815c85ee
surface_depth -11 -1 3 -0.23609895295180375 bits=0xbfce387d90c61f9d
surface_depth -10 -1 3 -0.24055694328883354 bits=0xbfceca91e6202982
surface_depth -9 -1 3 -0.24288736082020534 bits=0xbfcf16eedbaad200
surface_depth -8 -1 2 -0.24079132349839930 bits=0xbfced24005cb07fd
surface_depth -7 -1 3 -0.23535578669917334 bits=0xbfce20236f660df8
surface_depth -6 -1 2 -0.22692800312098550 bits=0xbfcd0bfa0ff9c188
surface_depth -5 -1 2 -0.21392840000428243 bits=0xbfcb62017cda1ca6
surface_depth -4 -1 2 -0.19036316325984430 bits=0xbfc85dd1f44835bd
surface_depth -3 -1 2 -0.15495710567831905 bits=0xbfc3d5a26a95e9c2
surface_depth -2 -1 2 -0.11597906467070321 bits=0xbfbdb0cdd1c805da
surface_depth -1 -1 2 -0.083512754047655240 bits=0xbfb56117836efe80
surface_depth 0 -1 2 -0.062228243620294640 bits=0xbfafdc615e792eec
surface_depth 1 -1 2 -0.054235886828260460 bits=0xbfabc4ce6064d4c6
surface_depth 2 -1 2 -0.060239010121180580 bits=0xbfaed7a5c4d3e88d
surface_depth 3 -1 2 -0.077534642798706340 bits=0xbfb3d94f7320a2e6
surface_depth 4 -1 2 -0.099575445553410890 bits=0xbfb97dc6c222f386
surface_depth 5 -1 2 -0.11872927685180745 bits=0xbfbe650ab927ff88
surface_depth 6 -1 2 -0.13053860170880874 bits=0xbfc0b57d289a3a45
surface_depth 7 -1 2 -0.13619053816278070 bits=0xbfc16eb109b78634
surface_depth 8 -1 2 -0.14299554704954810 bits=0xbfc24dad97069588
surface_depth 9 -1 2 -0.15570843240534432 bits=0xbfc3ee4100723986
surface_depth 10 -1 3 -0.17761201469128188 bits=0xbfc6bbfd913ce4a1
surface_depth 11 -1 3 -0.20734458925376270 bits=0xbfca8a447aec79b2
surface_depth 12 -1 2 -0.23935856648893009 bits=0xbfcea34d2f8b2fcd
surface_depth 13 -1 2 -0.26884681529160664 bits=0xbfd134c945d3eac1
surface_depth 14 -1 2 -0.29207514160260420 bits=0xbfd2b15bef4a18a5
surface_depth 15 -1 2 -0.30860210859224160 bits=0xbfd3c0230ef85722
surface_depth 16 -1 2 -0.32215238032370747 bits=0xbfd49e250474687d
surface_depth 17 -1 2 -0.33499865124517070 bits=0xbfd5709e2ed355e6
surface_depth 18 -1 2 -0.34636451809557345 bits=0xbfd62ad6156dc748
surface_depth 19 -1 2 -0.35306284991431070 bits=0xbfd69894ec74211c
surface_depth 20 -1 2 -0.35734568724229930 bits=0xbfd6dec07204a0e4
surface_depth 21 -1 2 -0.36616052225118460 bits=0xbfd76f2c8b09ed75
surface_depth 22 -1 2 -0.38125889892290470 bits=0xbfd8668bb98bb3bd
surface_depth 23 -1 2 -0.39827005822733086 bits=0xbfd97d41b2c3fe64
surface_depth 24 -1 2 -0.40914807149148360 bits=0xbfda2f7b6491c0ca
surface_depth 25 -1 2 -0.41329811316318177 bits=0xbfda7379ede2332a
surface_depth 26 -1 2 -0.41578554217666297 bits=0xbfda9c3af67318ec
surface_depth 27 -1 2 -0.42222800221362070 bits=0xbfdb05c8993da06d
surface_depth 28 -1 2 -0.43553756134758450 bits=0xbfdbdfd8ef8ab7d0
surface_depth 29 -1 2 -0.45474275695443434 bits=0xbfdd1a815d4d943a
surface_depth 30 -1 2 -0.47604100076801814 bits=0xbfde7774ac76a3d2
surface_depth 31 -1 2 -0.49681960794377833 bits=0xbfdfcbe478085310
surface_depth -16 0 2 -0.22069682780066804 bits=0xbfcc3fcb2cde0e59
surface_depth -15 0 2 -0.21430838927842272 bits=0xbfcb6e75119ac91e
surface_depth -14 0 2 -0.21450605240333678 bits=0xbfcb74ef2feee5fd
surface_depth -13 0 3 -0.21767532061532424 bits=0xbfcbdcc8ef98357c
surface_depth -12 0 2 -0.22341702706941027 bits=0xbfcc98eddc50fb21
surface_depth -11 0 3 -0.23249392569575394 bits=0xbfcdc25c67b0e2aa
surface_depth -10 0 3 -0.24205281374214850 bits=0xbfcefb962b76b200
surface_depth -9 0 3 -0.24848847590444090 bits=0xbfcfce786ab8a274
surface_depth -8 0 2 -0.25005738835321467 bits=0xbfd000f0b4466a24
surface_depth -7 0 3 -0.24804615175458192 bits=0xbfcfbff9eed7a065
surface_depth -6 0 2 -0.24197034640783310 bits=0xbfcef8e262363318
surface_depth -5 0 2 -0.22972994230283744 bits=0xbfcd67ca6e8d23c2
surface_depth -4 0 2 -0.20561779487428558 bits=0xbfca51af143af7fd
surface_depth -3 0 2 -0.16921099837451242 bits=0xbfc5a8b4bc122e5e
surface_depth -2 0 2 -0.12964875525170722 bits=0xbfc0985495e2f7ea
surface_depth -1 0 2 -0.097361517565139400 bits=0xbfb8ecaf35d4c9bd
surface_depth 0 0 2 -0.076399087451147300 bits=0xbfb38ee3fe0c030f
surface_depth 1 0 2 -0.069750130729473640 bits=0xbfb1db25025ff3ce
surface_depth 2 0 2 -0.078911864616253590 bits=0xbfb4339165cb0e6b
surface_depth 3 0 2 -0.10066607187624367 bits=0xbfb9c5406e8676e9
surface_depth 4 0 2 -0.12720692719456134 bits=0xbfc048510c1009a2
surface_depth 5 0 2 -0.15013844291517520 bits=0xbfc337bc8b18b58c
surface_depth 6 0 2 -0.16474836884383715 bits=0xbfc516797c2076d0
surface_depth 7 0 2 -0.17257282595548068 bits=0xbfc616ddc9d41b82
surface_depth 8 0 2 -0.18200561172067180 bits=0xbfc74bf5bb03ae66
surface_depth 9 0 2 -0.19829857454590774 bits=0xbfc961d9024250d5
surface_depth 10 0 2 -0.22387443659956396 bits=0xbfcca7eae3cd82c0
surface_depth 11 0 2 -0.25644093370416976 bits=0xbfd069873be75e04
surface_depth 12 0 2 -0.29020607633437173 bits=0xbfd292bc81bd3909
surface_depth 13 0 2 -0.32026596140375930 bits=0xbfd47f3ccd9012c0
surface_depth 14 0 2 -0.34300175482029090 bits=0xbfd5f3bda1db1ee1
surface_depth 15 0 2 -0.35827722034591760 bits=0xbfd6ee039412666e
surface_depth 16 0 2 -0.36878540528540380 bits=0xbfd79a2e19bc58b8
surface_depth 17 0 2 -0.37538911176143575 bits=0xbfd806600d928cfe
surface_depth 18 0 2 -0.37938387033240284 bits=0xbfd847d348ed48e8
surface_depth 19 0 2 -0.38061695571761960 bits=0xbfd85c0738470e71
surface_depth 20 0 2 -0.38298310145223635 bits=0xbfd882cb8dea1cc2
surface_depth 21 0 2 -0.39324867454771090 bits=0xbfd92afc7d182d51
surface_depth 22 0 3 -0.41170668820446515 bits=0xbfda596702587d49
surface_depth 23 0 3 -0.43247334537967186 bits=0xbfdbada4aeb308a8
surface_depth 24 0 2 -0.44810122921523870 bits=0xbfdcadb0c731b7e9
surface_depth 25 0 2 -0.45833687074775560 bits=0xbfdd55642b9a67dd
surface_depth 26 0 2 -0.46634034665489676 bits=0xbfddd8852e6c0994
surface_depth 27 0 2 -0.47562830489529945 bits=0xbfde70b1b3a4f14d
surface_depth 28 0 2 -0.48915895078479830 bits=0xbfdf4e61580aa602
surface_depth 29 0 2 -0.50741092129787380 bits=0xbfe03cb5d4137171
surface_depth 30 0 2 -0.52758497590094120 bits=0xbfe0e1f9e32b602e
surface_depth 31 0 2 -0.54672998696023730 bits=0xbfe17ecfe2b79342
surface_depth -16 1 3 -0.21827663089084565 bits=0xbfcbf07d1794209e
surface_depth -15 1 2 -0.21003040427141875 bits=0xbfcae246bac175a1
surface_depth -14 1 2 -0.20797770448633096 bits=0xbfca9f036f8870da
surface_depth -13 1 3 -0.20981979207335300 bits=0xbfcadb5ffc8118dc
surface_depth -12 1 2 -0.21600844798667723 bits=0xbfcba62a31e19976
surface_depth -11 1 3 -0.22698414035794800 bits=0xbfcd0dd0f9c626d8
surface_depth -10 1 3 -0.23901371991635903 bits=0xbfce9800672b0435
surface_depth -9 1 3 -0.24761397086757048 bits=0xbfcfb1d08974573a
surface_depth -8 1 2 -0.25133390833995450 bits=0xbfd015dad12c8ab6
surface_depth -7 1 3 -0.25208709037500066 bits=0xbfd02231e439e216
surface_depth -6 1 2 -0.24892524220638904 bits=0xbfcfdcc8473670e1
surface_depth -5 1 2 -0.23885663025429410 bits=0xbfce92daa3affe9a
surface_depth -4 1 2 -0.21601498053921345 bits=0xbfcba660fe6e55f5
surface_depth -3 1 2 -0.18065827939843204 bits=0xbfc71fcf7ce24a6c
surface_depth -2 1 2 -0.14254644061117670 bits=0xbfc23ef6364b08ef
surface_depth -1 1 2 -0.11230070831136703 bits=0xbfbcbfbd3d83d435
surface_depth 0 1 2 -0.093380156094974270 bits=0xbfb7e7c30c85f64e
surface_depth 1 1 2 -0.089040138833385200 bits=0xbfb6cb55a45218ad
surface_depth 2 1 2 -0.10112835133476428 bits=0xbfb9e38c31ae63d0
surface_depth 3 1 2 -0.12632915136451672 bits=0xbfc02b8dbad22e24
surface_depth 4 1 2 -0.15639089363163850 bits=0xbfc4049de6c52210
surface_depth 5 1 2 -0.18241213660233360 bits=0xbfc75947e88cdd6d
surface_depth 6 1 2 -0.19939964003617640 bits=0xbfc985ed6a650ff9
surface_depth 7 1 2 -0.20902852779805903 bits=0xbfcac17261696eb0
surface_depth 8 1 2 -0.22040163035602323 bits=0xbfcc361ee12e9e20
surface_depth 9 1 2 -0.23903471658670522 bits=0xbfce98b0892c9c8e
surface_depth 10 1 2 -0.26661919988920413 bits=0xbfd11049fa00a0de
surface_depth 11 1 3 -0.30017028740924830 bits=0xbfd335fd6fe9d545
surface_depth 12 1 2 -0.33404470081492410 bits=0xbfd560fd0659bdb4
surface_depth 13 1 2 -0.36381352365736590 bits=0xbfd748b8847cdbb1
surface_depth 14 1 2 -0.38623504960859500 bits=0xbfd8b81336a8d296
surface_depth 15 1 2 -0.40123888925354634 bits=0xbfd9ade5e0ce8cdc
surface_depth 16 1 3 -0.41010728088937387 bits=0xbfda3f329bd15dbe
surface_depth 17 1 2 -0.41238978085834466 bits=0xbfda64981b7f6fc6
surface_depth 18 1 2 -0.41124876710268876 bits=0xbfda51e6594e7cd4
surface_depth 19 1 2 -0.40936944997750190 bits=0xbfda331bebe8a1da
surface_depth 20 1 2 -0.41210130497098750 bits=0xbfda5fde26df50ea
surface_depth 21 1 2 -0.42557821090823700 bits=0xbfdb3cac646f6daa
surface_depth 22 1 2 -0.44837557781466375 bits=0xbfdcb22f7ac2805a
surface_depth 23 1 3 -0.47332293573054707 bits=0xbfde4aec485a33c4
surface_depth 24 1 2 -0.49369484417261000 bits=0xbfdf98b2427b3616
surface_depth 25 1 2 -0.50905717061812160 bits=0xbfe04a3243732c07
surface_depth 26 1 2 -0.52067121822981060 bits=0xbfe0a956afc87f1a
surface_depth 27 1 2 -0.53040422316984790 bits=0xbfe0f912470597d1
surface_depth 28 1 2 -0.54130391396905180 bits=0xbfe1525c95f63439
surface_depth 29 1 2 -0.55549290104010040 bits=0xbfe1c6990c6413a0
surface_depth 30 1 2 -0.57196775799846980 bits=0xbfe24d8f53df092d
surface_depth 31 1 2 -0.58792210188754560 bits=0xbfe2d04203067b9a
surface_depth -16 2 3 -0.22685937716724153 bits=0xbfcd09ba62dcb39e
surface_depth -15 2 2 -0.21761125481919033 bits=0xbfcbdaaf8358501d
surface_depth -14 2 2 -0.21265838632273573 bits=0xbfcb3863d73cf6dd
surface_depth -13 2 3 -0.21130512366979110 bits=0xbfcb0c0bd9d1ca5e
surface_depth -12 2 2 -0.21530304997189226 bits=0xbfcb8f0ce32dddca
surface_depth -11 2 3 -0.22525256687252596 bits=0xbfccd5137c075ddd
surface_depth -10 2 2 -0.23716017896364597 bits=0xbfce5b43c647fba1
surface_depth -9 2 3 -0.24603575672102698 bits=0xbfcf7e198461b7d9
surface_depth -8 2 2 -0.25043608316828230 bits=0xbfd0072510bc8d0b
surface_depth -7 2 2 -0.25313270769549817 bits=0xbfd03353874667e9
surface_depth -6 2 2 -0.25314378624098044 bits=0xbfd03381fec5ccd0
surface_depth -5 2 2 -0.24645576651573134 bits=0xbfcf8bdcd08c3f2d
surface_depth -4 2 2 -0.22659866271896460 bits=0xbfcd012f5ad8ff2d
surface_depth -3 2 2 -0.19405748278455560 bits=0xbfc8d6e0270d47a8
surface_depth -2 2 2 -0.15878604247211540 bits=0xbfc45319ddbd4ff5
surface_depth -1 2 2 -0.13146745906774207 bits=0xbfc0d3ecfa9792e9
surface_depth 0 2 2 -0.11524096993491773 bits=0xbfbd806ea507a060
surface_depth 1 2 2 -0.11296795672355742 bits=0xbfbceb77cf9fa5b8
surface_depth 2 2 2 -0.12640392612152765 bits=0xbfc02e00fc63943d
surface_depth 3 2 2 -0.15256785362740280 bits=0xbfc38757eae013fd
surface_depth 4 2 2 -0.18359843835290893 bits=0xbfc78027542944ed
surface_depth 5 2 2 -0.21063462386966364 bits=0xbfcaf6134a7675ae
surface_depth 6 2 2 -0.22866358473685260 bits=0xbfcd44d92d1d8e5a
surface_depth 7 2 2 -0.23932233620396431 bits=0xbfcea21d43996352
surface_depth 8 2 2 -0.25176196107451410 bits=0xbfd01cde334c477c
surface_depth 9 2 2 -0.27150014552902113 bits=0xbfd16042257a023c
surface_depth 10 2 2 -0.29974913576305420 bits=0xbfd32f16ffc6d23c
surface_depth 11 2 3 -0.33310156038233907 bits=0xbfd551893505ad84
surface_depth 12 2 2 -0.36627903208329016 bits=0xbfd7711d9c00876e
surface_depth 13 2 3 -0.39560664371712273 bits=0xbfd9519e87361a7a
surface_depth 14 2 2 -0.41826557415453525 bits=0xbfdac4dcf882543e
surface_depth 15 2 2 -0.43402938872841220 bits=0xbfdbc7233385d985
surface_depth 16 2 2 -0.44295338775777390 bits=0xbfdc59592a849c65
surface_depth 17 2 3 -0.44391700192148430 bits=0xbfdc6922db590882
surface_depth 18 2 2 -0.44139122246766066 bits=0xbfdc3fc0f84f5d31
surface_depth 19 2 3 -0.43992649611594090 bits=0xbfdc27c1765d8ebe
surface_depth 20 2 3 -0.44561710560630110 bits=0xbfdc84fd9bc780e2
surface_depth 21 2 2 -0.46358634996314730 bits=0xbfddab6614fdadba
surface_depth 22 2 2 -0.49081514070547550 bits=0xbfdf6983e86d8bc4
surface_depth 23 2 2 -0.51943095719226940 bits=0xbfe09f2dabb576f9
surface_depth 24 2 3 -0.54340006150641270 bits=0xbfe16388869a0fd2
surface_depth 25 2 2 -0.56155117337745850 bits=0xbfe1f83a2a95f8b6
surface_depth 26 2 3 -0.57372365325589910 bits=0xbfe25bf1b4f59f96
surface_depth 27 2 3 -0.58107767525742460 bits=0xbfe29830357552b7
surface_depth 28 2 2 -0.58705768245219360 bits=0xbfe2c92d315fed5c
surface_depth 29 2 2 -0.59534658047785930 bits=0xbfe30d14459e02c4
surface_depth 30 2 2 -0.60685750807726050 bits=0xbfe36b606fd0c3b4
surface_depth 31 2 2 -0.61902310951430750 bits=0xbfe3cf098d5aa132
surface_depth -16 3 2 -0.23976852675232843 bits=0xbfceb0bc2e8173f9
surface_depth -15 3 3 -0.23007648077058152 bits=0xbfcd7325683e8490
surface_depth -14 3 3 -0.22248708879370930 bits=0xbfcc7a74f9135b7d
surface_depth -13 3 3 -0.21752251031472550 bits=0xbfcbd7c711f90865
surface_depth -12 3 3 -0.21806082337263924 bits=0xbfcbe96ac476500d
surface_depth -11 3 3 -0.22519489892561453 bits=0xbfccd32fbb0e46f1
surface_depth -10 3 3 -0.23527677172244243 bits=0xbfce1d8c9c073668
surface_depth -9 3 2 -0.24327055738582830 bits=0xbfcf237d5806a22a
surface_depth -8 3 3 -0.24752199593115660 bits=0xbfcfaeccfec850b2
surface_depth -7 3 3 -0.25150635333596650 bits=0xbfd018ae1a941bcc
surface_depth -6 3 2 -0.25443037340917674 bits=0xbfd048965539b1e2
surface_depth -5 3 2 -0.25145209726839760 bits=0xbfd017ca8991d0f5
surface_depth -4 3 2 -0.23568757860593761 bits=0xbfce2b02b517cc99
surface_depth -3 3 2 -0.20765434213944240 bits=0xbfca946ae02e3f12
surface_depth -2 3 2 -0.17690890919101024 bits=0xbfc6a4f37dac5795
surface_depth -1 3 2 -0.15370761514717957 bits=0xbfc3acb0ee1a056c
surface_depth 0 3 2 -0.14078422212660340 bits=0xbfc20537a6e9ccc2
surface_depth 1 3 2 -0.13985748006676588 bits=0xbfc1e6d9937e6dfb
surface_depth 2 3 2 -0.15231358554038610 bits=0xbfc37f02f650f458
surface_depth 3 3 2 -0.17612372060612960 bits=0xbfc68b38da06ce35
surface_depth 4 3 2 -0.20475899577429580 bits=0xbfca358af334c99c
surface_depth 5 3 2 -0.23021371579818822 bits=0xbfcd77a49e38d04e
surface_depth 6 3 2 -0.24798900069740262 bits=0xbfcfbe1a83e1ac21
surface_depth 7 3 2 -0.25955048800282130 bits=0xbfd09c79a6688262
surface_depth 8 3 2 -0.27322085648931690 bits=0xbfd17c7354cd3afd
surface_depth 9 3 2 -0.29406155712754920 bits=0xbfd2d1e790b7ea0a
surface_depth 10 3 3 -0.32287855961245304 bits=0xbfd4aa0ad5875d58
surface_depth 11 3 3 -0.35613251240530370 bits=0xbfd6cae00574ad91
surface_depth 12 3 3 -0.38908122192142240 bits=0xbfd8e6b4ece8f97d
surface_depth 13 3 3 -0.41871329977413520 bits=0xbfdacc32de3b87a8
surface_depth 14 3 3 -0.44248195096176290 bits=0xbfdc519fd11cddf6
surface_depth 15 3 3 -0.45991141472555970 bits=0xbfdd6f3049536a71
surface_depth 16 3 2 -0.47047364145883310 bits=0xbfde1c3d79ec86a4
surface_depth 17 3 3 -0.47323081051494525 bits=0xbfde4969e1a7c2c5
surface_depth 18 3 3 -0.47323720085037340 bits=0xbfde4984af39c9b9
surface_depth 19 3 3 -0.47558415933545550 bits=0xbfde6ff88ab5da10
surface_depth 20 3 3 -0.48620734942122190 bits=0xbfdf1e056e35b20e
surface_depth 21 3 2 -0.50902378713909090 bits=0xbfe049ec40d4c031
surface_depth 22 3 3 -0.53982336293838500 bits=0xbfe1463ba52dfcbd
surface_depth 23 3 2 -0.57072027458432980 bits=0xbfe243572a501f6e
surface_depth 24 3 2 -0.59626088440173210 bits=0xbfe31491b4cc7696
surface_depth 25 3 2 -0.61428949355963270 bits=0xbfe3a84270a3ae49
surface_depth 26 3 3 -0.62404708322708620 bits=0xbfe3f83196b3fc1d
surface_depth 27 3 3 -0.62698399217458990 bits=0xbfe41040bbb02c1a
surface_depth 28 3 2 -0.62723461644221360 bits=0xbfe4124e54913aaa
surface_depth 29 3 2 -0.62971898440853580 bits=0xbfe426a86d768f52
surface_depth 30 3 2 -0.63679323455816060 bits=0xbfe4609c3497b932
surface_depth 31 3 2 -0.64591463298082240 bits=0xbfe4ab552a15229d
surface_depth -16 4 3 -0.25372688659625840 bits=0xbfd03d0fb202ff46
surface_depth -15 4 3 -0.24301992320456950 bits=0xbfcf1b46df3853ce
surface_depth -14 4 3 -0.23243783746674712 bits=0xbfcdc085e722e5f2
surface_depth -13 4 3 -0.22338842055654806 bits=0xbfcc97fde44c384c
surface_depth -12 4 3 -0.21959254544014506 bits=0xbfcc1b9bc88e2f40
surface_depth -11 4 2 -0.22296890980637865 bits=0xbfcc8a3ec7d25365
surface_depth -10 4 2 -0.23063749203858808 bits=0xbfcd858782c4c2d8
surface_depth -9 4 3 -0.23773033333026822 bits=0xbfce6df29375d8de
surface_depth -8 4 2 -0.24202752468213365 bits=0xbfcefac2079eeca5
surface_depth -7 4 2 -0.24705579771903720 bits=0xbfcf9f863dbec745
surface_depth -6 4 2 -0.25201912904532753 bits=0xbfd02114d74dd458
surface_depth -5 4 2 -0.25173916097562160 bits=0xbfd01c7e91e0d14b
surface_depth -4 4 2 -0.24011860153459885 bits=0xbfcebc34d2604d40
surface_depth -3 4 2 -0.21816921485072838 bits=0xbfcbecf805639170
surface_depth -2 4 2 -0.19442475146503663 bits=0xbfc8e2e90689a222
surface_depth -1 4 2 -0.17771146860295820 bits=0xbfc6bf3fd8e30d11
surface_depth 0 4 2 -0.16953233866825113 bits=0xbfc5b33c5518e684
surface_depth 1 4 2 -0.16956924961935677 bits=0xbfc5b471f6c2ddee
surface_depth 2 4 2 -0.17871936465498955 bits=0xbfc6e046b12d7336
surface_depth 3 4 2 -0.19678677968834912 bits=0xbfc9304f2785f788
surface_depth 4 4 2 -0.21960773547705903 bits=0xbfcc1c1b34e94a8c
surface_depth 5 4 2 -0.24083682493837483 bits=0xbfced3bdb76432b2
surface_depth 6 4 2 -0.25714612132781856 bits=0xbfd0751501595bd0
surface_depth 7 4 2 -0.26983861575500100 bits=0xbfd145092f7766a4
surface_depth 8 4 2 -0.28564727752436914 bits=0xbfd2480b84ca2686
surface_depth 9 4 3 -0.30855464953319430 bits=0xbfd3bf5c0031861f
surface_depth 10 4 2 -0.33867424418148656 bits=0xbfd5acd6bcb072bd
surface_depth 11 4 2 -0.37252578519974080 bits=0xbfd7d77664165ff8
surface_depth 12 4 3 -0.40597909660029150 bits=0xbfd9fb8fbfb0810e
surface_depth 13 4 3 -0.43635021978727595 bits=0xbfdbed2978e5ae48
surface_depth 14 4 3 -0.46133291542046445 bits=0xbfdd867a7e132691
surface_depth 15 4 3 -0.48045457066345076 bits=0xbfdebfc4870da5c2
surface_depth 16 4 3 -0.49341237666910637 bits=0xbfdf9411814f1189
surface_depth 17 4 3 -0.50007538473989870 bits=0xbfe0009e17dfc26a
surface_depth 18 4 3 -0.50540876994481980 bits=0xbfe02c4f0340c96e
surface_depth 19 4 3 -0.51390156190220000 bits=0xbfe071e1b03776f0
surface_depth 20 4 3 -0.53078578227039640 bits=0xbfe0fc3277010f65
surface_depth 21 4 3 -0.55885298455151160 bits=0xbfe1e21fa77d76aa
surface_depth 22 4 3 -0.59297225551336860 bits=0xbfe2f9a0f39bb053
surface_depth 23 4 3 -0.62550999705311820 bits=0xbfe4042d8a95411e
surface_depth 24 4 3 -0.65132655070541430 bits=0xbfe4d7aac7497acd
surface_depth 25 4 3 -0.66730947953123080 bits=0xbfe55a9968dcb7a5
surface_depth 26 4 3 -0.67290573055170570 bits=0xbfe588719940568a
surface_depth 27 4 2 -0.67060113722365570 bits=0xbfe57590842126fd
surface_depth 28 4 2 -0.66506559290095430 bits=0xbfe54837a3668ad8
surface_depth 29 4 2 -0.66200161203590220 bits=0xbfe52f1e0132fdca
surface_depth 30 4 2 -0.66505537571514310 bits=0xbfe548223617378f
surface_depth 31 4 2 -0.67196960772616180 bits=0xbfe580c66822dfc1
surface_depth -16 5 3 -0.26799717670484996 bits=0xbfd126dda15787cd
surface_depth -15 5 3 -0.25527006638784710 bits=0xbfd0565842b225b8
surface_depth -14 5 3 -0.24048735742184150 bits=0xbfcec84a2b9d3805
surface_depth -13 5 3 -0.22599869266390119 bits=0xbfcced8670f71125
surface_depth -12 5 3 -0.21656115229380363 bits=0xbfcbb8469d57cd9a
surface_depth -11 5 3 -0.21547614966496970 bits=0xbfcb94b8f3f08496
surface_depth -10 5 3 -0.22093476206974410 bits=0xbfcc47971cd1cdc6
surface_depth -9 5 2 -0.22812500469201974 bits=0xbfcd33333d46aa46
surface_depth -8 5 2 -0.23364466389178487 bits=0xbfcde8117f266a99
surface_depth -7 5 2 -0.24037459454489363 bits=0xbfcec4983f2e06a8
surface_depth -6 5 2 -0.24723404365145380 bits=0xbfcfa55d79f86d22
surface_depth -5 5 2 -0.24915238867231662 bits=0xbfcfe439b888b051
surface_depth -4 5 2 -0.24188445566198996 bits=0xbfcef611e13d502a
surface_depth -3 5 2 -0.22723277200996542 bits=0xbfcd15f6a62e5d69
surface_depth -2 5 2 -0.21219048664331314 bits=0xbfcb290ed053e2aa
surface_depth -1 5 2 -0.20341435961092602 bits=0xbfca097b53086934
surface_depth 0 5 2 -0.20065851627160983 bits=0xbfc9af2da2867515
surface_depth 1 5 2 -0.20118799371393142 bits=0xbfc9c08736acb23a
surface_depth 2 5 2 -0.20547180884105020 bits=0xbfca4ce6759c737c
surface_depth 3 5 2 -0.21570518792125320 bits=0xbfcb9c3a43d98336
surface_depth 4 5 2 -0.23059657952842064 bits=0xbfcd84304fd26f91
surface_depth 5 5 2 -0.24590129464992540 bits=0xbfcf79b1914861f5
surface_depth 6 5 2 -0.25993849063056806 bits=0xbfd0a2d50d0eb68e
surface_depth 7 5 2 -0.27396899065338520 bits=0xbfd188b53bbe5ce2
surface_depth 8 5 2 -0.29276585017137563 bits=0xbfd2bcacf9f7c9d7
surface_depth 9 5 2 -0.31869781350945847 bits=0xbfd4658b83951bf4
surface_depth 10 5 3 -0.35073456099909690 bits=0xbfd6726f5f445abd
surface_depth 11 5 3 -0.38548357874869305 bits=0xbfd8abc350f7b92d
surface_depth 12 5 3 -0.41938003184628914 bits=0xbfdad71f5858041a
surface_depth 13 5 3 -0.44976216711135500 bits=0xbfdcc8e741ae2ab5
surface_depth 14 5 3 -0.47476637732602600 bits=0xbfde629283f6c36c
surface_depth 15 5 3 -0.49438620757094265 bits=0xbfdfa4060c471528
surface_depth 16 5 3 -0.50911325645783500 bits=0xbfe04aa7e24e496b
surface_depth 17 5 3 -0.51995782966170980 bits=0xbfe0a37e9a364720
surface_depth 18 5 3 -0.53154958974881670 bits=0xbfe1027449058c5e
surface_depth 19 5 3 -0.54718785134961550 bits=0xbfe1829018ca155d
surface_depth 20 5 3 -0.57112168012112050 bits=0xbfe246a0f9450464
surface_depth 21 5 3 -0.60503520858094340 bits=0xbfe35c72cc3913fe
surface_depth 22 5 3 -0.64281592556731590 bits=0xbfe491f2b4351b61
surface_depth 23 5 3 -0.67701140507978690 bits=0xbfe5aa13d27ac630
surface_depth 24 5 3 -0.70268564055885880 bits=0xbfe67c6698b23626
surface_depth 25 5 3 -0.71593843525538260 bits=0xbfe6e8f7b8abe18a
surface_depth 26 5 2 -0.71686212572634740 bits=0xbfe6f088d7378ae0
surface_depth 27 5 3 -0.70924288034252710 bits=0xbfe6b21e1fffbe6d
surface_depth 28 5 3 -0.69799192959872700 bits=0xbfe655f32bcff371
surface_depth 29 5 3 -0.68944772583181160 bits=0xbfe60ff4ad57f97d
surface_depth 30 5 2 -0.68878852566603820 bits=0xbfe60a8e3bf30fe6
surface_depth 31 5 2 -0.69442477900035590 bits=0xbfe638ba506ad574
surface_depth -16 6 3 -0.28201875106026897 bits=0xbfd20c98602a6860
surface_depth -15 6 3 -0.26782764754080185 bits=0xbfd1241692c9c03f
surface_depth -14 6 3 -0.24884248118853375 bits=0xbfcfda120747b632
surface_depth -13 6 3 -0.22819645252435508 bits=0xbfcd358a9653e195
surface_depth -12 6 3 -0.21191979147602352 bits=0xbfcb20300ee1e066
surface_depth -11 6 3 -0.20530922400420230 bits=0xbfca4792995524d9
surface_depth -10 6 2 -0.20815594261259363 bits=0xbfcaa4da9afe9c38
surface_depth -9 6 3 -0.21585186715794452 bits=0xbfcba108b31ca906
surface_depth -8 6 2 -0.22322644206480957 bits=0xbfcc92af1e22a970
surface_depth -7 6 3 -0.23201012369062657 bits=0xbfcdb281facbcbc4
surface_depth -6 6 2 -0.24086856679087393 bits=0xbfced4c7fc80272a
surface_depth -5 6 2 -0.24524676168105300 bits=0xbfcf643ef26f5d19
surface_depth -4 6 2 -0.24308835545323970 bits=0xbfcf1d84ec5ae428
surface_depth -3 6 2 -0.23660853906446010 bits=0xbfce4930489e3ba0
surface_depth -2 6 2 -0.23069527636082146 bits=0xbfcd876c3da7dc49
surface_depth -1 6 2 -0.22954746401369103 bits=0xbfcd61cfb168c5ea
surface_depth 0 6 2 -0.23149112487304350 bits=0xbfcda1804d526dbd
surface_depth 1 6 2 -0.23162754754030362 bits=0xbfcda5f8b2c4e6aa
surface_depth 2 6 2 -0.23012600022015786 bits=0xbfcd74c4ce73d2ad
surface_depth 3 6 2 -0.23163288235991675 bits=0xbfcda6257334ffd8
surface_depth 4 6 2 -0.23767738590469767 bits=0xbfce6c366bbacf30
surface_depth 5 6 2 -0.24625662872388726 bits=0xbfcf855653656a6a
surface_depth 6 6 2 -0.25757479032409647 bits=0xbfd07c1af92dd3ca
surface_depth 7 6 3 -0.27296290402007306 bits=0xbfd17839667264c6
surface_depth 8 6 2 -0.29512031903008296 bits=0xbfd2e34055a7a27e
surface_depth 9 6 3 -0.32452241942995885 bits=0xbfd4c4f9ae914f5a
surface_depth 10 6 3 -0.35872743956058350 bits=0xbfd6f563ef45cb20
surface_depth 11 6 3 -0.39441098563360940 bits=0xbfd93e07931eafc5
surface_depth 12 6 3 -0.42843025072574010 bits=0xbfdb6b66b6defc0d
surface_depth 13 6 3 -0.45790609560548434 bits=0xbfdd4e555e50ef48
surface_depth 14 6 3 -0.48160310572028630 bits=0xbfded295d52e1f4c
surface_depth 15 6 3 -0.50036260144568570 bits=0xbfe002f86e2b38f4
surface_depth 16 6 3 -0.51588731128163570 bits=0xbfe082261b4c082b
surface_depth 17 6 3 -0.53055575408255310 bits=0xbfe0fa500f8fa765
surface_depth 18 6 3 -0.54845006040136670 bits=0xbfe18ce7241d3812
surface_depth 19 6 3 -0.57119297928986590 bits=0xbfe247367fb82727
surface_depth 20 6 3 -0.60172152816412950 bits=0xbfe3414d81987356
surface_depth 21 6 3 -0.64065054088508130 bits=0xbfe480359028842e
surface_depth 22 6 3 -0.68104132387825670 bits=0xbfe5cb172ca90354
surface_depth 23 6 3 -0.71572267410887370 bits=0xbfe6e7333cc9b475
surface_depth 24 6 3 -0.73996945569640740 bits=0xbfe7add46c8828e2
surface_depth 25 6 3 -0.74953547575580480 bits=0xbfe7fc31d27203f4
surface_depth 26 6 3 -0.74572651091609800 bits=0xbfe7dcfdd804a26e
surface_depth 27 6 3 -0.73375367715961790 bits=0xbfe77ae8fdd70cb5
surface_depth 28 6 2 -0.71839138450933330 bits=0xbfe6fd0fedc64390
surface_depth 29 6 3 -0.70622115151577280 bits=0xbfe6995d19b01e5a
surface_depth 30 6 3 -0.70365787597737010 bits=0xbfe6845d859ca8fd
surface_depth 31 6 2 -0.70990752991079480 bits=0xbfe6b78fff04d509
surface_depth -16 7 3 -0.29225778667352180 bits=0xbfd2b45a00f0e75b
surface_depth -15 7 3 -0.27880027859556780 bits=0xbfd1d7dd1fabc0f6
surface_depth -14 7 3 -0.25768365087717940 bits=0xbfd07de3914eceb9
surface_depth -13 7 3 -0.23240485028447480 bits=0xbfcdbf712fb3a905
surface_depth -12 7 3 -0.21013474000196042 bits=0xbfcae5b1f607ebc8
surface_depth -11 7 3 -0.19821867492967930 bits=0xbfc95f3ac323c449
surface_depth -10 7 3 -0.19832194415735674 bits=0xbfc9629d0c1e1401
surface_depth -9 7 3 -0.20637172332321130 bits=0xbfca6a637d3f056c
surface_depth -8 7 3 -0.21539456067090734 bits=0xbfcb920c88e8aed0
surface_depth -7 7 3 -0.22573389826159332 bits=0xbfcce4d92f50e9c9
surface_depth -6 7 2 -0.23596261457441010 bits=0xbfce3405e0567eca
surface_depth -5 7 2 -0.24238876895456168 bits=0xbfcf06985dc9ecea
surface_depth -4 7 2 -0.24494645359945950 bits=0xbfcf5a67c7bd8cd2
surface_depth -3 7 2 -0.24573233930432337 bits=0xbfcf74284470d9b8
surface_depth -2 7 2 -0.24738372142858428 bits=0xbfcfaa45108c9d16
surface_depth -1 7 2 -0.25188131347924700 bits=0xbfd01ed2ccf77b20
surface_depth 0 7 2 -0.25685408570298810 bits=0xbfd0704c1e7c0d5b
surface_depth 1 7 2 -0.25617936437484207 bits=0xbfd0653e21f999d5
surface_depth 2 7 2 -0.24997368195783100 bits=0xbfcfff233a6f4eb5
surface_depth 3 7 2 -0.24471894890842008 bits=0xbfcf52f35522f6e1
surface_depth 4 7 2 -0.24388623209278220 bits=0xbfcf37a9ff643ec2
surface_depth 5 7 2 -0.24719049918291383 bits=0xbfcfa3f032efaf0d
surface_depth 6 7 2 -0.25643798169764465 bits=0xbfd0697ada35fe0a
surface_depth 7 7 3 -0.27315829688847290 bits=0xbfd17b6ceff11757
surface_depth 8 7 3 -0.29848281141076516 bits=0xbfd31a57a65b5a10
surface_depth 9 7 3 -0.33119440110984060 bits=0xbfd5324a0058a503
surface_depth 10 7 3 -0.36750772593815360 bits=0xbfd7853f1ffba0fc
surface_depth 11 7 3 -0.40413075018612865 bits=0xbfd9dd4738d6df20
surface_depth 12 7 3 -0.43814883891685420 bits=0xbfdc0aa16d7b68a0
surface_depth 13 7 3 -0.46633792837790133 bits=0xbfddd87b09d11e56
surface_depth 14 7 3 -0.48811879579875100 bits=0xbfdf3d569e212fb9
surface_depth 15 7 3 -0.50530210398384760 bits=0xbfe02b6f5166bd5f
surface_depth 16 7 3 -0.52087606156097910 bits=0xbfe0ab0446358eda
surface_depth 17 7 3 -0.53843818060163760 bits=0xbfe13ae2b51341be
surface_depth 18 7 3 -0.56133892828097420 bits=0xbfe1f67d0e5e07fa
surface_depth 19 7 3 -0.58939578251713440 bits=0xbfe2dc548b49f729
surface_depth 20 7 3 -0.62417877994520300 bits=0xbfe3f945c6d71936
surface_depth 21 7 3 -0.66551611178991510 bits=0xbfe54be871e32916
surface_depth 22 7 3 -0.70611982500823260 bits=0xbfe698889a6ef698
surface_depth 23 7 3 -0.73926820526611630 bits=0xbfe7a815cb92e611
surface_depth 24 7 3 -0.76046673793794060 bits=0xbfe855be572474cc
surface_depth 25 7 3 -0.76582972792630870 bits=0xbfe881ad5877f038
surface_depth 26 7 3 -0.75836028599588410 bits=0xbfe8447cca5e003d
surface_depth 27 7 3 -0.74449165354001870 bits=0xbfe7d2e029032dd1
surface_depth 28 7 2 -0.72832161789170210 bits=0xbfe74e69233a11c5
surface_depth 29 7 3 -0.71596246100848070 bits=0xbfe6e92a1b663e42
surface_depth 30 7 3 -0.71424740287959100 bits=0xbfe6db1d5e93dd6d
surface_depth 31 7 3 -0.72314073048597350 bits=0xbfe723f8077af845
surface_depth -16 8 3 -0.29457121355468546 bits=0xbfd2da413823ddb1
surface_depth -15 8 3 -0.28471612070039980 bits=0xbfd238c9f6c35757
surface_depth -14 8 3 -0.26488595104319795 bits=0xbfd0f3e43439a007
surface_depth -13 8 3 -0.23844865510570368 bits=0xbfce857c4bba2298
surface_depth -12 8 3 -0.21319162071174660 bits=0xbfcb49dcef5e7cf1
surface_depth -11 8 3 -0.19784972600282993 bits=0xbfc95323cb5a341d
surface_depth -10 8 3 -0.19573783887317503 bits=0xbfc90df00046668a
surface_depth -9 8 3 -0.20364587738676054 bits=0xbfca11116fabb1c4
surface_depth -8 8 3 -0.21342555567887467 bits=0xbfcb518752e2bd08
surface_depth -7 8 2 -0.22414152457809924 bits=0xbfccb0ab62de87b5
surface_depth -6 8 3 -0.23442305343279068 bits=0xbfce019319f60dd0
surface_depth -5 8 2 -0.24159970866436220 bits=0xbfceecbd3fb7e150
surface_depth -4 8 2 -0.24705342895571690 bits=0xbfcf9f725edd5f10
surface_depth -3 8 2 -0.25245483323781580 bits=0xbfd02838511e4eb0
surface_depth -2 8 2 -0.25863537581986480 bits=0xbfd08d7b642f0a0d
surface_depth -1 8 2 -0.26602238506211584 bits=0xbfd10682c0f6200e
surface_depth 0 8 2 -0.27225864818956896 bits=0xbfd16caf8981c067
surface_depth 1 8 2 -0.27128958305155700 bits=0xbfd15ccefbbcec25
surface_depth 2 8 2 -0.26348186198577495 bits=0xbfd0dce307145b92
surface_depth 3 8 2 -0.25606244071036510 bits=0xbfd06353b8256ff0
surface_depth 4 8 2 -0.25299289857069696 bits=0xbfd03109205ecf12
surface_depth 5 8 2 -0.25460264838884483 bits=0xbfd04b68e813865c
surface_depth 6 8 3 -0.26353094954530987 bits=0xbfd0ddb0ea71faca
surface_depth 7 8 2 -0.28162462389162970 bits=0xbfd20623495738ee
surface_depth 8 8 3 -0.30949803827660200 bits=0xbfd3ced0dc24bf11
surface_depth 9 8 3 -0.34487970201698670 bits=0xbfd61282504de654
surface_depth 10 8 3 -0.38301692550204860 bits=0xbfd883596c36210c
surface_depth 11 8 3 -0.42061335597200916 bits=0xbfdaeb54480a4709
surface_depth 12 8 3 -0.45482710403019866 bits=0xbfdd1be3244938d2
surface_depth 13 8 3 -0.48213386557605200 bits=0xbfdedb48003c5d72
surface_depth 14 8 3 -0.50246422114667030 bits=0xbfe0142fd8a7859e
surface_depth 15 8 3 -0.51839828127244670 bits=0xbfe096b7fe0bc4c1
surface_depth 16 8 3 -0.53385520154103940 bits=0xbfe1155780ed6254
surface_depth 17 8 3 -0.55309416595416280 bits=0xbfe1b2f2894c3576
surface_depth 18 8 3 -0.57867337502021180 bits=0xbfe2847e0698e35a
surface_depth 19 8 3 -0.60898281367860980 bits=0xbfe37cc986926c0f
surface_depth 20 8 3 -0.64457901268004580 bits=0xbfe4a0642a64c2b1
surface_depth 21 8 3 -0.68498328183828500 bits=0xbfe5eb620f39ab80
surface_depth 22 8 3 -0.72316035393829850 bits=0xbfe724212ebdb88a
surface_depth 23 8 3 -0.75293528960329350 bits=0xbfe8180bbf9b36c2
surface_depth 24 8 3 -0.77003862084137250 bits=0xbfe8a42808a575e0
surface_depth 25 8 3 -0.77164725975448930 bits=0xbfe8b1559816318d
surface_depth 26 8 3 -0.76259477986964860 bits=0xbfe8672d2af47ea6
surface_depth 27 8 3 -0.75000782561375710 bits=0xbfe8001069582a41
surface_depth 28 8 3 -0.73676964036980410 bits=0xbfe7939decc25e20
surface_depth 29 8 2 -0.72777145677638010 bits=0xbfe749e75dba2379
surface_depth 30 8 2 -0.72930905770147270 bits=0xbfe7567ff2f02410
surface_depth 31 8 2 -0.74198348367430020 bits=0xbfe7be542591b462
surface_depth -16 9 3 -0.28706442052245984 bits=0xbfd25f43727f4e56
surface_depth -15 9 3 -0.28314354396302590 bits=0xbfd21f0619594354
surface_depth -14 9 3 -0.26790265027472770 bits=0xbfd12551285c4480
surface_depth -13 9 3 -0.24423044808152210 bits=0xbfcf42f17d9949c2
surface_depth -12 9 3 -0.21985433524617460 bits=0xbfcc242fd5e210e0
surface_depth -11 9 3 -0.20382175606448522 bits=0xbfca16d4d0414ffe
surface_depth -10 9 3 -0.20047600880447597 bits=0xbfc9a932a6b95292
surface_depth -9 9 3 -0.20765117840615616 bits=0xbfca9450561d7a8a
surface_depth -8 9 3 -0.21703375165621802 bits=0xbfcbc7c310beee22
surface_depth -7 9 3 -0.22681815185807497 bits=0xbfcd0860902f4ed8
surface_depth -6 9 3 -0.23576947084277156 bits=0xbfce2db1ab551c68
surface_depth -5 9 3 -0.24213853247440292 bits=0xbfcefe653b0a1c7e
surface_depth -4 9 3 -0.24808439590035503 bits=0xbfcfc13abf851ccc
surface_depth -3 9 2 -0.25487945321347560 bits=0xbfd04ff1e8fe59f2
surface_depth -2 9 2 -0.26238887940722830 bits=0xbfd0cafab9f8d72e
surface_depth -1 9 2 -0.27030241156124300 bits=0xbfd14ca27c6bdec2
surface_depth 0 9 2 -0.27668300167647570 bits=0xbfd1b52c9ee3d019
surface_depth 1 9 2 -0.27663334336108775 bits=0xbfd1b45c56ae0445
surface_depth 2 9 2 -0.27099617401935120 bits=0xbfd1580056304571
surface_depth 3 9 2 -0.26664529888242780 bits=0xbfd110b771954251
surface_depth 4 9 2 -0.26663602059513190 bits=0xbfd1109087191130
surface_depth 5 9 3 -0.27071542057584885 bits=0xbfd15366c5795aa0
surface_depth 6 9 3 -0.28143871776242380 bits=0xbfd203178a2789c8
surface_depth 7 9 3 -0.30102497619233880 bits=0xbfd343fe43019e16
surface_depth 8 9 3 -0.33070336209177130 bits=0xbfd52a3e6f37213e
surface_depth 9 9 3 -0.36794788987689930 bits=0xbfd78c754e69d2d0
surface_depth 10 9 3 -0.40756338924671660 bits=0xbfda1584c0f723e5
surface_depth 11 9 3 -0.44622598947185077 bits=0xbfdc8ef773da09a8
surface_depth 12 9 3 -0.48111120624128056 bits=0xbfdeca86a822e804
surface_depth 13 9 3 -0.50858881524095780 bits=0xbfe0465c0d124817
surface_depth 14 9 3 -0.52884119042842870 bits=0xbfe0ec445c355eb2
surface_depth 15 9 3 -0.54478461965769350 bits=0xbfe16ee02799651c
surface_depth 16 9 3 -0.56064601465684790 bits=0xbfe1f0cfe932af4c
surface_depth 17 9 3 -0.58063302006980530 bits=0xbfe2948bb305ae4a
surface_depth 18 9 3 -0.60660166091526090 bits=0xbfe36947e2ea920a
surface_depth 19 9 3 -0.63622608677986590 bits=0xbfe45bf6cf729c52
surface_depth 20 9 3 -0.66964149380534170 bits=0xbfe56db3ff7e086e
surface_depth 21 9 3 -0.70652071239499010 bits=0xbfe69bd15335dbfe
surface_depth 22 9 3 -0.74054819691014570 bits=0xbfe7b29221dae832
surface_depth 23 9 3 -0.76608924485865360 bits=0xbfe883cd978f8732
surface_depth 24 9 3 -0.77907811115114680 bits=0xbfe8ee35380d8e5d
surface_depth 25 9 3 -0.77814639970634510 bits=0xbfe8e6934747a50a
surface_depth 26 9 3 -0.76968511033934230 bits=0xbfe8a142ab240522
surface_depth 27 9 2 -0.76089030079819200 bits=0xbfe859369db8b2e4
surface_depth 28 9 2 -0.75313557746708300 bits=0xbfe819afc8559b35
surface_depth 29 9 3 -0.74963318094547800 bits=0xbfe7fcfeb985086d
surface_depth 30 9 2 -0.75545692220971240 bits=0xbfe82cb3fecdae55
surface_depth 31 9 3 -0.77167843784016220 bits=0xbfe8b196fab1a8e2
surface_depth -16 10 3 -0.27252900304542570 bits=0xbfd1711d7cd2a960
surface_depth -15 10 3 -0.27525891065660270 bits=0xbfd19dd78cccf8f2
surface_depth -14 10 3 -0.26613938193432230 bits=0xbfd1086d796579f0
surface_depth -13 10 3 -0.24760888717062815 bits=0xbfcfb1a5e44c6401
surface_depth -12 10 3 -0.22695139752566212 bits=0xbfcd0cbe4f13bd4a
surface_depth -11 10 3 -0.21263856505536060 bits=0xbfcb37bd9163fc78
surface_depth -10 10 3 -0.20931904577882468 bits=0xbfcacaf76c0665b5
surface_depth -9 10 3 -0.21574592183113056 bits=0xbfcb9d8ff7414a3e
surface_depth -8 10 3 -0.22423666646375320 bits=0xbfccb3c97e835009
surface_depth -7 10 3 -0.23253001928731235 bits=0xbfcdc38b2e16b051
surface_depth -6 10 3 -0.23945555901532360 bits=0xbfcea67ad16879a9
surface_depth -5 10 2 -0.24393767265908173 bits=0xbfcf3959832aa354
surface_depth -4 10 3 -0.24847952327136374 bits=0xbfcfce2d51168d02
surface_depth -3 10 2 -0.25425106103282824 bits=0xbfd045a63e06feba
surface_depth -2 10 3 -0.26097486035364303 bits=0xbfd0b3cfe6930318
surface_depth -1 10 2 -0.26821958841245550 bits=0xbfd12a827e18326a
surface_depth 0 10 2 -0.27444597009536540 bits=0xbfd19085d4850798
surface_depth 1 10 2 -0.27634173126447203 bits=0xbfd1af953a934268
surface_depth 2 10 3 -0.27530039714123944 bits=0xbfd19e858e93092e
surface_depth 3 10 2 -0.27722654768231636 bits=0xbfd1be146af839e4
surface_depth 4 10 2 -0.28353400509474197 bits=0xbfd2256bcfcbe461
surface_depth 5 10 2 -0.29268731366930456 bits=0xbfd2bb63920a7afe
surface_depth 6 10 3 -0.30657136043293020 bits=0xbfd39edd7bbcc74a
surface_depth 7 10 3 -0.32776447374305434 bits=0xbfd4fa17d7e117a9
surface_depth 8 10 3 -0.35876910433806370 bits=0xbfd6f612b07c9ed9
surface_depth 9 10 3 -0.39735233806611153 bits=0xbfd96e38803eeadd
surface_depth 10 10 3 -0.43826286960336225 bits=0xbfdc0c7fb4ffd7ea
surface_depth 11 10 3 -0.47813880039197876 bits=0xbfde99d37ba8764e
surface_depth 12 10 3 -0.51418849462698010 bits=0xbfe0743b6e0ce010
surface_depth 13 10 3 -0.54286191472432600 bits=0xbfe15f1ff33f8479
surface_depth 14 10 3 -0.56437815565004680 bits=0xbfe20f62c722fffd
surface_depth 15 10 3 -0.58161395023657800 bits=0xbfe29c94dbe53b2e
surface_depth 16 10 3 -0.59860522708125750 bits=0xbfe327c62630eabd
surface_depth 17 10 3 -0.61905099518852950 bits=0xbfe3cf44085c82f8
surface_depth 18 10 3 -0.64431150193190930 bits=0xbfe49e3327a77e7f
surface_depth 19 10 3 -0.67197646874919470 bits=0xbfe580d4cb9eb30e
surface_depth 20 10 3 -0.70220155416508350 bits=0xbfe6786f64cadc6a
surface_depth 21 10 3 -0.73497379727473190 bits=0xbfe784e7c4d6c7f2
surface_depth 22 10 3 -0.76479404985274440 bits=0xbfe879315f095fb0
surface_depth 23 10 3 -0.78648980148738650 bits=0xbfe92aeca900d3d2
surface_depth 24 10 3 -0.79622563444822490 bits=0xbfe97aae2e8624ad
surface_depth 25 10 3 -0.79402992068814240 bits=0xbfe968b16facd55d
surface_depth 26 10 3 -0.78732941282970540 bits=0xbfe931cd73e909f9
surface_depth 27 10 2 -0.78294190588908610 bits=0xbfe90ddc2f0ec4e4
surface_depth 28 10 2 -0.78080643384133100 bits=0xbfe8fc5dc63b5b60
surface_depth 29 10 3 -0.78257016401682120 bits=0xbfe90ad095a8e220
surface_depth 30 10 2 -0.79203420622320890 bits=0xbfe958581ea15814
surface_depth 31 10 2 -0.81059126564987660 bits=0xbfe9f05d180c7686
surface_depth -16 11 3 -0.25583881630152580 bits=0xbfd05fa9c543fe71
surface_depth -15 11 3 -0.26474837562035836 bits=0xbfd0f1a32bbd5918
surface_depth -14 11 3 -0.26144976894363920 bits=0xbfd0bb97cfca384f
surface_depth -13 11 3 -0.24833510129525720 bits=0xbfcfc971d1418876
surface_depth -12 11 3 -0.23257495085624275 bits=0xbfcdc50417e5ef72
surface_depth -11 11 3 -0.22181099972810730 bits=0xbfcc644d86dcd62a
surface_depth -10 11 3 -0.22033956194350068 bits=0xbfcc34163647f980
surface_depth -9 11 3 -0.22727215010486300 bits=0xbfcd1740f9fef984
surface_depth -8 11 3 -0.23568102944037740 bits=0xbfce2acbc4ddf4d4
surface_depth -7 11 3 -0.24308186669271253 bits=0xbfcf1d4e7dd91106
surface_depth -6 11 3 -0.24826842083872336 bits=0xbfcfc7427610e180
surface_depth -5 11 3 -0.25065586705443266 bits=0xbfd00abee7e327ee
surface_depth -4 11 3 -0.25280324968811520 bits=0xbfd02dedae6ee918
surface_depth -3 11 3 -0.25591025908563986 bits=0xbfd060d56c5ef51b
surface_depth -2 11 2 -0.26014313091312980 bits=0xbfd0a62f5fe34296
surface_depth -1 11 3 -0.26547818790695480 bits=0xbfd0fd9839b72651
surface_depth 0 11 2 -0.27075971102882446 bits=0xbfd1542089fc5d94
surface_depth 1 11 3 -0.27415986086403220 bits=0xbfd18bd5cd125d0a
surface_depth 2 11 2 -0.27756722715137716 bits=0xbfd1c3a954c39ed0
surface_depth 3 11 3 -0.28574112113698460 bits=0xbfd249952099f75e
surface_depth 4 11 3 -0.29854179011032633 bits=0xbfd31b4f0640d76a
surface_depth 5 11 3 -0.31337257713021820 bits=0xbfd40e4bda8f339b
surface_depth 6 11 3 -0.33136409869518270 bits=0xbfd53511c3bdb784
surface_depth 7 11 3 -0.35518533364393423 bits=0xbfd6bb5b4401403e
surface_depth 8 11 3 -0.38831057314965060 bits=0xbfd8da14971799d9
surface_depth 9 11 3 -0.42871820425289286 bits=0xbfdb701e7a9dd352
surface_depth 10 11 3 -0.47117040181403460 bits=0xbfde27a7e6a89af4
surface_depth 11 11 3 -0.51243088726901660 bits=0xbfe065d575c8fb68
surface_depth 12 11 3 -0.54994816293258740 bits=0xbfe1992ce3c94dc3
surface_depth 13 11 3 -0.58030692355138160 bits=0xbfe291dfd3497532
surface_depth 14 11 3 -0.60364817135575300 bits=0xbfe35115f8486bd5
surface_depth 15 11 3 -0.62266011825073350 bits=0xbfe3ecd4e98d21f1
surface_depth 16 11 3 -0.64107882046647640 bits=0xbfe483b7bb01fa08
surface_depth 17 11 3 -0.66216282035257510 bits=0xbfe530701541536c
surface_depth 18 11 3 -0.68706733956572250 bits=0xbfe5fc74a532b444
surface_depth 19 11 3 -0.71354705896444570 bits=0xbfe6d560a44d18ce
surface_depth 20 11 3 -0.74164298707490280 bits=0xbfe7bb8a12d96c34
surface_depth 21 11 3 -0.77130087051585820 bits=0xbfe8ae7f29c7bdfc
surface_depth 22 11 3 -0.79762073915958090 bits=0xbfe9861beda9a7e8
surface_depth 23 11 3 -0.81598901575122880 bits=0xbfea1c94ff117f08
surface_depth 24 11 3 -0.82308220923458920 bits=0xbfea56b080529fa9
surface_depth 25 11 3 -0.81998706216887350 bits=0xbfea3d5581e511dd
surface_depth 26 11 3 -0.81461943476847880 bits=0xbfea115cc6e0882a
surface_depth 27 11 2 -0.81317141010391070 bits=0xbfea05800c8e0832
surface_depth 28 11 3 -0.81450319051727520 bits=0xbfea1068feb84ca1
surface_depth 29 11 2 -0.81938492891905590 bits=0xbfea3866be115d39
surface_depth 30 11 2 -0.83086384262781570 bits=0xbfea966fc4f07dd2
surface_depth 31 11 3 -0.85045474661482870 bits=0xbfeb36ecdf6e0978
surface_depth -16 12 3 -0.23478900262443997 bits=0xbfce0d90e7ddc032
surface_depth -15 12 3 -0.24992937043552535 bits=0xbfcffdaf842a4c35
surface_depth -14 12 3 -0.25269586666750454 bits=0xbfd02c2b48caf6b8
surface_depth -13 12 3 -0.24547852644696666 bits=0xbfcf6bd7217ae10c
surface_depth -12 12 3 -0.23578345757132158 bits=0xbfce2e26ff9a72d8
surface_depth -11 12 3 -0.23034020402805022 bits=0xbfcd7bc9ada09198
surface_depth -10 12 3 -0.23246691230526150 bits=0xbfcdc179cce068cc
surface_depth -9 12 3 -0.24102888697200875 bits=0xbfceda08d977d0c0
surface_depth -8 12 3 -0.24981827650535182 bits=0xbfcffa0b97c44c10
surface_depth -7 12 3 -0.25663392383521944 bits=0xbfd06cb0b17aa6aa
surface_depth -6 12 3 -0.26056674922205520 bits=0xbfd0ad2028955c55
surface_depth -5 12 3 -0.26134872757751450 bits=0xbfd0b9f00372fc1e
surface_depth -4 12 3 -0.26073279925691010 bits=0xbfd0afd89f7363bb
surface_depth -3 12 3 -0.25959042666850460 bits=0xbfd09d212a3956a6
surface_depth -2 12 2 -0.25903160860676700 bits=0xbfd093f94fe62a60
surface_depth -1 12 2 -0.26023918690278947 bits=0xbfd0a7c24338a5ae
surface_depth 0 12 3 -0.26293098784656570 bits=0xbfd0d3dc7e79fb77
surface_depth 1 12 2 -0.26665602929870930 bits=0xbfd110e47347a08d
surface_depth 2 12 2 -0.27359995902837130 bits=0xbfd182a9670daed0
surface_depth 3 12 3 -0.28713385662838320 bits=0xbfd26066aef2c4c0
surface_depth 4 12 3 -0.30604907631065430 bits=0xbfd3964edd6e6acd
surface_depth 5 12 3 -0.32744210298190124 bits=0xbfd4f4cfb8e901b8
surface_depth 6 12 3 -0.35162643349710090 bits=0xbfd6810c2811dde0
surface_depth 7 12 3 -0.38067459420071825 bits=0xbfd85cf8f920a666
surface_depth 8 12 3 -0.41806849834773280 bits=0xbfdac1a25ff90bc1
surface_depth 9 12 3 -0.46158333672218643 bits=0xbfdd8a94d5e66c14
surface_depth 10 12 3 -0.50605386865197730 bits=0xbfe03197e1fbfc16
surface_depth 11 12 3 -0.54882565060398000 bits=0xbfe18ffacf9199bd
surface_depth 12 12 3 -0.58815728259742720 bits=0xbfe2d22f38b52031
surface_depth 13 12 3 -0.62088152535742080 bits=0xbfe3de42eec33913
surface_depth 14 12 3 -0.64683888779915230 bits=0xbfe4b2e7779c1ba1
surface_depth 15 12 3 -0.66823990476017150 bits=0xbfe56238a71a7788
surface_depth 16 12 3 -0.68841511207147720 bits=0xbfe6077f210d69d6
surface_depth 17 12 3 -0.71042519422008120 bits=0xbfe6bbcd9dedc014
surface_depth 18 12 3 -0.73553700929530930 bits=0xbfe78984e8fd78d8
surface_depth 19 12 3 -0.76181925186002260 bits=0xbfe860d2c48676a8
surface_depth 20 12 3 -0.78877111731555850 bits=0xbfe93d9ced1cca5e
surface_depth 21 12 3 -0.81576452651954940 bits=0xbfea1abe35546db0
surface_depth 22 12 3 -0.83841971990429050 bits=0xbfead45597a9eedd
surface_depth 23 12 3 -0.85308480112079780 bits=0xbfeb4c787f30e965
surface_depth 24 12 3 -0.85737917511009940 bits=0xbfeb6fa673abd196
surface_depth 25 12 3 -0.85305358907970920 bits=0xbfeb4c370a5aa615
surface_depth 26 12 3 -0.84801682365519530 bits=0xbfeb22f42d81d1d2
surface_depth 27 12 3 -0.84766674218562400 bits=0xbfeb201600f30305
surface_depth 28 12 3 -0.85031527870017730 bits=0xbfeb35c86329cdec
surface_depth 29 12 2 -0.85656347234124300 bits=0xbfeb68f7cc94ec40
surface_depth 30 12 3 -0.86897218424526020 bits=0xbfebce9ec10ef250
surface_depth 31 12 3 -0.88870555952232800 bits=0xbfec7046a43d7f39
surface_depth -16 13 3 -0.20364038421887880 bits=0xbfca10e35b2eb6fa
surface_depth -15 13 3 -0.22495855895624800 bits=0xbfcccb712ad61052
surface_depth -14 13 3 -0.23518417179936973 bits=0xbfce1a83d3352342
surface_depth -13 13 3 -0.23605268706277488 bits=0xbfce36f97588a52a
surface_depth -12 13 3 -0.23493809816500946 bits=0xbfce12739c1a00ed
surface_depth -11 13 3 -0.23710428908797845 bits=0xbfce596eefafe5b1
surface_depth -10 13 3 -0.24420287714700165 bits=0xbfcf420a3577bdbd
surface_depth -9 13 3 -0.25455368612507640 bits=0xbfd04a9b8b3ef0e1
surface_depth -8 13 3 -0.26307012705958090 bits=0xbfd0d6241611a136
surface_depth -7 13 3 -0.26836938746753847 bits=0xbfd12cf6cb9aeb9a
surface_depth -6 13 3 -0.27035498065646146 bits=0xbfd14d7efa0ebbd6
surface_depth -5 13 3 -0.26921275410525497 bits=0xbfd13ac821a3150d
surface_depth -4 13 3 -0.26546476061213710 bits=0xbfd0fd5fe844744a
surface_depth -3 13 3 -0.25958223633351230 bits=0xbfd09cfecfeb32d8
surface_depth -2 13 3 -0.25382716388819860 bits=0xbfd03eb449ef1ea4
surface_depth -1 13 3 -0.25081238975811226 bits=0xbfd00d4f68dc5528
surface_depth 0 13 3 -0.25125235274540850 bits=0xbfd01484bf8569d9
surface_depth 1 13 3 -0.25589346117778566 bits=0xbfd0608ef7c13498
surface_depth 2 13 3 -0.26680041799050136 bits=0xbfd113420f75036a
surface_depth 3 13 3 -0.28565660604359816 bits=0xbfd24832a535fdb5
surface_depth 4 13 3 -0.31057121922335070 bits=0xbfd3e0661b69292b
surface_depth 5 13 3 -0.33890103454910680 bits=0xbfd5b08df6fe03c4
surface_depth 6 13 3 -0.37027201826887174 bits=0xbfd7b2896845ad91
surface_depth 7 13 3 -0.40586105213342850 bits=0xbfd9f9a0a26886c8
surface_depth 8 13 3 -0.44852265540312860 bits=0xbfdcb4985e1e2d4d
surface_depth 9 13 3 -0.49574477608749120 bits=0xbfdfba484c1d59fd
surface_depth 10 13 3 -0.54265335731410880 bits=0xbfe15d6a92d75182
surface_depth 11 13 3 -0.58745474083747600 bits=0xbfe2cc6de278de20
surface_depth 12 13 3 -0.62946757652857870 bits=0xbfe424992fe2a4d8
surface_depth 13 13 3 -0.66567327653843160 bits=0xbfe54d320b11b823
surface_depth 14 13 3 -0.69522547653231740 bits=0xbfe63f497fa1ac98
surface_depth 15 13 3 -0.71957858105549490 bits=0xbfe706c9a911224a
surface_depth 16 13 3 -0.74158258064625480 bits=0xbfe7bb0b64651618
surface_depth 17 13 3 -0.76395359786768870 bits=0xbfe8724ed0d01ab1
surface_depth 18 13 3 -0.78822005189917110 bits=0xbfe93919421eaae8
surface_depth 19 13 3 -0.81308765253584900 bits=0xbfea04d0658d8842
surface_depth 20 13 3 -0.83769541968776430 bits=0xbfeace669ff22c95
surface_depth 21 13 3 -0.86103720370915140 bits=0xbfeb8d9de4d23e38
surface_depth 22 13 3 -0.87949806456808600 bits=0xbfec24d92006e321
surface_depth 23 13 3 -0.89043560984626570 bits=0xbfec7e72d1ef790d
surface_depth 24 13 3 -0.89221778531890570 bits=0xbfec8d0c501b5602
surface_depth 25 13 3 -0.88697334735970060 bits=0xbfec6215edeaac8a
surface_depth 26 13 3 -0.88233013970669290 bits=0xbfec3c0c6aca1768
surface_depth 27 13 3 -0.88287445122115770 bits=0xbfec4081ebcf0092
surface_depth 28 13 2 -0.88682628383944610 bits=0xbfec60e183ca5b36
surface_depth 29 13 3 -0.89484797307990950 bits=0xbfeca2983768a4a8
surface_depth 30 13 3 -0.90877804855709510 bits=0xbfed14b5b3bc0378
surface_depth 31 13 2 -0.92899535581772830 bits=0xbfedba5477ebefd5
surface_depth -16 14 4 -0.16141426008663717 bits=0xbfc4a938f4170efc
surface_depth -15 14 3 -0.18729899203519973 bits=0xbfc7f969d2aeb698
surface_depth -14 14 3 -0.20568336374155974 bits=0xbfca53d51c4cf675
surface_depth -13 14 3 -0.21694450287795190 bits=0xbfcbc4d66474322d
surface_depth -12 14 3 -0.22725741072891728 bits=0xbfcd16c5556d5afd
surface_depth -11 14 3 -0.23948974719589322 bits=0xbfcea7999bf78278
surface_depth -10 14 3 -0.25278439169388790 bits=0xbfd02d9e95d0ed9c
surface_depth -9 14 3 -0.26467889084961227 bits=0xbfd0f07fbb090038
surface_depth -8 14 3 -0.27191802639500680 bits=0xbfd1671adda3cd85
surface_depth -7 14 3 -0.27428894485015930 bits=0xbfd18df337f24a40
surface_depth -6 14 3 -0.27295342749386803 bits=0xbfd17811a71ab48f
surface_depth -5 14 3 -0.26906384101312086 bits=0xbfd138578b6bfff6
surface_depth -4 14 3 -0.26237054161100470 bits=0xbfd0caadcfe9cbf0
surface_depth -3 14 3 -0.25339209170247906 bits=0xbfd0379376bb56ed
surface_depth -2 14 3 -0.24532943871640783 bits=0xbfcf66f47e04399a
surface_depth -1 14 3 -0.24156752762361822 bits=0xbfceebaf4b75a258
surface_depth 0 14 3 -0.24320993411980840 bits=0xbfcf2180cc8daea0
surface_depth 1 14 3 -0.25146531188529886 bits=0xbfd01801f6a80d16
surface_depth 2 14 3 -0.26736273455569060 bits=0xbfd11c7896457e14
surface_depth 3 14 3 -0.29069084649453486 bits=0xbfd29aadc7bc3285
surface_depth 4 14 3 -0.31938111677722370 bits=0xbfd470bd7ee12916
surface_depth 5 14 3 -0.35179023198370696 bits=0xbfd683bb2d5b068c
surface_depth 6 14 3 -0.38782861316325457 bits=0xbfd8d22f1a7f4f46
surface_depth 7 14 3 -0.42824956548654080 bits=0xbfdb6870dd929e28
surface_depth 8 14 3 -0.47475909667870725 bits=0xbfde6273fa6daacd
surface_depth 9 14 3 -0.52488329153889320 bits=0xbfe0cbd80b6c0b4e
surface_depth 10 14 3 -0.57447474006437290 bits=0xbfe26218d99e8bf1
surface_depth 11 14 3 -0.62249543633812200 bits=0xbfe3eb7b8c9f6851
surface_depth 12 14 3 -0.66888773289544600 bits=0xbfe567873f2f68a5
surface_depth 13 14 3 -0.71023940967391000 bits=0xbfe6ba47ff9c273c
surface_depth 14 14 3 -0.74442361030161590 bits=0xbfe7d2517693b3b9
surface_depth 15 14 3 -0.77201220763296960 bits=0xbfe8b452f1fcaf08
surface_depth 16 14 3 -0.79560216396343950 bits=0xbfe97592ab5b3195
surface_depth 17 14 3 -0.81717441774491440 bits=0xbfea264af6eaf3b5
surface_depth 18 14 3 -0.83856851114889620 bits=0xbfead58da15ae0a1
surface_depth 19 14 3 -0.85958186982130520 bits=0xbfeb81b1d663bec1
surface_depth 20 14 3 -0.87975678038447800 bits=0xbfec26f7b105f055
surface_depth 21 14 3 -0.89848323147285880 bits=0xbfecc05fe7e5c53c
surface_depth 22 14 3 -0.91317256450061910 bits=0xbfed38b5ab844eb9
surface_depth 23 14 3 -0.92172278303609010 bits=0xbfed7ec0c723c790
surface_depth 24 14 3 -0.92239413512345840 bits=0xbfed8440b48c1424
surface_depth 25 14 3 -0.91723289653309960 bits=0xbfed59f8cdad99b8
surface_depth 26 14 3 -0.91338060924497830 bits=0xbfed3a69f8b03f62
surface_depth 27 14 3 -0.91485083171659730 bits=0xbfed4675405e1e30
surface_depth 28 14 3 -0.92039165290402680 bits=0xbfed73d932177e64
surface_depth 29 14 3 -0.93095309936826000 bits=0xbfedca5e277cb040
surface_depth 30 14 2 -0.94744825822465220 bits=0xbfee517f027743f2
surface_depth 31 14 2 -0.96911158766231240 bits=0xbfef02f64de5e588
surface_depth -16 15 3 -0.11579457139169042 bits=0xbfbda4b6892e8074
surface_depth -15 15 3 -0.14336075079279376 bits=0xbfc259a52417afe4
surface_depth -14 15 3 -0.16833012023511290 bits=0xbfc58bd764abb82a
surface_depth -13 15 3 -0.18945153218472888 bits=0xbfc83ff2a3748b54
surface_depth -12 15 3 -0.21099750746179857 bits=0xbfcb01f7610b001c
surface_depth -11 15 3 -0.23310168259091046 bits=0xbfcdd646a3af6da0
surface_depth -10 15 3 -0.25216682688795866 bits=0xbfd0238054a7ac0c
surface_depth -9 15 3 -0.26488938534666084 bits=0xbfd0f3f29bc7c5d6
surface_depth -8 15 3 -0.27008536013587203 bits=0xbfd149141b3a5d6e
surface_depth -7 15 3 -0.26867204948495920 bits=0xbfd131ec4078c7c7
surface_depth -6 15 3 -0.26328079624348294 bits=0xbfd0d997b261f555
surface_depth -5 15 3 -0.25647169618592025 bits=0xbfd06a0842ddf696
surface_depth -4 15 3 -0.24808423496234050 bits=0xbfcfc13965e880da
surface_depth -3 15 3 -0.23927390553113920 bits=0xbfcea086ff856e8e
surface_depth -2 15 3 -0.23363154574973125 bits=0xbfcde7a374278e15
surface_depth -1 15 3 -0.23421208417249340 bits=0xbfcdfaa95ceca764
surface_depth 0 15 3 -0.24162363746966880 bits=0xbfceed85fa6fb782
surface_depth 1 15 3 -0.25661964199388820 bits=0xbfd06c74ca77ffa4
surface_depth 2 15 3 -0.27830511399452307 bits=0xbfd1cfc040baa036
surface_depth 3 15 3 -0.30467663654381710 bits=0xbfd37fd26f73e6fb
surface_depth 4 15 3 -0.33392586587672257 bits=0xbfd55f0a984ea808
surface_depth 5 15 3 -0.36590932676970400 bits=0xbfd76b0ef3f1be90
surface_depth 6 15 3 -0.40203185229300253 bits=0xbfd9bae3ce631eb2
surface_depth 7 15 3 -0.44353589728602405 bits=0xbfdc62e4635c82e2
surface_depth 8 15 3 -0.49080666863439537 bits=0xbfdf69605f9c6146
surface_depth 9 15 3 -0.54181661897622370 bits=0xbfe1568fce5dd45e
surface_depth 10 15 3 -0.59352254586477730 bits=0xbfe2fe22fe7db12e
surface_depth 11 15 3 -0.64529756378728310 bits=0xbfe4a6471394f492
surface_depth 12 15 3 -0.69699558397507800 bits=0xbfe64dc9aed423e5
surface_depth 13 15 3 -0.74430775315859950 bits=0xbfe7d15e7e3f36b0
surface_depth 14 15 3 -0.78344689905767130 bits=0xbfe911ff3b335eb6
surface_depth 15 15 3 -0.81412696799436280 bits=0xbfea0d53ffca7a48
surface_depth 16 15 3 -0.83906090944949130 bits=0xbfead99643ae00ad
surface_depth 17 15 3 -0.85940028756689350 bits=0xbfeb80350828bacd
surface_depth 18 15 3 -0.87727404328231920 bits=0xbfec12a103b0df3a
surface_depth 19 15 3 -0.89368695681468950 bits=0xbfec9915638c2ff8
surface_depth 20 15 3 -0.90915545996495410 bits=0xbfed17cd30f0f026
surface_depth 21 15 3 -0.92405798212931820 bits=0xbfed91e20b9b4d34
surface_depth 22 15 3 -0.93679567492750910 bits=0xbfedfa3aec5b21fd
surface_depth 23 15 3 -0.94524575048291890 bits=0xbfee3f7404203a45
surface_depth 24 15 3 -0.94680228407421440 bits=0xbfee4c344dbc0f2d
surface_depth 25 15 3 -0.94296378807494610 bits=0xbfee2cc264e3036d
surface_depth 26 15 3 -0.94028488600208180 bits=0xbfee16d05449aa3a
surface_depth 27 15 2 -0.94260762106497750 bits=0xbfee29d7752de6ed
surface_depth 28 15 2 -0.94980229147311200 bits=0xbfee64c7c6715f3d
surface_depth 29 15 2 -0.96334547278558940 bits=0xbfeed3b9e28ba3f5
surface_depth 30 15 3 -0.98322401949262580 bits=0xbfef7692380b998e
surface_depth 31 15 2 -1.0073584843040680 bits=0xbff01e23ee16f214
surface_depth -16 16 4 -0.077244429053959370 bits=0xbfb3c64a7895bf22
surface_depth -15 16 4 -0.10359013199166862 bits=0xbfba84e20517b0b5
surface_depth -14 16 4 -0.13169687519168322 bits=0xbfc0db7175f7829a
surface_depth -13 16 3 -0.15902108557024720 bits=0xbfc45acd8cf30648
surface_depth -12 16 3 -0.18805270913526084 bits=0xbfc8121c75d47fa8
surface_depth -11 16 3 -0.21676296749183010 bits=0xbfcbbee3902e3fc8
surface_depth -10 16 3 -0.23942332824437510 bits=0xbfcea56c725ac29d
surface_depth -9 16 3 -0.25205024505668827 bits=0xbfd0219759dde79e
surface_depth -8 16 3 -0.25505489172770945 bits=0xbfd052d1c0a9f0fa
surface_depth -7 16 3 -0.25003707005316160 bits=0xbfd0009b7baa9f95
surface_depth -6 16 3 -0.24098461420455722 bits=0xbfced895766c8315
surface_depth -5 16 3 -0.23198643619882278 bits=0xbfcdb1bb464b75dd
surface_depth -4 16 3 -0.22377568336996984 bits=0xbfcca4ae7cdb66b2
surface_depth -3 16 3 -0.21855275149917197 bits=0xbfcbf9895c11e39c
surface_depth -2 16 3 -0.21965012357249580 bits=0xbfcc1d7ec8a7327c
surface_depth -1 16 3 -0.22878166191960606 bits=0xbfcd48b7adef4325
surface_depth 0 16 3 -0.24536297641533095 bits=0xbfcf680dd3ad3142
surface_depth 1 16 3 -0.26905424943095857 bits=0xbfd1382f5089f886
surface_depth 2 16 3 -0.29662094007024200 bits=0xbfd2fbd6653a4510
surface_depth 3 16 3 -0.32465218800890133 bits=0xbfd4c719f884ad41
surface_depth 4 16 3 -0.35175727566224496 bits=0xbfd68330f2c65c8d
surface_depth 5 16 3 -0.37928599262131790 bits=0xbfd84638c188ece0
surface_depth 6 16 3 -0.41098253800332970 bits=0xbfda4d89b3fce361
surface_depth 7 16 3 -0.44949301013569065 bits=0xbfdcc47e54940e8c
surface_depth 8 16 3 -0.49415609855486550 bits=0xbfdfa040e69a5fd9
surface_depth 9 16 3 -0.54364504087485630 bits=0xbfe1658a48e6153a
surface_depth 10 16 3 -0.59614427949381740 bits=0xbfe3139d2b03f322
surface_depth 11 16 3 -0.65104160024932740 bits=0xbfe4d55531ad00f5
surface_depth 12 16 3 -0.70750218645399770 bits=0xbfe6a3dba01563a6
surface_depth 13 16 3 -0.76015462386670560 bits=0xbfe8532fca2d244e
surface_depth 14 16 3 -0.80360543751494810 bits=0xbfe9b722c0207691
surface_depth 15 16 3 -0.83686073043509830 bits=0xbfeac7902790d03c
surface_depth 16 16 3 -0.86307177707835050 bits=0xbfeb9e48b414de26
surface_depth 17 16 3 -0.88289662174708930 bits=0xbfec40b06a84e25a
surface_depth 18 16 3 -0.89867349217452530 bits=0xbfecc1eee9557e8d
surface_depth 19 16 3 -0.91225981473700220 bits=0xbfed313b7eb803a2
surface_depth 20 16 3 -0.92514677797848680 bits=0xbfed9acd6a6d5b20
surface_depth 21 16 3 -0.93873419268022170 bits=0xbfee0a1c4a265a3c
surface_depth 22 16 3 -0.95204984188553840 bits=0xbfee77313ae1ee75
surface_depth 23 16 3 -0.96261244517296660 bits=0xbfeecdb89d57b20d
surface_depth 24 16 3 -0.96674147913633450 bits=0xbfeeef8bd392789c
surface_depth 25 16 3 -0.96514845496318120 bits=0xbfeee27f033b41e2
surface_depth 26 16 2 -0.96385361745028910 bits=0xbfeed7e38aa291b5
surface_depth 27 16 3 -0.96690218085377890 bits=0xbfeef0dcd7a6567d
surface_depth 28 16 2 -0.97557169065395950 bits=0xbfef37e21f4863d2
surface_depth 29 16 3 -0.99200280040373970 bits=0xbfefbe7ca828c885
surface_depth 30 16 2 -1.0154611599435817 bits=0xbff03f5433850df6
surface_depth 31 16 2 -1.0426575010574874 bits=0xbff0aeb9a1bf8931
surface_depth -16 17 4 -0.053296018426982006 bits=0xbfab499da04d42e8
surface_depth -15 17 3 -0.076737396415695130 bits=0xbfb3a50fdffc502a
surface_depth -14 17 4 -0.10419921505884397 bits=0xbfbaacccbcf254be
surface_depth -13 17 4 -0.13262520008212242 bits=0xbfc0f9dcd07d34c0
surface_depth -12 17 4 -0.16357338990385598 bits=0xbfc4eff90c110375
surface_depth -11 17 4 -0.19405408564910248 bits=0xbfc8d6c3a7c25062
surface_depth -10 17 3 -0.21737094640027577 bits=0xbfcbd2cfa8f1e370
surface_depth -9 17 3 -0.22917099007260805 bits=0xbfcd557999c6e2aa
surface_depth -8 17 3 -0.23050046564163473 bits=0xbfcd810a0cd26140
surface_depth -7 17 3 -0.22298495962416814 bits=0xbfcc8ac56a8af7a6
surface_depth -6 17 3 -0.21157519712118128 bits=0xbfcb14e56423de7a
surface_depth -5 17 3 -0.20164222710738072 bits=0xbfc9cf6999759b66
surface_depth -4 17 3 -0.19523757432232014 bits=0xbfc8fd8b7a551604
surface_depth -3 17 3 -0.19568090360391782 bits=0xbfc90c1264b71c72
surface_depth -2 17 3 -0.20557803759851612 bits=0xbfca506192217858
surface_depth -1 17 3 -0.22479854905784014 bits=0xbfccc632e8322268
surface_depth 0 17 3 -0.25132861526891130 bits=0xbfd015c49dc8408f
surface_depth 1 17 3 -0.28363213006734950 bits=0xbfd2270760aefb3d
surface_depth 2 17 3 -0.31636433194953630 bits=0xbfd43f502ed6067e
surface_depth 3 17 3 -0.34521938724036333 bits=0xbfd618130e891f0d
surface_depth 4 17 3 -0.36904107696918600 bits=0xbfd79e5e771da642
surface_depth 5 17 3 -0.39016080955429905 bits=0xbfd8f8650b4ddcc1
surface_depth 6 17 3 -0.41479054250367287 bits=0xbfda8beda1af936c
surface_depth 7 17 3 -0.44751833853034473 bits=0xbfdca423f5164710
surface_depth 8 17 3 -0.48725191838687610 bits=0xbfdf2f22ab98a21a
surface_depth 9 17 3 -0.53337720412834090 bits=0xbfe1116d12053872
surface_depth 10 17 3 -0.58512953768253520 bits=0xbfe2b9619488a490
surface_depth 11 17 3 -0.64161965885030450 bits=0xbfe48825f3677290
surface_depth 12 17 3 -0.70107207905011970 bits=0xbfe66f2eb6751674
surface_depth 13 17 3 -0.75728212343412430 bits=0xbfe83ba7b83fd708
surface_depth 14 17 3 -0.80370849376448740 bits=0xbfe9b7fae0078c70
surface_depth 15 17 3 -0.83886551259545360 bits=0xbfead7fc7ccadf3a
surface_depth 16 17 3 -0.86648399210355860 bits=0xbfebba3ca312f42d
surface_depth 17 17 3 -0.88733228679542010 bits=0xbfec6506ae0f1440
surface_depth 18 17 3 -0.90385097473181560 bits=0xbfecec58e11dc9b1
surface_depth 19 17 3 -0.91808871778885960 bits=0xbfed60fb973759e9
surface_depth 20 17 3 -0.93196769059696700 bits=0xbfedd2ade8015d25
surface_depth 21 17 3 -0.94739398957552370 bits=0xbfee510d3334ec40
surface_depth 22 17 3 -0.96349207252921510 bits=0xbfeed4ed53aefbd0
surface_depth 23 17 3 -0.97743075205568240 bits=0xbfef471cdb45e206
surface_depth 24 17 3 -0.98485396560937070 bits=0xbfef83ec76b419da
surface_depth 25 17 3 -0.98576349996752160 bits=0xbfef8b5fe53e6e9c
surface_depth 26 17 3 -0.98582569982035610 bits=0xbfef8be256891c9c
surface_depth 27 17 2 -0.98948444888400110 bits=0xbfefa9db4a7b6f90
surface_depth 28 17 3 -0.99929036801482680 bits=0xbfeffa2fcb3a9b88
surface_depth 29 17 2 -1.0180302192079630 bits=0xbff049da0e1d6817
surface_depth 30 17 2 -1.0445716278213606 bits=0xbff0b690bd3d27d8
surface_depth 31 17 2 -1.0747456112739590 bits=0xbff13228743f0f16
surface_depth -16 18 4 -0.043785806089827364 bits=0xbfa66b17da5e9eea
surface_depth -15 18 4 -0.064237650104710070 bits=0xbfb071e0ee5f2289
surface_depth -14 18 4 -0.088701159733086600 bits=0xbfb6b51e842bbeba
surface_depth -13 18 4 -0.11426357976736407 bits=0xbfbd4060c23986fc
surface_depth -12 18 4 -0.14250619804128745 bits=0xbfc23da4a20845c2
surface_depth -11 18 3 -0.17066176632469293 bits=0xbfc5d83ea885652e
surface_depth -10 18 3 -0.19220563192203724 bits=0xbfc89a31b39b282d
surface_depth -9 18 4 -0.20275675702040402 bits=0xbfc9f3eef4390b2e
surface_depth -8 18 3 -0.20308213016529958 bits=0xbfc9fe9861bb220e
surface_depth -7 18 3 -0.19436640878490474 bits=0xbfc8e0ff9c960874
surface_depth -6 18 3 -0.18208471482186517 bits=0xbfc74e8d4ba17578
surface_depth -5 18 3 -0.17235250541215488 bits=0xbfc60fa59b107ec1
surface_depth -4 18 3 -0.16841893457952600 bits=0xbfc58ec06c05eaca
surface_depth -3 18 3 -0.17455195456468120 bits=0xbfc657b7ec277290
surface_depth -2 18 3 -0.19256008646138160 bits=0xbfc8a5cf14eeeba5
surface_depth -1 18 3 -0.22060569347330200 bits=0xbfcc3cceaf63bde6
surface_depth 0 18 3 -0.25542076333664230 bits=0xbfd058d0545003d8
surface_depth 1 18 3 -0.29461274598908150 bits=0xbfd2daef6b4080c8
surface_depth 2 18 3 -0.33144533640559280 bits=0xbfd53666801184f2
surface_depth 3 18 3 -0.36122507103590730 bits=0xbfd71e4fc2a60c44
surface_depth 4 18 3 -0.38266844951698530 bits=0xbfd87da3cef8bc12
surface_depth 5 18 3 -0.39824308236547220 bits=0xbfd97cd08da78c49
surface_depth 6 18 3 -0.41596661055744850 bits=0xbfda9f326b249f15
surface_depth 7 18 3 -0.44232789056652944 bits=0xbfdc4f19a405e1de
surface_depth 8 18 3 -0.47656777249947110 bits=0xbfde80161d4d9e75
surface_depth 9 18 3 -0.51863797102454650 bits=0xbfe098aea8807483
surface_depth 10 18 3 -0.56846914869660200 bits=0xbfe230e6364dfad0
surface_depth 11 18 3 -0.62479060717845350 bits=0xbfe3fe48df15bdfa
surface_depth 12 18 3 -0.68503739772825960 bits=0xbfe5ebd38c78f448
surface_depth 13 18 3 -0.74268737710551640 bits=0xbfe7c418517a3f2d
surface_depth 14 18 3 -0.79068538484393000 bits=0xbfe94d4b6faa8e29
surface_depth 15 18 3 -0.82721838780422910 bits=0xbfea7892b2489bb9
surface_depth 16 18 3 -0.85647893331352880 bits=0xbfeb684682096d20
surface_depth 17 18 3 -0.87993314183301790 bits=0xbfec28698c5adbe2
surface_depth 18 18 3 -0.90005253123362320 bits=0xbfeccd3af74a92e2
surface_depth 19 18 3 -0.91843442582004240 bits=0xbfed63d097cd5d25
surface_depth 20 18 3 -0.93668392522211500 bits=0xbfedf95091309295
surface_depth 21 18 3 -0.95649264155921450 bits=0xbfee9b9674cb9138
surface_depth 22 18 3 -0.97663087705203480 bits=0xbfef408f65a67921
surface_depth 23 18 3 -0.99418140292444360 bits=0xbfefd055847b42a2
surface_depth 24 18 3 -1.0048025331898014 bits=0xbff013abd22fcf78
surface_depth 25 18 3 -1.0080268306330142 bits=0xbff020e0bdf0f301
surface_depth 26 18 3 -1.0093401787292530 bits=0xbff02641e322e51e
surface_depth 27 18 3 -1.0135919168278875 bits=0xbff037ac2864406d
surface_depth 28 18 2 -1.0242874583333688 bits=0xbff0637b3ef3eaa0
surface_depth 29 18 2 -1.0447552035264296 bits=0xbff0b7513b778ca7
surface_depth 30 18 2 -1.0737138838198972 bits=0xbff12dee9c044819
surface_depth 31 18 2 -1.1064332661583027 bits=0xbff1b3f35e55b3b5
surface_depth -16 19 4 -0.043745733094653030 bits=0xbfa665d739f65012
surface_depth -15 19 4 -0.062075587670254410 bits=0xbfafc85f15d8f24a
surface_depth -14 19 4 -0.083017422669051520 bits=0xbfb540a13b5c9df6
surface_depth -13 19 4 -0.10406418463614694 bits=0xbfbaa3f34db278de
surface_depth -12 19 4 -0.12713315794500052 bits=0xbfc045e639ce3496
surface_depth -11 19 4 -0.15020042839259423 bits=0xbfc339c483e54c02
surface_depth -10 19 4 -0.16777271742731992 bits=0xbfc579938f41752c
surface_depth -9 19 4 -0.17599887758133448 bits=0xbfc6872197ac19dc
surface_depth -8 19 3 -0.17512852632506260 bits=0xbfc66a9c8e94d740
surface_depth -7 19 3 -0.16589392910627904 bits=0xbfc53c03240ee68e
surface_depth -6 19 3 -0.15388453964377746 bits=0xbfc3b27d1490a524
surface_depth -5 19 3 -0.14514314210083348 bits=0xbfc2940cec47e7c5
surface_depth -4 19 3 -0.14352070305218090 bits=0xbfc25ee2eaf43acc
surface_depth -3 19 3 -0.15403803203995267 bits=0xbfc3b784aaf9d47b
surface_depth -2 19 3 -0.17802649057360110 bits=0xbfc6c992716aea18
surface_depth -1 19 3 -0.21249833263043110 bits=0xbfcb3325368d15ea
surface_depth 0 19 3 -0.25324166685467300 bits=0xbfd0351c894805b2
surface_depth 1 19 3 -0.29746533010257764 bits=0xbfd309ac061f00a9
surface_depth 2 19 3 -0.33786971912113606 bits=0xbfd59fa8507bc66a
surface_depth 3 19 3 -0.36979638165080675 bits=0xbfd7aabe7157a36c
surface_depth 4 19 3 -0.39165969795213930 bits=0xbfd910f3d677673e
surface_depth 5 19 3 -0.40518530024435584 bits=0xbfd9ee8e5357a50e
surface_depth 6 19 3 -0.41885539515801140 bits=0xbfdace86dbfd3c78
surface_depth 7 19 3 -0.44034983961073240 bits=0xbfdc2eb117fb5300
surface_depth 8 19 3 -0.46986126988622580 bits=0xbfde123500f4602a
surface_depth 9 19 3 -0.50784878830663380 bits=0xbfe0404c1a22e314
surface_depth 10 19 3 -0.55477578902190990 bits=0xbfe1c0b927cec63d
surface_depth 11 19 3 -0.60914702089208330 bits=0xbfe37e21e4a5fe94
surface_depth 12 19 3 -0.66790088145158730 bits=0xbfe55f71ab59bb85
surface_depth 13 19 3 -0.72479078477112350 bits=0xbfe7317c71a117c2
surface_depth 14 19 3 -0.77295710162911750 bits=0xbfe8bc108816a800
surface_depth 15 19 3 -0.81045089070057740 bits=0xbfe9ef36b4d2566e
surface_depth 16 19 3 -0.84163397504407260 bits=0xbfeaeeaa5fc08965
surface_depth 17 19 3 -0.86889313684173960 bits=0xbfebcdf8face8830
surface_depth 18 19 3 -0.89455864129328580 bits=0xbfeca0397196aef6
surface_depth 19 19 3 -0.91935704555088030 bits=0xbfed6b5f777f9f71
surface_depth 20 19 3 -0.94418696933697440 bits=0xbfee36c7975392b8
surface_depth 21 19 3 -0.97012642202751760 bits=0xbfef0b4690f2ff72
surface_depth 22 19 3 -0.99536512048034230 bits=0xbfefda07f4015975
surface_depth 23 19 3 -1.0170868320511440 bits=0xbff045fcd78da16a
surface_depth 24 19 3 -1.0313637202527532 bits=0xbff080773e8c4374
surface_depth 25 19 3 -1.0373116490643768 bits=0xbff098d41987dc7a
surface_depth 26 19 3 -1.0402457309520572 bits=0xbff0a4d8b523e21a
surface_depth 27 19 3 -1.0454334555666576 bits=0xbff0ba186e5cd959
surface_depth 28 19 2 -1.0571618995746934 bits=0xbff0ea229894023b
surface_depth 29 19 2 -1.0791234592971235 bits=0xbff14416f5e070c6
surface_depth 30 19 2 -1.1099637224282894 bits=0xbff1c26951f936fd
surface_depth 31 19 2 -1.1446063094437964 bits=0xbff2504eb49db3a8
surface_depth -16 20 4 -0.052700147011049540 bits=0xbfaafb837fd04ea2
surface_depth -15 20 4 -0.069912378565327200 bits=0xbfb1e5c713860e0a
surface_depth -14 20 4 -0.086834797356627640 bits=0xbfb63ace26cd2f4c
surface_depth -13 20 4 -0.10204631797485664 bits=0xbfba1fb51e6114f8
surface_depth -12 20 4 -0.11783794048214336 bits=0xbfbe2aa094994af8
surface_depth -11 20 4 -0.13301491719903896 bits=0xbfc106a1ffa000aa
surface_depth -10 20 4 -0.14399570158158990 bits=0xbfc26e737e875c4b
surface_depth -9 20 4 -0.14831621041544027 bits=0xbfc2fc068c99b967
surface_depth -8 20 4 -0.14595679319065824 bits=0xbfc2aeb652b10348
surface_depth -7 20 3 -0.13704547929645183 bits=0xbfc18ab4cdd24abc
surface_depth -6 20 3 -0.12654716476828456 bits=0xbfc032b28f0a6839
surface_depth -5 20 3 -0.11964725185893480 bits=0xbfbea133c9ca57aa
surface_depth -4 20 3 -0.12022273091907801 bits=0xbfbec6eab98882f2
surface_depth -3 20 3 -0.13370101993166140 bits=0xbfc11d1d72062fac
surface_depth -2 20 3 -0.16129140399307157 bits=0xbfc4a5325ca3596a
surface_depth -1 20 3 -0.19955149077725814 bits=0xbfc98ae73b60d0b6
surface_depth 0 20 3 -0.24386276252896427 bits=0xbfcf36e51ee3163a
surface_depth 1 20 3 -0.29162304867625644 bits=0xbfd2a9f3b834c1f2
surface_depth 2 20 3 -0.33559315637432090 bits=0xbfd57a5bb7d8e761
surface_depth 3 20 3 -0.37116540907889434 bits=0xbfd7c12c8f599eb9
surface_depth 4 20 3 -0.39654175425474920 bits=0xbfd960f0aa81728d
surface_depth 5 20 3 -0.41234651551534146 bits=0xbfda63e2a3b08239
surface_depth 6 20 3 -0.42607658603953286 bits=0xbfdb44d6baa86455
surface_depth 7 20 3 -0.44539182594035076 bits=0xbfdc814cb7947332
surface_depth 8 20 3 -0.47138846334879800 bits=0xbfde2b3a8472ddb6
surface_depth 9 20 3 -0.50506604738629120 bits=0xbfe02980457b02ed
surface_depth 10 20 3 -0.54771489893665580 bits=0xbfe186e1654ee050
surface_depth 11 20 3 -0.59812744332379770 bits=0xbfe323dc29fd4e46
surface_depth 12 20 3 -0.65284317609890460 bits=0xbfe4e4175f585ebc
surface_depth 13 20 3 -0.70629104563929790 bits=0xbfe699efadcf4f48
surface_depth 14 20 3 -0.75267065489149910 bits=0xbfe815e0c4ed5f5d
surface_depth 15 20 3 -0.79041276105863050 bits=0xbfe94b0fb3e2cfea
surface_depth 16 20 3 -0.82390102696010280 bits=0xbfea5d65afbde710
surface_depth 17 20 3 -0.85613630097479200 bits=0xbfeb6577f4b35d58
surface_depth 18 20 3 -0.88874876171316710 bits=0xbfec70a13e3d64c2
surface_depth 19 20 3 -0.92128119714485480 bits=0xbfed7b22b4850529
surface_depth 20 20 3 -0.95402220403311640 bits=0xbfee875992bf5cc5
surface_depth 21 20 3 -0.98738703529437210 bits=0xbfef98acb222ade2
surface_depth 22 20 3 -1.0189140466959867 bits=0xbff04d78d0bfe892
surface_depth 23 20 3 -1.0458960976329583 bits=0xbff0bbfd8be58faf
surface_depth 24 20 3 -1.0648765474788320 bits=0xbff109bbfd9b2f00
surface_depth 25 20 3 -1.0745203665104140 bits=0xbff1313c4490c545
surface_depth 26 20 3 -1.0799482198028010 bits=0xbff14777c8d6d2bd
surface_depth 27 20 2 -1.0868625590757170 bits=0xbff163c9fea7a217
surface_depth 28 20 2 -1.0998790501035060 bits=0xbff1991ac65c006d
surface_depth 29 20 2 -1.1225454730649187 bits=0xbff1f5f23df16305
surface_depth 30 20 2 -1.1535878492381897 bits=0xbff275188858a7f3
surface_depth 31 20 2 -1.1881455972865502 bits=0xbff302a4f533b6c3
surface_depth -16 21 4 -0.069047049734458690 bits=0xbfb1ad11447eaa44
surface_depth -15 21 4 -0.084991061010402990 bits=0xbfb5c1f9637df520
surface_depth -14 21 4 -0.096117733158163830 bits=0xbfb89b2bf87adf36
surface_depth -13 21 4 -0.10294512764588933 bits=0xbfba5a9ca4858a35
surface_depth -12 21 4 -0.10861002373157220 bits=0xbfbbcdddd3f1e415
surface_depth -11 21 4 -0.11327009450900608 bits=0xbfbcff44d787f04a
surface_depth -10 21 4 -0.11608652068661936 bits=0xbfbdb7d8a1daff45
surface_depth -9 21 4 -0.11642289091990145 bits=0xbfbdcde3fd01ba81
surface_depth -8 21 4 -0.11368662932561131 bits=0xbfbd1a9122f22b6d
surface_depth -7 21 4 -0.10683916223790592 bits=0xbfbb59cfb3be6c91
surface_depth -6 21 4 -0.099577109009380670 bits=0xbfb97de2aaa021e1
surface_depth -5 21 3 -0.095971680840092290 bits=0xbfb891999e8ce37d
surface_depth -4 21 3 -0.099541488237253800 bits=0xbfb97b8d0c92fd0d
surface_depth -3 21 3 -0.11539890023932527 bits=0xbfbd8ac84685b365
surface_depth -2 21 3 -0.14469526580988250 bits=0xbfc2855fdd450d6e
surface_depth -1 21 3 -0.18419819355156022 bits=0xbfc793ce70a4a329
surface_depth 0 21 3 -0.22975930427210717 bits=0xbfcd68c0bce673f2
surface_depth 1 21 3 -0.27941402028545580 bits=0xbfd1e1eb57cadfdc
surface_depth 2 21 3 -0.32629699353801145 bits=0xbfd4e20cc901d936
surface_depth 3 21 3 -0.36570149328323610 bits=0xbfd767a73c6ffdc0
surface_depth 4 21 3 -0.39604831166220433 bits=0xbfd958db048e6966
surface_depth 5 21 3 -0.41728875601398800 bits=0xbfdab4dbe60463f9
surface_depth 6 21 3 -0.43502150643057960 bits=0xbfdbd76471cb4378
surface_depth 7 21 3 -0.45558444421971320 bits=0xbfdd284ba81f5c3c
surface_depth 8 21 3 -0.48016320376451500 bits=0xbfdebafe723a50b5
surface_depth 9 21 3 -0.51019225688921630 bits=0xbfe0537eb6405f26
surface_depth 10 21 3 -0.54806435938411000 bits=0xbfe189be44750ddf
surface_depth 11 21 3 -0.59334415720944560 bits=0xbfe2fcace2cf9790
surface_depth 12 21 3 -0.64219385032743200 bits=0xbfe48cda1e1b280e
surface_depth 13 21 3 -0.68998265382617830 bits=0xbfe61456809fb405
surface_depth 14 21 3 -0.73281384004704720 bits=0xbfe7733602a1dd20
surface_depth 15 21 3 -0.77013105442692810 bits=0xbfe8a4e9e18cb991
surface_depth 16 21 3 -0.80627526285663850 bits=0xbfe9cd01c7b160cc
surface_depth 17 21 3 -0.84433148610164510 bits=0xbfeb04c376f944c4
surface_depth 18 21 3 -0.88453653450398060 bits=0xbfec4e1f8ff9fa0a
surface_depth 19 21 3 -0.92499932026787160 bits=0xbfed99982cabed79
surface_depth 20 21 3 -0.96555057621274720 bits=0xbfeee5ca526ef770
surface_depth 21 21 3 -1.0059870746823216 bits=0xbff01885e71f5937
surface_depth 22 21 3 -1.0433745644407330 bits=0xbff0b1a986fc04e3
surface_depth 23 21 3 -1.0752528151487044 bits=0xbff1343c4bbfee0e
surface_depth 24 21 3 -1.0987786530467578 bits=0xbff19498ecc60f62
surface_depth 25 21 3 -1.1123870604750970 bits=0xbff1cc565fd3bef0
surface_depth 26 21 3 -1.1209351808222587 bits=0xbff1ef59ba691444
surface_depth 27 21 3 -1.1302336834570532 bits=0xbff2156fea349210
surface_depth 28 21 2 -1.1443173687006505 bits=0xbff24f1fbaad066c
surface_depth 29 21 2 -1.1659039140284264 bits=0xbff2a78adcd07ce0
surface_depth 30 21 2 -1.1940679767379083 bits=0xbff31ae705d4a4ae
surface_depth 31 21 2 -1.2249956704840828 bits=0xbff399950f67881a
surface_depth -16 22 4 -0.087574032531822580 bits=0xbfb66b4075b3f8fe
surface_depth -15 22 4 -0.10160052131111642 bits=0xbfba027de449ad01
surface_depth -14 22 4 -0.10554074779891623 bits=0xbfbb04b7ec31152a
surface_depth -13 22 4 -0.10225242843499067 bits=0xbfba2d3714109b05
surface_depth -12 22 4 -0.096273471974270500 bits=0xbfb8a560d59a13c8
surface_depth -11 22 4 -0.089840876509473730 bits=0xbfb6ffcfca73c10a
surface_depth -10 22 4 -0.085266548085139810 bits=0xbfb5d4074b77eec2
surface_depth -9 22 4 -0.083582510467638330 bits=0xbfb565a9d4f9e0a9
surface_depth -8 22 4 -0.082914681035361510 bits=0xbfb539e58367b7da
surface_depth -7 22 4 -0.080493194483694820 bits=0xbfb49b33b5dba84e
surface_depth -6 22 4 -0.078383510068734840 bits=0xbfb410f1144a789c
surface_depth -5 22 3 -0.079665385371065670 bits=0xbfb464f360cabe25
surface_depth -4 22 3 -0.087237144211678010 bits=0xbfb6552c6962b635
surface_depth -3 22 3 -0.10503552298425880 bits=0xbfbae39ba822b9d2
surface_depth -2 22 3 -0.13409678779981765 bits=0xbfc12a15630ca7ba
surface_depth -1 22 3 -0.17204908071242087 bits=0xbfc605b44b7bbd38
surface_depth 0 22 3 -0.21610926346926632 bits=0xbfcba977e57b4861
surface_depth 1 22 3 -0.26494405302486773 bits=0xbfd0f4d7e6c0bc5d
surface_depth 2 22 3 -0.31239817085425114 bits=0xbfd3fe54e5c98cf8
surface_depth 3 22 3 -0.35398332574583835 bits=0xbfd6a7a9adda179a
surface_depth 4 22 3 -0.38911709034953790 bits=0xbfd8e74b5e576b9a
surface_depth 5 22 3 -0.41782775063419386 bits=0xbfdabdb09b157260
surface_depth 6 22 3 -0.44322785156005284 bits=0xbfdc5dd859c81cfe
surface_depth 7 22 3 -0.46904951549535560 bits=0xbfde04e8425075ed
surface_depth 8 22 3 -0.49554856727187435 bits=0xbfdfb7115680ca72
surface_depth 9 22 3 -0.52436054718461860 bits=0xbfe0c78fc52f0f2b
surface_depth 10 22 3 -0.55876970523673060 bits=0xbfe1e171013f981c
surface_depth 11 22 3 -0.59915652372811890 bits=0xbfe32c4a4d531d3c
surface_depth 12 22 3 -0.64136439578328020 bits=0xbfe4860ea016a7d8
surface_depth 13 22 3 -0.68207100451929890 bits=0xbfe5d386923eba6d
surface_depth 14 22 3 -0.72014222480869490 bits=0xbfe70b67b500b46d
surface_depth 15 22 3 -0.75662463754482770 bits=0xbfe83644df334add
surface_depth 16 22 3 -0.79554555599010890 bits=0xbfe9751bf42e94b9
surface_depth 17 22 3 -0.83944397166505990 bits=0xbfeadcb99aa4066a
surface_depth 18 22 3 -0.88658265025003280 bits=0xbfec5ee29400cbf5
surface_depth 19 22 3 -0.93352670221441740 bits=0xbfeddf7363fe8454
surface_depth 20 22 3 -0.97976696483011970 bits=0xbfef5a403ff4b082
surface_depth 21 22 3 -1.0246530716996327 bits=0xbff064fa9e8b2244
surface_depth 22 22 3 -1.0652611397732230 bits=0xbff10b4f43d0692d
surface_depth 23 22 3 -1.0996633401180609 bits=0xbff198389626acd6
surface_depth 24 22 3 -1.1259375430213616 bits=0xbff203d715c9d870
surface_depth 25 22 3 -1.1429053443606265 bits=0xbff249571d473d7a
surface_depth 26 22 3 -1.1549868971403832 bits=0xbff27ad38a686c63
surface_depth 27 22 3 -1.1672754346633480 bits=0xbff2ad290194da2c
surface_depth 28 22 3 -1.1819586398465065 bits=0xbff2e94d7675d8a1
surface_depth 29 22 3 -1.2002259083294187 bits=0xbff3342015016351
surface_depth 30 22 2 -1.2217962489993060 bits=0xbff38c7a393d3d68
surface_depth 31 22 2 -1.2448121821870890 bits=0xbff3eac02dc27ebc
surface_depth -16 23 4 -0.098038570913027310 bits=0xbfb9190e47d16a5c
surface_depth -15 23 4 -0.10987285783453235 bits=0xbfbc20a0ab1e0c36
surface_depth -14 23 4 -0.10763502569605554 bits=0xbfbb8df81344c818
surface_depth -13 23 4 -0.096121273277679940 bits=0xbfb89b675d2d7190
surface_depth -12 23 4 -0.081176943352023020 bits=0xbfb4c8031ce2dcec
surface_depth -11 23 4 -0.067175181204071620 bits=0xbfb13264865fd628
surface_depth -10 23 4 -0.059006538150098130 bits=0xbfae361adf35ae9d
surface_depth -9 23 4 -0.058686096056173040 bits=0xbfae0c1a9e951541
surface_depth -8 23 4 -0.062736636773553220 bits=0xbfb00f821b3414c7
surface_depth -7 23 4 -0.066464572370850970 bits=0xbfb103d27cace8fd
surface_depth -6 23 4 -0.070262978890663130 bits=0xbfb1fcc12c7476b8
surface_depth -5 23 4 -0.076703026891125130 bits=0xbfb3a2cf40006844
surface_depth -4 23 3 -0.088183599437634210 bits=0xbfb693334ba0d1e8
surface_depth -3 23 3 -0.10703296686236663 bits=0xbfbb668334448910
surface_depth -2 23 3 -0.13417663538631852 bits=0xbfc12cb3326f8f18
surface_depth -1 23 3 -0.16847576968397898 bits=0xbfc5909d307b05ea
surface_depth 0 23 3 -0.20887431647580418 bits=0xbfcabc64c31e7496
surface_depth 1 23 3 -0.25420229750254600 bits=0xbfd044d9b695db19
surface_depth 2 23 3 -0.29920546413831317 bits=0xbfd3262eacd08c2e
surface_depth 3 23 3 -0.34017198111026536 bits=0xbfd5c560b378956a
surface_depth 4 23 3 -0.37823125148859540 bits=0xbfd834f0d9ddfeaa
surface_depth 5 23 3 -0.41420922016244743 bits=0xbfda8267639328f8
surface_depth 6 23 3 -0.44874102722630244 bits=0xbfdcb82c4913ddd5
surface_depth 7 23 3 -0.48229044771273105 bits=0xbfdeddd8c1065c35
surface_depth 8 23 3 -0.51341147401612610 bits=0xbfe06ddde6494b15
surface_depth 9 23 3 -0.54365528192523480 bits=0xbfe1659fc3055453
surface_depth 10 23 3 -0.57667495892877850 bits=0xbfe2741f0b20ae0e
surface_depth 11 23 3 -0.61335600712177920 bits=0xbfe3a09cc6ec94f8
surface_depth 12 23 3 -0.64933431012233410 bits=0xbfe4c758bf44ad3c
surface_depth 13 23 3 -0.68287410437130760 bits=0xbfe5da1acb31ebfc
surface_depth 14 23 3 -0.71602527793887690 bits=0xbfe6e9add7fb6acc
surface_depth 15 23 3 -0.75166979576467630 bits=0xbfe80dadd0c668ba
surface_depth 16 23 3 -0.79315056193939730 bits=0xbfe9617d498aadf2
surface_depth 17 23 3 -0.84196274837924360 bits=0xbfeaf15bdc97a6f0
surface_depth 18 23 3 -0.89421703363848430 bits=0xbfec9d6d0a601c08
surface_depth 19 23 3 -0.94508677304508170 bits=0xbfee3e269dc38bad
surface_depth 20 23 3 -0.99381416073241290 bits=0xbfefcd535ad4b782
surface_depth 21 23 3 -1.0395320900044410 bits=0xbff0a1ec669b62b9
surface_depth 22 23 3 -1.0798627003685004 bits=0xbff1471e1c640c1c
surface_depth 23 23 3 -1.1136664726216574 bits=0xbff1d193ef68fcb7
surface_depth 24 23 3 -1.1402674261065190 bits=0xbff23e890e7d2542
surface_depth 25 23 3 -1.1596555866928666 bits=0xbff28df30437834c
surface_depth 26 23 3 -1.1756613882980675 bits=0xbff2cf8250de9001
surface_depth 27 23 3 -1.1917130733164947 bits=0xbff31141ba41c28a
surface_depth 28 23 3 -1.2070385157994168 bits=0xbff350079e65ef1a
surface_depth 29 23 3 -1.2208104068419798 bits=0xbff388707e400b4c
surface_depth 30 23 2 -1.2335206853203986 bits=0xbff3bc802fa63ffa
surface_depth 31 23 2 -1.2458706269853517 bits=0xbff3ef1609df2f84
surface_depth -16 24 4 -0.093014400965936080 bits=0xbfb7cfcab234aa7a
surface_depth -15 24 4 -0.10298400582984420 bits=0xbfba5d28e90cdd75
surface_depth -14 24 4 -0.097830712210031810 bits=0xbfb90b6efd7c8998
surface_depth -13 24 4 -0.083222899650372580 bits=0xbfb54e189046d1e2
surface_depth -12 24 4 -0.065489189575021800 bits=0xbfb0c3e647775cff
surface_depth -11 24 4 -0.050353344293179450 bits=0xbfa9c7e9ddf784a8
surface_depth -10 24 4 -0.043889224099653620 bits=0xbfa678a5fc4f4588
surface_depth -9 24 4 -0.048192959619529860 bits=0xbfa8acbf62ed3981
surface_depth -8 24 4 -0.058522853986390370 bits=0xbfadf6b51fe158b4
surface_depth -7 24 4 -0.068576507883598950 bits=0xbfb18e3ae2a24a22
surface_depth -6 24 4 -0.077362259076537650 bits=0xbfb3ce0354adac2c
surface_depth -5 24 4 -0.087577105931893440 bits=0xbfb66b7405db165c
surface_depth -4 24 3 -0.10160558316013579 bits=0xbfba02d2d0c387d8
surface_depth -3 24 3 -0.12041013200057363 bits=0xbfbed332cb0cac7a
surface_depth -2 24 3 -0.14489422717172398 bits=0xbfc28be4df8a76c1
surface_depth -1 24 3 -0.17506272595560726 bits=0xbfc66874955d2d41
surface_depth 0 24 3 -0.21119615490198630 bits=0xbfcb0879c12c2858
surface_depth 1 24 3 -0.25153445298727783 bits=0xbfd01923f6597268
surface_depth 2 24 3 -0.29166514841706560 bits=0xbfd2aaa44c7564e4
surface_depth 3 24 3 -0.32919923503005330 bits=0xbfd51199ab14a082
surface_depth 4 24 3 -0.36731330267091195 bits=0xbfd7820fa796de45
surface_depth 5 24 3 -0.40800851513263550 bits=0xbfda1ccfbf3efcfa
surface_depth 6 24 3 -0.45007419864682180 bits=0xbfdcce0402fd8955
surface_depth 7 24 3 -0.49098696428152090 bits=0xbfdf6c5496967e32
surface_depth 8 24 3 -0.52741608152364790 bits=0xbfe0e097b0b0e9c8
surface_depth 9 24 3 -0.56061736758505850 bits=0xbfe1f093d56b1e34
surface_depth 10 24 3 -0.59402633457991620 bits=0xbfe3024383ff78c8
surface_depth 11 24 3 -0.62851565716310540 bits=0xbfe41cccde114378
surface_depth 12 24 3 -0.65962788389719060 bits=0xbfe51babef9bc7a1
surface_depth 13 24 3 -0.68726605487986790 bits=0xbfe5fe1561ab84e8
surface_depth 14 24 3 -0.71643637502058550 bits=0xbfe6ed0bfa0c1a44
surface_depth 15 24 3 -0.75161215332159270 bits=0xbfe80d34ee395b2a
surface_depth 16 24 3 -0.79514432196948950 bits=0xbfe971d2814eb08d
surface_depth 17 24 3 -0.84732938295140380 bits=0xbfeb1d528296ea9d
surface_depth 18 24 3 -0.90244159622646420 bits=0xbfece0cd32caf768
surface_depth 19 24 3 -0.95463014184006400 bits=0xbfee8c5482df5348
surface_depth 20 24 3 -1.0029381970339861 bits=0xbff00c08ec42b909
surface_depth 21 24 3 -1.0464866595587425 bits=0xbff0be68cba814d4
surface_depth 22 24 3 -1.0837874947955480 bits=0xbff157318e5f5ed1
surface_depth 23 24 3 -1.1145789077658310 bits=0xbff1d550b15aa67b
surface_depth 24 24 3 -1.1396112333122428 bits=0xbff23bd8fd13af58
surface_depth 25 24 3 -1.1606454320657096 bits=0xbff29200f1cf958e
surface_depth 26 24 3 -1.1808641620625970 bits=0xbff2e4d1d1d13c9d
surface_depth 27 24 3 -1.2013897746255933 bits=0xbff338e47bfc4072
surface_depth 28 24 3 -1.2180326259248617 bits=0xbff37d0fc75ceeba
surface_depth 29 24 3 -1.2278785330536972 bits=0xbff3a563f5eed13e
surface_depth 30 24 3 -1.2320793859083680 bits=0xbff3b698dfc8d5d4
surface_depth 31 24 3 -1.2339162007283475 bits=0xbff3be1eea02200c
surface_depth -16 25 4 -0.072295471582042640 bits=0xbfb281f4be180158
surface_depth -15 25 4 -0.081084589689612100 bits=0xbfb4c1f5aced2caa
surface_depth -14 25 4 -0.076965993081666160 bits=0xbfb3b40b17309e7e
surface_depth -13 25 4 -0.065216286452237100 bits=0xbfb0b203b97a9ae8
surface_depth -12 25 4 -0.051496288797751980 bits=0xbfaa5db8b880e0e8
surface_depth -11 25 4 -0.041650784629844620 bits=0xbfa553406bad0420
surface_depth -10 25 4 -0.041347598608149180 bits=0xbfa52b832f948cb0
surface_depth -9 25 4 -0.052019172371773290 bits=0xbfaaa241c83418f9
surface_depth -8 25 4 -0.068453109627146800 bits=0xbfb186249b287921
surface_depth -7 25 4 -0.083399310805410050 bits=0xbfb559a8406b0d8e
surface_depth -6 25 4 -0.094978781912567490 bits=0xbfb850878a20de69
surface_depth -5 25 4 -0.10653356511196128 bits=0xbfbb45c8a2150875
surface_depth -4 25 4 -0.12106699102363899 bits=0xbfbefe3f0f1257fc
surface_depth -3 25 4 -0.13896888101922550 bits=0xbfc1c9bb7791d436
surface_depth -2 25 4 -0.16124801500253655 bits=0xbfc4a3c6637d8b3e
surface_depth -1 25 3 -0.18854888339747614 bits=0xbfc8225eabf1da65
surface_depth 0 25 3 -0.22153771706514520 bits=0xbfcc5b5910d009d2
surface_depth 1 25 3 -0.25716879041711194 bits=0xbfd0757416192d0a
surface_depth 2 25 3 -0.29159501498565090 bits=0xbfd2a97e23428f5e
surface_depth 3 25 3 -0.32404415934400760 bits=0xbfd4bd23b6b5e8a9
surface_depth 4 25 3 -0.35954169156411764 bits=0xbfd702bb27b43ff8
surface_depth 5 25 3 -0.40113157252088360 bits=0xbfd9ac23c257b222
surface_depth 6 25 3 -0.44673454861266465 bits=0xbfdc974c811238cd
surface_depth 7 25 3 -0.49194177983874100 bits=0xbfdf7bf95ffc6112
surface_depth 8 25 3 -0.53202766242872190 bits=0xbfe1065ee0565ba8
surface_depth 9 25 3 -0.56790532980305990 bits=0xbfe22c47cc574db6
surface_depth 10 25 3 -0.60238852231982780 bits=0xbfe346c44b5b2e80
surface_depth 11 25 3 -0.63583393127490520 bits=0xbfe458c066906919
surface_depth 12 25 3 -0.66376356598060590 bits=0xbfe53d8d170537a1
surface_depth 13 25 3 -0.68752590876167360 bits=0xbfe6003655a91716
surface_depth 14 25 3 -0.71430659254632810 bits=0xbfe6db997fc9b7b8
surface_depth 15 25 3 -0.74955520810861740 bits=0xbfe7fc5b342bef80
surface_depth 16 25 3 -0.79452101294019430 bits=0xbfe96cb754d20380
surface_depth 17 25 3 -0.84856594936227860 bits=0xbfeb2773c7205362
surface_depth 18 25 3 -0.90480224560224620 bits=0xbfecf423d6c6b030
surface_depth 19 25 3 -0.95677250815488100 bits=0xbfee9de161079662
surface_depth 20 25 3 -1.0032891957782744 bits=0xbff00d78f8c4c3e9
surface_depth 21 25 3 -1.0435360547785784 bits=0xbff0b252dcb788a3
surface_depth 22 25 3 -1.0769193938038877 bits=0xbff13b0fd48d0db1
surface_depth 23 25 3 -1.1039553471746173 bits=0xbff1a9cd1505bfb9
surface_depth 24 25 3 -1.1267937031751970 bits=0xbff20758d5879e86
surface_depth 25 25 3 -1.1491336242290298 bits=0xbff262d9f06cc31e
surface_depth 26 25 3 -1.1735740482270067 bits=0xbff2c6f594c91bf0
surface_depth 27 25 3 -1.1988709184878763 bits=0xbff32e9345b07e9c
surface_depth 28 25 3 -1.2178089543757080 bits=0xbff37c253dfd1d2c
surface_depth 29 25 3 -1.2257708826952560 bits=0xbff39cc1edd90af7
surface_depth 30 25 3 -1.2242678008786334 bits=0xbff39699d5651cf6
surface_depth 31 25 3 -1.2185895910685205 bits=0xbff37f57cc8e2a3a
surface_depth -16 26 4 -0.042963716054018720 bits=0xbfa5ff5716bbb850
surface_depth -15 26 4 -0.051076827880906096 bits=0xbfaa26bdf2a9f075
surface_depth -14 26 4 -0.050520593367956500 bits=0xbfa9ddd5d0946c28
surface_depth -13 26 4 -0.045351471288345530 bits=0xbfa7384edc049216
surface_depth -12 26 4 -0.039743041115046450 bits=0xbfa459332baa58b0
surface_depth -11 26 4 -0.038736047083476960 bits=0xbfa3d5360eccb91a
surface_depth -10 26 4 -0.046591172869861176 bits=0xbfa7dacc578444a5
surface_depth -9 26 4 -0.063736546860153540 bits=0xbfb05109d053075a
surface_depth -8 26 4 -0.085162536097302320 bits=0xbfb5cd364361e092
surface_depth -7 26 4 -0.10315908267623228 bits=0xbfba68a23661391e
surface_depth -6 26 4 -0.11532583220186299 bits=0xbfbd85fe65b0e468
surface_depth -5 26 4 -0.12591546515442745 bits=0xbfc01dff7a730ef1
surface_depth -4 26 4 -0.13906369422948073 bits=0xbfc1ccd6d1636670
surface_depth -3 26 3 -0.15542136923209063 bits=0xbfc3e4d8f0f9c67d
surface_depth -2 26 3 -0.17624478128120194 bits=0xbfc68f3061d8c27d
surface_depth -1 26 3 -0.20229147021415755 bits=0xbfc9e4afd86a2f2e
surface_depth 0 26 3 -0.23375031376381590 bits=0xbfcdeb87c085cd4e
surface_depth 1 26 3 -0.26615904730957020 bits=0xbfd108bff4eea9ea
surface_depth 2 26 3 -0.29591992526445005 bits=0xbfd2f05a204fb789
surface_depth 3 26 3 -0.32363358290794475 bits=0xbfd4b669a19e85fa
surface_depth 4 26 3 -0.35548108670451156 bits=0xbfd6c033be6f83c5
surface_depth 5 26 3 -0.39503749002615760 bits=0xbfd9484b5316cd2e
surface_depth 6 26 3 -0.44013777216549560 bits=0xbfdc2b379e4bd8b9
surface_depth 7 26 3 -0.48575203885865740 bits=0xbfdf168fb8373f91
surface_depth 8 26 3 -0.52656630758777430 bits=0xbfe0d9a195c87a9d
surface_depth 9 26 3 -0.56322087350745290 bits=0xbfe205e7c8047334
surface_depth 10 26 3 -0.59790683461571260 bits=0xbfe3220d839756f8
surface_depth 11 26 3 -0.63033245327994080 bits=0xbfe42baef70e3bc0
surface_depth 12 26 3 -0.65606581832794000 bits=0xbfe4fe7dbe37be4c
surface_depth 13 26 3 -0.67756632381143180 bits=0xbfe5ae9f92348372
surface_depth 14 26 3 -0.70328207963475060 bits=0xbfe681496b7c9ca5
surface_depth 15 26 3 -0.73897712194979950 bits=0xbfe7a5b3596887ed
surface_depth 16 26 3 -0.78494671427540970 bits=0xbfe91e48925d4c1d
surface_depth 17 26 3 -0.84014884851731920 bits=0xbfeae27fd684ed1c
surface_depth 18 26 3 -0.89720068512031830 bits=0xbfecb5de36114c46
surface_depth 19 26 3 -0.94928533903424220 bits=0xbfee608ba5b72dd0
surface_depth 20 26 3 -0.99480079468716340 bits=0xbfefd56879e6eaed
surface_depth 21 26 3 -1.0327914053666483 bits=0xbff0865047da3bf0
surface_depth 22 26 3 -1.0632368037390123 bits=0xbff10304983f66ed
surface_depth 23 26 3 -1.0872995045444160 bits=0xbff165942a4f9ab5
surface_depth 24 26 3 -1.1084463468126686 bits=0xbff1bc323c8ee5ba
surface_depth 25 26 3 -1.1320704510804802 bits=0xbff21cf5e7c289c0
surface_depth 26 26 3 -1.1603817167495620 bits=0xbff290ec6b450d20
surface_depth 27 26 3 -1.1902343392758923 bits=0xbff30b33299c420d
surface_depth 28 26 3 -1.2122405113978116 bits=0xbff365564e75704c
surface_depth 29 26 3 -1.2206225400843707 bits=0xbff387ab8026c3e0
surface_depth 30 26 3 -1.2169338987819196 bits=0xbff3788fae0a980a
surface_depth 31 26 3 -1.2076937942185544 bits=0xbff352b6ba5c0376
surface_depth -16 27 4 -0.014694947023761284 bits=0xbf8e186267116c40
surface_depth -15 27 4 -0.021699303698796874 bits=0xbf9638579eede135
surface_depth -14 27 4 -0.024580178983258295 bits=0xbf992b8be373a18a
surface_depth -13 27 4 -0.025998137217052852 bits=0xbf9a9f41746aa990
surface_depth -12 27 4 -0.028424774977061307 bits=0xbf9d1b625bb0c7e0
surface_depth -11 27 4 -0.035999273253774050 bits=0xbfa26e7f2a9c052f
surface_depth -10 27 4 -0.051590563425819226 bits=0xbfaa6a140d64682d
surface_depth -9 27 4 -0.074710646987649540 bits=0xbfb3203ca97996b2
surface_depth -8 27 4 -0.10063659040590034 bits=0xbfb9c351d09304a0
surface_depth -7 27 4 -0.12106944297099090 bits=0xbfbefe68321af7c2
surface_depth -6 27 4 -0.13301387768574208 bits=0xbfc1069947498626
surface_depth -5 27 4 -0.14166875119443745 bits=0xbfc222339e9f6500
surface_depth -4 27 4 -0.15264147534205770 bits=0xbfc389c1804dbcee
surface_depth -3 27 3 -0.16719483558519150 bits=0xbfc566a3ef7301de
surface_depth -2 27 3 -0.18677331894475818 bits=0xbfc7e830285109de
surface_depth -1 27 3 -0.21191933109636210 bits=0xbfcb202c32397b29
surface_depth 0 27 3 -0.24210438856360020 bits=0xbfcefd46cf8ca37d
surface_depth 1 27 3 -0.27219591867501375 bits=0xbfd16ba86e341647
surface_depth 2 27 3 -0.29886694027859045 bits=0xbfd320a2cd968951
surface_depth 3 27 3 -0.32338130149167904 bits=0xbfd4b2477c82dbff
surface_depth 4 27 3 -0.35210306330706730 bits=0xbfd688db496e6ada
surface_depth 5 27 3 -0.38872935967868120 bits=0xbfd8e0f11bb42841
surface_depth 6 27 3 -0.43144858596122493 bits=0xbfdb9cda87a6f850
surface_depth 7 27 3 -0.47544873396413480 bits=0xbfde6dc086d33c6e
surface_depth 8 27 3 -0.51532362745337460 bits=0xbfe07d87f9d8962c
surface_depth 9 27 3 -0.55121259489893410 bits=0xbfe1a38898877eb8
surface_depth 10 27 3 -0.58478194983022070 bits=0xbfe2b688a2b9fb2c
surface_depth 11 27 3 -0.61547789896496690 bits=0xbfe3b1feb4eee3f1
surface_depth 12 27 3 -0.63916979916721030 bits=0xbfe4741439007326
surface_depth 13 27 3 -0.65899402719572820 bits=0xbfe5167aa4621460
surface_depth 14 27 3 -0.68393907561304460 bits=0xbfe5e2d43346dd2a
surface_depth 15 27 3 -0.71970232663651200 bits=0xbfe707cd2c784925
surface_depth 16 27 3 -0.76609051575368280 bits=0xbfe883d041de02ca
surface_depth 17 27 3 -0.82238972275142340 bits=0xbfea510440791578
surface_depth 18 27 3 -0.88122296007801470 bits=0xbfec32fa7e409ed1
surface_depth 19 27 3 -0.93532006035184930 bits=0xbfedee2455d02045
surface_depth 20 27 3 -0.98204688284458120 bits=0xbfef6ced959e995a
surface_depth 21 27 3 -1.0196937607577103 bits=0xbff050aa67a63bdc
surface_depth 22 27 3 -1.0483929400511052 bits=0xbff0c637acee0750
surface_depth 23 27 3 -1.0701003370313242 bits=0xbff11f2187efcf52
surface_depth 24 27 3 -1.0898118077484074 bits=0xbff16fde81912f4e
surface_depth 25 27 3 -1.1143401188539868 bits=0xbff1d4564df193f9
surface_depth 26 27 3 -1.1458068371477799 bits=0xbff255398cd1539c
surface_depth 27 27 3 -1.1797018683304619 bits=0xbff2e00f10f826a2
surface_depth 28 27 3 -1.2050820300908784 bits=0xbff348041843cd41
surface_depth 29 27 3 -1.2153466448788024 bits=0xbff3720f52d0ecad
surface_depth 30 27 3 -1.2118507548762434 bits=0xbff363bd9dfd38d8
surface_depth 31 27 3 -1.2017457276125400 bits=0xbff33a59ba6341e1
surface_depth -16 28 4 0.0081797012246316300 bits=0x3f80c084ea01ba80
surface_depth -15 28 4 0.0030738578661571590 bits=0x3f692e58e03f0e80
surface_depth -14 28 4 -0.0022736046124738523 bits=0xbf62a0182e8c2a2a
surface_depth -13 28 4 -0.0090806738724006350 bits=0xbf8298e36a75f840
surface_depth -12 28 4 -0.017862695872096290 bits=0xbf924a993a5b2f56
surface_depth -11 28 4 -0.031855742235760924 bits=0xbfa04f65562f4eef
surface_depth -10 28 4 -0.053005877715606170 bits=0xbfab23961e919041
surface_depth -9 28 4 -0.080400563339001350 bits=0xbfb495219e1ef907
surface_depth -8 28 4 -0.10977606607404745 bits=0xbfbc1a48c5abebf1
surface_depth -7 28 4 -0.13226496440094881 bits=0xbfc0ee0ef0411c68
surface_depth -6 28 4 -0.14417052684011872 bits=0xbfc2742e08e9a6b6
surface_depth -5 28 4 -0.15131604084488853 bits=0xbfc35e52f364fdd6
surface_depth -4 28 3 -0.16098372032948496 bits=0xbfc49b1d53007445
surface_depth -3 28 3 -0.17515830848989772 bits=0xbfc66b96634b1bee
surface_depth -2 28 3 -0.19485361955279950 bits=0xbfc8f0f6a1be45a2
surface_depth -1 28 3 -0.21969956300150328 bits=0xbfcc1f1d8304bab8
surface_depth 0 28 3 -0.24822652353243813 bits=0xbfcfc5e300492a10
surface_depth 1 28 3 -0.27539248911631825 bits=0xbfd1a007d1946451
surface_depth 2 28 3 -0.29864951361576620 bits=0xbfd31d12d97c8ba2
surface_depth 3 28 3 -0.31975808992902230 bits=0xbfd476eaa2b819da
surface_depth 4 28 3 -0.34454711572444960 bits=0xbfd60d0f587dedca
surface_depth 5 28 3 -0.37688637953117530 bits=0xbfd81ee80c993b42
surface_depth 6 28 3 -0.41610502697770740 bits=0xbfdaa176faa48245
surface_depth 7 28 3 -0.45837156962093970 bits=0xbfdd55f5b53c0a36
surface_depth 8 28 3 -0.49827264807685280 bits=0xbfdfe3b2f5fecf42
surface_depth 9 28 3 -0.53462560100103340 bits=0xbfe11ba725fcebcb
surface_depth 10 28 3 -0.56792404402505740 bits=0xbfe22c6f0b7663d3
surface_depth 11 28 3 -0.59757661643230200 bits=0xbfe31f58ff0dcb5a
surface_depth 12 28 3 -0.62026863150069130 bits=0xbfe3d93d99e0f6f2
surface_depth 13 28 3 -0.63930635970988540 bits=0xbfe475329c628548
surface_depth 14 28 3 -0.66356405247663660 bits=0xbfe53beaae06073a
surface_depth 15 28 3 -0.69845695620351090 bits=0xbfe659c26711d95d
surface_depth 16 28 3 -0.74387874097630860 bits=0xbfe7cddaca15da52
surface_depth 17 28 3 -0.80037460230983570 bits=0xbfe99cab32af0832
surface_depth 18 28 3 -0.86123950718101570 bits=0xbfeb8f4627abb328
surface_depth 19 28 3 -0.91854597895770970 bits=0xbfed64ba896fdc82
surface_depth 20 28 3 -0.96776136328440700 bits=0xbfeef7e6adb471e5
surface_depth 21 28 3 -1.0059034820862345 bits=0xbff0182e3fe7e2ea
surface_depth 22 28 3 -1.0330528969428434 bits=0xbff0876279768569
surface_depth 23 28 3 -1.0522016580926965 bits=0xbff0d5d167e4e1b6
surface_depth 24 28 3 -1.0701534795962460 bits=0xbff11f594149104d
surface_depth 25 28 3 -1.0950378205251810 bits=0xbff1854660b09ecd
surface_depth 26 28 3 -1.1290624883284428 bits=0xbff210a3d3e82d3c
surface_depth 27 28 3 -1.1665959322731300 bits=0xbff2aa607f0c27d5
surface_depth 28 28 3 -1.1956150297264814 bits=0xbff3213d39b4803a
surface_depth 29 28 3 -1.2090085538543212 bits=0xbff358195a76378f
surface_depth 30 28 3 -1.2076284951140652 bits=0xbff3527241c3b8c1
surface_depth 31 28 3 -1.1986420664687083 bits=0xbff32da34db17cc4
surface_depth -16 29 4 0.023389874217976336 bits=0x3f97f383e34b8840
surface_depth -15 29 4 0.020327440532499054 bits=0x3f94d0b77131a1aa
surface_depth -14 29 4 0.013897628746182389 bits=0x3f8c765c27a78840
surface_depth -13 29 4 0.0038821103224238223 bits=0x3f6fcd601bfa0e2a
surface_depth -12 29 4 -0.0084626945103051560 bits=0xbf8154e3a1432c52
surface_depth -11 29 4 -0.025542136319317940 bits=0xbf9a27b7c0a551ac
surface_depth -10 29 4 -0.049011862446495950 bits=0xbfa9181534a5c2a5
surface_depth -9 29 4 -0.078154978288743100 bits=0xbfb401f6f3c50dca
surface_depth -8 29 4 -0.10944497139058403 bits=0xbfbc0495ecd58f0d
surface_depth -7 29 4 -0.13408744227967773 bits=0xbfc129c6fdb29fdc
surface_depth -6 29 4 -0.14771250630666194 bits=0xbfc2e83e4fe60e26
surface_depth -5 29 3 -0.15580108816662208 bits=0xbfc3f14a412dad68
surface_depth -4 29 3 -0.16677539635719776 bits=0xbfc558e56c90d855
surface_depth -3 29 3 -0.18308115079207632 bits=0xbfc76f3401953fe4
surface_depth -2 29 3 -0.20458600561077658 bits=0xbfca2fdfcda8a5bd
surface_depth -1 29 3 -0.22951996745598670 bits=0xbfcd60e909005031
surface_depth 0 29 3 -0.25557275204695850 bits=0xbfd05b4dd0f295fa
surface_depth 1 29 3 -0.27851936281129275 bits=0xbfd1d342e0a4f1d8
surface_depth 2 29 3 -0.29719214636899650 bits=0xbfd3053235521aca
surface_depth 3 29 3 -0.31391527338138503 bits=0xbfd417301638d424
surface_depth 4 29 3 -0.33342234365578750 bits=0xbfd556caab707748
surface_depth 5 29 3 -0.35984811446353376 bits=0xbfd707c062c97b29
surface_depth 6 29 3 -0.39440038294043260 bits=0xbfd93ddb1a909405
surface_depth 7 29 3 -0.43488707723222530 bits=0xbfdbd5309b8a9678
surface_depth 8 29 3 -0.47584139598339120 bits=0xbfde742f787539c5
surface_depth 9 29 3 -0.51369929411654210 bits=0xbfe070398086aec4
surface_depth 10 29 3 -0.54714187105494140 bits=0xbfe1822fab4e80cc
surface_depth 11 29 3 -0.57596638271457790 bits=0xbfe26e510d2b5853
surface_depth 12 29 3 -0.59852269626557640 bits=0xbfe3271911cbfb05
surface_depth 13 29 3 -0.61800550123779630 bits=0xbfe3c6b379120fc0
surface_depth 14 29 3 -0.64246978777415080 bits=0xbfe48f1ccce50ea6
surface_depth 15 29 3 -0.67657602311159840 bits=0xbfe5a682c290b4ad
surface_depth 16 29 3 -0.72030754256262060 bits=0xbfe70cc2674bcb70
surface_depth 17 29 3 -0.77564786596404520 bits=0xbfe8d21b7930e375
surface_depth 18 29 3 -0.83717324712934060 bits=0xbfeaca1f8cb0366d
surface_depth 19 29 3 -0.89664327321442460 bits=0xbfecb14d3bd44c91
surface_depth 20 29 3 -0.94769334648164140 bits=0xbfee5380ff38d075
surface_depth 21 29 3 -0.98635072791751720 bits=0xbfef902f66d95438
surface_depth 22 29 3 -1.0126747746468754 bits=0xbff033ea76e97ae1
surface_depth 23 29 3 -1.0304106463118043 bits=0xbff07c8fdfb5c032
surface_depth 24 29 3 -1.0478422409109645 bits=0xbff0c3f639c14775
surface_depth 25 29 3 -1.0742715264457523 bits=0xbff130375711bc70
surface_depth 26 29 3 -1.1118305630450644 bits=0xbff1ca0ed82f8c91
surface_depth 27 29 3 -1.1537402526681853 bits=0xbff275b856d49e3d
surface_depth 28 29 3 -1.1872837951176458 bits=0xbff2ff1d4af19dea
surface_depth 29 29 3 -1.2051386071338170 bits=0xbff3483f6b8c9679
surface_depth 30 29 3 -1.2075211767832639 bits=0xbff35201b9b82f52
surface_depth 31 29 3 -1.2012270890134390 bits=0xbff33839e5661cae
surface_depth -16 30 4 0.027840349861038262 bits=0x3f9c822e40a6410a
surface_depth -15 30 4 0.026541533062918517 bits=0x3f9b2db421f6b862
surface_depth -14 30 4 0.021450472991987414 bits=0x3f95f71cdfeff0da
surface_depth -13 30 4 0.012307277986530436 bits=0x3f89348ee3a3b1ca
surface_depth -12 30 4 0.0010588499209071797 bits=0x3f5159237206db6a
surface_depth -11 30 4 -0.014446079545844346 bits=0xbf8d95e7f9a37692
surface_depth -10 30 4 -0.036404147002715690 bits=0xbfa2a39079a18164
surface_depth -9 30 4 -0.064764892538165780 bits=0xbfb0946e9761605a
surface_depth -8 30 4 -0.096608131729327470 bits=0xbfb8bb4f7e4e1c70
surface_depth -7 30 4 -0.12402936781566416 bits=0xbfbfc0637e830775
surface_depth -6 30 4 -0.14208224961276864 bits=0xbfc22fc04bb6e7d5
surface_depth -5 30 3 -0.15456216721084176 bits=0xbfc3c8b16eaf4a1a
surface_depth -4 30 3 -0.16986571412089613 bits=0xbfc5be28e36e3318
surface_depth -3 30 3 -0.19041751444187566 bits=0xbfc85f99e28e85fa
surface_depth -2 30 3 -0.21459608152540227 bits=0xbfcb77e268002c52
surface_depth -1 30 3 -0.23931212857813025 bits=0xbfcea1c7a2e3bd5d
surface_depth 0 30 3 -0.26194568862093687 bits=0xbfd0c3b7d97d20bd
surface_depth 1 30 3 -0.28008235192105370 bits=0xbfd1ecde876c0316
surface_depth 2 30 3 -0.29429607537104760 bits=0xbfd2d5bf34c3d3c6
surface_depth 3 30 3 -0.30710025653406225 bits=0xbfd3a787d59a0c6a
surface_depth 4 30 3 -0.32128151571996544 bits=0xbfd48fe058b4e662
surface_depth 5 30 3 -0.34086681531367313 bits=0xbfd5d0c30c0416e8
surface_depth 6 30 3 -0.36924884481973735 bits=0xbfd7a1c5e8258a0d
surface_depth 7 30 3 -0.40651120151616410 bits=0xbfda04478efe0dc5
surface_depth 8 30 3 -0.44748470269852547 bits=0xbfdca396e0e33a92
surface_depth 9 30 3 -0.48570594887782087 bits=0xbfdf15ce6779c8ed
surface_depth 10 30 3 -0.51816390030145080 bits=0xbfe094cc75b866b1
surface_depth 11 30 3 -0.54576789347714560 bits=0xbfe176ee3ab61deb
surface_depth 12 30 3 -0.56924674543501690 bits=0xbfe23744f35fee43
surface_depth 13 30 3 -0.59133381370132930 bits=0xbfe2ec34e3dbb7a2
surface_depth 14 30 3 -0.61824617241016840 bits=0xbfe3c8ac326c1f8c
surface_depth 15 30 3 -0.65313143058389730 bits=0xbfe4e673e2cb1efe
surface_depth 16 30 3 -0.69577160360447770 bits=0xbfe643c2cf5eef44
surface_depth 17 30 3 -0.74893339093456620 bits=0xbfe7f743289e4875
surface_depth 18 30 3 -0.80889685081238150 bits=0xbfe9e27ba6027342
surface_depth 19 30 3 -0.86808217384441740 bits=0xbfebc754445ce021
surface_depth 20 30 3 -0.91944506159131230 bits=0xbfed6c180cc01bca
surface_depth 21 30 3 -0.95894567372285520 bits=0xbfeeafaed668f8a0
surface_depth 22 30 3 -0.98666637671728100 bits=0xbfef92c55d820880
surface_depth 23 30 3 -1.0062401528712760 bits=0xbff0198f46481116
surface_depth 24 30 3 -1.0262303085543745 bits=0xbff06b7078d67afe
surface_depth 25 30 3 -1.0563915494137568 bits=0xbff0e6fad3480bb0
surface_depth 26 30 3 -1.0984557998783226 bits=0xbff193466389433e
surface_depth 27 30 3 -1.1448049131002291 bits=0xbff2511ef4e10cb9
surface_depth 28 30 3 -1.1828581441205643 bits=0xbff2ecfca94ce19a
surface_depth 29 30 3 -1.2057336609264588 bits=0xbff34aaf6115d910
surface_depth 30 30 3 -1.2132326437523169 bits=0xbff36966a1f5b170
surface_depth 31 30 3 -1.2113769869150270 bits=0xbff361ccd5ded53e
surface_depth -16 31 4 0.024297075852250993 bits=0x3f98e15528b20590
surface_depth -15 31 4 0.024033225259767615 bits=0x3f989c2a72084c28
surface_depth -14 31 4 0.022220141782566684 bits=0x3f96c0e079130dba
surface_depth -13 31 4 0.017491980114746165 bits=0x3f91e96aea23f5bd
surface_depth -12 31 4 0.011198389724477906 bits=0x3f86ef2e6d137225
surface_depth -11 31 4 0.00081064241223339580 bits=0x3f4a9029531c0855
surface_depth -10 31 4 -0.016981350678531112 bits=0xbf91638f27398c1c
surface_depth -9 31 4 -0.042958603416288920 bits=0xbfa5feab89827476
surface_depth -8 31 4 -0.074471918204675500 bits=0xbfb310977528d2ea
surface_depth -7 31 3 -0.10496582605866263 bits=0xbfbadf0a561e9cd5
surface_depth -6 31 3 -0.12897770303634484 bits=0xbfc08257643a2689
surface_depth -5 31 3 -0.14769158673595797 bits=0xbfc2e78ed3766fcd
surface_depth -4 31 3 -0.16848326929659477 bits=0xbfc590dc19c6a919
surface_depth -3 31 3 -0.19348523559597247 bits=0xbfc8c41fcb926012
surface_depth -2 31 3 -0.21982125372639777 bits=0xbfcc231a53dc3c82
surface_depth -1 31 3 -0.24356853080775856 bits=0xbfcf2d40ed13b945
surface_depth 0 31 3 -0.26226535621057380 bits=0xbfd0c8f4a1f315ca
surface_depth 1 31 3 -0.27594525472341846 bits=0xbfd1a91649218090
surface_depth 2 31 3 -0.28688468105479004 bits=0xbfd25c5190b6a340
surface_depth 3 31 3 -0.29723178526672633 bits=0xbfd305d8774358a0
surface_depth 4 31 3 -0.30717255227739470 bits=0xbfd3a8b71090a81c
surface_depth 5 31 3 -0.32005138559829960 bits=0xbfd47bb8ce8bc9a4
surface_depth 6 31 3 -0.34122969426454250 bits=0xbfd5d6b512529418
surface_depth 7 31 3 -0.37335726293915420 bits=0xbfd7e515dc830e2d
surface_depth 8 31 3 -0.41218807401172375 bits=0xbfda614a166b9f06
surface_depth 9 31 3 -0.44895428153847183 bits=0xbfdcbbaabd26d7aa
surface_depth 10 31 3 -0.47971774492236150 bits=0xbfdeb3b20e702788
surface_depth 11 31 3 -0.50685289056349680 bits=0xbfe038238d9b4e1e
surface_depth 12 31 3 -0.53334392078830660 bits=0xbfe111274529cc52
surface_depth 13 31 3 -0.56092298960046180 bits=0xbfe1f314c4fd12b1
surface_depth 14 31 3 -0.59304270409937680 bits=0xbfe2fa34b1679f91
surface_depth 15 31 3 -0.63085345384817870 bits=0xbfe42ff3951b1720
surface_depth 16 31 3 -0.67383794251414320 bits=0xbfe5901496bcde9a
surface_depth 17 31 3 -0.72448906755262110 bits=0xbfe72f03b26e565d
surface_depth 18 31 3 -0.78081715910071170 bits=0xbfe8fc74444fc82d
surface_depth 19 31 3 -0.83697872751092020 bits=0xbfeac8879cc36d58
surface_depth 20 31 3 -0.88687514598701720 bits=0xbfec6147fc74c86a
surface_depth 21 31 3 -0.92750455069313780 bits=0xbfedae1e0603c84d
surface_depth 22 31 3 -0.95902355267084050 bits=0xbfeeb052295a146d
surface_depth 23 31 3 -0.98395474397058620 bits=0xbfef7c8ea8c32088
surface_depth 24 31 3 -1.0094724841145102 bits=0xbff026cc9e97bd3d
surface_depth 25 31 3 -1.0445625052709089 bits=0xbff0b6872c6c4319
surface_depth 26 31 3 -1.0902952943503080 bits=0xbff171d97a8379ec
surface_depth 27 31 3 -1.1389917355465253 bits=0xbff2394f65e962be
surface_depth 28 31 3 -1.1794227479139040 bits=0xbff2deea63272dc0
surface_depth 29 31 3 -1.2060784373519282 bits=0xbff34c18e74d65a6
surface_depth 30 31 3 -1.2188382340450477 bits=0xbff3805c852567ee
surface_depth 31 31 3 -1.2224983269740943 bits=0xbff38f5a67dc4b92
section clay_bands 192
clay_band 0 Block{minecraft:white_terracotta}
clay_band 1 Block{minecraft:terracotta}
clay_band 2 Block{minecraft:terracotta}
clay_band 3 Block{minecraft:light_gray_terracotta}
clay_band 4 Block{minecraft:white_terracotta}
clay_band 5 Block{minecraft:orange_terracotta}
clay_band 6 Block{minecraft:terracotta}
clay_band 7 Block{minecraft:orange_terracotta}
clay_band 8 Block{minecraft:terracotta}
clay_band 9 Block{minecraft:terracotta}
clay_band 10 Block{minecraft:yellow_terracotta}
clay_band 11 Block{minecraft:yellow_terracotta}
clay_band 12 Block{minecraft:terracotta}
clay_band 13 Block{minecraft:yellow_terracotta}
clay_band 14 Block{minecraft:brown_terracotta}
clay_band 15 Block{minecraft:brown_terracotta}
clay_band 16 Block{minecraft:white_terracotta}
clay_band 17 Block{minecraft:brown_terracotta}
clay_band 18 Block{minecraft:red_terracotta}
clay_band 19 Block{minecraft:terracotta}
clay_band 20 Block{minecraft:orange_terracotta}
clay_band 21 Block{minecraft:terracotta}
clay_band 22 Block{minecraft:orange_terracotta}
clay_band 23 Block{minecraft:terracotta}
clay_band 24 Block{minecraft:terracotta}
clay_band 25 Block{minecraft:red_terracotta}
clay_band 26 Block{minecraft:light_gray_terracotta}
clay_band 27 Block{minecraft:white_terracotta}
clay_band 28 Block{minecraft:light_gray_terracotta}
clay_band 29 Block{minecraft:brown_terracotta}
clay_band 30 Block{minecraft:brown_terracotta}
clay_band 31 Block{minecraft:red_terracotta}
clay_band 32 Block{minecraft:red_terracotta}
clay_band 33 Block{minecraft:red_terracotta}
clay_band 34 Block{minecraft:orange_terracotta}
clay_band 35 Block{minecraft:terracotta}
clay_band 36 Block{minecraft:yellow_terracotta}
clay_band 37 Block{minecraft:white_terracotta}
clay_band 38 Block{minecraft:yellow_terracotta}
clay_band 39 Block{minecraft:orange_terracotta}
clay_band 40 Block{minecraft:terracotta}
clay_band 41 Block{minecraft:orange_terracotta}
clay_band 42 Block{minecraft:terracotta}
clay_band 43 Block{minecraft:terracotta}
clay_band 44 Block{minecraft:terracotta}
clay_band 45 Block{minecraft:orange_terracotta}
clay_band 46 Block{minecraft:terracotta}
clay_band 47 Block{minecraft:terracotta}
clay_band 48 Block{minecraft:terracotta}
clay_band 49 Block{minecraft:orange_terracotta}
clay_band 50 Block{minecraft:terracotta}
clay_band 51 Block{minecraft:terracotta}
clay_band 52 Block{minecraft:light_gray_terracotta}
clay_band 53 Block{minecraft:white_terracotta}
clay_band 54 Block{minecraft:light_gray_terracotta}
clay_band 55 Block{minecraft:red_terracotta}
clay_band 56 Block{minecraft:red_terracotta}
clay_band 57 Block{minecraft:red_terracotta}
clay_band 58 Block{minecraft:terracotta}
clay_band 59 Block{minecraft:terracotta}
clay_band 60 Block{minecraft:brown_terracotta}
clay_band 61 Block{minecraft:brown_terracotta}
clay_band 62 Block{minecraft:brown_terracotta}
clay_band 63 Block{minecraft:white_terracotta}
clay_band 64 Block{minecraft:light_gray_terracotta}
clay_band 65 Block{minecraft:terracotta}
clay_band 66 Block{minecraft:terracotta}
clay_band 67 Block{minecraft:terracotta}
clay_band 68 Block{minecraft:light_gray_terracotta}
clay_band 69 Block{minecraft:white_terracotta}
clay_band 70 Block{minecraft:light_gray_terracotta}
clay_band 71 Block{minecraft:red_terracotta}
clay_band 72 Block{minecraft:brown_terracotta}
clay_band 73 Block{minecraft:brown_terracotta}
clay_band 74 Block{minecraft:brown_terracotta}
clay_band 75 Block{minecraft:terracotta}
clay_band 76 Block{minecraft:terracotta}
clay_band 77 Block{minecraft:terracotta}
clay_band 78 Block{minecraft:terracotta}
clay_band 79 Block{minecraft:white_terracotta}
clay_band 80 Block{minecraft:light_gray_terracotta}
clay_band 81 Block{minecraft:terracotta}
clay_band 82 Block{minecraft:terracotta}
clay_band 83 Block{minecraft:terracotta}
clay_band 84 Block{minecraft:yellow_terracotta}
clay_band 85 Block{minecraft:red_terracotta}
clay_band 86 Block{minecraft:brown_terracotta}
clay_band 87 Block{minecraft:brown_terracotta}
clay_band 88 Block{minecraft:brown_terracotta}
clay_band 89 Block{minecraft:red_terracotta}
clay_band 90 Block{minecraft:terracotta}
clay_band 91 Block{minecraft:terracotta}
clay_band 92 Block{minecraft:yellow_terracotta}
clay_band 93 Block{minecraft:orange_terracotta}
clay_band 94 Block{minecraft:terracotta}
clay_band 95 Block{minecraft:red_terracotta}
clay_band 96 Block{minecraft:red_terracotta}
clay_band 97 Block{minecraft:orange_terracotta}
clay_band 98 Block{minecraft:terracotta}
clay_band 99 Block{minecraft:terracotta}
clay_band 100 Block{minecraft:orange_terracotta}
clay_band 101 Block{minecraft:red_terracotta}
clay_band 102 Block{minecraft:red_terracotta}
clay_band 103 Block{minecraft:red_terracotta}
clay_band 104 Block{minecraft:terracotta}
clay_band 105 Block{minecraft:orange_terracotta}
clay_band 106 Block{minecraft:terracotta}
clay_band 107 Block{minecraft:terracotta}
clay_band 108 Block{minecraft:terracotta}
clay_band 109 Block{minecraft:terracotta}
clay_band 110 Block{minecraft:terracotta}
clay_band 111 Block{minecraft:orange_terracotta}
clay_band 112 Block{minecraft:terracotta}
clay_band 113 Block{minecraft:terracotta}
clay_band 114 Block{minecraft:yellow_terracotta}
clay_band 115 Block{minecraft:yellow_terracotta}
clay_band 116 Block{minecraft:yellow_terracotta}
clay_band 117 Block{minecraft:orange_terracotta}
clay_band 118 Block{minecraft:terracotta}
clay_band 119 Block{minecraft:red_terracotta}
clay_band 120 Block{minecraft:red_terracotta}
clay_band 121 Block{minecraft:orange_terracotta}
clay_band 122 Block{minecraft:terracotta}
clay_band 123 Block{minecraft:orange_terracotta}
clay_band 124 Block{minecraft:terracotta}
clay_band 125 Block{minecraft:terracotta}
clay_band 126 Block{minecraft:terracotta}
clay_band 127 Block{minecraft:terracotta}
clay_band 128 Block{minecraft:terracotta}
clay_band 129 Block{minecraft:orange_terracotta}
clay_band 130 Block{minecraft:terracotta}
clay_band 131 Block{minecraft:red_terracotta}
clay_band 132 Block{minecraft:terracotta}
clay_band 133 Block{minecraft:terracotta}
clay_band 134 Block{minecraft:terracotta}
clay_band 135 Block{minecraft:terracotta}
clay_band 136 Block{minecraft:orange_terracotta}
clay_band 137 Block{minecraft:terracotta}
clay_band 138 Block{minecraft:terracotta}
clay_band 139 Block{minecraft:terracotta}
clay_band 140 Block{minecraft:orange_terracotta}
clay_band 141 Block{minecraft:brown_terracotta}
clay_band 142 Block{minecraft:brown_terracotta}
clay_band 143 Block{minecraft:brown_terracotta}
clay_band 144 Block{minecraft:brown_terracotta}
clay_band 145 Block{minecraft:brown_terracotta}
clay_band 146 Block{minecraft:orange_terracotta}
clay_band 147 Block{minecraft:terracotta}
clay_band 148 Block{minecraft:terracotta}
clay_band 149 Block{minecraft:terracotta}
clay_band 150 Block{minecraft:terracotta}
clay_band 151 Block{minecraft:terracotta}
clay_band 152 Block{minecraft:orange_terracotta}
clay_band 153 Block{minecraft:terracotta}
clay_band 154 Block{minecraft:terracotta}
clay_band 155 Block{minecraft:terracotta}
clay_band 156 Block{minecraft:orange_terracotta}
clay_band 157 Block{minecraft:terracotta}
clay_band 158 Block{minecraft:terracotta}
clay_band 159 Block{minecraft:terracotta}
clay_band 160 Block{minecraft:orange_terracotta}
clay_band 161 Block{minecraft:terracotta}
clay_band 162 Block{minecraft:terracotta}
clay_band 163 Block{minecraft:orange_terracotta}
clay_band 164 Block{minecraft:terracotta}
clay_band 165 Block{minecraft:terracotta}
clay_band 166 Block{minecraft:terracotta}
clay_band 167 Block{minecraft:orange_terracotta}
clay_band 168 Block{minecraft:red_terracotta}
clay_band 169 Block{minecraft:terracotta}
clay_band 170 Block{minecraft:terracotta}
clay_band 171 Block{minecraft:orange_terracotta}
clay_band 172 Block{minecraft:terracotta}
clay_band 173 Block{minecraft:terracotta}
clay_band 174 Block{minecraft:terracotta}
clay_band 175 Block{minecraft:terracotta}
clay_band 176 Block{minecraft:terracotta}
clay_band 177 Block{minecraft:orange_terracotta}
clay_band 178 Block{minecraft:terracotta}
clay_band 179 Block{minecraft:red_terracotta}
clay_band 180 Block{minecraft:terracotta}
clay_band 181 Block{minecraft:orange_terracotta}
clay_band 182 Block{minecraft:terracotta}
clay_band 183 Block{minecraft:orange_terracotta}
clay_band 184 Block{minecraft:terracotta}
clay_band 185 Block{minecraft:terracotta}
clay_band 186 Block{minecraft:terracotta}
clay_band 187 Block{minecraft:terracotta}
clay_band 188 Block{minecraft:terracotta}
clay_band 189 Block{minecraft:orange_terracotta}
clay_band 190 Block{minecraft:terracotta}
clay_band 191 Block{minecraft:yellow_terracotta}
section surface_noises 16
noise "minecraft:surface"
.valueFactor 1.2500000000000000 bits=0x3ff4000000000000
.first.firstOctave -6
.first.amplitudes [1.0, 1.0, 1.0]
.first.lowestFreqInputFactor 0.015625000000000000 bits=0x3f90000000000000
.first.lowestFreqValueFactor 0.57142857142857140 bits=0x3fe2492492492492
.first.octave_count 3
.first.octave[0].xo 55.748215281969350 bits=0x404bdfc584b33680
.first.octave[0].yo 64.831608512978360 bits=0x4050353912e9944e
.first.octave[0].zo 123.02633112208127 bits=0x405ec1af68bb0d30
.first.octave[1].xo 94.414780419247760 bits=0x40579a8bc32bec2e
.first.octave[1].yo 11.427059403183335 bits=0x4026daa787b43e50
.first.octave[1].zo 69.956678888201420 bits=0x40517d3a3a166652
.first.octave[2].xo 32.777203042895050 bits=0x4040637b63a9cb00
.first.octave[2].yo 51.949103866077536 bits=0x4049f97c3c48a7b4
.first.octave[2].zo 104.14901896486393 bits=0x405a098986d724c2
.first.getValue(0.0,0.0,0.0) -0.077187603579667590 bits=0xbfb3c29119080248
.first.getValue(123.456,-64.0,-789.012) -0.18067257553603460 bits=0xbfc72047699b0dca
.first.getValue(-3000.5,80.25,3000.75) 0.024982920114611278 bits=0x3f99951f6367418e
.second.firstOctave -6
.second.amplitudes [1.0, 1.0, 1.0]
.second.lowestFreqInputFactor 0.015625000000000000 bits=0x3f90000000000000
.second.lowestFreqValueFactor 0.57142857142857140 bits=0x3fe2492492492492
.second.octave_count 3
.second.octave[0].xo 218.12474457099137 bits=0x406b43fde853985e
.second.octave[0].yo 21.151885766291855 bits=0x403526e1fc4ef390
.second.octave[0].zo 126.75948753485105 bits=0x405fb09b719af9ea
.second.octave[1].xo 157.96412563066370 bits=0x4063beda1dfe9df3
.second.octave[1].yo 22.637677179041248 bits=0x4036a33ecfc56340
.second.octave[1].zo 52.150250840468400 bits=0x404a133b6b670110
.second.octave[2].xo 128.14267859780660 bits=0x40600490d2b4ed64
.second.octave[2].yo 33.986556734019700 bits=0x4040fe477db621b0
.second.octave[2].zo 69.477508430527340 bits=0x40515e8f7f852b78
.second.getValue(0.0,0.0,0.0) -0.10008254789334607 bits=0xbfb99f02861a2eb3
.second.getValue(123.456,-64.0,-789.012) 0.11210958843597436 bits=0x3fbcb336c7e6891d
.second.getValue(-3000.5,80.25,3000.75) -0.25896860813810550 bits=0xbfd092f111a93410
.getValue(0.0,0.0,0.0) -0.22158768934126710 bits=0xbfcc5cfc43755e9e
.getValue(0.25,-16.0,0.75) 0.0056004057942506820 bits=0x3f76f0737bb0aef0
.getValue(1234.5,63.0,-987.25) -0.42417395203581830 bits=0xbfdb25aa80f3c538
.getValue(-8.125,320.0,8.5) 0.11197930089913086 bits=0x3fbcaaaceb30d266
noise "minecraft:surface_secondary"
.valueFactor 1.3333333333333333 bits=0x3ff5555555555555
.first.firstOctave -6
.first.amplitudes [1.0, 1.0, 0.0, 1.0]
.first.lowestFreqInputFactor 0.015625000000000000 bits=0x3f90000000000000
.first.lowestFreqValueFactor 0.53333333333333330 bits=0x3fe1111111111111
.first.octave_count 4
.first.octave[0].xo 64.805338408955040 bits=0x4050338aaa1c2b2c
.first.octave[0].yo 151.37167544628412 bits=0x4062ebe4c3e7d087
.first.octave[0].zo 68.967640885027410 bits=0x40513dedd408ddc6
.first.octave[1].xo 248.35459400799346 bits=0x406f0b58d5887610
.first.octave[1].yo 81.903232051282660 bits=0x405479ce8dce3d50
.first.octave[1].zo 36.384366183834004 bits=0x40423132e93ea0b0
.first.octave[2] null
.first.octave[3].xo 194.68306194608874 bits=0x406855dba4b9f2fc
.first.octave[3].yo 32.222097214291125 bits=0x40401c6dae77f4e0
.first.octave[3].zo 75.771508572447600 bits=0x4052f160657dcfc0
.first.getValue(0.0,0.0,0.0) 0.019430551846842385 bits=0x3f93e59a42e6d49e
.first.getValue(123.456,-64.0,-789.012) 0.13928008599575420 bits=0x3fc1d3ee0b2afc8a
.first.getValue(-3000.5,80.25,3000.75) 0.036368158267976985 bits=0x3fa29ed8e4c0e08c
.second.firstOctave -6
.second.amplitudes [1.0, 1.0, 0.0, 1.0]
.second.lowestFreqInputFactor 0.015625000000000000 bits=0x3f90000000000000
.second.lowestFreqValueFactor 0.53333333333333330 bits=0x3fe1111111111111
.second.octave_count 4
.second.octave[0].xo 30.810605281660570 bits=0x403ecf83d3e6b270
.second.octave[0].yo 116.11751251050381 bits=0x405d078553315f06
.second.octave[0].zo 79.187315468968080 bits=0x4053cbfcfa05502e
.second.octave[1].xo 30.377009913383176 bits=0x403e6083b8c03fa0
.second.octave[1].yo 170.69211318131220 bits=0x40655625ca8adbba
.second.octave[1].zo 157.90398067549307 bits=0x4063bced68e1aeae
.second.octave[2] null
.second.octave[3].xo 92.111305452091900 bits=0x4057071fa0e7267a
.second.octave[3].yo 50.965463887275380 bits=0x40497b945216a88c
.second.octave[3].zo 105.49509559883984 bits=0x405a5fafa5735a48
.second.getValue(0.0,0.0,0.0) -0.076729867435202870 bits=0xbfb3a4918f42b773
.second.getValue(123.456,-64.0,-789.012) -0.31556226103029766 bits=0xbfd4322c0dbe863f
.second.getValue(-3000.5,80.25,3000.75) 0.033542840249541180 bits=0x3fa12c86f3c601b7
.getValue(0.0,0.0,0.0) -0.076399087451147300 bits=0xbfb38ee3fe0c030f
.getValue(0.25,-16.0,0.75) 0.21607299150302245 bits=0x3fcba847a006f582
.getValue(1234.5,63.0,-987.25) 0.15113548448890230 bits=0x3fc3586855928dbe
.getValue(-8.125,320.0,8.5) 0.086917602697356890 bits=0x3fb6403b65082895
noise "minecraft:clay_bands_offset"
.valueFactor 0.83333333333333330 bits=0x3feaaaaaaaaaaaaa
.first.firstOctave -8
.first.amplitudes [1.0]
.first.lowestFreqInputFactor 0.0039062500000000000 bits=0x3f70000000000000
.first.lowestFreqValueFactor 1.0000000000000000 bits=0x3ff0000000000000
.first.octave_count 1
.first.octave[0].xo 62.921689241550100 bits=0x404f75f9e9bec430
.first.octave[0].yo 20.636649008457140 bits=0x4034a2fb6dee5ab0
.first.octave[0].zo 165.28785975850735 bits=0x4064a93625ab13f4
.first.getValue(0.0,0.0,0.0) -0.031172051444662174 bits=0xbf9feb90f60426a0
.first.getValue(123.456,-64.0,-789.012) -0.31238543584767590 bits=0xbfd3fe1f7bad992d
.first.getValue(-3000.5,80.25,3000.75) 0.22949506731328453 bits=0x3fcd6018285a1899
.second.firstOctave -8
.second.amplitudes [1.0]
.second.lowestFreqInputFactor 0.0039062500000000000 bits=0x3f70000000000000
.second.lowestFreqValueFactor 1.0000000000000000 bits=0x3ff0000000000000
.second.octave_count 1
.second.octave[0].xo 152.30079904237712 bits=0x406309a0255035b1
.second.octave[0].yo 235.77917104783305 bits=0x406d78eef81f0ddb
.second.octave[0].zo 237.86504421561895 bits=0x406dbbae7134f5ad
.second.getValue(0.0,0.0,0.0) -0.18210730093248273 bits=0xbfc74f4ac2ef1580
.second.getValue(123.456,-64.0,-789.012) -0.37061023545625150 bits=0xbfd7b813fe363cc8
.second.getValue(-3000.5,80.25,3000.75) 0.41778792879830270 bits=0x3fdabd0994b68bdd
.getValue(0.0,0.0,0.0) -0.17773279364762073 bits=0xbfc6bff2bc1255f0
.getValue(0.25,-16.0,0.75) -0.22662111640622007 bits=0xbfcd01ebb5c61bd4
.getValue(1234.5,63.0,-987.25) -0.095344265988495850 bits=0xbfb8687b58481e76
.getValue(-8.125,320.0,8.5) -0.19258538517637183 bits=0xbfc8a6a34d8291fd
noise "minecraft:badlands_pillar"
.valueFactor 1.3333333333333333 bits=0x3ff5555555555555
.first.firstOctave -2
.first.amplitudes [1.0, 1.0, 1.0, 1.0]
.first.lowestFreqInputFactor 0.25000000000000000 bits=0x3fd0000000000000
.first.lowestFreqValueFactor 0.53333333333333330 bits=0x3fe1111111111111
.first.octave_count 4
.first.octave[0].xo 177.23469503951940 bits=0x406627829f2be89e
.first.octave[0].yo 118.32212816971409 bits=0x405d949dbf7882b6
.first.octave[0].zo 120.10283966724910 bits=0x405e0694ecd3e440
.first.octave[1].xo 71.013738675772740 bits=0x4051c0e1182ec898
.first.octave[1].yo 138.22469060782210 bits=0x40614730aa5b8a0f
.first.octave[1].zo 165.90053101004236 bits=0x4064bcd12668a54e
.first.octave[2].xo 61.492989374310410 bits=0x404ebf1a469bf828
.first.octave[2].yo 26.306897219801243 bits=0x403a4e90d0f24798
.first.octave[2].zo 18.805857166714560 bits=0x4032ce4ca7c04948
.first.octave[3].xo 12.797319334697250 bits=0x4029983a3d65fc80
.first.octave[3].yo 178.18057500963710 bits=0x406645c7453e1bb8
.first.octave[3].zo 241.37215290440074 bits=0x406e2be8ad353067
.first.getValue(0.0,0.0,0.0) 0.081109084321452710 bits=0x3fb4c390a091b389
.first.getValue(123.456,-64.0,-789.012) -0.12434722678539781 bits=0xbfbfd53848643e82
.first.getValue(-3000.5,80.25,3000.75) -0.064185340816335280 bits=0xbfb06e7353b0537e
.second.firstOctave -2
.second.amplitudes [1.0, 1.0, 1.0, 1.0]
.second.lowestFreqInputFactor 0.25000000000000000 bits=0x3fd0000000000000
.second.lowestFreqValueFactor 0.53333333333333330 bits=0x3fe1111111111111
.second.octave_count 4
.second.octave[0].xo 151.89709069946957 bits=0x4062fcb4f78df890
.second.octave[0].yo 197.74843373643506 bits=0x4068b7f32b4ea6c6
.second.octave[0].zo 31.595758762449094 bits=0x403f9883a5710638
.second.octave[1].xo 250.34002001120984 bits=0x406f4ae171a58438
.second.octave[1].yo 222.82895063065732 bits=0x406bda86c379157f
.second.octave[1].zo 47.630223064083594 bits=0x4047d0ab263cb644
.second.octave[2].xo 144.19261849470877 bits=0x40620629ee42ec20
.second.octave[2].yo 47.575159304573900 bits=0x4047c99ed1f19148
.second.octave[2].zo 23.665461032962924 bits=0x4037aa5ba77d5690
.second.octave[3].xo 169.08492152887544 bits=0x406522b7ad5aa7e2
.second.octave[3].yo 133.74819067050840 bits=0x4060b7f12d8fa030
.second.octave[3].zo 192.06303158980208 bits=0x406802045ad31a13
.second.getValue(0.0,0.0,0.0) -0.028153636795242062 bits=0xbf9cd44e9532341c
.second.getValue(123.456,-64.0,-789.012) 0.14609544529735370 bits=0x3fc2b3416bd2c6c6
.second.getValue(-3000.5,80.25,3000.75) 0.14986823462072166 bits=0x3fc32ee1df33df61
.getValue(0.0,0.0,0.0) 0.070607263368280850 bits=0x3fb213514f06de02
.getValue(0.25,-16.0,0.75) 0.22447902792637345 bits=0x3fccbbba91ca7355
.getValue(1234.5,63.0,-987.25) 0.25247203903212450 bits=0x3fd028807bb308c5
.getValue(-8.125,320.0,8.5) 0.23958894660748986 bits=0x3fceaad9c114c4e8
noise "minecraft:badlands_pillar_roof"
.valueFactor 0.83333333333333330 bits=0x3feaaaaaaaaaaaaa
.first.firstOctave -8
.first.amplitudes [1.0]
.first.lowestFreqInputFactor 0.0039062500000000000 bits=0x3f70000000000000
.first.lowestFreqValueFactor 1.0000000000000000 bits=0x3ff0000000000000
.first.octave_count 1
.first.octave[0].xo 9.6248892343605520 bits=0x40233ff17b5266f0
.first.octave[0].yo 156.09163588553852 bits=0x406382eeae6170e5
.first.octave[0].zo 135.56627709407013 bits=0x4060f21ef123f02a
.first.getValue(0.0,0.0,0.0) 0.021782953827922280 bits=0x3f964e4549346ee0
.first.getValue(123.456,-64.0,-789.012) -0.033923900398056040 bits=0xbfa15e7935865ae0
.first.getValue(-3000.5,80.25,3000.75) -0.33076355930016776 bits=0xbfd52b3aeb79c71a
.second.firstOctave -8
.second.amplitudes [1.0]
.second.lowestFreqInputFactor 0.0039062500000000000 bits=0x3f70000000000000
.second.lowestFreqValueFactor 1.0000000000000000 bits=0x3ff0000000000000
.second.octave_count 1
.second.octave[0].xo 254.21289325531077 bits=0x406fc6d005842329
.second.octave[0].yo 237.42439491702203 bits=0x406dad94a4a62658
.second.octave[0].zo 104.23548476540375 bits=0x405a0f122eb18762
.second.getValue(0.0,0.0,0.0) -0.24909685879752252 bits=0xbfcfe267e7092d1c
.second.getValue(123.456,-64.0,-789.012) -0.13217240432516830 bits=0xbfc0eb067d015114
.second.getValue(-3000.5,80.25,3000.75) -0.54183057424552360 bits=0xbfe156ad128b7004
.getValue(0.0,0.0,0.0) -0.18942825414133352 bits=0xbfc83f2f5e3cda0a
.getValue(0.25,-16.0,0.75) -0.12773773371362462 bits=0xbfc059b5c661f13c
.getValue(1234.5,63.0,-987.25) -0.18603239513115583 bits=0xbfc7cfe8d68adcd2
.getValue(-8.125,320.0,8.5) -0.48779200148562790 bits=0xbfdf37fbf16864d9
noise "minecraft:badlands_surface"
.valueFactor 1.2500000000000000 bits=0x3ff4000000000000
.first.firstOctave -6
.first.amplitudes [1.0, 1.0, 1.0]
.first.lowestFreqInputFactor 0.015625000000000000 bits=0x3f90000000000000
.first.lowestFreqValueFactor 0.57142857142857140 bits=0x3fe2492492492492
.first.octave_count 3
.first.octave[0].xo 181.64143774332380 bits=0x4066b486a8723fdd
.first.octave[0].yo 245.12132892168830 bits=0x406ea3e1ed30d6ba
.first.octave[0].zo 136.78441199652870 bits=0x40611919e72ff5c9
.first.octave[1].xo 141.45154424477002 bits=0x4061ae730cea7f7f
.first.octave[1].yo 205.62928402109992 bits=0x4069b423183e50a0
.first.octave[1].zo 250.82445427818710 bits=0x406f5a61edf03b8c
.first.octave[2].xo 46.545191837677010 bits=0x404745c8d89c6f38
.first.octave[2].yo 34.674979708606230 bits=0x40415665bc2ef6b4
.first.octave[2].zo 108.76020105223921 bits=0x405b30a722507024
.first.getValue(0.0,0.0,0.0) 0.31149265194026493 bits=0x3fd3ef7ee041c6a3
.first.getValue(123.456,-64.0,-789.012) -0.018714485776949200 bits=0xbf9329e3e17e6ab7
.first.getValue(-3000.5,80.25,3000.75) -0.42269417696735784 bits=0xbfdb0d6be092343d
.second.firstOctave -6
.second.amplitudes [1.0, 1.0, 1.0]
.second.lowestFreqInputFactor 0.015625000000000000 bits=0x3f90000000000000
.second.lowestFreqValueFactor 0.57142857142857140 bits=0x3fe2492492492492
.second.octave_count 3
.second.octave[0].xo 23.981855489029300 bits=0x4037fb5ae19ec768
.second.octave[0].yo 105.12613117135365 bits=0x405a48128879fe16
.second.octave[0].zo 119.43829270406513 bits=0x405ddc0cfcd78240
.second.octave[1].xo 20.265999691215710 bits=0x403444188e468480
.second.octave[1].yo 243.70821416992843 bits=0x406e76a9b0c34d01
.second.octave[1].zo 236.39902695393394 bits=0x406d8cc4d42cabcd
.second.octave[2].xo 4.1866962641423980 bits=0x4010bf2d4e331ba0
.second.octave[2].yo 252.83237842231645 bits=0x406f9aa2d812b7d9
.second.octave[2].zo 106.44982964481616 bits=0x405a9cca0247506e
.second.getValue(0.0,0.0,0.0) 0.053249190937083790 bits=0x3fab437a5b39f9de
.second.getValue(123.456,-64.0,-789.012) 0.028706113922311625 bits=0x3f9d6522b1f76069
.second.getValue(-3000.5,80.25,3000.75) -0.38293727339703093 bits=0xbfd8820b566a37d9
.getValue(0.0,0.0,0.0) 0.45592730359668593 bits=0x3fdd2de9b6934757
.getValue(0.25,-16.0,0.75) 0.28377041984006063 bits=0x3fd2294b68324189
.getValue(1234.5,63.0,-987.25) 0.41864719898997540 bits=0x3fdacb1d9f0e552c
.getValue(-8.125,320.0,8.5) -0.17440578554232214 bits=0xbfc652edc4919865
noise "minecraft:iceberg_pillar"
.valueFactor 1.3333333333333333 bits=0x3ff5555555555555
.first.firstOctave -6
.first.amplitudes [1.0, 1.0, 1.0, 1.0]
.first.lowestFreqInputFactor 0.015625000000000000 bits=0x3f90000000000000
.first.lowestFreqValueFactor 0.53333333333333330 bits=0x3fe1111111111111
.first.octave_count 4
.first.octave[0].xo 176.16247514642433 bits=0x40660532ff1409c5
.first.octave[0].yo 54.920675289279220 bits=0x404b75d8b018d844
.first.octave[0].zo 236.08400506185467 bits=0x406d82b02b622ba8
.first.octave[1].xo 107.93395967858689 bits=0x405afbc5fed0d40e
.first.octave[1].yo 181.45643188590464 bits=0x4066ae9b170ad9fc
.first.octave[1].zo 95.127534764527410 bits=0x4057c8298792afe4
.first.octave[2].xo 121.61746535057702 bits=0x405e67848d63c90e
.first.octave[2].yo 34.853969996838856 bits=0x40416d4ee38c1814
.first.octave[2].zo 113.80692924034230 bits=0x405c73a4ba8a5d34
.first.octave[3].xo 247.08224787573099 bits=0x406ee2a1c64c0dc3
.first.octave[3].yo 240.12899553412404 bits=0x406e0420bb3e0c92
.first.octave[3].zo 210.23548501572958 bits=0x406a478917df2836
.first.getValue(0.0,0.0,0.0) -0.16010052134677260 bits=0xbfc47e2c83a0e35a
.first.getValue(123.456,-64.0,-789.012) -0.020342265648523800 bits=0xbf94d49a56bf70db
.first.getValue(-3000.5,80.25,3000.75) -0.19682664121613020 bits=0xbfc9319d89809d72
.second.firstOctave -6
.second.amplitudes [1.0, 1.0, 1.0, 1.0]
.second.lowestFreqInputFactor 0.015625000000000000 bits=0x3f90000000000000
.second.lowestFreqValueFactor 0.53333333333333330 bits=0x3fe1111111111111
.second.octave_count 4
.second.octave[0].xo 236.24336238327290 bits=0x406d87c99fe8a77b
.second.octave[0].yo 65.941352895238770 bits=0x40507c3f2036c2e8
.second.octave[0].zo 163.13947640673297 bits=0x406464769739af6a
.second.octave[1].xo 0.81657380661604860 bits=0x3fea215f6445f500
.second.octave[1].yo 96.463391140261020 bits=0x40581da833502b58
.second.octave[1].zo 209.60818618274794 bits=0x406a337642de9902
.second.octave[2].xo 113.72962667769346 bits=0x405c6eb23417bee2
.second.octave[2].yo 214.15370848383102 bits=0x406ac4eb2e0de581
.second.octave[2].zo 67.655784587772080 bits=0x4050e9f85feb6cec
.second.octave[3].xo 93.201498759541950 bits=0x40574ce55b0d9ab4
.second.octave[3].yo 21.330614384998910 bits=0x403554a324f32850
.second.octave[3].zo 103.03549313835049 bits=0x4059c24585031ca8
.second.getValue(0.0,0.0,0.0) 0.056719301881321580 bits=0x3fad0a4ff543b351
.second.getValue(123.456,-64.0,-789.012) -0.076569020603451550 bits=0xbfb39a06ff60ea44
.second.getValue(-3000.5,80.25,3000.75) 0.22191232402420924 bits=0x3fcc679f7f21b4ec
.getValue(0.0,0.0,0.0) -0.13784162595393470 bits=0xbfc1a4cb5dbff35d
.getValue(0.25,-16.0,0.75) 0.20197675482428157 bits=0x3fc9da5fd242e144
.getValue(1234.5,63.0,-987.25) 0.10541792500544456 bits=0x3fbafcab4c4f8130
.getValue(-8.125,320.0,8.5) -0.059297905834822640 bits=0xbfae5c4b8c904ec0
noise "minecraft:iceberg_pillar_roof"
.valueFactor 0.83333333333333330 bits=0x3feaaaaaaaaaaaaa
.first.firstOctave -3
.first.amplitudes [1.0]
.first.lowestFreqInputFactor 0.12500000000000000 bits=0x3fc0000000000000
.first.lowestFreqValueFactor 1.0000000000000000 bits=0x3ff0000000000000
.first.octave_count 1
.first.octave[0].xo 82.221446273445420 bits=0x40548e2c2cfd913a
.first.octave[0].yo 160.88145297318230 bits=0x40641c34dcdd98f5
.first.octave[0].zo 144.28544149703663 bits=0x406209225634d632
.first.getValue(0.0,0.0,0.0) -0.29142393247136905 bits=0xbfd2a6b090cf1e99
.first.getValue(123.456,-64.0,-789.012) -0.15284583752292036 bits=0xbfc39073d0bece5c
.first.getValue(-3000.5,80.25,3000.75) 0.38592805571406935 bits=0x3fd8b30b9679a69b
.second.firstOctave -3
.second.amplitudes [1.0]
.second.lowestFreqInputFactor 0.12500000000000000 bits=0x3fc0000000000000
.second.lowestFreqValueFactor 1.0000000000000000 bits=0x3ff0000000000000
.second.octave_count 1
.second.octave[0].xo 175.81737608200152 bits=0x4065fa27f1e29755
.second.octave[0].yo 19.732904646512367 bits=0x4033bb9fa38fdb68
.second.octave[0].zo 95.107379012578780 bits=0x4057c6df4c38d35e
.second.getValue(0.0,0.0,0.0) 0.38967780334328705 bits=0x3fd8f07b2b5589d4
.second.getValue(123.456,-64.0,-789.012) 0.28689998921147010 bits=0x3fd25c91c5b8b480
.second.getValue(-3000.5,80.25,3000.75) 0.11290607004854580 bits=0x3fbce7698660de20
.getValue(0.0,0.0,0.0) 0.081878225726598320 bits=0x3fb4f5f8adc01019
.getValue(0.25,-16.0,0.75) 0.24175232885608586 bits=0x3fcef1bd851598cf
.getValue(1234.5,63.0,-987.25) -0.17707344480323970 bits=0xbfc6aa57b735c1c3
.getValue(-8.125,320.0,8.5) -0.22515308567200287 bits=0xbfccd1d0f9c701ac
noise "minecraft:iceberg_surface"
.valueFactor 1.2500000000000000 bits=0x3ff4000000000000
.first.firstOctave -6
.first.amplitudes [1.0, 1.0, 1.0]
.first.lowestFreqInputFactor 0.015625000000000000 bits=0x3f90000000000000
.first.lowestFreqValueFactor 0.57142857142857140 bits=0x3fe2492492492492
.first.octave_count 3
.first.octave[0].xo 71.256498655282230 bits=0x4051d06a7955f9ee
.first.octave[0].yo 121.64638091184887 bits=0x405e695e4e0b4992
.first.octave[0].zo 142.44918030522754 bits=0x4061ce5faf601eb5
.first.octave[1].xo 61.953696248656800 bits=0x404efa12b7fb2640
.first.octave[1].yo 117.07235623970834 bits=0x405d44a17c10cd5e
.first.octave[1].zo 20.548429831949647 bits=0x40348c65e5c05fe0
.first.octave[2].xo 29.319158214332788 bits=0x403d51b45a4ccf20
.first.octave[2].yo 163.44588941617792 bits=0x40646e44b9e183bc
.first.octave[2].zo 158.50217835843355 bits=0x4063d011d8594765
.first.getValue(0.0,0.0,0.0) 0.10057866499619440 bits=0x3fb9bf85fcd580b1
.first.getValue(123.456,-64.0,-789.012) 0.018553917137222965 bits=0x3f92ffcc4d44ad1a
.first.getValue(-3000.5,80.25,3000.75) -0.094389591664797120 bits=0xbfb829ea91487919
.second.firstOctave -6
.second.amplitudes [1.0, 1.0, 1.0]
.second.lowestFreqInputFactor 0.015625000000000000 bits=0x3f90000000000000
.second.lowestFreqValueFactor 0.57142857142857140 bits=0x3fe2492492492492
.second.octave_count 3
.second.octave[0].xo 251.09499727592728 bits=0x406f630a37ba2a23
.second.octave[0].yo 34.811556626678340 bits=0x404167e1166937c0
.second.octave[0].zo 215.36711829076117 bits=0x406aebbf6edb92a5
.second.octave[1].xo 76.058441905797510 bits=0x405303bd831e8770
.second.octave[1].yo 153.35279137409808 bits=0x40632b4a1122c1fd
.second.octave[1].zo 20.640306235119170 bits=0x4034a3eb1c034300
.second.octave[2].xo 236.62654721865036 bits=0x406d940cacc0b019
.second.octave[2].yo 78.170258325729350 bits=0x40538ae5832d3846
.second.octave[2].zo 234.71155161840295 bits=0x406d56c507e64e9c
.second.getValue(0.0,0.0,0.0) -0.056145278105376964 bits=0xbfacbf12ea932892
.second.getValue(123.456,-64.0,-789.012) -0.063342654793304520 bits=0xbfb0373966c77083
.second.getValue(-3000.5,80.25,3000.75) 0.16671368245738720 bits=0x3fc556dfbaf9a062
.getValue(0.0,0.0,0.0) 0.055541733613521800 bits=0x3fac6ff752ddcf04
.getValue(0.25,-16.0,0.75) 0.42206090378694894 bits=0x3fdb030bbcabd978
.getValue(1234.5,63.0,-987.25) -0.13695859008868214 bits=0xbfc187dbecab280b
.getValue(-8.125,320.0,8.5) 0.27547800425730250 bits=0x3fd1a16e7ec35b8e
noise "minecraft:calcite"
.valueFactor 1.3333333333333333 bits=0x3ff5555555555555
.first.firstOctave -9
.first.amplitudes [1.0, 1.0, 1.0, 1.0]
.first.lowestFreqInputFactor 0.0019531250000000000 bits=0x3f60000000000000
.first.lowestFreqValueFactor 0.53333333333333330 bits=0x3fe1111111111111
.first.octave_count 4
.first.octave[0].xo 30.519533866380330 bits=0x403e85002be54498
.first.octave[0].yo 98.970810960693110 bits=0x4058be21c44bb19e
.first.octave[0].zo 70.350968448979240 bits=0x40519676445e92cc
.first.octave[1].xo 114.82952341059601 bits=0x405cb516e95bf1ae
.first.octave[1].yo 169.62234580592983 bits=0x406533ea41c068af
.first.octave[1].zo 43.694692249114640 bits=0x4045d8ebacf55db4
.first.octave[2].xo 233.40188249255760 bits=0x406d2cdc38ac4bd6
.first.octave[2].yo 151.22097227365433 bits=0x4062e71234721561
.first.octave[2].zo 158.56999760276640 bits=0x4063d23d6b9cd5c3
.first.octave[3].xo 2.4481817482647443 bits=0x400395e04ffbb080
.first.octave[3].yo 86.388049717713980 bits=0x405598d5ce7bb36e
.first.octave[3].zo 52.706013910644344 bits=0x404a5a5ea9f05e88
.first.getValue(0.0,0.0,0.0) -0.051648381741065605 bits=0xbfaa71a81cf03b06
.first.getValue(123.456,-64.0,-789.012) -0.13533078294589634 bits=0xbfc15284e3728582
.first.getValue(-3000.5,80.25,3000.75) 0.025824365774169432 bits=0x3f9a71b3d9c28f36
.second.firstOctave -9
.second.amplitudes [1.0, 1.0, 1.0, 1.0]
.second.lowestFreqInputFactor 0.0019531250000000000 bits=0x3f60000000000000
.second.lowestFreqValueFactor 0.53333333333333330 bits=0x3fe1111111111111
.second.octave_count 4
.second.octave[0].xo 245.94576870729350 bits=0x406ebe43bcbc6cfc
.second.octave[0].yo 209.73922887834462 bits=0x406a37a7c35217f7
.second.octave[0].zo 87.704188462923270 bits=0x4055ed116c7c9e76
.second.octave[1].xo 111.40337558134888 bits=0x405bd9d0e7d07980
.second.octave[1].yo 50.229526860966445 bits=0x40491d6122dcb3c4
.second.octave[1].zo 49.222839297848820 bits=0x40489c85ff84431c
.second.octave[2].xo 252.53693863229753 bits=0x406f912e99ed35a9
.second.octave[2].yo 127.42727507639958 bits=0x405fdb58798fe20e
.second.octave[2].zo 146.23204650659545 bits=0x4062476ceccb9f50
.second.octave[3].xo 228.64842794885757 bits=0x406c94bfebf844fb
.second.octave[3].yo 254.32202492771320 bits=0x406fca4e0738a0cc
.second.octave[3].zo 186.96902554842920 bits=0x40675f0241ddefbd
.second.getValue(0.0,0.0,0.0) 0.025534772337231264 bits=0x3f9a25c99065984b
.second.getValue(123.456,-64.0,-789.012) -0.027249292601157504 bits=0xbf9be73d123e92a3
.second.getValue(-3000.5,80.25,3000.75) 0.033781936117308970 bits=0x3fa14bddada388d2
.getValue(0.0,0.0,0.0) -0.034818145871779116 bits=0xbfa1d3af1ba73e80
.getValue(0.25,-16.0,0.75) -0.035181747020583070 bits=0xbfa2035789bd359f
.getValue(1234.5,63.0,-987.25) -0.78841093332020850 bits=0xbfe93aa990cd6988
.getValue(-8.125,320.0,8.5) -0.013599148920840168 bits=0xbf8bd9dedef291d5
noise "minecraft:gravel"
.valueFactor 1.3333333333333333 bits=0x3ff5555555555555
.first.firstOctave -8
.first.amplitudes [1.0, 1.0, 1.0, 1.0]
.first.lowestFreqInputFactor 0.0039062500000000000 bits=0x3f70000000000000
.first.lowestFreqValueFactor 0.53333333333333330 bits=0x3fe1111111111111
.first.octave_count 4
.first.octave[0].xo 233.46914851067520 bits=0x406d2f0343bcca26
.first.octave[0].yo 203.41114512479620 bits=0x40696d2819d21d1b
.first.octave[0].zo 109.59270092906186 bits=0x405b65eecfe0a84a
.first.octave[1].xo 142.35294038324756 bits=0x4061cb4b49a16f8d
.first.octave[1].yo 101.49617184421174 bits=0x40595fc1478d0578
.first.octave[1].zo 207.92870647895490 bits=0x4069fdb7f6a6563a
.first.octave[2].xo 255.57815341055672 bits=0x406ff2803b94cd2f
.first.octave[2].yo 84.410956530903430 bits=0x40551a4d1c9f13b4
.first.octave[2].zo 115.34852513432008 bits=0x405cd64e3c5d6f48
.first.octave[3].xo 47.920369829434236 bits=0x4047f5ceadb6d294
.first.octave[3].yo 201.94620191816750 bits=0x40693e47493ebe24
.first.octave[3].zo 245.42148584458687 bits=0x406ead7ccfe1c748
.first.getValue(0.0,0.0,0.0) 0.12600983750190210 bits=0x3fc021172185c0b8
.first.getValue(123.456,-64.0,-789.012) -0.13959765757244970 bits=0xbfc1de5606ef99b5
.first.getValue(-3000.5,80.25,3000.75) -0.33230233385320120 bits=0xbfd5447102122c9c
.second.firstOctave -8
.second.amplitudes [1.0, 1.0, 1.0, 1.0]
.second.lowestFreqInputFactor 0.0039062500000000000 bits=0x3f70000000000000
.second.lowestFreqValueFactor 0.53333333333333330 bits=0x3fe1111111111111
.second.octave_count 4
.second.octave[0].xo 226.11393398235762 bits=0x406c43a558e10421
.second.octave[0].yo 102.03516803244526 bits=0x40598240316b4de4
.second.octave[0].zo 192.77487699197425 bits=0x406818cbcad55e79
.second.octave[1].xo 197.79145907784310 bits=0x4068b953a1fceeab
.second.octave[1].yo 236.13380558598826 bits=0x406d844822a6faef
.second.octave[1].zo 51.829323431627840 bits=0x4049ea27452c52f4
.second.octave[2].xo 234.62918129007522 bits=0x406d542240cd041a
.second.octave[2].yo 233.97878611009170 bits=0x406d3f52373f93ef
.second.octave[2].zo 73.472672863785390 bits=0x40525e4045aeea8e
.second.octave[3].xo 147.28006026097546 bits=0x406268f640efb990
.second.octave[3].yo 97.463016394930290 bits=0x40585da20f846f32
.second.octave[3].zo 144.32479862176731 bits=0x40620a64c01448d9
.second.getValue(0.0,0.0,0.0) -0.015454287751720374 bits=0xbf8fa67f63d01a26
.second.getValue(123.456,-64.0,-789.012) -0.021491590731769200 bits=0xbf9601e43d53eebe
.second.getValue(-3000.5,80.25,3000.75) -0.090045411328517430 bits=0xbfb70d3750cf93e2
.getValue(0.0,0.0,0.0) 0.14740739966690894 bits=0x3fc2de3ee460fec7
.getValue(0.25,-16.0,0.75) -0.018422724447309690 bits=0xbf92dd681c048550
.getValue(1234.5,63.0,-987.25) -0.28287029148205680 bits=0xbfd21a8bfebb3a1a
.getValue(-8.125,320.0,8.5) -0.17190182089136258 bits=0xbfc600e0fd6cf5d2
noise "minecraft:ice"
.valueFactor 1.3333333333333333 bits=0x3ff5555555555555
.first.firstOctave -4
.first.amplitudes [1.0, 1.0, 1.0, 1.0]
.first.lowestFreqInputFactor 0.062500000000000000 bits=0x3fb0000000000000
.first.lowestFreqValueFactor 0.53333333333333330 bits=0x3fe1111111111111
.first.octave_count 4
.first.octave[0].xo 168.32597022767538 bits=0x40650a6e591d6abc
.first.octave[0].yo 211.29015810963440 bits=0x406a6948f9a8f191
.first.octave[0].zo 75.971918458522650 bits=0x4052fe33e97a6ef2
.first.octave[1].xo 253.42592696081056 bits=0x406fada13193e550
.first.octave[1].yo 134.08391814769877 bits=0x4060c2af751c7d07
.first.octave[1].zo 127.75017964139670 bits=0x405ff002f1787b20
.first.octave[2].xo 78.386205015317160 bits=0x405398b7953d95a8
.first.octave[2].yo 54.927082795200220 bits=0x404b76aaa62708dc
.first.octave[2].zo 207.01870672268230 bits=0x4069e0993ed74459
.first.octave[3].xo 237.04028323825733 bits=0x406da14a0012dc8d
.first.octave[3].yo 37.595289405812790 bits=0x4042cc327178cf84
.first.octave[3].zo 147.06310535633492 bits=0x40626204f5863526
.first.getValue(0.0,0.0,0.0) -0.094719770915568140 bits=0xbfb83f8e0e5df237
.first.getValue(123.456,-64.0,-789.012) 0.071217586180375730 bits=0x3fb23b50d38b7665
.first.getValue(-3000.5,80.25,3000.75) 0.14411446197769717 bits=0x3fc27257ba899484
.second.firstOctave -4
.second.amplitudes [1.0, 1.0, 1.0, 1.0]
.second.lowestFreqInputFactor 0.062500000000000000 bits=0x3fb0000000000000
.second.lowestFreqValueFactor 0.53333333333333330 bits=0x3fe1111111111111
.second.octave_count 4
.second.octave[0].xo 61.257483645602350 bits=0x404ea0f5395e8ef8
.second.octave[0].yo 166.00524962204210 bits=0x4064c02b01415f97
.second.octave[0].zo 44.606003679909460 bits=0x40464d9187513bc0
.second.octave[1].xo 81.160294692814600 bits=0x40544a4244abd71c
.second.octave[1].yo 125.41463603211483 bits=0x405f5a8965916b4a
.second.octave[1].zo 22.583914122701657 bits=0x4036957b655cad18
.second.octave[2].xo 118.93417469659530 bits=0x405dbbc984aaa82a
.second.octave[2].yo 202.07583596911060 bits=0x4069426d3f8de619
.second.octave[2].zo 175.70876252450710 bits=0x4065f6ae2ebeec6e
.second.octave[3].xo 241.39847126732474 bits=0x406e2cc046d0b1c6
.second.octave[3].yo 197.21866475551676 bits=0x4068a6ff4d3ab76f
.second.octave[3].zo 145.64384204507328 bits=0x4062349a5aa1ec25
.second.getValue(0.0,0.0,0.0) -0.16373465754240032 bits=0xbfc4f541dbaee52f
.second.getValue(123.456,-64.0,-789.012) 0.092625810672557290 bits=0x3fb7b6533b9aa7b2
.second.getValue(-3000.5,80.25,3000.75) 0.084513586741236210 bits=0x3fb5a2aeb31f0b78
.getValue(0.0,0.0,0.0) -0.34460590461062457 bits=0xbfd60e05ec93e986
.getValue(0.25,-16.0,0.75) -0.087184190758713030 bits=0xbfb651b400097224
.getValue(1234.5,63.0,-987.25) 0.35395444294286627 bits=0x3fd6a730892daa20
.getValue(-8.125,320.0,8.5) 0.24565445804430197 bits=0x3fcf719af3b55c5c
noise "minecraft:packed_ice"
.valueFactor 1.3333333333333333 bits=0x3ff5555555555555
.first.firstOctave -7
.first.amplitudes [1.0, 1.0, 1.0, 1.0]
.first.lowestFreqInputFactor 0.0078125000000000000 bits=0x3f80000000000000
.first.lowestFreqValueFactor 0.53333333333333330 bits=0x3fe1111111111111
.first.octave_count 4
.first.octave[0].xo 212.35217272976766 bits=0x406a8b44ffbe9ca5
.first.octave[0].yo 131.82701387083432 bits=0x40607a76e5cb124c
.first.octave[0].zo 238.64488213636628 bits=0x406dd4a2dfdcaef8
.first.octave[1].xo 182.08377353806327 bits=0x4066c2ae45d7c810
.first.octave[1].yo 200.24399203988680 bits=0x406907cec864f98a
.first.octave[1].zo 2.5581435108913980 bits=0x40047713f1ee0680
.first.octave[2].xo 238.79480705139240 bits=0x406dd96f0f328b8a
.first.octave[2].yo 238.70240180879333 bits=0x406dd67a135bad65
.first.octave[2].zo 201.39834741448752 bits=0x40692cbf4313b571
.first.octave[3].xo 32.429194661365955 bits=0x404036efd9c517a0
.first.octave[3].yo 189.80852786843292 bits=0x4067b9df75d61a5e
.first.octave[3].zo 111.33129112438499 bits=0x405bd533dfb02c12
.first.getValue(0.0,0.0,0.0) 0.17418271939371893 bits=0x3fc64b9e8da984e2
.first.getValue(123.456,-64.0,-789.012) -0.039301179270250570 bits=0xbfa41f48bf51e631
.first.getValue(-3000.5,80.25,3000.75) -0.14519642418500714 bits=0xbfc295cbe2af74b5
.second.firstOctave -7
.second.amplitudes [1.0, 1.0, 1.0, 1.0]
.second.lowestFreqInputFactor 0.0078125000000000000 bits=0x3f80000000000000
.second.lowestFreqValueFactor 0.53333333333333330 bits=0x3fe1111111111111
.second.octave_count 4
.second.octave[0].xo 181.08748196756983 bits=0x4066a2cca6fbb678
.second.octave[0].yo 226.82814702252332 bits=0x406c5a802e2f408f
.second.octave[0].zo 224.01963779527000 bits=0x406c00a0df710e68
.second.octave[1].xo 27.089534726271552 bits=0x403b16ebbf713150
.second.octave[1].yo 198.63488082446060 bits=0x4068d450f1973d4e
.second.octave[1].zo 144.72247885597844 bits=0x4062171e8bfa4f53
.second.octave[2].xo 54.661284728075660 bits=0x404b54a4fa5c36f0
.second.octave[2].yo 110.14459349017937 bits=0x405b8941050de23c
.second.octave[2].zo 224.02503998833618 bits=0x406c00cd20a95fe0
.second.octave[3].xo 71.228778512276930 bits=0x4051cea44ea11072
.second.octave[3].yo 24.479788308578320 bits=0x40387ad3681658d8
.second.octave[3].zo 193.57323683456417 bits=0x40683257f4c62a1a
.second.getValue(0.0,0.0,0.0) 0.19248085954056252 bits=0x3fc8a3367a6a9571
.second.getValue(123.456,-64.0,-789.012) -0.030906768252390714 bits=0xbf9fa6061b79ed46
.second.getValue(-3000.5,80.25,3000.75) -0.071679774450573460 bits=0xbfb2599b0f0cc43d
.getValue(0.0,0.0,0.0) 0.48888477191237530 bits=0x3fdf49e35ab8118d
.getValue(0.25,-16.0,0.75) 0.51785531735476660 bits=0x3fe092455083264a
.getValue(1234.5,63.0,-987.25) -0.29530299507868930 bits=0xbfd2e63e88918642
.getValue(-8.125,320.0,8.5) -0.15883449407267508 bits=0xbfc454b04ec26986
noise "minecraft:powder_snow"
.valueFactor 1.3333333333333333 bits=0x3ff5555555555555
.first.firstOctave -6
.first.amplitudes [1.0, 1.0, 1.0, 1.0]
.first.lowestFreqInputFactor 0.015625000000000000 bits=0x3f90000000000000
.first.lowestFreqValueFactor 0.53333333333333330 bits=0x3fe1111111111111
.first.octave_count 4
.first.octave[0].xo 255.54863624514402 bits=0x406ff18e6d994967
.first.octave[0].yo 190.81857503512933 bits=0x4067da31c445a67b
.first.octave[0].zo 25.087168996261795 bits=0x40391650b5142b68
.first.octave[1].xo 52.509546956062450 bits=0x404a4138d5ac0844
.first.octave[1].yo 34.320541011069565 bits=0x404129077ce3c908
.first.octave[1].zo 115.65347304521978 bits=0x405ce9d2809b8256
.first.octave[2].xo 230.59533051895792 bits=0x406cd30cf296a785
.first.octave[2].yo 139.61637529093576 bits=0x406173b958ac9436
.first.octave[2].zo 204.96244873610212 bits=0x40699ecc614ab453
.first.octave[3].xo 209.17645145746994 bits=0x406a25a57d86e547
.first.octave[3].yo 243.90063057087733 bits=0x406e7cd1f733f645
.first.octave[3].zo 189.18366047116228 bits=0x4067a5e08beca6b8
.first.getValue(0.0,0.0,0.0) -0.020175024818074340 bits=0xbf94a8c2ff289187
.first.getValue(123.456,-64.0,-789.012) 0.087526453143250440 bits=0x3fb6682235c8febe
.first.getValue(-3000.5,80.25,3000.75) 0.031258436616882850 bits=0x3fa0011b15fcb93c
.second.firstOctave -6
.second.amplitudes [1.0, 1.0, 1.0, 1.0]
.second.lowestFreqInputFactor 0.015625000000000000 bits=0x3f90000000000000
.second.lowestFreqValueFactor 0.53333333333333330 bits=0x3fe1111111111111
.second.octave_count 4
.second.octave[0].xo 129.03721246943576 bits=0x40602130d834675c
.second.octave[0].yo 223.09176937007590 bits=0x406be2efc6516804
.second.octave[0].zo 61.937552228064080 bits=0x404ef801b61ee9e0
.second.octave[1].xo 165.09779386897486 bits=0x4064a321209b9fe2
.second.octave[1].yo 230.57224645451026 bits=0x406cd24fd7cbebf4
.second.octave[1].zo 17.549277709316897 bits=0x40318c9d76c5f018
.second.octave[2].xo 229.27008411720016 bits=0x406ca8a487725166
.second.octave[2].yo 17.071544284968950 bits=0x40311250b9ec2848
.second.octave[2].zo 143.73768311371833 bits=0x4061f79b199e076a
.second.octave[3].xo 221.61777514219570 bits=0x406bb3c4d0600065
.second.octave[3].yo 101.73877754886036 bits=0x40596f4821a0d7f4
.second.octave[3].zo 228.33683893085360 bits=0x406c8ac762700125
.second.getValue(0.0,0.0,0.0) 0.071534526538338790 bits=0x3fb2501634045ab7
.second.getValue(123.456,-64.0,-789.012) 0.0098432187086423570 bits=0x3f8428ae73872802
.second.getValue(-3000.5,80.25,3000.75) 0.053221991693486180 bits=0x3fab3fe9b380c580
.getValue(0.0,0.0,0.0) 0.068479335627019260 bits=0x3fb187dc9af84871
.getValue(0.25,-16.0,0.75) 0.47837427154884690 bits=0x3fde9daf1ee3352d
.getValue(1234.5,63.0,-987.25) -0.49281962676629640 bits=0xbfdf8a5b54f2715e
.getValue(-8.125,320.0,8.5) 0.33671447179058345 bits=0x3fd58cbadb1b8cd4
noise "minecraft:sulfur_cave_gradient"
.valueFactor 1.2500000000000000 bits=0x3ff4000000000000
.first.firstOctave -5
.first.amplitudes [1.0, 0.0, 1.0]
.first.lowestFreqInputFactor 0.031250000000000000 bits=0x3fa0000000000000
.first.lowestFreqValueFactor 0.57142857142857140 bits=0x3fe2492492492492
.first.octave_count 3
.first.octave[0].xo 214.24171030013443 bits=0x406ac7bc173d45e1
.first.octave[0].yo 119.36536276021454 bits=0x405dd7621a7c930e
.first.octave[0].zo 52.843092560574520 bits=0x404a6bea74ff9590
.first.octave[1] null
.first.octave[2].xo 166.65676043809340 bits=0x4064d5042e775d5e
.first.octave[2].yo 48.913147424627680 bits=0x404874e203ca99ec
.first.octave[2].zo 39.054606028244905 bits=0x404386fd5490bcf8
.first.getValue(0.0,0.0,0.0) 0.24951966402824760 bits=0x3fcff042a65ae8da
.first.getValue(123.456,-64.0,-789.012) 0.0056041611421084500 bits=0x3f76f4638d3adbd4
.first.getValue(-3000.5,80.25,3000.75) -0.15881787578855047 bits=0xbfc45424e744190d
.second.firstOctave -5
.second.amplitudes [1.0, 0.0, 1.0]
.second.lowestFreqInputFactor 0.031250000000000000 bits=0x3fa0000000000000
.second.lowestFreqValueFactor 0.57142857142857140 bits=0x3fe2492492492492
.second.octave_count 3
.second.octave[0].xo 102.63070113827641 bits=0x4059a85d684e9c9e
.second.octave[0].yo 116.72863512965134 bits=0x405d2ea1f53d246e
.second.octave[0].zo 107.64281792937962 bits=0x405ae923edcffdf2
.second.octave[1] null
.second.octave[2].xo 249.58475751398940 bits=0x406f32b65563d597
.second.octave[2].yo 165.49605102182360 bits=0x4064afdfa6647c27
.second.octave[2].zo 69.010333909076700 bits=0x405140a94f8e618e
.second.getValue(0.0,0.0,0.0) -0.15583194426100690 bits=0xbfc3f24d1822f595
.second.getValue(123.456,-64.0,-789.012) -0.20836880199070330 bits=0xbfcaabd433074440
.second.getValue(-3000.5,80.25,3000.75) 0.16960812200232522 bits=0x3fc5b5b80c91674c
.getValue(0.0,0.0,0.0) 0.11710964970905086 bits=0x3fbdfae5e38be02c
.getValue(0.25,-16.0,0.75) -0.57743612647922630 bits=0xbfe27a5b53d83af4
.getValue(1234.5,63.0,-987.25) -0.0078987669403492170 bits=0xbf802d3a8d800d90
.getValue(-8.125,320.0,8.5) 0.012267320320623054 bits=0x3f891f9bdcb16c40
noise "minecraft:surface_swamp"
.valueFactor 0.83333333333333330 bits=0x3feaaaaaaaaaaaaa
.first.firstOctave -2
.first.amplitudes [1.0]
.first.lowestFreqInputFactor 0.25000000000000000 bits=0x3fd0000000000000
.first.lowestFreqValueFactor 1.0000000000000000 bits=0x3ff0000000000000
.first.octave_count 1
.first.octave[0].xo 236.29728601934363 bits=0x406d89835df85472
.first.octave[0].yo 97.330567943629690 bits=0x405855280672bfb6
.first.octave[0].zo 8.0156665861175040 bits=0x4020080573660780
.first.getValue(0.0,0.0,0.0) -0.36219328157448616 bits=0xbfd72e2cbacc5fa4
.first.getValue(123.456,-64.0,-789.012) -0.34932463063271674 bits=0xbfd65b55b2104e9d
.first.getValue(-3000.5,80.25,3000.75) -0.027709363103455967 bits=0xbf9c5fd7e14a1184
.second.firstOctave -2
.second.amplitudes [1.0]
.second.lowestFreqInputFactor 0.25000000000000000 bits=0x3fd0000000000000
.second.lowestFreqValueFactor 1.0000000000000000 bits=0x3ff0000000000000
.second.octave_count 1
.second.octave[0].xo 47.595921903161980 bits=0x4047cc472b3e8680
.second.octave[0].yo 57.370134334279270 bits=0x404caf608fd66d98
.second.octave[0].zo 9.9861051564816420 bits=0x4023f8e2c66b02e0
.second.getValue(0.0,0.0,0.0) 0.029552651664183915 bits=0x3f9e430ce1a18930
.second.getValue(123.456,-64.0,-789.012) 0.037927130280390686 bits=0x3fa36b2f505eedf8
.second.getValue(-3000.5,80.25,3000.75) 0.42516578531229254 bits=0x3fdb35ea8dd2d854
.getValue(0.0,0.0,0.0) -0.27720052492525180 bits=0xbfd1bda7453f3b38
.getValue(0.25,-16.0,0.75) 0.27447236691764960 bits=0x3fd190f48be44a03
.getValue(1234.5,63.0,-987.25) -0.063734549831180920 bits=0xbfb050e84f2673cb
.getValue(-8.125,320.0,8.5) -0.31275876567238570 bits=0xbfd4043d57866a12
