# hyperchunk stage completion log v1
# every generation-step completion in the dump dimension, all chunks,
#   in completion order (ChunkStep.apply future continuation)
# columns stageIndex stageName chunkX chunkZ featuresSeq nanos
01 structure_starts -11 -11 0 1429368353439160
01 structure_starts -11 -10 0 1429368355473501
01 structure_starts -11 -9 0 1429368355869082
01 structure_starts -11 -8 0 1429368356409655
01 structure_starts -11 -7 0 1429368458748260
01 structure_starts -11 -6 0 1429368459192731
01 structure_starts -11 -5 0 1429368460408530
01 structure_starts -11 -4 0 1429368461121471
01 structure_starts -11 -3 0 1429368461538564
01 structure_starts -11 -2 0 1429368461724062
01 structure_starts -11 -1 0 1429368461883859
01 structure_starts -11 0 0 1429368462076622
01 structure_starts -11 1 0 1429368462237816
01 structure_starts -11 2 0 1429368462450972
01 structure_starts -11 3 0 1429368462619150
01 structure_starts -11 4 0 1429368463468142
01 structure_starts -11 5 0 1429368463921831
01 structure_starts -11 6 0 1429368464132194
01 structure_starts -11 7 0 1429368464573871
01 structure_starts -11 8 0 1429368465130646
01 structure_starts -11 9 0 1429368465246304
01 structure_starts -10 -11 0 1429368465354698
01 structure_starts -10 -10 0 1429368465476222
01 structure_starts -10 -9 0 1429368465582381
01 structure_starts -10 -8 0 1429368465721225
01 structure_starts -10 -7 0 1429368465905886
01 structure_starts -10 -6 0 1429368466110661
01 structure_starts -10 -5 0 1429368466223245
01 structure_starts -10 -4 0 1429368466327728
01 structure_starts -10 -3 0 1429368466560998
01 structure_starts -10 -2 0 1429368466666319
01 structure_starts -10 -1 0 1429368466854053
01 structure_starts -10 0 0 1429368466956021
01 structure_starts -10 1 0 1429368467150739
01 structure_starts -10 2 0 1429368467266955
01 structure_starts -10 3 0 1429368467380657
01 structure_starts -10 4 0 1429368467506092
01 structure_starts -10 5 0 1429368467622867
01 structure_starts -10 6 0 1429368467732378
01 structure_starts -10 7 0 1429368496481334
01 structure_starts -10 8 0 1429368496792268
01 structure_starts -10 9 0 1429368496982236
01 structure_starts -9 -11 0 1429368497181983
01 structure_starts -9 -10 0 1429368497306859
01 structure_starts -9 -9 0 1429368497497666
01 structure_starts -9 -8 0 1429368497621146
01 structure_starts -9 -7 0 1429368497746301
01 structure_starts -9 -6 0 1429368497882073
01 structure_starts -9 -5 0 1429368498066454
01 structure_starts -9 -4 0 1429368498262848
01 structure_starts -9 -3 0 1429368498450023
01 structure_starts -9 -2 0 1429368498571268
01 structure_starts -9 -1 0 1429368498697262
01 structure_starts -9 0 0 1429368498981097
01 structure_starts -9 1 0 1429368499165758
01 structure_starts -9 2 0 1429368499322203
01 structure_starts -9 3 0 1429368499652972
01 structure_starts -9 4 0 1429368499756616
01 structure_starts -9 5 0 1429368499852997
01 structure_starts -9 6 0 1429368499983741
01 structure_starts -9 7 0 1429368500186560
01 structure_starts -9 8 0 1429368500306967
01 structure_starts -9 9 0 1429368500434078
01 structure_starts -8 -11 0 1429368500632986
01 structure_starts -8 -10 0 1429368500884415
01 structure_starts -8 -9 0 1429368501523045
01 structure_starts -8 -8 0 1429368501851579
01 structure_starts -8 -7 0 1429368501991262
01 structure_starts -8 -6 0 1429368502186818
01 structure_starts -8 -5 0 1429368502303593
01 structure_starts -8 -4 0 1429368502432380
01 structure_starts -8 -3 0 1429368502558653
01 structure_starts -8 -2 0 1429368502687162
01 structure_starts -8 -1 0 1429368502810362
01 structure_starts -8 0 0 1429368502933841
01 structure_starts -8 1 0 1429368503113753
01 structure_starts -8 2 0 1429368503284166
01 structure_starts -8 3 0 1429368503516319
01 structure_starts -8 4 0 1429368503619405
01 structure_starts -8 5 0 1429368503728636
01 structure_starts -8 6 0 1429368503868319
01 structure_starts -8 7 0 1429368503980904
01 structure_starts -8 8 0 1429368504497730
01 structure_starts -8 9 0 1429368504615902
01 structure_starts -7 -11 0 1429368504739102
01 structure_starts -7 -10 0 1429368513161695
01 structure_starts -7 -9 0 1429368513350547
01 structure_starts -7 -8 0 1429368513427931
01 structure_starts -7 -7 0 1429368513515372
01 structure_starts -7 -6 0 1429368513601138
01 structure_starts -7 -5 0 1429368513685227
01 structure_starts -7 -4 0 1429368513769874
01 structure_starts -7 -3 0 1429368513852287
01 structure_starts -7 -2 0 1429368513938611
01 structure_starts -7 -1 0 1429368514077456
01 structure_starts -7 0 0 1429368514187526
01 structure_starts -7 1 0 1429368514271336
01 structure_starts -7 2 0 1429368514358218
01 structure_starts -7 3 0 1429368514441190
01 structure_starts -7 4 0 1429368514643451
01 structure_starts -7 5 0 1429368514731171
01 structure_starts -7 6 0 1429368514816937
01 structure_starts -7 7 0 1429368514933153
01 structure_starts -7 8 0 1429368515078423
01 structure_starts -7 9 0 1429368515182906
01 structure_starts -6 -11 0 1429368515266436
01 structure_starts -6 -10 0 1429368515446347
01 structure_starts -6 -9 0 1429368515548316
01 structure_starts -6 -8 0 1429368515645814
01 structure_starts -6 -7 0 1429368515735770
01 structure_starts -6 -6 0 1429368515826005
01 structure_starts -6 -5 0 1429368516054247
01 structure_starts -6 -4 0 1429368516163200
01 structure_starts -6 -3 0 1429368516333054
01 structure_starts -6 -2 0 1429368516476648
01 structure_starts -6 -1 0 1429368516598451
01 structure_starts -6 0 0 1429368516710756
01 structure_starts -6 1 0 1429368516835912
01 structure_starts -6 2 0 1429368516952966
01 structure_starts -6 3 0 1429368517135671
01 structure_starts -6 4 0 1429368517244903
01 structure_starts -6 5 0 1429368517436548
01 structure_starts -6 6 0 1429368517550250
01 structure_starts -6 7 0 1429368517955609
01 structure_starts -6 8 0 1429368518353426
01 structure_starts -6 9 0 1429368518484169
01 structure_starts -5 -11 0 1429368519340704
01 structure_starts -5 -10 0 1429368520393633
01 structure_starts -5 -9 0 1429368520599805
01 structure_starts -5 -8 0 1429368520727195
01 structure_starts -5 -7 0 1429368520843970
01 structure_starts -5 -6 0 1429368520954040
01 structure_starts -5 -5 0 1429368521130320
01 structure_starts -5 -4 0 1429368521231450
01 structure_starts -5 -3 0 1429368521363311
01 structure_starts -5 -2 0 1429368521493775
01 structure_starts -5 -1 0 1429368521613902
01 structure_starts -5 0 0 1429368521721737
01 structure_starts -5 1 0 1429368521840747
01 structure_starts -5 2 0 1429368521994118
01 structure_starts -5 3 0 1429368522162855
01 structure_starts -5 4 0 1429368522338297
01 structure_starts -5 5 0 1429368522438310
01 structure_starts -5 6 0 1429368522609840
01 structure_starts -5 7 0 1429368522724659
01 structure_starts -5 8 0 1429368522894514
01 structure_starts -5 9 0 1429368523055708
01 structure_starts -4 -11 0 1429368523185892
01 structure_starts -4 -10 0 1429368523298476
01 structure_starts -4 -9 0 1429368523420000
01 structure_starts -4 -8 0 1429368523518058
01 structure_starts -4 -7 0 1429368523621423
01 structure_starts -4 -6 0 1429368523719760
01 structure_starts -4 -5 0 1429368523813347
01 structure_starts -4 -4 0 1429368523900509
01 structure_starts -4 -3 0 1429368524051646
01 structure_starts -4 -2 0 1429368524170935
01 structure_starts -4 -1 0 1429368524268713
01 structure_starts -4 0 0 1429368524379342
01 structure_starts -4 1 0 1429368524498910
01 structure_starts -4 2 0 1429368524617361
01 structure_starts -4 3 0 1429368524731622
01 structure_starts -4 4 0 1429368524850911
01 structure_starts -4 5 0 1429368524959864
01 structure_starts -4 6 0 1429368525126645
01 structure_starts -4 7 0 1429368525231128
01 structure_starts -4 8 0 1429368525352652
01 structure_starts -4 9 0 1429368525520830
01 structure_starts -3 -11 0 1429368525626430
01 structure_starts -3 -10 0 1429368525749072
01 structure_starts -3 -9 0 1429368525937923
01 structure_starts -3 -8 0 1429368526125377
01 structure_starts -3 -7 0 1429368526310876
01 structure_starts -3 -6 0 1429368526808426
01 structure_starts -3 -5 0 1429368526929671
01 structure_starts -3 -4 0 1429368527119639
01 structure_starts -3 -3 0 1429368527277760
01 structure_starts -3 -2 0 1429368527388668
01 structure_starts -3 -1 0 1429368527495107
01 structure_starts -3 0 0 1429368527613558
01 structure_starts -3 1 0 1429368527749888
01 structure_starts -3 2 0 1429368527863310
01 structure_starts -3 3 0 1429368527975615
01 structure_starts -3 4 0 1429368528530156
01 structure_starts -3 5 0 1429368528670398
01 structure_starts -3 6 0 1429368528793319
01 structure_starts -3 7 0 1429368528918474
01 structure_starts -3 8 0 1429368529091402
01 structure_starts -3 9 0 1429368529256507
01 structure_starts -2 -11 0 1429368529367135
01 structure_starts -2 -10 0 1429368529476647
01 structure_starts -2 -9 0 1429368529587555
01 structure_starts -2 -8 0 1429368529742323
01 structure_starts -2 -7 0 1429368529856584
01 structure_starts -2 -6 0 1429368529988724
01 structure_starts -2 -5 0 1429368530164166
01 structure_starts -2 -4 0 1429368530348547
01 structure_starts -2 -3 0 1429368530591874
01 structure_starts -2 -2 0 1429368530685741
01 structure_starts -2 -1 0 1429368530849170
01 structure_starts -2 0 0 1429368530955329
01 structure_starts -2 1 0 1429368531117361
01 structure_starts -2 2 0 1429368531296714
01 structure_starts -2 3 0 1429368531399241
01 structure_starts -2 4 0 1429368531500930
01 structure_starts -2 5 0 1429368531595356
01 structure_starts -2 6 0 1429368531692295
01 structure_starts -2 7 0 1429368531801248
01 structure_starts -2 8 0 1429368531897908
01 structure_starts -2 9 0 1429368532045414
01 structure_starts -1 -11 0 1429368532166379
01 structure_starts -1 -10 0 1429368532261363
01 structure_starts -1 -9 0 1429368532363052
01 structure_starts -1 -8 0 1429368532472284
01 structure_starts -1 -7 0 1429368532591573
01 structure_starts -1 -6 0 1429368532697732
01 structure_starts -1 -5 0 1429368532810037
01 structure_starts -1 -4 0 1429368532913123
01 structure_starts -1 -3 0 1429368545129781
01 structure_starts -1 -2 0 1429368545384562
01 structure_starts -1 -1 0 1429368545620347
01 structure_starts -1 0 0 1429368585504816
01 structure_starts -1 1 0 1429368592084155
01 structure_starts -1 2 0 1429368596311515
01 structure_starts -1 3 0 1429368596394208
01 structure_starts -1 4 0 1429368596471592
01 structure_starts -1 5 0 1429368596536405
01 structure_starts -1 6 0 1429368596613230
01 structure_starts -1 7 0 1429368596686703
01 structure_starts -1 8 0 1429368596762411
01 structure_starts -1 9 0 1429368596838958
01 structure_starts 0 -11 0 1429368596918856
01 structure_starts 0 -10 0 1429368597121676
01 structure_starts 0 -9 0 1429368597189003
01 structure_starts 0 -8 0 1429368597261917
01 structure_starts 0 -7 0 1429368597337066
01 structure_starts 0 -6 0 1429368597402438
01 structure_starts 0 -5 0 1429368597473956
01 structure_starts 0 -4 0 1429368597549384
01 structure_starts 0 -3 0 1429368597623696
01 structure_starts 0 -2 0 1429368597711416
01 structure_starts 0 -1 0 1429368597800534
01 structure_starts 0 0 0 1429368602651718
01 structure_starts 0 1 0 1429368608850561
01 structure_starts 0 2 0 1429368614172476
01 structure_starts 0 3 0 1429368614265784
01 structure_starts 0 4 0 1429368614349035
01 structure_starts 0 5 0 1429368614433124
01 structure_starts 0 6 0 1429368614792668
01 structure_starts 0 7 0 1429368615433812
01 structure_starts 0 8 0 1429368615811514
01 structure_starts 0 9 0 1429368615915717
01 structure_starts 1 -11 0 1429368616049533
01 structure_starts 1 -10 0 1429368616153737
01 structure_starts 1 -9 0 1429368617103580
01 structure_starts 1 -8 0 1429368620071839
01 structure_starts 1 -7 0 1429368620263205
01 structure_starts 1 -6 0 1429368620388640
01 structure_starts 1 -5 0 1429368620499548
01 structure_starts 1 -4 0 1429368620616044
01 structure_starts 1 -3 0 1429368620720806
01 structure_starts 1 -2 0 1429368620845682
01 structure_starts 1 -1 0 1429368620942901
01 structure_starts 1 0 0 1429368629414663
01 structure_starts 1 1 0 1429368635876110
01 structure_starts 1 2 0 1429368641903703
01 structure_starts 1 3 0 1429368642044503
01 structure_starts 1 4 0 1429368642137811
01 structure_starts 1 5 0 1429368642214078
01 structure_starts 1 6 0 1429368652260344
01 structure_starts 1 7 0 1429368652404776
01 structure_starts 1 8 0 1429368652508980
01 structure_starts 1 9 0 1429368652581894
01 structure_starts 2 -11 0 1429368652642237
01 structure_starts 2 -10 0 1429368652696155
01 structure_starts 2 -9 0 1429368652765437
01 structure_starts 2 -8 0 1429368652817120
01 structure_starts 2 -7 0 1429368652880815
01 structure_starts 2 -6 0 1429368652932219
01 structure_starts 2 -5 0 1429368652995355
01 structure_starts 2 -4 0 1429368653120232
01 structure_starts 2 -3 0 1429368653207673
01 structure_starts 2 -2 0 1429368653492626
01 structure_starts 2 -1 0 1429368653648791
01 structure_starts 2 0 0 1429368653847979
01 structure_starts 2 1 0 1429368653930671
01 structure_starts 2 2 0 1429368654068119
01 structure_starts 2 3 0 1429368654169529
01 structure_starts 2 4 0 1429368654258088
01 structure_starts 2 5 0 1429368661250888
01 structure_starts 2 6 0 1429368661381073
01 structure_starts 2 7 0 1429368661472984
01 structure_starts 2 8 0 1429368661558470
01 structure_starts 2 9 0 1429368661743689
01 structure_starts 3 -11 0 1429368661809899
01 structure_starts 3 -10 0 1429368661902089
01 structure_starts 3 -9 0 1429368661962991
01 structure_starts 3 -8 0 1429368662101836
01 structure_starts 3 -7 0 1429368662172236
01 structure_starts 3 -6 0 1429368662239842
01 structure_starts 3 -5 0 1429368662299906
01 structure_starts 3 -4 0 1429368662356897
01 structure_starts 3 -3 0 1429368662509430
01 structure_starts 3 -2 0 1429368662581786
01 structure_starts 3 -1 0 1429368662642408
01 structure_starts 3 0 0 1429368662699119
01 structure_starts 3 1 0 1429368663270702
01 structure_starts 3 2 0 1429368663654550
01 structure_starts 3 3 0 1429368663786410
01 structure_starts 3 4 0 1429368663873293
01 structure_starts 3 5 0 1429368664130868
01 structure_starts 3 6 0 1429368664231440
01 structure_starts 3 7 0 1429368664316367
01 structure_starts 3 8 0 1429368664386208
01 structure_starts 3 9 0 1429368664478399
01 structure_starts 4 -11 0 1429368664558577
01 structure_starts 4 -10 0 1429368664638196
01 structure_starts 4 -9 0 1429368665073448
01 structure_starts 4 -8 0 1429368665171505
01 structure_starts 4 -7 0 1429368665264534
01 structure_starts 4 -6 0 1429368665345829
01 structure_starts 4 -5 0 1429368665413994
01 structure_starts 4 -4 0 1429368665489423
01 structure_starts 4 -3 0 1429368665576585
01 structure_starts 4 -2 0 1429368665660954
01 structure_starts 4 -1 0 1429368665752306
01 structure_starts 4 0 0 1429368665840306
01 structure_starts 4 1 0 1429368665933056
01 structure_starts 4 2 0 1429368666079164
01 structure_starts 4 3 0 1429368666183367
01 structure_starts 4 4 0 1429368666274440
01 structure_starts 4 5 0 1429368666362161
01 structure_starts 4 6 0 1429368666457425
01 structure_starts 4 7 0 1429368666547660
01 structure_starts 4 8 0 1429368666642924
01 structure_starts 4 9 0 1429368666877311
01 structure_starts 5 -11 0 1429368666979280
01 structure_starts 5 -10 0 1429368667117845
01 structure_starts 5 -9 0 1429368744985141
01 structure_starts 5 -8 0 1429368745258081
01 structure_starts 5 -7 0 1429368745340215
01 structure_starts 5 -6 0 1429368745427935
01 structure_starts 5 -5 0 1429368745517332
01 structure_starts 5 -4 0 1429368745610640
01 structure_starts 5 -3 0 1429368745701155
01 structure_starts 5 -2 0 1429368745899504
01 structure_starts 5 -1 0 1429368745991416
01 structure_starts 5 0 0 1429368746152889
01 structure_starts 5 1 0 1429368746237257
01 structure_starts 5 2 0 1429368746317435
01 structure_starts 5 3 0 1429368746399290
01 structure_starts 5 4 0 1429368759242844
01 structure_starts 5 5 0 1429368759403200
01 structure_starts 5 6 0 1429368759457955
01 structure_starts 5 7 0 1429368759520254
01 structure_starts 5 8 0 1429368759573613
01 structure_starts 5 9 0 1429368759635632
01 structure_starts 6 -11 0 1429368759690946
01 structure_starts 6 -10 0 1429368759770007
01 structure_starts 6 -9 0 1429368759839848
01 structure_starts 6 -8 0 1429368759921702
01 structure_starts 6 -7 0 1429368759993220
01 structure_starts 6 -6 0 1429368760130109
01 structure_starts 6 -5 0 1429368760199392
01 structure_starts 6 -4 0 1429368760287112
01 structure_starts 6 -3 0 1429368760384611
01 structure_starts 6 -2 0 1429368760476522
01 structure_starts 6 -1 0 1429368760557259
01 structure_starts 6 0 0 1429368760642745
01 structure_starts 6 1 0 1429368760711748
01 structure_starts 6 2 0 1429368760799190
01 structure_starts 6 3 0 1429368760870428
01 structure_starts 6 4 0 1429368760952282
01 structure_starts 6 5 0 1429368761084422
01 structure_starts 6 6 0 1429368761296181
01 structure_starts 6 7 0 1429368761368257
01 structure_starts 6 8 0 1429368761420778
01 structure_starts 6 9 0 1429368764159958
01 structure_starts 7 -11 0 1429368764319196
01 structure_starts 7 -10 0 1429368764394625
01 structure_starts 7 -9 0 1429368764479552
01 structure_starts 7 -8 0 1429368764569508
01 structure_starts 7 -7 0 1429368764724276
01 structure_starts 7 -6 0 1429368765169865
01 structure_starts 7 -5 0 1429368766221117
01 structure_starts 7 -4 0 1429368766341524
01 structure_starts 7 -3 0 1429368766411365
01 structure_starts 7 -2 0 1429368766499645
01 structure_starts 7 -1 0 1429368766565575
01 structure_starts 7 0 0 1429368766651061
01 structure_starts 7 1 0 1429368766730960
01 structure_starts 7 2 0 1429368766796331
01 structure_starts 7 3 0 1429368766876509
01 structure_starts 7 4 0 1429368766953893
01 structure_starts 7 5 0 1429368767076255
01 structure_starts 7 6 0 1429368775273401
01 structure_starts 7 7 0 1429368775613389
01 structure_starts 7 8 0 1429368775712843
01 structure_starts 7 9 0 1429368775767040
01 structure_starts 8 -11 0 1429368775837440
01 structure_starts 8 -10 0 1429368775892196
01 structure_starts 8 -9 0 1429368775957009
01 structure_starts 8 -8 0 1429368776058418
01 structure_starts 8 -7 0 1429368776141111
01 structure_starts 8 -6 0 1429368776193631
01 structure_starts 8 -5 0 1429368776258165
01 structure_starts 8 -4 0 1429368776312082
01 structure_starts 8 -3 0 1429368776372984
01 structure_starts 8 -2 0 1429368776427740
01 structure_starts 8 -1 0 1429368776489479
01 structure_starts 8 0 0 1429368776550940
01 structure_starts 8 1 0 1429368776616032
01 structure_starts 8 2 0 1429368776669950
01 structure_starts 8 3 0 1429368776731410
01 structure_starts 8 4 0 1429368776780578
01 structure_starts 8 5 0 1429368776843994
01 structure_starts 8 6 0 1429368776896794
01 structure_starts 8 7 0 1429368776961607
01 structure_starts 8 8 0 1429368783800477
01 structure_starts 8 9 0 1429368783979271
01 structure_starts 9 -11 0 1429368784120351
01 structure_starts 9 -10 0 1429368792747161
01 structure_starts 9 -9 0 1429368792878742
01 structure_starts 9 -8 0 1429368792947466
01 structure_starts 9 -7 0 1429368793056139
01 structure_starts 9 -6 0 1429368793379645
01 structure_starts 9 -5 0 1429368793441384
01 structure_starts 9 -4 0 1429368793515416
01 structure_starts 9 -3 0 1429368793574642
01 structure_starts 9 -2 0 1429368793652305
01 structure_starts 9 -1 0 1429368793712369
01 structure_starts 9 0 0 1429368793790871
01 structure_starts 9 1 0 1429368793861271
01 structure_starts 9 2 0 1429368793934465
01 structure_starts 9 3 0 1429368794061576
01 structure_starts 9 4 0 1429368794133094
01 structure_starts 9 5 0 1429368817491131
01 structure_starts 9 6 0 1429368817645900
01 structure_starts 9 7 0 1429368818265253
01 structure_starts 9 8 0 1429368818321126
01 structure_starts 9 9 0 1429368818371412
02 structure_references -3 -3 0 1429368832230740
02 structure_references -3 -2 0 1429368834646414
02 structure_references -3 -1 0 1429368836379598
02 structure_references -3 0 0 1429368836599180
02 structure_references -3 1 0 1429368836913745
02 structure_references -2 -3 0 1429368837298991
02 structure_references -2 -2 0 1429368837477505
02 structure_references -2 -1 0 1429368837648477
02 structure_references -2 0 0 1429368837825595
02 structure_references -2 1 0 1429368838199386
02 structure_references -1 -3 0 1429368838408072
02 structure_references -1 -2 0 1429368838575971
02 structure_references -1 -1 0 1429368839064302
02 structure_references -1 0 0 1429368844634293
02 structure_references -1 1 0 1429368849774900
02 structure_references 0 -3 0 1429368854312915
02 structure_references 0 -2 0 1429368854832814
02 structure_references 0 -1 0 1429368855281475
02 structure_references 0 0 0 1429368860520418
02 structure_references 0 1 0 1429368865824174
02 structure_references 1 -3 0 1429368870586240
02 structure_references 1 -2 0 1429368870828450
02 structure_references 1 -1 0 1429368871772147
02 structure_references 1 0 0 1429368876476106
02 structure_references 1 1 0 1429368880981155
03 biomes -3 -3 0 1429369215756134
03 biomes -3 -2 0 1429369224360874
03 biomes -3 -1 0 1429369234143699
03 biomes -3 0 0 1429369244851223
03 biomes -3 1 0 1429369254287914
03 biomes -2 -3 0 1429369264577508
03 biomes -2 -2 0 1429369275070760
03 biomes -2 -1 0 1429369281593108
03 biomes -2 0 0 1429369288731179
03 biomes -2 1 0 1429369294611266
03 biomes -1 -3 0 1429369299463567
03 biomes -1 -2 0 1429369304387666
03 biomes -1 -1 0 1429369309333275
03 biomes -1 0 0 1429369327887341
03 biomes -1 1 0 1429369341702250
03 biomes 0 -3 0 1429369358546320
03 biomes 0 -2 0 1429369366416049
03 biomes 0 -1 0 1429369374348356
03 biomes 0 0 0 1429369389318441
03 biomes 0 1 0 1429369401740991
03 biomes 1 -3 0 1429369417055534
03 biomes 1 -2 0 1429369424929175
03 biomes 1 -1 0 1429369432996974
03 biomes 1 0 0 1429369450176841
03 biomes 1 1 0 1429369462451048
01 structure_starts -11 10 0 1429369471231230
01 structure_starts -11 11 0 1429369471335713
01 structure_starts -10 10 0 1429369471413097
01 structure_starts -10 11 0 1429369471480703
01 structure_starts -9 10 0 1429369471562557
01 structure_starts -9 11 0 1429369471614240
01 structure_starts -8 10 0 1429369471700564
01 structure_starts -8 11 0 1429369471745821
01 structure_starts -7 10 0 1429369471829631
01 structure_starts -7 11 0 1429369471876844
01 structure_starts -6 10 0 1429369471962888
01 structure_starts -6 11 0 1429369472063181
01 structure_starts -5 10 0 1429369472160120
01 structure_starts -5 11 0 1429369472207892
01 structure_starts -4 10 0 1429369472293099
01 structure_starts -4 11 0 1429369472338356
01 structure_starts -3 10 0 1429369472524413
01 structure_starts -3 11 0 1429369472572185
01 structure_starts -2 10 0 1429369472647613
01 structure_starts -2 11 0 1429369472694547
01 structure_starts -1 10 0 1429369472768020
01 structure_starts -1 11 0 1429369472827525
01 structure_starts 0 10 0 1429369472898484
01 structure_starts 0 11 0 1429369472947931
01 structure_starts 1 10 0 1429369473086217
01 structure_starts 1 11 0 1429369473144884
01 structure_starts 2 10 0 1429369473233723
01 structure_starts 2 11 0 1429369473282891
01 structure_starts 3 10 0 1429369473374802
01 structure_starts 3 11 0 1429369473425647
01 structure_starts 4 10 0 1429369473513647
01 structure_starts 4 11 0 1429369473562815
01 structure_starts 5 10 0 1429369473661711
01 structure_starts 5 11 0 1429369473729876
01 structure_starts 6 10 0 1429369473823463
01 structure_starts 6 11 0 1429369473877101
01 structure_starts 7 10 0 1429369473965381
01 structure_starts 7 11 0 1429369474072099
01 structure_starts 8 10 0 1429369474173788
01 structure_starts 8 11 0 1429369500336097
01 structure_starts 9 10 0 1429369500505952
01 structure_starts 9 11 0 1429369500559031
01 structure_starts 10 -11 0 1429369500613228
01 structure_starts 10 -10 0 1429369500661558
01 structure_starts 10 -9 0 1429369500719387
01 structure_starts 10 -8 0 1429369500762130
01 structure_starts 10 -7 0 1429369500828060
01 structure_starts 10 -6 0 1429369500883095
01 structure_starts 10 -5 0 1429369500924441
01 structure_starts 10 -4 0 1429369500970816
01 structure_starts 10 -3 0 1429369501066638
01 structure_starts 10 -2 0 1429369501121115
01 structure_starts 10 -1 0 1429369501175311
01 structure_starts 10 0 0 1429369501214702
01 structure_starts 10 1 0 1429369501259959
01 structure_starts 10 2 0 1429369501302423
01 structure_starts 10 3 0 1429369501347680
01 structure_starts 10 4 0 1429369501387071
01 structure_starts 10 5 0 1429369501435680
01 structure_starts 10 6 0 1429369501474512
01 structure_starts 10 7 0 1429369501521445
01 structure_starts 10 8 0 1429369501556925
01 structure_starts 10 9 0 1429369501596036
01 structure_starts 10 10 0 1429369501640735
01 structure_starts 10 11 0 1429369501688506
01 structure_starts 11 -11 0 1429369501723427
01 structure_starts 11 -10 0 1429369501762817
01 structure_starts 11 -9 0 1429369501799973
01 structure_starts 11 -8 0 1429369501847186
01 structure_starts 11 -7 0 1429369501882386
01 structure_starts 11 -6 0 1429369501928202
01 structure_starts 11 -5 0 1429369501966754
01 structure_starts 11 -4 0 1429369502057548
01 structure_starts 11 -3 0 1429369502134653
01 structure_starts 11 -2 0 1429369502179631
01 structure_starts 11 -1 0 1429369502241091
01 structure_starts 11 0 0 1429369502294171
01 structure_starts 11 1 0 1429369502348368
01 structure_starts 11 2 0 1429369502384406
01 structure_starts 11 3 0 1429369502429384
01 structure_starts 11 4 0 1429369502466819
01 structure_starts 11 5 0 1429369502511238
01 structure_starts 11 6 0 1429369502548673
01 structure_starts 11 7 0 1429369502593930
01 structure_starts 11 8 0 1429369502631924
01 structure_starts 11 9 0 1429369502677181
01 structure_starts 11 10 0 1429369502714895
01 structure_starts 11 11 0 1429369502760153
02 structure_references -3 2 0 1429369503295696
02 structure_references -3 3 0 1429369503432027
02 structure_references -2 2 0 1429369503562211
02 structure_references -2 3 0 1429369503682897
02 structure_references -1 2 0 1429369503806656
02 structure_references -1 3 0 1429369503923152
02 structure_references 0 2 0 1429369504167317
02 structure_references 0 3 0 1429369504462048
02 structure_references 1 2 0 1429369504605921
02 structure_references 1 3 0 1429369504728283
02 structure_references 2 -3 0 1429369504885287
02 structure_references 2 -2 0 1429369505052068
02 structure_references 2 -1 0 1429369505216335
02 structure_references 2 0 0 1429369505337580
02 structure_references 2 1 0 1429369505459942
02 structure_references 2 2 0 1429369505578113
02 structure_references 2 3 0 1429369505699358
02 structure_references 3 -3 0 1429369505821161
02 structure_references 3 -2 0 1429369505945759
02 structure_references 3 -1 0 1429369506156680
02 structure_references 3 0 0 1429369506281277
02 structure_references 3 1 0 1429369506601150
02 structure_references 3 2 0 1429369506745582
02 structure_references 3 3 0 1429369506864313
03 biomes -3 2 0 1429369514827909
03 biomes -3 3 0 1429369521827693
03 biomes -2 2 0 1429369529843251
03 biomes -2 3 0 1429369537663812
03 biomes -1 2 0 1429369542948292
03 biomes -1 3 0 1429369549674018
03 biomes 0 2 0 1429369557618338
03 biomes 0 3 0 1429369563361536
03 biomes 1 2 0 1429369568919794
03 biomes 1 3 0 1429369574502078
03 biomes 2 -3 0 1429369580057263
03 biomes 2 -2 0 1429369586220068
03 biomes 2 -1 0 1429369591125169
03 biomes 2 0 0 1429369596705218
03 biomes 2 1 0 1429369603603872
03 biomes 2 2 0 1429369611250388
03 biomes 2 3 0 1429369618218884
03 biomes 3 -3 0 1429369622936531
03 biomes 3 -2 0 1429369628162623
03 biomes 3 -1 0 1429369634390241
03 biomes 3 0 0 1429369640755866
03 biomes 3 1 0 1429369646917554
03 biomes 3 2 0 1429369653480410
03 biomes 3 3 0 1429369660419014
04 noise -2 -2 0 1429369719085791
04 noise -2 -1 0 1429369745072100
04 noise -2 0 0 1429369760310655
04 noise -2 1 0 1429369781111101
04 noise -2 2 0 1429369799795352
04 noise -1 -2 0 1429369833739949
04 noise -1 -1 0 1429369847758515
04 noise -1 0 0 1429369879070371
04 noise -1 1 0 1429369899484453
04 noise -1 2 0 1429369925473556
04 noise 0 -2 0 1429369941687656
04 noise 0 -1 0 1429369959653938
04 noise 0 0 0 1429369984327229
04 noise 0 1 0 1429370006059917
04 noise 0 2 0 1429370029652063
04 noise 1 -2 0 1429370045093159
04 noise 1 -1 0 1429370059222912
04 noise 1 0 0 1429370085630784
04 noise 1 1 0 1429370105299799
04 noise 1 2 0 1429370144103681
04 noise 2 -2 0 1429370158156050
04 noise 2 -1 0 1429370171160519
04 noise 2 0 0 1429370187622417
04 noise 2 1 0 1429370205302907
04 noise 2 2 0 1429370222586419
05 surface -2 -2 0 1429370284395221
05 surface -2 -1 0 1429370305186447
05 surface -2 0 0 1429370318882346
05 surface -2 1 0 1429370330476857
05 surface -2 2 0 1429370341060622
05 surface -1 -2 0 1429370358926332
05 surface -1 -1 0 1429370373640519
05 surface -1 0 0 1429370387443694
05 surface -1 1 0 1429370405407181
05 surface -1 2 0 1429370419141353
05 surface 0 -2 0 1429370426578066
05 surface 0 -1 0 1429370434819910
05 surface 0 0 0 1429370449495264
05 surface 0 1 0 1429370460757050
05 surface 0 2 0 1429370474695997
05 surface 1 -2 0 1429370481769255
05 surface 1 -1 0 1429370489239770
05 surface 1 0 0 1429370506438076
05 surface 1 1 0 1429370521912137
05 surface 1 2 0 1429370537189245
05 surface 2 -2 0 1429370548452148
05 surface 2 -1 0 1429370556595376
05 surface 2 0 0 1429370565285881
05 surface 2 1 0 1429370572620346
05 surface 2 2 0 1429370579824626
06 carvers -2 -2 0 1429370630929535
06 carvers -2 -1 0 1429370634694545
06 carvers -2 0 0 1429370637653306
06 carvers -2 1 0 1429370641431167
06 carvers -2 2 0 1429370643968924
06 carvers -1 -2 0 1429370652177245
06 carvers -1 -1 0 1429370656088922
06 carvers -1 0 0 1429370667837642
06 carvers -1 1 0 1429370677893966
06 carvers -1 2 0 1429370686744827
06 carvers 0 -2 0 1429370690518777
06 carvers 0 -1 0 1429370695112106
06 carvers 0 0 0 1429370705079033
06 carvers 0 1 0 1429370722371205
06 carvers 0 2 0 1429370734270503
06 carvers 1 -2 0 1429370739418094
06 carvers 1 -1 0 1429370746701155
06 carvers 1 0 0 1429370763076729
06 carvers 1 1 0 1429370771756339
06 carvers 1 2 0 1429370781441386
06 carvers 2 -2 0 1429370783223738
06 carvers 2 -1 0 1429370785414523
06 carvers 2 0 0 1429370787489651
06 carvers 2 1 0 1429370789834646
06 carvers 2 2 0 1429370791532630
07 features -1 -1 1 1429371032598047
07 features -1 0 2 1429371093472651
07 features -1 1 3 1429371145427389
07 features 0 -1 4 1429371198976188
07 features 0 0 5 1429371226851009
07 features 0 1 6 1429371249946163
07 features 1 -1 7 1429371270958647
07 features 1 0 8 1429371296601337
07 features 1 1 9 1429371321501752
08 initialize_light 0 0 9 1429371353701990
08 initialize_light -1 -1 9 1429371392772387
08 initialize_light -1 0 9 1429371404542060
08 initialize_light -1 1 9 1429371420315042
08 initialize_light 0 -1 9 1429371434414903
08 initialize_light 0 1 9 1429371446210836
08 initialize_light 1 -1 9 1429371458635063
08 initialize_light 1 0 9 1429371477271263
08 initialize_light 1 1 9 1429371499240294
09 light 0 0 9 1429371566198642
10 spawn 0 0 9 1429371587992791
11 full 0 0 9 1429371610574471
01 structure_starts -12 -12 9 1429375564989266
01 structure_starts -12 -11 9 1429375565195997
01 structure_starts -12 -10 9 1429375565330651
01 structure_starts -12 -9 9 1429375565391274
01 structure_starts -12 -8 9 1429375565459159
01 structure_starts -12 -7 9 1429375565520340
01 structure_starts -12 -6 9 1429375565577331
01 structure_starts -12 -5 9 1429375565622868
01 structure_starts -12 -4 9 1429375565694944
01 structure_starts -12 -3 9 1429375565754169
01 structure_starts -12 -2 9 1429375565813395
01 structure_starts -12 -1 9 1429375565881001
01 structure_starts -12 0 9 1429375565937713
01 structure_starts -12 1 9 1429375566057281
01 structure_starts -12 2 9 1429375566133827
01 structure_starts -12 3 9 1429375566232164
01 structure_starts -12 4 9 1429375566293904
01 structure_starts -12 5 9 1429375566359834
01 structure_starts -12 6 9 1429375570453658
01 structure_starts -12 7 9 1429375570577417
01 structure_starts -12 8 9 1429375570644464
01 structure_starts -12 9 9 1429375570720172
01 structure_starts -12 10 9 1429375570803982
01 structure_starts -11 -12 9 1429375570890585
01 structure_starts -10 -12 9 1429375570985290
01 structure_starts -9 -12 9 1429375571147881
01 structure_starts -8 -12 9 1429375571238675
01 structure_starts -7 -12 9 1429375571330027
01 structure_starts -6 -12 9 1429375571402942
01 structure_starts -5 -12 9 1429375571487590
01 structure_starts -4 -12 9 1429375571548212
01 structure_starts -3 -12 9 1429375571613863
01 structure_starts -2 -12 9 1429375571668339
01 structure_starts -1 -12 9 1429375571732314
01 structure_starts 0 -12 9 1429375571787349
01 structure_starts 1 -12 9 1429375571858308
01 structure_starts 2 -12 9 1429375571918371
01 structure_starts 3 -12 9 1429375571985140
01 structure_starts 4 -12 9 1429375572141864
01 structure_starts 5 -12 9 1429375572199693
01 structure_starts 6 -12 9 1429375599436721
01 structure_starts 7 -12 9 1429375599622220
01 structure_starts 8 -12 9 1429375599684239
01 structure_starts 9 -12 9 1429375599830627
01 structure_starts 10 -12 9 1429375602265857
02 structure_references -4 -4 9 1429375602888563
02 structure_references -4 -3 9 1429375603210951
02 structure_references -4 -2 9 1429375603484729
02 structure_references -4 -1 9 1429375603703472
02 structure_references -4 0 9 1429375603902939
02 structure_references -4 1 9 1429375604158559
02 structure_references -4 2 9 1429375604368083
02 structure_references -3 -4 9 1429375604576769
02 structure_references -2 -4 9 1429375604849430
02 structure_references -1 -4 9 1429375605141646
02 structure_references 0 -4 9 1429375605495044
02 structure_references 1 -4 9 1429375605709038
02 structure_references 2 -4 9 1429375605964937
03 biomes -4 -4 9 1429375610466075
03 biomes -4 -3 9 1429375614162082
03 biomes -4 -2 9 1429375618191372
03 biomes -4 -1 9 1429375622049691
03 biomes -4 0 9 1429375627743441
03 biomes -4 1 9 1429375632478408
03 biomes -4 2 9 1429375635863481
03 biomes -3 -4 9 1429375639631285
03 biomes -2 -4 9 1429375643082568
03 biomes -1 -4 9 1429375647970628
03 biomes 0 -4 9 1429375652995577
03 biomes 1 -4 9 1429375658724248
03 biomes 2 -4 9 1429375663577667
04 noise -3 -3 9 1429375697466949
04 noise -3 -2 9 1429375727720567
04 noise -3 -1 9 1429375757476915
04 noise -3 0 9 1429375788650205
04 noise -3 1 9 1429375822698726
04 noise -2 -3 9 1429375858384888
04 noise -1 -3 9 1429375891151679
04 noise 0 -3 9 1429375922458227
04 noise 1 -3 9 1429375945100809
05 surface -3 -3 9 1429375988439912
05 surface -3 -2 9 1429376006871616
05 surface -3 -1 9 1429376022362439
05 surface -3 0 9 1429376035894350
05 surface -3 1 9 1429376048837917
05 surface -2 -3 9 1429376053926002
05 surface -1 -3 9 1429376060791691
05 surface 0 -3 9 1429376066758661
05 surface 1 -3 9 1429376072877885
06 carvers -3 -3 9 1429376079288767
06 carvers -3 -2 9 1429376090290185
06 carvers -3 -1 9 1429376093583067
06 carvers -3 0 9 1429376096048468
06 carvers -3 1 9 1429376099253630
06 carvers -2 -3 9 1429376106344767
06 carvers -1 -3 9 1429376109426449
06 carvers 0 -3 9 1429376113166316
06 carvers 1 -3 9 1429376116441319
07 features -2 -2 10 1429376150387313
07 features -2 -1 11 1429376168592452
07 features -2 0 12 1429376185344610
07 features -1 -2 13 1429376199517106
07 features 0 -2 14 1429376210692848
01 structure_starts -13 -13 14 1429376214950938
01 structure_starts -13 -12 14 1429376215042011
01 structure_starts -13 -11 14 1429376215076932
01 structure_starts -13 -10 14 1429376215157669
01 structure_starts -13 -9 14 1429376215188678
01 structure_starts -13 -8 14 1429376215218570
01 structure_starts -13 -7 14 1429376215247904
01 structure_starts -13 -6 14 1429376215278913
01 structure_starts -13 -5 14 1429376215310761
01 structure_starts -13 -4 14 1429376215348755
01 structure_starts -13 -3 14 1429376215389822
01 structure_starts -13 -2 14 1429376215422787
01 structure_starts -13 -1 14 1429376215480336
01 structure_starts -13 0 14 1429376215510228
01 structure_starts -13 1 14 1429376215545987
01 structure_starts -13 2 14 1429376215583143
01 structure_starts -13 3 14 1429376215615270
01 structure_starts -13 4 14 1429376215646838
01 structure_starts -13 5 14 1429376215676171
01 structure_starts -13 6 14 1429376215709136
01 structure_starts -13 7 14 1429376215745454
01 structure_starts -13 8 14 1429376215787359
01 structure_starts -13 9 14 1429376215821441
01 structure_starts -12 -13 14 1429376215853848
01 structure_starts -11 -13 14 1429376215902178
01 structure_starts -10 -13 14 1429376215935423
01 structure_starts -9 -13 14 1429376215985150
01 structure_starts -8 -13 14 1429376216068121
01 structure_starts -7 -13 14 1429376216115613
01 structure_starts -6 -13 14 1429376216150814
01 structure_starts -5 -13 14 1429376216189925
01 structure_starts -4 -13 14 1429376216228198
01 structure_starts -3 -13 14 1429376216272617
01 structure_starts -2 -13 14 1429376216310890
01 structure_starts -1 -13 14 1429376216364808
01 structure_starts 0 -13 14 1429376216401125
01 structure_starts 1 -13 14 1429376216453366
01 structure_starts 2 -13 14 1429376216491640
01 structure_starts 3 -13 14 1429376216539970
01 structure_starts 4 -13 14 1429376216578522
01 structure_starts 5 -13 14 1429376216617633
01 structure_starts 6 -13 14 1429376216659538
01 structure_starts 7 -13 14 1429376216703678
01 structure_starts 8 -13 14 1429376216741672
01 structure_starts 9 -13 14 1429376216778827
02 structure_references -5 -5 14 1429376217346498
02 structure_references -5 -4 14 1429376217448467
02 structure_references -5 -3 14 1429376217537305
02 structure_references -5 -2 14 1429376217627261
02 structure_references -5 -1 14 1429376217716378
02 structure_references -5 0 14 1429376217801026
02 structure_references -5 1 14 1429376217892099
02 structure_references -4 -5 14 1429376217995465
02 structure_references -3 -5 14 1429376218182081
02 structure_references -2 -5 14 1429376218276506
02 structure_references -1 -5 14 1429376218367859
02 structure_references 0 -5 14 1429376218466754
02 structure_references 1 -5 14 1429376218814285
03 biomes -5 -5 14 1429376223179093
03 biomes -5 -4 14 1429376227103063
03 biomes -5 -3 14 1429376230732580
03 biomes -5 -2 14 1429376236057289
03 biomes -5 -1 14 1429376240863774
03 biomes -5 0 14 1429376245148963
03 biomes -5 1 14 1429376249516285
03 biomes -4 -5 14 1429376255393858
03 biomes -3 -5 14 1429376260682528
03 biomes -2 -5 14 1429376265850513
03 biomes -1 -5 14 1429376270985811
03 biomes 0 -5 14 1429376277258128
03 biomes 1 -5 14 1429376282818621
01 structure_starts -13 10 14 1429376283131231
02 structure_references -5 2 14 1429376283553632
03 biomes -5 2 14 1429376289378404
01 structure_starts -13 11 14 1429376289602456
01 structure_starts -12 11 14 1429376289647713
02 structure_references -5 3 14 1429376289942164
02 structure_references -4 3 14 1429376290124310
03 biomes -5 3 14 1429376296154417
03 biomes -4 3 14 1429376300747467
04 noise -3 2 14 1429376310906876
01 structure_starts 10 -13 14 1429376311352744
01 structure_starts 11 -13 14 1429376311403868
01 structure_starts 11 -12 14 1429376311437950
02 structure_references 2 -5 14 1429376311649709
02 structure_references 3 -5 14 1429376311758383
02 structure_references 3 -4 14 1429376311864821
03 biomes 2 -5 14 1429376315747165
03 biomes 3 -5 14 1429376319349864
03 biomes 3 -4 14 1429376322828803
04 noise 2 -3 14 1429376332536758
04 noise -3 -4 14 1429376344163396
04 noise -2 -4 14 1429376358554915
04 noise -1 -4 14 1429376375771937
04 noise 0 -4 14 1429376386685075
04 noise 1 -4 14 1429376401136658
04 noise -4 -4 14 1429376417953070
04 noise -4 -3 14 1429376433557315
04 noise -4 -2 14 1429376450900052
04 noise -4 -1 14 1429376467963424
04 noise -4 0 14 1429376481585011
04 noise -4 1 14 1429376497720889
04 noise -4 2 14 1429376510340671
05 surface -3 2 14 1429376514579485
06 carvers -3 2 14 1429376516133596
07 features -2 1 15 1429376532724840
04 noise 2 -4 15 1429376544945409
05 surface 2 -3 15 1429376551089496
06 carvers 2 -3 15 1429376552451124
07 features 1 -2 16 1429376581472740
05 surface -3 -4 16 1429376589579930
05 surface -2 -4 16 1429376597782104
05 surface -1 -4 16 1429376605617471
05 surface 0 -4 16 1429376613150006
05 surface 1 -4 16 1429376620116546
06 carvers -3 -4 16 1429376622640335
06 carvers -2 -4 16 1429376624209252
06 carvers -1 -4 16 1429376625667261
06 carvers 0 -4 16 1429376626671022
06 carvers 1 -4 16 1429376627480064
07 features -2 -3 17 1429376639776900
07 features -1 -3 18 1429376702151975
07 features 0 -3 19 1429376722347873
05 surface -4 -4 19 1429376730965464
05 surface -4 -3 19 1429376737661299
05 surface -4 -2 19 1429376743641957
05 surface -4 -1 19 1429376750524129
05 surface -4 0 19 1429376758443306
06 carvers -4 -4 19 1429376760671805
06 carvers -4 -3 19 1429376761660480
06 carvers -4 -2 19 1429376763254261
06 carvers -4 -1 19 1429376764467546
06 carvers -4 0 19 1429376765467395
07 features -3 -3 20 1429376779884895
07 features -3 -2 21 1429376795714588
07 features -3 -1 22 1429376808450866
05 surface -4 1 22 1429376813585885
06 carvers -4 1 22 1429376814811182
07 features -3 0 23 1429376826322442
05 surface -4 2 23 1429376838137931
06 carvers -4 2 23 1429376839756854
07 features -3 1 24 1429376852447037
05 surface 2 -4 24 1429376860140207
06 carvers 2 -4 24 1429376861623079
07 features 1 -3 25 1429376870836557
01 structure_starts -13 -14 25 1429376871300304
01 structure_starts -12 -14 25 1429376871346678
01 structure_starts -11 -14 25 1429376871405904
01 structure_starts -10 -14 25 1429376871448647
01 structure_starts -9 -14 25 1429376871491110
01 structure_starts -8 -14 25 1429376871545587
01 structure_starts -7 -14 25 1429376871603136
01 structure_starts -6 -14 25 1429376871647276
01 structure_starts -5 -14 25 1429376871696444
01 structure_starts -4 -14 25 1429376871753155
01 structure_starts -3 -14 25 1429376871880825
01 structure_starts -2 -14 25 1429376871923289
01 structure_starts -1 -14 25 1429376871966870
01 structure_starts 0 -14 25 1429376872076661
01 structure_starts 1 -14 25 1429376872221931
01 structure_starts 2 -14 25 1429376872286744
01 structure_starts 3 -14 25 1429376872340382
01 structure_starts 4 -14 25 1429376872392065
01 structure_starts 5 -14 25 1429376876212668
01 structure_starts 6 -14 25 1429376876320224
01 structure_starts 7 -14 25 1429376876444542
01 structure_starts 8 -14 25 1429376876493990
01 structure_starts 9 -14 25 1429376876531983
02 structure_references -5 -6 25 1429376876799895
02 structure_references -4 -6 25 1429376876913597
02 structure_references -3 -6 25 1429376877074791
02 structure_references -2 -6 25 1429376877184581
02 structure_references -1 -6 25 1429376877276493
02 structure_references 0 -6 25 1429376877367845
02 structure_references 1 -6 25 1429376877484341
03 biomes -5 -6 25 1429376884680799
03 biomes -4 -6 25 1429376889989024
03 biomes -3 -6 25 1429376895424361
03 biomes -2 -6 25 1429376899889741
03 biomes -1 -6 25 1429376904104809
03 biomes 0 -6 25 1429376908327700
03 biomes 1 -6 25 1429376911963923
01 structure_starts -14 -11 25 1429376912619873
01 structure_starts -14 -10 25 1429376912666248
01 structure_starts -14 -9 25 1429376912699492
01 structure_starts -14 -8 25 1429376912727708
01 structure_starts -14 -7 25 1429376912757880
01 structure_starts -14 -6 25 1429376912790286
01 structure_starts -14 -5 25 1429376912818502
01 structure_starts -14 -4 25 1429376912848673
01 structure_starts -14 -3 25 1429376912882477
01 structure_starts -14 -2 25 1429376912910413
01 structure_starts -14 -1 25 1429376912939747
01 structure_starts -14 0 25 1429376912974388
01 structure_starts -14 1 25 1429376913045347
01 structure_starts -14 2 25 1429376918556113
01 structure_starts -14 3 25 1429376918641598
01 structure_starts -14 4 25 1429376918672887
01 structure_starts -14 5 25 1429376918707249
01 structure_starts -14 6 25 1429376918746640
01 structure_starts -14 7 25 1429376918775973
01 structure_starts -14 8 25 1429376918810056
01 structure_starts -14 9 25 1429376918842742
01 structure_starts -14 10 25 1429376918874310
01 structure_starts -14 11 25 1429376918904761
02 structure_references -6 -3 25 1429376919250615
02 structure_references -6 -2 25 1429376919353701
02 structure_references -6 -1 25 1429376919463213
02 structure_references -6 0 25 1429376919557918
02 structure_references -6 1 25 1429376919653740
02 structure_references -6 2 25 1429376919763810
02 structure_references -6 3 25 1429376919875836
03 biomes -6 -3 25 1429376924975934
03 biomes -6 -2 25 1429376929800857
03 biomes -6 -1 25 1429376934554542
03 biomes -6 0 25 1429376938263400
03 biomes -6 1 25 1429376942180106
03 biomes -6 2 25 1429376952966691
03 biomes -6 3 25 1429376958619933
01 structure_starts -14 -13 25 1429376958887845
01 structure_starts -14 -12 25 1429376958925559
02 structure_references -6 -5 25 1429376959398525
02 structure_references -6 -4 25 1429376959522843
03 biomes -6 -5 25 1429376965519984
03 biomes -6 -4 25 1429376971227424
01 structure_starts -14 -14 25 1429376971465443
02 structure_references -6 -6 25 1429376971866333
03 biomes -6 -6 25 1429376977640820
04 noise -5 -3 25 1429377000909739
04 noise -5 -2 25 1429377013234512
04 noise -5 -1 25 1429377023411800
04 noise -5 0 25 1429377034153687
04 noise -5 1 25 1429377047409306
01 structure_starts 10 -14 25 1429377047818017
01 structure_starts 11 -14 25 1429377047864113
02 structure_references 2 -6 25 1429377048145713
02 structure_references 3 -6 25 1429377048273942
03 biomes 2 -6 25 1429377051822444
03 biomes 3 -6 25 1429377054795453
04 noise -3 -5 25 1429377069683963
04 noise -2 -5 25 1429377080521113
04 noise -1 -5 25 1429377091817262
04 noise 0 -5 25 1429377106206546
04 noise 1 -5 25 1429377120912071
01 structure_starts 12 -14 25 1429377121456276
01 structure_starts 12 -13 25 1429377121530866
01 structure_starts 12 -12 25 1429377121566346
01 structure_starts 12 -11 25 1429377121600428
01 structure_starts 12 -10 25 1429377121635628
01 structure_starts 12 -9 25 1429377121669990
01 structure_starts 12 -8 25 1429377121701838
01 structure_starts 12 -7 25 1429377121735362
01 structure_starts 12 -6 25 1429377121770003
01 structure_starts 12 -5 25 1429377121803806
01 structure_starts 12 -4 25 1429377121837330
01 structure_starts 12 -3 25 1429377121873368
01 structure_starts 12 -2 25 1429377121908289
01 structure_starts 12 -1 25 1429377121945724
01 structure_starts 12 0 25 1429377136170462
01 structure_starts 12 1 25 1429377136264049
01 structure_starts 12 2 25 1429377136304557
01 structure_starts 12 3 25 1429377136353726
01 structure_starts 12 4 25 1429377136391440
01 structure_starts 12 5 25 1429377136438373
01 structure_starts 12 6 25 1429377136473294
01 structure_starts 12 7 25 1429377136512964
01 structure_starts 12 8 25 1429377136546209
02 structure_references 4 -6 25 1429377137266134
02 structure_references 4 -5 25 1429377137448559
02 structure_references 4 -4 25 1429377137552763
02 structure_references 4 -3 25 1429377137650541
02 structure_references 4 -2 25 1429377137750554
02 structure_references 4 -1 25 1429377137848890
02 structure_references 4 0 25 1429377137945271
03 biomes 4 -6 25 1429377141783475
03 biomes 4 -5 25 1429377145921718
03 biomes 4 -4 25 1429377149717179
03 biomes 4 -3 25 1429377155067310
03 biomes 4 -2 25 1429377161280959
03 biomes 4 -1 25 1429377167293745
03 biomes 4 0 25 1429377173749884
01 structure_starts 12 9 25 1429377174857290
02 structure_references 4 1 25 1429377175541735
03 biomes 4 1 25 1429377182564428
01 structure_starts 12 10 25 1429377183175959
02 structure_references 4 2 25 1429377183348607
03 biomes 4 2 25 1429377189570917
01 structure_starts 12 11 25 1429377189906994
02 structure_references 4 3 25 1429377190127693
03 biomes 4 3 25 1429377194201961
01 structure_starts -14 12 25 1429377194475739
01 structure_starts -13 12 25 1429377194520717
01 structure_starts -12 12 25 1429377194555917
01 structure_starts -11 12 25 1429377194585809
01 structure_starts -10 12 25 1429377194616260
01 structure_starts -9 12 25 1429377194645873
01 structure_starts -8 12 25 1429377194678279
01 structure_starts -7 12 25 1429377194709009
01 structure_starts -6 12 25 1429377194742812
01 structure_starts -5 12 25 1429377194790305
01 structure_starts -4 12 25 1429377194824946
01 structure_starts -3 12 25 1429377194866292
01 structure_starts -2 12 25 1429377194897302
01 structure_starts -1 12 25 1429377195064642
01 structure_starts 0 12 25 1429377195127499
01 structure_starts 1 12 25 1429377195158788
01 structure_starts 2 12 25 1429377195190636
01 structure_starts 3 12 25 1429377195223042
01 structure_starts 4 12 25 1429377195261315
01 structure_starts 5 12 25 1429377195298750
01 structure_starts 6 12 25 1429377195386750
01 structure_starts 7 12 25 1429377195447372
01 structure_starts 8 12 25 1429377195488719
02 structure_references -6 4 25 1429377195650751
02 structure_references -5 4 25 1429377195749646
02 structure_references -4 4 25 1429377195819208
02 structure_references -3 4 25 1429377195889050
02 structure_references -2 4 25 1429377195960008
02 structure_references -1 4 25 1429377196087678
02 structure_references 0 4 25 1429377196186015
03 biomes -6 4 25 1429377200936068
03 biomes -5 4 25 1429377206268599
03 biomes -4 4 25 1429377211144088
03 biomes -3 4 25 1429377215168349
03 biomes -2 4 25 1429377221082239
03 biomes -1 4 25 1429377224811211
03 biomes 0 4 25 1429377228587676
01 structure_starts 9 12 25 1429377229188032
01 structure_starts 10 12 25 1429377229243067
01 structure_starts 11 12 25 1429377229299779
02 structure_references 1 4 25 1429377229467677
02 structure_references 2 4 25 1429377229543385
02 structure_references 3 4 25 1429377229810459
03 biomes 1 4 25 1429377235707587
03 biomes 2 4 25 1429377241553033
03 biomes 3 4 25 1429377244813509
04 noise -4 3 25 1429377257728022
04 noise -3 3 25 1429377269910039
04 noise -2 3 25 1429377282920933
04 noise -1 3 25 1429377295311635
04 noise 0 3 25 1429377307136902
04 noise 1 3 25 1429377320138018
01 structure_starts 12 12 25 1429377320521866
02 structure_references 4 4 25 1429377320687530
03 biomes 4 4 25 1429377327252342
04 noise -4 -5 25 1429377340602107
04 noise -5 2 25 1429377353374144
04 noise -5 -4 25 1429377367814272
04 noise -5 -5 25 1429377380985243
05 surface -5 -3 25 1429377385429949
05 surface -5 -2 25 1429377389281284
05 surface -5 -1 25 1429377393322028
05 surface -5 0 25 1429377399119702
05 surface -5 1 25 1429377403319126
06 carvers -5 -3 25 1429377406191563
06 carvers -5 -2 25 1429377407525813
06 carvers -5 -1 25 1429377408917333
06 carvers -5 0 25 1429377410139278
06 carvers -5 1 25 1429377411494760
07 features -4 -2 26 1429377424344181
07 features -4 -1 27 1429377436984915
07 features -4 0 28 1429377447284008
04 noise 2 -5 28 1429377463357308
05 surface -3 -5 28 1429377469698348
05 surface -2 -5 28 1429377477170540
05 surface -1 -5 28 1429377482173978
05 surface 0 -5 28 1429377486529846
05 surface 1 -5 28 1429377490758324
06 carvers -3 -5 28 1429377493182100
06 carvers -2 -5 28 1429377494992389
06 carvers -1 -5 28 1429377496288645
06 carvers 0 -5 28 1429377496730602
06 carvers 1 -5 28 1429377497306933
07 features -2 -4 29 1429377506676855
07 features -1 -4 30 1429377516835706
07 features 0 -4 31 1429377528717683
04 noise 3 -5 31 1429377541069554
04 noise 3 -4 31 1429377553296828
04 noise 3 -3 31 1429377565827492
04 noise 3 -2 31 1429377577866753
04 noise 3 -1 31 1429377590723996
04 noise 3 0 31 1429377606558997
04 noise 3 1 31 1429377621312574
04 noise 3 2 31 1429377636733275
04 noise -5 3 31 1429377646370551
04 noise 2 3 31 1429377659078054
05 surface -4 3 31 1429377664135130
05 surface -3 3 31 1429377667638933
05 surface -2 3 31 1429377671897862
05 surface -1 3 31 1429377677046570
05 surface 0 3 31 1429377680582221
06 carvers -4 3 31 1429377682434415
06 carvers -3 3 31 1429377683066619
06 carvers -2 3 31 1429377683931256
06 carvers -1 3 31 1429377684829137
06 carvers 0 3 31 1429377685518890
07 features -3 2 32 1429377696760283
07 features -2 2 33 1429377703835775
07 features -1 2 34 1429377711056538
05 surface 1 3 34 1429377716908688
06 carvers 1 3 34 1429377718272831
07 features 0 2 35 1429377727574308
04 noise 3 3 35 1429377739453213
05 surface -4 -5 35 1429377743338630
06 carvers -4 -5 35 1429377744774569
07 features -3 -4 36 1429377751262276
05 surface -5 2 36 1429377756897360
06 carvers -5 2 36 1429377758589198
07 features -4 1 37 1429377769258170
05 surface -5 -4 37 1429377773891169
06 carvers -5 -4 37 1429377774880962
07 features -4 -3 38 1429377780644833
05 surface -5 -5 38 1429377785089260
06 carvers -5 -5 38 1429377786284666
07 features -4 -4 39 1429377794877113
05 surface 2 -5 39 1429377799240245
06 carvers 2 -5 39 1429377800412463
07 features 1 -4 40 1429377809887706
05 surface 3 -5 40 1429377814864605
05 surface 3 -4 40 1429377820879625
05 surface 3 -3 40 1429377825566263
05 surface 3 -2 40 1429377831216153
05 surface 3 -1 40 1429377838563188
06 carvers 3 -5 40 1429377840483548
06 carvers 3 -4 40 1429377841534800
06 carvers 3 -3 40 1429377841933734
06 carvers 3 -2 40 1429377842401113
06 carvers 3 -1 40 1429377842792225
07 features 2 -4 41 1429377847650951
07 features 2 -3 42 1429377855870726
07 features 2 -2 43 1429377866706479
05 surface 3 0 43 1429377871976711
06 carvers 3 0 43 1429377873255367
07 features 2 -1 44 1429377879473766
05 surface 3 1 44 1429377884875580
06 carvers 3 1 44 1429377886653742
07 features 2 0 45 1429377899499810
05 surface 3 2 45 1429377904508277
06 carvers 3 2 45 1429377905921308
07 features 2 1 46 1429377917481177
05 surface -5 3 46 1429377921851852
06 carvers -5 3 46 1429377923907983
07 features -4 2 47 1429377934933425
05 surface 2 3 47 1429377940174883
06 carvers 2 3 47 1429377941946899
07 features 1 2 48 1429377954966453
05 surface 3 3 48 1429377959345788
06 carvers 3 3 48 1429377960605169
07 features 2 2 49 1429377969151800
08 initialize_light -2 -2 49 1429377976990799
08 initialize_light -2 -1 49 1429377977157022
08 initialize_light -2 0 49 1429377977198088
08 initialize_light -1 -2 49 1429377977236082
08 initialize_light 0 -2 49 1429377977276031
08 initialize_light -2 1 49 1429377977317936
08 initialize_light 1 -2 49 1429377977374368
08 initialize_light -2 -3 49 1429377977413479
08 initialize_light -1 -3 49 1429377977441695
08 initialize_light 0 -3 49 1429377978090103
08 initialize_light -3 -3 49 1429377978138433
08 initialize_light -3 -2 49 1429377978500491
08 initialize_light -3 -1 49 1429377995213817
08 initialize_light -3 0 49 1429377995301817
08 initialize_light -3 1 49 1429377995336738
09 light -1 -1 49 1429377995370541
10 spawn -1 -1 49 1429378033503946
08 initialize_light 1 -3 49 1429378038840108
11 full -1 -1 49 1429378038939562
09 light -1 -2 49 1429378087548339
09 light -1 0 49 1429378087648631
09 light 0 -1 49 1429378113739702
09 light -2 -2 49 1429378143569243
09 light -2 -1 49 1429378143611986
09 light -2 0 49 1429378143637967
09 light 0 -2 49 1429378143662551
08 initialize_light -4 -2 49 1429378143705015
08 initialize_light -4 -1 49 1429378143737980
08 initialize_light -4 0 49 1429378143769548
08 initialize_light -2 -4 49 1429378143799440
08 initialize_light -1 -4 49 1429378143827656
08 initialize_light 0 -4 49 1429378143856431
08 initialize_light -3 2 49 1429378143886882
08 initialize_light -2 2 49 1429378143915098
08 initialize_light -1 2 49 1429378143945269
08 initialize_light 0 2 49 1429378143976558
08 initialize_light -3 -4 49 1429378144058412
08 initialize_light -4 1 49 1429378144090260
08 initialize_light -4 -3 49 1429378144130209
08 initialize_light -4 -4 49 1429378144164013
08 initialize_light 1 -4 49 1429378144198933
08 initialize_light 2 -4 49 1429378144232737
08 initialize_light 2 -3 49 1429378144261232
08 initialize_light 2 -2 49 1429378144289448
08 initialize_light 2 -1 49 1429378144321295
08 initialize_light 2 0 49 1429378144352584
08 initialize_light 2 1 49 1429378144382197
08 initialize_light -4 2 49 1429378144411251
08 initialize_light 1 2 49 1429378144438908
08 initialize_light 2 2 49 1429378144467962
10 spawn -1 0 49 1429378144742858
10 spawn -1 -2 49 1429378150788609
10 spawn 0 -1 49 1429378150865435
11 full -1 0 49 1429378151183911
10 spawn -2 -2 49 1429378155300364
10 spawn -2 -1 49 1429378155388643
10 spawn -2 0 49 1429378155464910
10 spawn 0 -2 49 1429378155542853
11 full -1 -2 49 1429378159964652
11 full 0 -1 49 1429378160334811
11 full -2 -2 49 1429378164623073
11 full -2 -1 49 1429378165108052
11 full -2 0 49 1429378165398871
11 full 0 -2 49 1429378165737462
09 light -2 1 49 1429378195404972
09 light -1 1 49 1429378195508896
09 light 0 1 49 1429378204540786
09 light -3 -2 49 1429378214150962
09 light -3 -1 49 1429378214209629
09 light -3 -3 49 1429378214243712
09 light -2 -3 49 1429378214275559
09 light -1 -3 49 1429378214310759
09 light -3 1 49 1429378214344842
09 light -3 0 49 1429378214385350
09 light 0 -3 49 1429378214419991
09 light 1 -3 49 1429378214452118
09 light 1 -2 49 1429378214485922
09 light 1 -1 49 1429378214598785
09 light 1 0 49 1429378226465677
09 light 1 1 49 1429378236284540
10 spawn -1 1 49 1429378246404280
11 full -1 1 49 1429378251154333
01 structure_starts -11 13 49 1429378251168301
01 structure_starts -10 13 49 1429378290369441
01 structure_starts -9 13 49 1429378290503816
01 structure_starts -8 13 49 1429378290551308
01 structure_starts -7 13 49 1429378290607181
01 structure_starts -6 13 49 1429378290651600
01 structure_starts -5 13 49 1429378290703562
01 structure_starts -4 13 49 1429378290758597
01 structure_starts -3 13 49 1429378290816426
01 structure_starts -2 13 49 1429378290864197
01 structure_starts -1 13 49 1429378290920350
01 structure_starts 0 13 49 1429378290980413
01 structure_starts 1 13 49 1429378291089925
01 structure_starts 2 13 49 1429378291175411
01 structure_starts 3 13 49 1429378291255030
01 structure_starts 4 13 49 1429378291316211
01 structure_starts 5 13 49 1429378291388567
01 structure_starts 6 13 49 1429378291453100
01 structure_starts 7 13 49 1429378291523500
01 structure_starts 8 13 49 1429378291561773
01 structure_starts 9 13 49 1429378291607869
01 structure_starts 10 13 49 1429378291643627
01 structure_starts 11 13 49 1429378291681621
02 structure_references -3 5 49 1429378291901482
02 structure_references -2 5 49 1429378291970485
02 structure_references -1 5 49 1429378292085584
02 structure_references 0 5 49 1429378292168555
02 structure_references 1 5 49 1429378292246498
02 structure_references 2 5 49 1429378292322765
02 structure_references 3 5 49 1429378292398194
03 biomes -3 5 49 1429378296344792
03 biomes -2 5 49 1429378301125575
03 biomes -1 5 49 1429378305438142
03 biomes 0 5 49 1429378310197135
03 biomes 1 5 49 1429378313434703
03 biomes 2 5 49 1429378316754684
03 biomes 3 5 49 1429378322498161
10 spawn 0 1 49 1429378323798049
01 structure_starts -13 13 49 1429378328604534
01 structure_starts -12 13 49 1429378328671582
11 full 0 1 49 1429378328704827
02 structure_references -5 5 49 1429378328953183
02 structure_references -4 5 49 1429378329081970
03 biomes -5 5 49 1429378333730614
03 biomes -4 5 49 1429378337321021
10 spawn 1 -1 49 1429378337636704
11 full 1 -1 49 1429378341327961
04 noise -3 4 49 1429378360478473
04 noise -2 4 49 1429378376465728
04 noise -1 4 49 1429378392448514
04 noise 0 4 49 1429378407346243
04 noise 1 4 49 1429378422066017
10 spawn 1 0 49 1429378422408798
10 spawn -2 1 49 1429378426516311
10 spawn 1 1 49 1429378426614089
11 full 1 0 49 1429378428552607
01 structure_starts 12 13 49 1429378431892143
02 structure_references 4 5 49 1429378432131001
11 full -2 1 49 1429378434263957
11 full 1 1 49 1429378434667361
03 biomes 4 5 49 1429378439403166
10 spawn 1 -2 49 1429378439873339
04 noise 2 4 49 1429378454909354
11 full 1 -2 49 1429378457154895
04 noise -4 4 49 1429378471307277
05 surface -3 4 49 1429378476775579
05 surface -2 4 49 1429378481973176
05 surface -1 4 49 1429378486867103
05 surface 0 4 49 1429378492498834
05 surface 1 4 49 1429378497042436
06 carvers -3 4 49 1429378498839595
06 carvers -2 4 49 1429378500074391
06 carvers -1 4 49 1429378500898799
06 carvers 0 4 49 1429378501817353
06 carvers 1 4 49 1429378503134003
07 features -2 3 50 1429378519215683
07 features -1 3 51 1429378526108471
07 features 0 3 52 1429378536179880
04 noise 3 4 52 1429378547354225
05 surface 2 4 52 1429378550893787
06 carvers 2 4 52 1429378552764140
07 features 1 3 53 1429378563503512
05 surface -4 4 53 1429378569393098
06 carvers -4 4 53 1429378570537100
07 features -3 3 54 1429378579904508
05 surface 3 4 54 1429378584822460
06 carvers 3 4 54 1429378586597549
07 features 2 3 55 1429378592976862
01 structure_starts -14 13 55 1429378593708241
02 structure_references -6 5 55 1429378593888712
03 biomes -6 5 55 1429378598773140
10 spawn -3 -2 55 1429378599134080
10 spawn -3 -1 55 1429378599231858
10 spawn -3 -3 55 1429378599298068
10 spawn -2 -3 55 1429378599358131
10 spawn -1 -3 55 1429378599417916
10 spawn -3 1 55 1429378599474347
10 spawn -3 0 55 1429378599532455
10 spawn 0 -3 55 1429378599591122
11 full -3 -2 55 1429378599611237
10 spawn 1 -3 55 1429378599648951
11 full -3 -1 55 1429378599900380
11 full -3 -3 55 1429378600279758
11 full -2 -3 55 1429378600522248
08 initialize_light -2 3 55 1429378601074274
08 initialize_light -1 3 55 1429378601111150
08 initialize_light 0 3 55 1429378601151100
08 initialize_light 1 3 55 1429378601180154
08 initialize_light -3 3 55 1429378601217868
08 initialize_light 2 3 55 1429378601241614
11 full -1 -3 55 1429378601417335
11 full -3 1 55 1429378602230568
11 full -3 0 55 1429378602476689
11 full 0 -3 55 1429378602746277
11 full 1 -3 55 1429378603066989
09 light -2 2 55 1429378606901841
09 light -1 2 55 1429378607069739
10 spawn -2 2 55 1429378607506667
10 spawn -1 2 55 1429378607654452
04 noise -5 4 55 1429378622751648
11 full -2 2 55 1429378625678841
11 full -1 2 55 1429378626125546
05 surface -5 4 55 1429378629767077
06 carvers -5 4 55 1429378631940821
07 features -4 3 56 1429378642872676
09 light 0 2 56 1429378645632808
09 light 1 2 56 1429378649940626
10 spawn 0 2 56 1429378650445160
10 spawn 1 2 56 1429378650552436
11 full 0 2 56 1429378650959751
11 full 1 2 56 1429378652059893
08 initialize_light -4 3 56 1429378652718078
09 light -3 2 56 1429378656832854
10 spawn -3 2 56 1429378657065566
11 full -3 2 56 1429378661157993
01 structure_starts 13 -10 56 1429378673527743
01 structure_starts 13 -9 56 1429378673628594
01 structure_starts 13 -8 56 1429378673659882
01 structure_starts 13 -7 56 1429378673690333
01 structure_starts 13 -6 56 1429378673719667
01 structure_starts 13 -5 56 1429378673749279
01 structure_starts 13 -4 56 1429378673781407
01 structure_starts 13 -3 56 1429378673811019
01 structure_starts 13 -2 56 1429378673844264
01 structure_starts 13 -1 56 1429378673883375
01 structure_starts 13 0 56 1429378673922207
01 structure_starts 13 1 56 1429378673973610
01 structure_starts 13 2 56 1429378674058817
01 structure_starts 13 3 56 1429378674102677
01 structure_starts 13 4 56 1429378674556646
01 structure_starts 13 5 56 1429378674595478
01 structure_starts 13 6 56 1429378674626767
01 structure_starts 13 7 56 1429378674657218
01 structure_starts 13 8 56 1429378674697446
01 structure_starts 13 9 56 1429378674774272
01 structure_starts 13 10 56 1429378674814221
01 structure_starts 13 11 56 1429378674852494
01 structure_starts 13 12 56 1429378674893561
02 structure_references 5 -2 56 1429378675190527
02 structure_references 5 -1 56 1429378675278527
02 structure_references 5 0 56 1429378675410108
02 structure_references 5 1 56 1429378675488051
02 structure_references 5 2 56 1429378675564318
02 structure_references 5 3 56 1429378675639746
02 structure_references 5 4 56 1429378675715734
03 biomes 5 -2 56 1429378679579081
03 biomes 5 -1 56 1429378683374542
03 biomes 5 0 56 1429378689112153
03 biomes 5 1 56 1429378694782716
03 biomes 5 2 56 1429378699152552
03 biomes 5 3 56 1429378705493313
03 biomes 5 4 56 1429378710767456
01 structure_starts 13 -11 56 1429378714525482
02 structure_references 5 -3 56 1429378714838093
03 biomes 5 -3 56 1429378720184312
01 structure_starts 13 -13 56 1429378720537989
01 structure_starts 13 -12 56 1429378720575145
02 structure_references 5 -5 56 1429378720749469
02 structure_references 5 -4 56 1429378720822383
03 biomes 5 -5 56 1429378724244332
03 biomes 5 -4 56 1429378727839488
04 noise 4 -3 56 1429378738503711
04 noise 4 -2 56 1429378751570199
04 noise 4 -1 56 1429378765795775
04 noise 4 0 56 1429378777364863
04 noise 4 1 56 1429378791715874
01 structure_starts 13 13 56 1429378792235494
02 structure_references 5 5 56 1429378792425742
03 biomes 5 5 56 1429378797799898
04 noise 4 2 56 1429378810047565
04 noise 4 3 56 1429378821764717
05 surface 4 -2 56 1429378826127011
05 surface 4 -1 56 1429378830204352
05 surface 4 0 56 1429378834585084
05 surface 4 1 56 1429378839159416
05 surface 4 2 56 1429378846660941
06 carvers 4 -2 56 1429378848130405
06 carvers 4 -1 56 1429378848764844
06 carvers 4 0 56 1429378849944046
06 carvers 4 1 56 1429378851491173
06 carvers 4 2 56 1429378852599695
07 features 3 -1 57 1429378856862814
07 features 3 0 58 1429378861162810
07 features 3 1 59 1429378865637129
04 noise 4 -4 59 1429378879579149
05 surface 4 -3 59 1429378885836938
06 carvers 4 -3 59 1429378886731467
07 features 3 -2 60 1429378891156339
04 noise 4 4 60 1429378908761121
05 surface 4 3 60 1429378916238341
06 carvers 4 3 60 1429378917969570
07 features 3 2 61 1429378923859155
05 surface 4 -4 61 1429378931750116
06 carvers 4 -4 61 1429378933281039
07 features 3 -3 62 1429378940223554
05 surface 4 4 62 1429378948575189
06 carvers 4 4 62 1429378949816410
07 features 3 3 63 1429378955888980
01 structure_starts -13 14 63 1429378956273666
01 structure_starts -12 14 63 1429378956364181
01 structure_starts -11 14 63 1429378956408321
01 structure_starts -10 14 63 1429378956453299
01 structure_starts -9 14 63 1429378956507775
01 structure_starts -8 14 63 1429378956548562
01 structure_starts -7 14 63 1429378956587953
01 structure_starts -6 14 63 1429378956636842
01 structure_starts -5 14 63 1429378956676232
01 structure_starts -4 14 63 1429378956715902
01 structure_starts -3 14 63 1429378956775966
01 structure_starts -2 14 63 1429378956822340
01 structure_starts -1 14 63 1429378956870391
01 structure_starts 0 14 63 1429378956914810
01 structure_starts 1 14 63 1429378956959509
01 structure_starts 2 14 63 1429378957065389
01 structure_starts 3 14 63 1429378957112322
01 structure_starts 4 14 63 1429378957160093
01 structure_starts 5 14 63 1429378957202557
01 structure_starts 6 14 63 1429378957245300
01 structure_starts 7 14 63 1429378957288043
01 structure_starts 8 14 63 1429378957342519
01 structure_starts 9 14 63 1429378957389732
02 structure_references -5 6 63 1429378957564894
02 structure_references -4 6 63 1429378957643955
02 structure_references -3 6 63 1429378957719383
02 structure_references -2 6 63 1429378957794812
02 structure_references -1 6 63 1429378957874990
02 structure_references 0 6 63 1429378957952095
02 structure_references 1 6 63 1429378958088146
03 biomes -5 6 63 1429378964235307
03 biomes -4 6 63 1429378975941843
03 biomes -3 6 63 1429378981146983
03 biomes -2 6 63 1429378985878318
03 biomes -1 6 63 1429379000733864
03 biomes 0 6 63 1429379018262938
03 biomes 1 6 63 1429379023836561
01 structure_starts -14 14 63 1429379024125425
02 structure_references -6 6 63 1429379024419317
03 biomes -6 6 63 1429379028718475
01 structure_starts 10 14 63 1429379029135288
01 structure_starts 11 14 63 1429379029239491
01 structure_starts 12 14 63 1429379029345371
02 structure_references 2 6 63 1429379029514666
02 structure_references 3 6 63 1429379029575289
02 structure_references 4 6 63 1429379029635632
03 biomes 2 6 63 1429379037135201
03 biomes 3 6 63 1429379041882740
03 biomes 4 6 63 1429379047772885
04 noise -2 5 63 1429379063564863
04 noise -1 5 63 1429379075792416
04 noise 0 5 63 1429379089267337
04 noise 1 5 63 1429379103755237
04 noise 2 5 63 1429379115054178
04 noise -3 5 63 1429379128321809
01 structure_starts 13 -14 63 1429379128739182
02 structure_references 5 -6 63 1429379128935017
03 biomes 5 -6 63 1429379133366873
01 structure_starts 13 14 63 1429379133608245
02 structure_references 5 6 63 1429379133776981
03 biomes 5 6 63 1429379138891048
01 structure_starts 14 -14 63 1429379139175442
01 structure_starts 14 -13 63 1429379139207011
01 structure_starts 14 -12 63 1429379139232992
01 structure_starts 14 -11 63 1429379139264281
01 structure_starts 14 -10 63 1429379142658014
01 structure_starts 14 -9 63 1429379142701595
01 structure_starts 14 -8 63 1429379142732325
01 structure_starts 14 -7 63 1429379142760541
01 structure_starts 14 -6 63 1429379142789874
01 structure_starts 14 -5 63 1429379142815576
01 structure_starts 14 -4 63 1429379142840440
01 structure_starts 14 -3 63 1429379142868935
01 structure_starts 14 -2 63 1429379142899106
01 structure_starts 14 -1 63 1429379142929837
01 structure_starts 14 0 63 1429379142959729
01 structure_starts 14 1 63 1429379142990180
01 structure_starts 14 2 63 1429379143067284
01 structure_starts 14 3 63 1429379143098294
01 structure_starts 14 4 63 1429379143134053
01 structure_starts 14 5 63 1429379143161989
01 structure_starts 14 6 63 1429379143188809
01 structure_starts 14 7 63 1429379143218980
01 structure_starts 14 8 63 1429379143248872
02 structure_references 6 -6 63 1429379143527958
02 structure_references 6 -5 63 1429379143613165
02 structure_references 6 -4 63 1429379143687197
02 structure_references 6 -3 63 1429379143750892
02 structure_references 6 -2 63 1429379143825203
02 structure_references 6 -1 63 1429379143891134
02 structure_references 6 0 63 1429379143949521
03 biomes 6 -6 63 1429379148565199
03 biomes 6 -5 63 1429379152469892
03 biomes 6 -4 63 1429379157145635
03 biomes 6 -3 63 1429379160461425
03 biomes 6 -2 63 1429379163975285
03 biomes 6 -1 63 1429379168243712
03 biomes 6 0 63 1429379172564939
01 structure_starts 14 9 63 1429379172860508
01 structure_starts 14 10 63 1429379172889562
02 structure_references 6 1 63 1429379173087074
02 structure_references 6 2 63 1429379173203010
03 biomes 6 1 63 1429379177157710
03 biomes 6 2 63 1429379181925084
04 noise 5 -4 63 1429379191105038
04 noise 5 -3 63 1429379204299195
04 noise 5 -2 63 1429379215665185
04 noise 5 -1 63 1429379226888139
04 noise 5 0 63 1429379239536417
01 structure_starts 14 11 63 1429379239827236
02 structure_references 6 3 63 1429379239975021
03 biomes 6 3 63 1429379243647281
01 structure_starts 14 12 63 1429379243854571
02 structure_references 6 4 63 1429379243986152
03 biomes 6 4 63 1429379249536308
01 structure_starts 14 13 63 1429379249826010
01 structure_starts 14 14 63 1429379249864563
02 structure_references 6 5 63 1429379250081351
02 structure_references 6 6 63 1429379250170468
03 biomes 6 5 63 1429379256663204
03 biomes 6 6 63 1429379263350937
04 noise 5 1 63 1429379277147966
04 noise 5 2 63 1429379292780986
04 noise 5 3 63 1429379305769810
04 noise 5 4 63 1429379320802194
04 noise -4 5 63 1429379332228526
04 noise -5 5 63 1429379345150861
04 noise 3 5 63 1429379359705250
05 surface -2 5 63 1429379365779496
05 surface -1 5 63 1429379372178366
05 surface 0 5 63 1429379379058582
05 surface 1 5 63 1429379383823721
05 surface 2 5 63 1429379387820045
06 carvers -2 5 63 1429379389450423
06 carvers -1 5 63 1429379390610349
06 carvers 0 5 63 1429379391280547
06 carvers 1 5 63 1429379392669274
06 carvers 2 5 63 1429379394256908
07 features -1 4 64 1429379405791634
07 features 0 4 65 1429379416884404
07 features 1 4 66 1429379427526278
05 surface -3 5 66 1429379432525526
06 carvers -3 5 66 1429379433541578
07 features -2 4 67 1429379441703244
04 noise 4 -5 67 1429379451542221
04 noise 4 5 67 1429379464470423
04 noise 5 -5 67 1429379475651473
05 surface 5 -3 67 1429379485221979
05 surface 5 -2 67 1429379492725739
05 surface 5 -1 67 1429379497821088
05 surface 5 0 67 1429379502142316
05 surface 5 1 67 1429379508269641
06 carvers 5 -3 67 1429379509622050
06 carvers 5 -2 67 1429379510574407
06 carvers 5 -1 67 1429379511106320
06 carvers 5 0 67 1429379511806410
06 carvers 5 1 67 1429379513193181
07 features 4 -2 68 1429379519244798
07 features 4 -1 69 1429379563333439
07 features 4 0 70 1429379567947441
05 surface 5 -4 70 1429379574723454
06 carvers 5 -4 70 1429379575796218
07 features 4 -3 71 1429379580599909
05 surface 5 2 71 1429379587717586
06 carvers 5 2 71 1429379589062173
07 features 4 1 72 1429379594187135
05 surface 5 3 72 1429379607182943
06 carvers 5 3 72 1429379608314932
07 features 4 2 73 1429379612964414
04 noise 5 5 73 1429379629493359
05 surface 5 4 73 1429379634832036
06 carvers 5 4 73 1429379635580735
07 features 4 3 74 1429379642155325
05 surface -4 5 74 1429379647592059
06 carvers -4 5 74 1429379649141980
07 features -3 4 75 1429379659792793
05 surface -5 5 75 1429379665338759
06 carvers -5 5 75 1429379666811575
07 features -4 4 76 1429379674738015
05 surface 3 5 76 1429379678493806
06 carvers 3 5 76 1429379679759053
07 features 2 4 77 1429379684388979
05 surface 4 -5 77 1429379688467996
06 carvers 4 -5 77 1429379689364759
07 features 3 -4 78 1429379693503281
05 surface 4 5 78 1429379698619862
06 carvers 4 5 78 1429379699884830
07 features 3 4 79 1429379707698406
05 surface 5 -5 79 1429379719479533
06 carvers 5 -5 79 1429379720461224
07 features 4 -4 80 1429379724396088
05 surface 5 5 80 1429379728959246
06 carvers 5 5 80 1429379729663527
07 features 4 4 81 1429379733634709
08 initialize_light 3 -1 81 1429379734962813
08 initialize_light 3 0 81 1429379735217315
08 initialize_light 3 1 81 1429379735272350
08 initialize_light 3 -2 81 1429379735458687
09 light 2 0 81 1429379737525992
08 initialize_light 3 2 81 1429379737684672
10 spawn 2 0 81 1429379737775465
09 light 2 -1 81 1429379739173132
10 spawn 2 -1 81 1429379739261970
09 light 2 1 81 1429379740730036
10 spawn 2 1 81 1429379740803789
08 initialize_light 3 -3 81 1429379740965541
08 initialize_light 3 3 81 1429379741211662
09 light 2 -2 81 1429379742749291
10 spawn 2 -2 81 1429379742817735
09 light 2 2 81 1429379744878056
10 spawn 2 2 81 1429379744947060
11 full 2 0 81 1429379745788230
11 full 2 -1 81 1429379746352269
11 full 2 1 81 1429379746832219
08 initialize_light -1 4 81 1429379747629249
08 initialize_light 0 4 81 1429379747673668
08 initialize_light 1 4 81 1429379747752170
08 initialize_light -2 4 81 1429379747785973
08 initialize_light 4 -2 81 1429379747818379
08 initialize_light 4 -1 81 1429379747850506
08 initialize_light 4 0 81 1429379747883751
08 initialize_light 4 -3 81 1429379747917834
08 initialize_light 4 1 81 1429379747948843
08 initialize_light 4 2 81 1429379747980411
08 initialize_light 4 3 81 1429379748074558
08 initialize_light -3 4 81 1429379748156412
08 initialize_light -4 4 81 1429379748189656
08 initialize_light 2 4 81 1429379748219548
08 initialize_light 3 -4 81 1429379748251117
08 initialize_light 3 4 81 1429379748291904
08 initialize_light 4 -4 81 1429379748319282
08 initialize_light 4 4 81 1429379748344704
11 full 2 -2 81 1429379751074944
11 full 2 2 81 1429379751590653
09 light -2 3 81 1429379751785371
10 spawn -2 3 81 1429379752053003
11 full -2 3 81 1429379784240111
09 light -1 3 81 1429379789182088
09 light 0 3 81 1429379789255003
09 light -3 3 81 1429379789288806
09 light 3 -3 81 1429379789315066
09 light 3 -2 81 1429379789341606
09 light 3 -1 81 1429379789367308
09 light 3 0 81 1429379789392730
09 light 3 1 81 1429379789418711
09 light 3 2 81 1429379789443854
09 light 1 3 81 1429379789468717
09 light 2 -3 81 1429379789493022
09 light 2 3 81 1429379789518724
09 light 3 3 81 1429379789543308
10 spawn -1 3 81 1429379789815410
10 spawn 0 3 81 1429379789897264
10 spawn -3 3 81 1429379789967944
10 spawn 3 -3 81 1429379790084160
10 spawn 3 -2 81 1429379790164338
10 spawn 3 -1 81 1429379790233062
10 spawn 3 0 81 1429379790301786
11 full -1 3 81 1429379790376097
10 spawn 3 1 81 1429379790436719
10 spawn 3 2 81 1429379790537291
11 full 0 3 81 1429379790563551
10 spawn 1 3 81 1429379790605177
10 spawn 2 -3 81 1429379790696529
11 full -3 3 81 1429379790748212
10 spawn 2 3 81 1429379790766371
10 spawn 3 3 81 1429379790831183
11 full 3 -3 81 1429379790832021
11 full 3 -2 81 1429379790931476
11 full 3 -1 81 1429379791055793
11 full 3 0 81 1429379791149101
11 full 3 1 81 1429379791322587
11 full 3 2 81 1429379791419527
11 full 1 3 81 1429379792274386
11 full 2 -3 81 1429379792394793
11 full 2 3 81 1429379792893460
11 full 3 3 81 1429379793128965
01 structure_starts -11 15 81 1429380546531892
01 structure_starts -10 15 81 1429380546607321
01 structure_starts -9 15 81 1429380546639169
01 structure_starts -8 15 81 1429380546671575
01 structure_starts -7 15 81 1429380546702026
01 structure_starts -6 15 81 1429380546732197
01 structure_starts -5 15 81 1429380546762369
01 structure_starts -4 15 81 1429380546792820
01 structure_starts -3 15 81 1429380546829137
01 structure_starts -2 15 81 1429380546863499
01 structure_starts -1 15 81 1429380546899817
01 structure_starts 0 15 81 1429380546933899
01 structure_starts 1 15 81 1429380546968820
01 structure_starts 2 15 81 1429380563150234
01 structure_starts 3 15 81 1429380563251085
01 structure_starts 4 15 81 1429380563295225
01 structure_starts 5 15 81 1429380563351657
01 structure_starts 6 15 81 1429380563391885
01 structure_starts 7 15 81 1429380563448038
01 structure_starts 8 15 81 1429380563488546
01 structure_starts 9 15 81 1429380563547771
01 structure_starts 10 15 81 1429380563589956
01 structure_starts 11 15 81 1429380563644432
02 structure_references -3 7 81 1429380563876026
02 structure_references -2 7 81 1429380563971569
02 structure_references -1 7 81 1429380564109855
02 structure_references 0 7 81 1429380564214058
02 structure_references 1 7 81 1429380564305132
02 structure_references 2 7 81 1429380564398998
02 structure_references 3 7 81 1429380564486719
03 biomes -3 7 81 1429380570939785
03 biomes -2 7 81 1429380575938194
03 biomes -1 7 81 1429380581187753
03 biomes 0 7 81 1429380586588170
03 biomes 1 7 81 1429380590468558
03 biomes 2 7 81 1429380594450077
03 biomes 3 7 81 1429380598556751
04 noise -2 6 81 1429380616226346
04 noise -1 6 81 1429380628578775
04 noise 0 6 81 1429380642644274
04 noise 1 6 81 1429380656060807
04 noise 2 6 81 1429380668645948
05 surface -2 6 81 1429380673573957
05 surface -1 6 81 1429380678293280
05 surface 0 6 81 1429380683628884
05 surface 1 6 81 1429380690592909
05 surface 2 6 81 1429380697409430
06 carvers -2 6 81 1429380699827060
06 carvers -1 6 81 1429380701579800
06 carvers 0 6 81 1429380702628818
06 carvers 1 6 81 1429380705200378
06 carvers 2 6 81 1429380706834667
07 features -1 5 82 1429380721060522
07 features 0 5 83 1429380728867393
07 features 1 5 84 1429380740933194
01 structure_starts -11 16 84 1429380741493601
01 structure_starts -10 16 84 1429380741540814
01 structure_starts -9 16 84 1429380741580484
01 structure_starts -8 16 84 1429380741622109
01 structure_starts -7 16 84 1429380741663176
01 structure_starts -6 16 84 1429380741704522
01 structure_starts -5 16 84 1429380741746986
01 structure_starts -4 16 84 1429380741786935
01 structure_starts -3 16 84 1429380741830795
01 structure_starts -2 16 84 1429380741872141
01 structure_starts -1 16 84 1429380741914605
01 structure_starts 0 16 84 1429380741954834
01 structure_starts 1 16 84 1429380742054288
01 structure_starts 2 16 84 1429380742115748
01 structure_starts 3 16 84 1429380760377877
01 structure_starts 4 16 84 1429380760487668
01 structure_starts 5 16 84 1429380760530690
01 structure_starts 6 16 84 1429380760582652
01 structure_starts 7 16 84 1429380760626513
01 structure_starts 8 16 84 1429380760678754
01 structure_starts 9 16 84 1429380760718983
01 structure_starts 10 16 84 1429380760772062
01 structure_starts 11 16 84 1429380760814526
02 structure_references -3 8 84 1429380761070704
02 structure_references -2 8 84 1429380761157587
02 structure_references -1 8 84 1429380761219885
02 structure_references 0 8 84 1429380761294476
02 structure_references 1 8 84 1429380761365155
02 structure_references 2 8 84 1429380761431924
02 structure_references 3 8 84 1429380761507632
03 biomes -3 8 84 1429380765408414
03 biomes -2 8 84 1429380769149398
03 biomes -1 8 84 1429380773761445
03 biomes 0 8 84 1429380778385505
03 biomes 1 8 84 1429380782887761
03 biomes 2 8 84 1429380787195019
03 biomes 3 8 84 1429380791617377
01 structure_starts -12 15 84 1429380791771587
01 structure_starts -12 16 84 1429380791812933
02 structure_references -4 7 84 1429380792176387
02 structure_references -4 8 84 1429380792241200
03 biomes -4 7 84 1429380795948102
03 biomes -4 8 84 1429380799507220
01 structure_starts 12 15 84 1429380799822344
01 structure_starts 12 16 84 1429380799857265
02 structure_references 4 7 84 1429380800055335
02 structure_references 4 8 84 1429380800148364
03 biomes 4 7 84 1429380804260626
03 biomes 4 8 84 1429380809108736
04 noise 3 6 84 1429380823419798
04 noise -3 6 84 1429380837816625
04 noise -2 7 84 1429380848143653
04 noise -1 7 84 1429380858112815
04 noise 0 7 84 1429380868277532
04 noise 1 7 84 1429380879288448
04 noise 2 7 84 1429380890796914
04 noise -3 7 84 1429380902719399
04 noise 3 7 84 1429380917171541
05 surface 3 6 84 1429380923103031
06 carvers 3 6 84 1429380924266309
07 features 2 5 85 1429380932062845
05 surface -3 6 85 1429380935774216
06 carvers -3 6 85 1429380937300111
07 features -2 5 86 1429380945267898
05 surface -2 7 86 1429380949455029
05 surface -1 7 86 1429380954879471
05 surface 0 7 86 1429380958860710
05 surface 1 7 86 1429380963252337
05 surface 2 7 86 1429380968692424
06 carvers -2 7 86 1429380969876934
06 carvers -1 7 86 1429380971240517
06 carvers 0 7 86 1429380972528952
06 carvers 1 7 86 1429380974518035
06 carvers 2 7 86 1429380976760223
07 features -1 6 87 1429380984800085
07 features 0 6 88 1429380991825013
07 features 1 6 89 1429381005812848
05 surface -3 7 89 1429381012234905
06 carvers -3 7 89 1429381014355290
07 features -2 6 90 1429381024249022
05 surface 3 7 90 1429381029104955
06 carvers 3 7 90 1429381030324665
07 features 2 6 91 1429381037437314
01 structure_starts -13 15 91 1429381037690978
01 structure_starts -13 16 91 1429381037724222
02 structure_references -5 7 91 1429381038142991
02 structure_references -5 8 91 1429381038227639
03 biomes -5 7 91 1429381043704322
03 biomes -5 8 91 1429381049209501
01 structure_starts 13 15 91 1429381050927040
02 structure_references 5 7 91 1429381051176793
03 biomes 5 7 91 1429381056085805
04 noise -4 6 91 1429381068080926
01 structure_starts -13 17 91 1429381068265866
01 structure_starts -12 17 91 1429381068316431
01 structure_starts -11 17 91 1429381068359733
01 structure_starts -10 17 91 1429381068398286
01 structure_starts -9 17 91 1429381068436838
01 structure_starts -8 17 91 1429381068475111
01 structure_starts -7 17 91 1429381068515898
01 structure_starts -6 17 91 1429381068554730
01 structure_starts -5 17 91 1429381068601384
01 structure_starts -4 17 91 1429381068639657
01 structure_starts -3 17 91 1429381068679327
01 structure_starts -2 17 91 1429381068732686
01 structure_starts -1 17 91 1429381068773474
01 structure_starts 0 17 91 1429381068816496
01 structure_starts 1 17 91 1429381068857563
01 structure_starts 2 17 91 1429381068898909
01 structure_starts 3 17 91 1429381068952267
01 structure_starts 4 17 91 1429381068993334
01 structure_starts 5 17 91 1429381069086363
01 structure_starts 6 17 91 1429381069133017
01 structure_starts 7 17 91 1429381069178274
01 structure_starts 8 17 91 1429381069217944
01 structure_starts 9 17 91 1429381069270186
02 structure_references -5 9 91 1429381069429424
02 structure_references -4 9 91 1429381069511837
02 structure_references -3 9 91 1429381069588942
02 structure_references -2 9 91 1429381069652078
02 structure_references -1 9 91 1429381069711863
02 structure_references 0 9 91 1429381069773323
02 structure_references 1 9 91 1429381069854060
03 biomes -5 9 91 1429381074407719
03 biomes -4 9 91 1429381080403743
03 biomes -3 9 91 1429381085260793
03 biomes -2 9 91 1429381089056813
03 biomes -1 9 91 1429381092434343
03 biomes 0 9 91 1429381095806286
03 biomes 1 9 91 1429381099331321
01 structure_starts 13 16 91 1429381099596439
02 structure_references 5 8 91 1429381099743664
03 biomes 5 8 91 1429381103510351
01 structure_starts 10 17 91 1429381103683837
01 structure_starts 11 17 91 1429381103728256
01 structure_starts 12 17 91 1429381103867939
02 structure_references 2 9 91 1429381103995609
02 structure_references 3 9 91 1429381104135292
02 structure_references 4 9 91 1429381104200384
03 biomes 2 9 91 1429381109717575
03 biomes 3 9 91 1429381113487335
03 biomes 4 9 91 1429381118855065
04 noise -3 8 91 1429381129726019
04 noise -2 8 91 1429381141704098
04 noise -1 8 91 1429381152105997
04 noise 0 8 91 1429381164430490
04 noise 1 8 91 1429381175955717
04 noise 2 8 91 1429381186176587
08 initialize_light -1 5 91 1429381186460143
01 structure_starts 13 17 91 1429381186751242
02 structure_references 5 9 91 1429381186919420
03 biomes 5 9 91 1429381191269701
08 initialize_light 0 5 91 1429381191501575
04 noise -4 7 91 1429381203630512
04 noise 4 6 91 1429381217433966
05 surface -4 6 91 1429381223295615
06 carvers -4 6 91 1429381225378565
07 features -3 5 92 1429381235394380
04 noise -4 8 92 1429381249277733
04 noise 4 7 92 1429381262317961
04 noise 3 8 92 1429381275846799
05 surface -3 8 92 1429381279927212
05 surface -2 8 92 1429381284423043
05 surface -1 8 92 1429381288315165
05 surface 0 8 92 1429381292955148
05 surface 1 8 92 1429381297761633
06 carvers -3 8 92 1429381299751275
06 carvers -2 8 92 1429381300695251
06 carvers -1 8 92 1429381301683088
06 carvers 0 8 92 1429381302987446
06 carvers 1 8 92 1429381304234813
07 features -2 7 93 1429381312168238
07 features -1 7 94 1429381320251122
07 features 0 7 95 1429381327430539
05 surface 2 8 95 1429381334595987
06 carvers 2 8 95 1429381336683407
07 features 1 7 96 1429381343954455
04 noise 4 8 96 1429381357817415
05 surface -4 7 96 1429381362775595
06 carvers -4 7 96 1429381364240588
07 features -3 6 97 1429381374487719
05 surface 4 6 97 1429381382699112
06 carvers 4 6 97 1429381383736675
07 features 3 5 98 1429381393155487
05 surface -4 8 98 1429381401200378
06 carvers -4 8 98 1429381405115407
07 features -3 7 99 1429381419476196
05 surface 4 7 99 1429381428502498
06 carvers 4 7 99 1429381429778640
07 features 3 6 100 1429381440616629
05 surface 3 8 100 1429381448893114
06 carvers 3 8 100 1429381450603390
07 features 2 7 101 1429381458398808
05 surface 4 8 101 1429381464992954
06 carvers 4 8 101 1429381466262391
07 features 3 7 102 1429381472389158
08 initialize_light 1 5 102 1429381474327396
09 light 0 4 102 1429381480746659
08 initialize_light 2 5 102 1429381480838850
08 initialize_light -2 5 102 1429381480883548
08 initialize_light -1 6 102 1429381480922101
08 initialize_light 0 6 102 1429381480960374
08 initialize_light 1 6 102 1429381480994456
08 initialize_light -2 6 102 1429381481077707
08 initialize_light 2 6 102 1429381481112628
08 initialize_light -3 5 102 1429381481157606
08 initialize_light -2 7 102 1429381481190292
08 initialize_light -1 7 102 1429381481224095
10 spawn 0 4 102 1429381481446190
11 full 0 4 102 1429381481974471
08 initialize_light 0 7 102 1429381482319767
08 initialize_light 1 7 102 1429381482364186
08 initialize_light -3 6 102 1429381482399107
08 initialize_light 3 5 102 1429381482437100
08 initialize_light -3 7 102 1429381482472021
08 initialize_light 3 6 102 1429381517795566
09 light 1 4 102 1429381517938042
09 light -1 4 102 1429381517973801
09 light -1 5 102 1429381518052582
09 light 0 5 102 1429381518083871
09 light 1 5 102 1429381518114881
09 light -2 4 102 1429381518148684
09 light -1 6 102 1429381518178297
09 light 0 6 102 1429381518204278
09 light -2 5 102 1429381518233053
09 light 2 4 102 1429381518259034
09 light -2 6 102 1429381518285573
08 initialize_light 2 7 102 1429381518321611
08 initialize_light 3 7 102 1429381518355415
10 spawn 0 5 102 1429381518600139
10 spawn 1 4 102 1429381518726692
10 spawn -1 4 102 1429381518799327
10 spawn -1 5 102 1429381518867492
10 spawn 1 5 102 1429381518942921
10 spawn -1 6 102 1429381519061930
11 full 0 5 102 1429381519763417
11 full 1 4 102 1429381521330938
11 full -1 4 102 1429381521593541
11 full -1 5 102 1429381521789097
11 full 1 5 102 1429381521971802
11 full -1 6 102 1429381522213174
10 spawn 0 6 102 1429381522250609
10 spawn -2 4 102 1429381522657924
10 spawn -2 5 102 1429381522733912
10 spawn 2 4 102 1429381522808223
10 spawn -2 6 102 1429381522880579
11 full 0 6 102 1429381523074458
11 full -2 4 102 1429381524764620
11 full -2 5 102 1429381524995097
11 full 2 4 102 1429381525172494
11 full -2 6 102 1429381525414704
09 light 1 6 102 1429381532515898
09 light 2 5 102 1429381532616470
09 light 2 6 102 1429381532647200
10 spawn 1 6 102 1429381532885778
10 spawn 2 5 102 1429381533735888
11 full 1 6 102 1429381533809640
10 spawn 2 6 102 1429381533813272
11 full 2 5 102 1429381534278136
11 full 2 6 102 1429381534877655
01 structure_starts -11 18 102 1429381538911415
01 structure_starts -10 18 102 1429381538980418
01 structure_starts -9 18 102 1429381539067860
01 structure_starts -8 18 102 1429381539124850
01 structure_starts -7 18 102 1429381539159212
01 structure_starts -6 18 102 1429381539194412
01 structure_starts -5 18 102 1429381539227936
01 structure_starts -4 18 102 1429381539277384
01 structure_starts -3 18 102 1429381539317054
01 structure_starts -2 18 102 1429381539368178
01 structure_starts -1 18 102 1429381539408686
01 structure_starts 0 18 102 1429381539460368
01 structure_starts 1 18 102 1429381539498362
01 structure_starts 2 18 102 1429381539551441
01 structure_starts 3 18 102 1429381539591111
01 structure_starts 4 18 102 1429381539643632
01 structure_starts 5 18 102 1429381539681626
01 structure_starts 6 18 102 1429381539734426
01 structure_starts 7 18 102 1429381539773537
01 structure_starts 8 18 102 1429381539827734
01 structure_starts 9 18 102 1429381539868801
01 structure_starts 10 18 102 1429381539921601
01 structure_starts 11 18 102 1429381539959595
02 structure_references -3 10 102 1429381540164090
02 structure_references -2 10 102 1429381540247341
02 structure_references -1 10 102 1429381540324167
02 structure_references 0 10 102 1429381540400433
02 structure_references 1 10 102 1429381540490389
02 structure_references 2 10 102 1429381540574199
02 structure_references 3 10 102 1429381540659685
03 biomes -3 10 102 1429381546292533
03 biomes -2 10 102 1429381551926779
03 biomes -1 10 102 1429381557527500
03 biomes 0 10 102 1429381563859321
03 biomes 1 10 102 1429381569737732
03 biomes 2 10 102 1429381575264422
03 biomes 3 10 102 1429381580703391
04 noise -2 9 102 1429381595356955
04 noise -1 9 102 1429381609743166
04 noise 0 9 102 1429381624388628
04 noise 1 9 102 1429381634284875
04 noise 2 9 102 1429381644718342
05 surface -2 9 102 1429381649087340
05 surface -1 9 102 1429381653829571
05 surface 0 9 102 1429381660366447
05 surface 1 9 102 1429381667222079
05 surface 2 9 102 1429381674989281
06 carvers -2 9 102 1429381676866897
06 carvers -1 9 102 1429381677891051
06 carvers 0 9 102 1429381679379790
06 carvers 1 9 102 1429381680703424
06 carvers 2 9 102 1429381681857484
07 features -1 8 103 1429381693467918
07 features 0 8 104 1429381699707828
07 features 1 8 105 1429381709949371
01 structure_starts -12 18 105 1429381710583810
01 structure_starts -12 19 105 1429381710633537
01 structure_starts -11 19 105 1429381710668458
01 structure_starts -10 19 105 1429381710717626
01 structure_starts -9 19 105 1429381710759811
01 structure_starts -8 19 105 1429381710798084
01 structure_starts -7 19 105 1429381710837474
01 structure_starts -6 19 105 1429381710875468
01 structure_starts -5 19 105 1429381710914579
01 structure_starts -4 19 105 1429381710952573
01 structure_starts -3 19 105 1429381711062363
01 structure_starts -2 19 105 1429381711106783
01 structure_starts -1 19 105 1429381711157627
01 structure_starts 0 19 105 1429381711200091
01 structure_starts 1 19 105 1429381711241157
01 structure_starts 2 19 105 1429381711283062
01 structure_starts 3 19 105 1429381711325246
01 structure_starts 4 19 105 1429381711364358
01 structure_starts 5 19 105 1429381711403748
01 structure_starts 6 19 105 1429381711447888
01 structure_starts 7 19 105 1429381711492307
01 structure_starts 8 19 105 1429381711533653
01 structure_starts 9 19 105 1429381711571647
01 structure_starts 10 19 105 1429381711605450
02 structure_references -4 10 105 1429381711750162
02 structure_references -4 11 105 1429381711826428
02 structure_references -3 11 105 1429381711909121
02 structure_references -2 11 105 1429381711988460
02 structure_references -1 11 105 1429381712141273
02 structure_references 0 11 105 1429381712225362
02 structure_references 1 11 105 1429381712311407
02 structure_references 2 11 105 1429381712391864
03 biomes -4 10 105 1429381718687089
03 biomes -4 11 105 1429381723903124
03 biomes -3 11 105 1429381728369342
03 biomes -2 11 105 1429381732397794
03 biomes -1 11 105 1429381736252759
03 biomes 0 11 105 1429381740752781
03 biomes 1 11 105 1429381744828445
03 biomes 2 11 105 1429381749484632
01 structure_starts 11 19 105 1429381749901725
01 structure_starts 12 18 105 1429381749969610
01 structure_starts 12 19 105 1429381750054258
02 structure_references 3 11 105 1429381750260151
02 structure_references 4 10 105 1429381750357649
02 structure_references 4 11 105 1429381750432799
03 biomes 3 11 105 1429381755400478
03 biomes 4 10 105 1429381759831216
03 biomes 4 11 105 1429381764297713
04 noise -2 10 105 1429381777977409
04 noise -1 10 105 1429381789491741
04 noise 0 10 105 1429381798995200
04 noise 1 10 105 1429381808598113
04 noise 2 10 105 1429381819937563
04 noise -3 9 105 1429381831990233
04 noise 3 9 105 1429381845867719
04 noise -3 10 105 1429381858876657
04 noise 3 10 105 1429381870224488
05 surface -2 10 105 1429381875176243
05 surface -1 10 105 1429381879377343
05 surface 0 10 105 1429381883552741
05 surface 1 10 105 1429381888171493
05 surface 2 10 105 1429381894367822
06 carvers -2 10 105 1429381895871367
06 carvers -1 10 105 1429381896498543
06 carvers 0 10 105 1429381897304513
06 carvers 1 10 105 1429381898101543
06 carvers 2 10 105 1429381898518636
07 features -1 9 106 1429381906534473
07 features 0 9 107 1429381914082373
07 features 1 9 108 1429381921057573
05 surface -3 9 108 1429381926362446
06 carvers -3 9 108 1429381927421801
07 features -2 8 109 1429381933273113
05 surface 3 9 109 1429381938469034
06 carvers 3 9 109 1429381939288413
07 features 2 8 110 1429381946440173
05 surface -3 10 110 1429381951649223
06 carvers -3 10 110 1429381952582863
07 features -2 9 111 1429381960951819
05 surface 3 10 111 1429381967093392
06 carvers 3 10 111 1429381967824771
07 features 2 9 112 1429381975658462
01 structure_starts -13 18 112 1429381975927211
02 structure_references -5 10 112 1429381976371962
03 biomes -5 10 112 1429381982316303
01 structure_starts -12 20 112 1429381982487274
01 structure_starts -11 20 112 1429381982520519
01 structure_starts -10 20 112 1429381982557954
01 structure_starts -9 20 112 1429381982588125
01 structure_starts -8 20 112 1429381982621091
01 structure_starts -7 20 112 1429381982650983
01 structure_starts -6 20 112 1429381982683948
01 structure_starts -5 20 112 1429381982719707
01 structure_starts -4 20 112 1429381982770831
01 structure_starts -3 20 112 1429381982809383
01 structure_starts -2 20 112 1429381982845421
01 structure_starts -1 20 112 1429381982878945
01 structure_starts 0 20 112 1429381982920850
01 structure_starts 1 20 112 1429381982953256
01 structure_starts 2 20 112 1429381982996837
01 structure_starts 3 20 112 1429381983090984
01 structure_starts 4 20 112 1429381983149650
01 structure_starts 5 20 112 1429381983188482
01 structure_starts 6 20 112 1429381983241003
01 structure_starts 7 20 112 1429381983276762
01 structure_starts 8 20 112 1429381983311962
01 structure_starts 9 20 112 1429381983344089
01 structure_starts 10 20 112 1429381983390184
02 structure_references -4 12 112 1429381983519810
02 structure_references -3 12 112 1429381983581550
02 structure_references -2 12 112 1429381983641054
02 structure_references -1 12 112 1429381983700001
02 structure_references 0 12 112 1429381983758109
02 structure_references 1 12 112 1429381983865385
02 structure_references 2 12 112 1429381983933550
03 biomes -4 12 112 1429381988641699
03 biomes -3 12 112 1429381993876731
03 biomes -2 12 112 1429381997977538
03 biomes -1 12 112 1429382001692821
03 biomes 0 12 112 1429382005223723
03 biomes 1 12 112 1429382008587006
03 biomes 2 12 112 1429382012474657
01 structure_starts -13 19 112 1429382012612664
02 structure_references -5 11 112 1429382012950976
03 biomes -5 11 112 1429382016576303
01 structure_starts 11 20 112 1429382016822983
02 structure_references 3 12 112 1429382016958196
03 biomes 3 12 112 1429382020741923
01 structure_starts -13 20 112 1429382020817631
02 structure_references -5 12 112 1429382020983295
03 biomes -5 12 112 1429382024554984
01 structure_starts 13 18 112 1429382024764509
01 structure_starts 13 19 112 1429382024793004
02 structure_references 5 10 112 1429382024923468
02 structure_references 5 11 112 1429382024988560
03 biomes 5 10 112 1429382028940186
03 biomes 5 11 112 1429382032828117
04 noise 4 9 112 1429382046216993
01 structure_starts 12 20 112 1429382046669845
01 structure_starts 13 20 112 1429382046720689
02 structure_references 4 12 112 1429382046956194
02 structure_references 5 12 112 1429382047189744
03 biomes 4 12 112 1429382050931567
03 biomes 5 12 112 1429382053830264
04 noise -1 11 112 1429382065791302
04 noise 0 11 112 1429382076479551
04 noise 1 11 112 1429382086612420
04 noise 2 11 112 1429382098422601
04 noise 3 11 112 1429382112859098
04 noise -4 9 112 1429382126356647
04 noise -3 11 112 1429382139991085
04 noise -2 11 112 1429382151112071
04 noise -4 10 112 1429382164744274
05 surface -2 11 112 1429382171445696
05 surface -1 11 112 1429382176925173
05 surface 0 11 112 1429382181710426
05 surface 1 11 112 1429382185993659
05 surface 2 11 112 1429382191977670
06 carvers -2 11 112 1429382193724823
06 carvers -1 11 112 1429382194506488
06 carvers 0 11 112 1429382194901790
06 carvers 1 11 112 1429382195467226
06 carvers 2 11 112 1429382195784865
07 features -1 10 113 1429382205466000
07 features 0 10 114 1429382212968363
07 features 1 10 115 1429382219342089
04 noise -4 11 115 1429382231948741
04 noise 4 10 115 1429382246693099
05 surface 4 9 115 1429382253657125
06 carvers 4 9 115 1429382255255934
07 features 3 8 116 1429382261874943
04 noise 4 11 116 1429382273648527
05 surface 3 11 116 1429382277678376
06 carvers 3 11 116 1429382278300244
07 features 2 10 117 1429382284741297
05 surface -4 9 117 1429382289400277
06 carvers -4 9 117 1429382291154413
07 features -3 8 118 1429382297570603
05 surface -3 11 118 1429382303458792
06 carvers -3 11 118 1429382304779353
07 features -2 10 119 1429382310871758
05 surface -4 10 119 1429382315707018
06 carvers -4 10 119 1429382316440911
07 features -3 9 120 1429382323761128
05 surface -4 11 120 1429382328569569
06 carvers -4 11 120 1429382329573329
07 features -3 10 121 1429382337201407
05 surface 4 10 121 1429382343605025
06 carvers 4 10 121 1429382344234715
07 features 3 9 122 1429382350622410
05 surface 4 11 122 1429382359203403
06 carvers 4 11 122 1429382359851532
07 features 3 10 123 1429382365885549
08 initialize_light -1 8 123 1429382367093526
08 initialize_light 0 8 123 1429382368521922
08 initialize_light 1 8 123 1429382368555446
08 initialize_light -1 9 123 1429382368587015
08 initialize_light 0 9 123 1429382368612716
08 initialize_light 1 9 123 1429382368637021
08 initialize_light -2 8 123 1429382368661605
08 initialize_light 2 8 123 1429382368691777
08 initialize_light -2 9 123 1429382368720272
08 initialize_light 2 9 123 1429382368742621
08 initialize_light -1 10 123 1429382368766367
08 initialize_light 0 10 123 1429382368797377
08 initialize_light 1 10 123 1429382368822520
08 initialize_light 3 8 123 1429382368848501
08 initialize_light 2 10 123 1429382368872806
08 initialize_light -3 8 123 1429382368909961
08 initialize_light -2 10 123 1429382368937060
08 initialize_light -3 9 123 1429382368961085
08 initialize_light -3 10 123 1429382368988463
08 initialize_light 3 9 123 1429382369061657
08 initialize_light 3 10 123 1429382369086241
09 light 0 7 123 1429382386464457
09 light -1 7 123 1429382386544077
09 light -1 8 123 1429382386567823
09 light 0 8 123 1429382386589613
09 light 1 7 123 1429382386611404
09 light 1 8 123 1429382386634591
09 light -2 8 123 1429382386661131
09 light -2 7 123 1429382386683201
09 light -2 9 123 1429382386704991
09 light -1 9 123 1429382386726223
09 light 0 9 123 1429382386748013
09 light 2 7 123 1429382386769525
09 light 1 9 123 1429382386790756
09 light 2 8 123 1429382386812267
09 light 2 9 123 1429382386834058
10 spawn 0 7 123 1429382386957258
10 spawn -1 7 123 1429382387093309
10 spawn -1 8 123 1429382387158681
10 spawn 0 8 123 1429382387213436
10 spawn 1 7 123 1429382387266516
10 spawn 1 8 123 1429382387320154
11 full 0 7 123 1429382387320154
10 spawn -2 8 123 1429382387373792
10 spawn -2 7 123 1429382387428548
10 spawn -2 9 123 1429382387538339
10 spawn -1 9 123 1429382387595609
10 spawn 0 9 123 1429382387665729
10 spawn 2 7 123 1429382387719368
10 spawn 1 9 123 1429382387774123
10 spawn 2 8 123 1429382387842568
10 spawn 2 9 123 1429382387895368
11 full -1 7 123 1429382388492372
11 full -1 8 123 1429382388689604
11 full 0 8 123 1429382388849681
11 full 1 7 123 1429382390337582
11 full 1 8 123 1429382390534814
11 full -2 8 123 1429382390714726
11 full -2 7 123 1429382390872288
11 full -2 9 123 1429382391180428
11 full -1 9 123 1429382391396657
11 full 0 9 123 1429382391582435
11 full 2 7 123 1429382392644304
11 full 1 9 123 1429382392862488
11 full 2 8 123 1429382393075644
11 full 2 9 123 1429382393268406
01 structure_starts -11 21 123 1429382397916491
01 structure_starts -10 21 123 1429382397979349
01 structure_starts -9 21 123 1429382398067069
01 structure_starts -8 21 123 1429382398112327
01 structure_starts -7 21 123 1429382398155070
01 structure_starts -6 21 123 1429382398204238
01 structure_starts -5 21 123 1429382398239159
01 structure_starts -4 21 123 1429382398276314
01 structure_starts -3 21 123 1429382398312073
01 structure_starts -2 21 123 1429382398360124
01 structure_starts -1 21 123 1429382398395883
01 structure_starts 0 21 123 1429382398434714
01 structure_starts 1 21 123 1429382398519083
01 structure_starts 2 21 123 1429382398558753
01 structure_starts 3 21 123 1429382398597864
01 structure_starts 4 21 123 1429382398643401
01 structure_starts 5 21 123 1429382398692848
01 structure_starts 6 21 123 1429382398727769
01 structure_starts 7 21 123 1429382398777775
01 structure_starts 8 21 123 1429382398815769
01 structure_starts 9 21 123 1429382398853204
01 structure_starts 10 21 123 1429382398888404
01 structure_starts 11 21 123 1429382398933661
02 structure_references -3 13 123 1429382399149052
02 structure_references -2 13 123 1429382399228672
02 structure_references -1 13 123 1429382399307453
02 structure_references 0 13 123 1429382399385675
02 structure_references 1 13 123 1429382399460824
02 structure_references 2 13 123 1429382399544634
02 structure_references 3 13 123 1429382399617269
03 biomes -3 13 123 1429382404104439
03 biomes -2 13 123 1429382409095864
03 biomes -1 13 123 1429382413857372
03 biomes 0 13 123 1429382418643463
03 biomes 1 13 123 1429382423502748
03 biomes 2 13 123 1429382427446553
03 biomes 3 13 123 1429382431382534
04 noise -2 12 123 1429382442580346
04 noise -1 12 123 1429382453766144
04 noise 0 12 123 1429382462908942
04 noise 1 12 123 1429382476182161
04 noise 2 12 123 1429382488598565
05 surface -2 12 123 1429382493255868
05 surface -1 12 123 1429382498362672
05 surface 0 12 123 1429382504318746
05 surface 1 12 123 1429382509164901
05 surface 2 12 123 1429382578560433
06 carvers -2 12 123 1429382579942175
06 carvers -1 12 123 1429382580473529
06 carvers 0 12 123 1429382581309949
06 carvers 1 12 123 1429382582260351
06 carvers 2 12 123 1429382582904568
07 features -1 11 124 1429382589991235
07 features 0 11 125 1429382597074550
07 features 1 11 126 1429382605396293
01 structure_starts 12 21 126 1429382606149183
02 structure_references 4 13 126 1429382606292497
03 biomes 4 13 126 1429382610073711
01 structure_starts -11 22 126 1429382610200543
01 structure_starts -10 22 126 1429382610235464
01 structure_starts -9 22 126 1429382610276251
01 structure_starts -8 22 126 1429382610318994
01 structure_starts -7 22 126 1429382610356708
01 structure_starts -6 22 126 1429382610409229
01 structure_starts -5 22 126 1429382610451972
01 structure_starts -4 22 126 1429382610502816
01 structure_starts -3 22 126 1429382610537737
01 structure_starts -2 22 126 1429382610573217
01 structure_starts -1 22 126 1429382610610931
01 structure_starts 0 22 126 1429382610648366
01 structure_starts 1 22 126 1429382610688036
01 structure_starts 2 22 126 1429382610738880
01 structure_starts 3 22 126 1429382618437358
01 structure_starts 4 22 126 1429382618513625
01 structure_starts 5 22 126 1429382618546031
01 structure_starts 6 22 126 1429382618578717
01 structure_starts 7 22 126 1429382618609447
01 structure_starts 8 22 126 1429382618642133
01 structure_starts 9 22 126 1429382618672863
01 structure_starts 10 22 126 1429382618706387
01 structure_starts 11 22 126 1429382618737397
02 structure_references -3 14 126 1429382618918984
02 structure_references -2 14 126 1429382618974299
02 structure_references -1 14 126 1429382619082413
02 structure_references 0 14 126 1429382619162591
02 structure_references 1 14 126 1429382619229360
02 structure_references 2 14 126 1429382619291937
02 structure_references 3 14 126 1429382619352280
03 biomes -3 14 126 1429382624152899
03 biomes -2 14 126 1429382629086216
03 biomes -1 14 126 1429382633347938
03 biomes 0 14 126 1429382637832874
03 biomes 1 14 126 1429382643816885
03 biomes 2 14 126 1429382649143548
03 biomes 3 14 126 1429382653739392
01 structure_starts -12 21 126 1429382653885221
02 structure_references -4 13 126 1429382654285552
03 biomes -4 13 126 1429382658811554
01 structure_starts -12 22 126 1429382658919110
02 structure_references -4 14 126 1429382659209650
03 biomes -4 14 126 1429382663136971
01 structure_starts 12 22 126 1429382663374711
02 structure_references 4 14 126 1429382663496515
03 biomes 4 14 126 1429382667173245
04 noise 3 12 126 1429382681359710
04 noise -2 13 126 1429382692930754
04 noise -1 13 126 1429382702157361
04 noise 0 13 126 1429382714842794
04 noise 1 13 126 1429382727512304
04 noise 2 13 126 1429382740579629
04 noise -3 12 126 1429382750279203
04 noise -3 13 126 1429382763564713
04 noise 3 13 126 1429382776965322
05 surface 3 12 126 1429382781290740
06 carvers 3 12 126 1429382781792481
07 features 2 11 127 1429382788737509
05 surface -2 13 127 1429382793747931
05 surface -1 13 127 1429382798243203
05 surface 0 13 127 1429382802533141
05 surface 1 13 127 1429382806699600
05 surface 2 13 127 1429382810100876
06 carvers -2 13 127 1429382810823036
06 carvers -1 13 127 1429382810980319
06 carvers 0 13 127 1429382811289856
06 carvers 1 13 127 1429382811698009
06 carvers 2 13 127 1429382812054200
07 features -1 12 128 1429382821193087
07 features 0 12 129 1429382827688617
07 features 1 12 130 1429382834453455
05 surface -3 12 130 1429382839245413
06 carvers -3 12 130 1429382840090494
07 features -2 11 131 1429382848641875
05 surface -3 13 131 1429382854237288
06 carvers -3 13 131 1429382854921734
07 features -2 12 132 1429382860426633
05 surface 3 13 132 1429382864423796
06 carvers 3 13 132 1429382864832508
07 features 2 12 133 1429382870279299
01 structure_starts 13 21 133 1429382870753382
02 structure_references 5 13 133 1429382870883008
03 biomes 5 13 133 1429382875763246
01 structure_starts -12 23 133 1429382876068034
01 structure_starts -11 23 133 1429382876144300
01 structure_starts -10 23 133 1429382876185088
01 structure_starts -9 23 133 1429382876225316
01 structure_starts -8 23 133 1429382876264707
01 structure_starts -7 23 133 1429382876302701
01 structure_starts -6 23 133 1429382876342371
01 structure_starts -5 23 133 1429382876382879
01 structure_starts -4 23 133 1429382876419196
01 structure_starts -3 23 133 1429382876460263
01 structure_starts -2 23 133 1429382876501330
01 structure_starts -1 23 133 1429382876542117
01 structure_starts 0 23 133 1429382876580949
01 structure_starts 1 23 133 1429382876621457
01 structure_starts 2 23 133 1429382876657774
01 structure_starts 3 23 133 1429382876698003
01 structure_starts 4 23 133 1429382876735438
01 structure_starts 5 23 133 1429382876771756
01 structure_starts 6 23 133 1429382876808352
01 structure_starts 7 23 133 1429382876847743
01 structure_starts 8 23 133 1429382876885737
01 structure_starts 9 23 133 1429382876917584
01 structure_starts 10 23 133 1429382876951667
02 structure_references -4 15 133 1429382877169013
02 structure_references -3 15 133 1429382877317915
02 structure_references -2 15 133 1429382877391388
02 structure_references -1 15 133 1429382877471008
02 structure_references 0 15 133 1429382877546436
02 structure_references 1 15 133 1429382877621027
02 structure_references 2 15 133 1429382877694779
03 biomes -4 15 133 1429382885344089
03 biomes -3 15 133 1429382892513169
03 biomes -2 15 133 1429382898411973
03 biomes -1 15 133 1429382903156439
03 biomes 0 15 133 1429382906728967
03 biomes 1 15 133 1429382910866651
03 biomes 2 15 133 1429382915206875
01 structure_starts -13 21 133 1429382915350468
01 structure_starts -13 22 133 1429382915377846
02 structure_references -5 13 133 1429382915805276
02 structure_references -5 14 133 1429382915886850
03 biomes -5 13 133 1429382921091990
03 biomes -5 14 133 1429382925073229
04 noise -4 12 133 1429382936319371
01 structure_starts 11 23 133 1429382936682267
01 structure_starts 12 23 133 1429382936720261
02 structure_references 3 15 133 1429382936837873
02 structure_references 4 15 133 1429382936893747
03 biomes 3 15 133 1429382941414720
03 biomes 4 15 133 1429382945346511
08 initialize_light -1 11 133 1429382945834843
01 structure_starts -13 23 133 1429382945956646
02 structure_references -5 15 133 1429382946366196
03 biomes -5 15 133 1429382951378015
04 noise -2 14 133 1429382967162450
04 noise -1 14 133 1429382978642421
04 noise 0 14 133 1429382989831013
04 noise 1 14 133 1429383001962464
04 noise 2 14 133 1429383016393094
01 structure_starts 13 22 133 1429383016835889
01 structure_starts 13 23 133 1429383016872206
02 structure_references 5 14 133 1429383017111623
02 structure_references 5 15 133 1429383017190404
03 biomes 5 14 133 1429383022146349
03 biomes 5 15 133 1429383026102725
04 noise 4 12 133 1429383041492976
04 noise 4 13 133 1429383053866078
05 surface 4 12 133 1429383059051383
06 carvers 4 12 133 1429383059505352
07 features 3 11 134 1429383063702262
04 noise -3 14 134 1429383074161989
04 noise -4 13 134 1429383085483838
05 surface -4 12 134 1429383089988050
06 carvers -4 12 134 1429383090899899
07 features -3 11 135 1429383098225424
04 noise 3 14 135 1429383109158397
04 noise -4 14 135 1429383120993162
05 surface -2 14 135 1429383125846301
05 surface -1 14 135 1429383131166260
05 surface 0 14 135 1429383137263135
05 surface 1 14 135 1429383142374687
05 surface 2 14 135 1429383146603723
06 carvers -2 14 135 1429383147401312
06 carvers -1 14 135 1429383147635421
06 carvers 0 14 135 1429383147992729
06 carvers 1 14 135 1429383148781658
06 carvers 2 14 135 1429383149568910
07 features -1 13 136 1429383157484175
07 features 0 13 137 1429383163602003
07 features 1 13 138 1429383167344664
04 noise 4 14 138 1429383178313954
05 surface 4 13 138 1429383183788681
06 carvers 4 13 138 1429383184524810
07 features 3 12 139 1429383189072882
05 surface -3 14 139 1429383194423571
06 carvers -3 14 139 1429383195464208
07 features -2 13 140 1429383203763601
05 surface -4 13 140 1429383208373972
06 carvers -4 13 140 1429383209366278
07 features -3 12 141 1429383216814724
05 surface 3 14 141 1429383223208844
06 carvers 3 14 141 1429383223818419
07 features 2 13 142 1429383228992270
05 surface -4 14 142 1429383234891075
06 carvers -4 14 142 1429383235735597
07 features -3 13 143 1429383243424576
05 surface 4 14 143 1429383249398530
06 carvers 4 14 143 1429383249990785
07 features 3 13 144 1429383255159049
08 initialize_light 0 11 144 1429383256571521
08 initialize_light 1 11 144 1429383257916946
08 initialize_light 2 11 144 1429383257956057
08 initialize_light -1 12 144 1429383258136807
08 initialize_light 0 12 144 1429383258170889
08 initialize_light 1 12 144 1429383258199385
08 initialize_light -2 11 144 1429383258229836
08 initialize_light -2 12 144 1429383258260566
08 initialize_light 2 12 144 1429383258284871
08 initialize_light 3 11 144 1429383258320071
08 initialize_light -3 11 144 1429383258353595
08 initialize_light -1 13 144 1429383258378737
08 initialize_light 0 13 144 1429383258402484
08 initialize_light 1 13 144 1429383258425950
08 initialize_light 3 12 144 1429383258448579
08 initialize_light -2 13 144 1429383258471487
08 initialize_light -3 12 144 1429383258493836
08 initialize_light 2 13 144 1429383258517023
08 initialize_light -3 13 144 1429383258539931
08 initialize_light 3 13 144 1429383258562281
09 light 0 10 144 1429383261180774
10 spawn 0 10 144 1429383261303975
11 full 0 10 144 1429383261541156
09 light 1 10 144 1429383268106527
09 light -1 11 144 1429383268229448
09 light 0 11 144 1429383268256826
09 light -1 10 144 1429383268282248
09 light 1 11 144 1429383268306832
10 spawn 0 11 144 1429383268634528
10 spawn 1 10 144 1429383268709677
10 spawn -1 11 144 1429383268762477
10 spawn -1 10 144 1429383268814160
10 spawn 1 11 144 1429383268866122
11 full 0 11 144 1429383269147723
11 full 1 10 144 1429383270207356
11 full -1 11 144 1429383270347598
11 full -1 10 144 1429383270441465
11 full 1 11 144 1429383270602659
09 light -2 11 144 1429383272511284
10 spawn -2 11 144 1429383273466156
11 full -2 11 144 1429383273724010
09 light -2 10 144 1429383275079772
10 spawn -2 10 144 1429383275208839
11 full -2 10 144 1429383275430655
09 light 2 10 144 1429383285151181
09 light -2 12 144 1429383285222140
09 light -1 12 144 1429383285246445
09 light 0 12 144 1429383285269073
09 light 2 11 144 1429383285296172
09 light 1 12 144 1429383285322432
09 light 2 12 144 1429383285348413
10 spawn 0 12 144 1429383285527207
10 spawn -1 12 144 1429383285660464
10 spawn 1 12 144 1429383285728909
10 spawn 2 10 144 1429383285851830
11 full 0 12 144 1429383285851830
10 spawn -2 12 144 1429383285907703
10 spawn 2 11 144 1429383285964973
10 spawn 2 12 144 1429383286109684
11 full -1 12 144 1429383287364594
11 full 1 12 144 1429383287562385
11 full 2 10 144 1429383287706259
11 full -2 12 144 1429383287915503
11 full 2 11 144 1429383288152405
11 full 2 12 144 1429383288303263
01 structure_starts -11 24 144 1429383290613337
01 structure_starts -10 24 144 1429383290657477
01 structure_starts -9 24 144 1429383292989062
01 structure_starts -8 24 144 1429383293090751
01 structure_starts -7 24 144 1429383293127069
01 structure_starts -6 24 144 1429383293163666
01 structure_starts -5 24 144 1429383293194955
01 structure_starts -4 24 144 1429383293226523
01 structure_starts -3 24 144 1429383293259488
01 structure_starts -2 24 144 1429383293301113
01 structure_starts -1 24 144 1429383293333240
01 structure_starts 0 24 144 1429383293373749
01 structure_starts 1 24 144 1429383293405317
01 structure_starts 2 24 144 1429383293438003
01 structure_starts 3 24 144 1429383293469292
01 structure_starts 4 24 144 1429383293503374
01 structure_starts 5 24 144 1429383293534942
01 structure_starts 6 24 144 1429383293567349
01 structure_starts 7 24 144 1429383293597800
01 structure_starts 8 24 144 1429383293630485
01 structure_starts 9 24 144 1429383293660657
01 structure_starts 10 24 144 1429383293693343
01 structure_starts 11 24 144 1429383293723235
02 structure_references -3 16 144 1429383293820175
02 structure_references -2 16 144 1429383293860683
02 structure_references -1 16 144 1429383293900353
02 structure_references 0 16 144 1429383293938346
02 structure_references 1 16 144 1429383293990867
02 structure_references 2 16 144 1429383294100099
02 structure_references 3 16 144 1429383294172734
03 biomes -3 16 144 1429383297674861
03 biomes -2 16 144 1429383301550221
03 biomes -1 16 144 1429383305173593
03 biomes 0 16 144 1429383309142260
03 biomes 1 16 144 1429383313985063
03 biomes 2 16 144 1429383318664157
03 biomes 3 16 144 1429383323143226
04 noise -2 15 144 1429383333748224
04 noise -1 15 144 1429383345459229
04 noise 0 15 144 1429383357565538
04 noise 1 15 144 1429383368577012
04 noise 2 15 144 1429383379698556
05 surface -2 15 144 1429383383809701
05 surface -1 15 144 1429383387802394
05 surface 0 15 144 1429383391948738
05 surface 1 15 144 1429383396102066
05 surface 2 15 144 1429383400321046
06 carvers -2 15 144 1429383401455270
06 carvers -1 15 144 1429383403564760
06 carvers 0 15 144 1429383404082703
06 carvers 1 15 144 1429383404276862
06 carvers 2 15 144 1429383404569638
07 features -1 14 145 1429383410807033
07 features 0 14 146 1429383416371996
07 features 1 14 147 1429383420236740
01 structure_starts -12 24 147 1429383420496270
02 structure_references -4 16 147 1429383420728702
03 biomes -4 16 147 1429383424174956
01 structure_starts 12 24 147 1429383424385598
02 structure_references 4 16 147 1429383424476951
03 biomes 4 16 147 1429383428075180
01 structure_starts -12 25 147 1429383428202012
01 structure_starts -11 25 147 1429383428234697
01 structure_starts -10 25 147 1429383428275205
01 structure_starts -9 25 147 1429383428303421
01 structure_starts -8 25 147 1429383428335269
01 structure_starts -7 25 147 1429383428363764
01 structure_starts -6 25 147 1429383428407066
01 structure_starts -5 25 147 1429383428438914
01 structure_starts -4 25 147 1429383428481098
01 structure_starts -3 25 147 1429383428511269
01 structure_starts -2 25 147 1429383428542279
01 structure_starts -1 25 147 1429383428573568
01 structure_starts 0 25 147 1429383428602342
01 structure_starts 1 25 147 1429383428641733
01 structure_starts 2 25 147 1429383428670228
01 structure_starts 3 25 147 1429383428701517
01 structure_starts 4 25 147 1429383428730571
01 structure_starts 5 25 147 1429383428770241
01 structure_starts 6 25 147 1429383428799295
01 structure_starts 7 25 147 1429383428831422
01 structure_starts 8 25 147 1429383428861035
01 structure_starts 9 25 147 1429383428898749
01 structure_starts 10 25 147 1429383428928642
02 structure_references -4 17 147 1429383429070559
02 structure_references -3 17 147 1429383429118889
02 structure_references -2 17 147 1429383429165544
02 structure_references -1 17 147 1429383429204375
02 structure_references 0 17 147 1429383429242928
02 structure_references 1 17 147 1429383429280922
02 structure_references 2 17 147 1429383429319474
03 biomes -4 17 147 1429383433175278
03 biomes -3 17 147 1429383438258894
03 biomes -2 17 147 1429383443269874
03 biomes -1 17 147 1429383448375560
03 biomes 0 17 147 1429383452852673
03 biomes 1 17 147 1429383457544898
03 biomes 2 17 147 1429383462385186
01 structure_starts 11 25 147 1429383462652539
02 structure_references 3 17 147 1429383462751714
03 biomes 3 17 147 1429383467421869
01 structure_starts 12 25 147 1429383467716320
02 structure_references 4 17 147 1429383467842872
03 biomes 4 17 147 1429383472249027
04 noise -3 15 147 1429383483718381
04 noise 3 15 147 1429383496105731
04 noise -3 16 147 1429383507782934
04 noise -2 16 147 1429383519454270
04 noise -1 16 147 1429383530565757
04 noise 0 16 147 1429383540871554
04 noise 1 16 147 1429383550095927
04 noise 2 16 147 1429383559848859
04 noise 3 16 147 1429383571250607
05 surface -3 15 147 1429383576334223
06 carvers -3 15 147 1429383576962796
07 features -2 14 148 1429383583693830
05 surface 3 15 148 1429383589087821
06 carvers 3 15 148 1429383590099404
07 features 2 14 149 1429383594804480
05 surface -3 16 149 1429383599084919
05 surface -2 16 149 1429383602504354
05 surface -1 16 149 1429383606893188
05 surface 0 16 149 1429383610728598
05 surface 1 16 149 1429383615278626
06 carvers -3 16 149 1429383615934855
06 carvers -2 16 149 1429383617569423
06 carvers -1 16 149 1429383619159293
06 carvers 0 16 149 1429383620137073
06 carvers 1 16 149 1429383620353302
07 features -2 15 150 1429383625606213
07 features -1 15 151 1429383633555282
07 features 0 15 152 1429383641151512
05 surface 2 16 152 1429383646515610
06 carvers 2 16 152 1429383647847626
07 features 1 15 153 1429383651295556
05 surface 3 16 153 1429383656368556
06 carvers 3 16 153 1429383657227046
07 features 2 15 154 1429383661127269
01 structure_starts -13 24 154 1429383661285670
02 structure_references -5 16 154 1429383661528159
03 biomes -5 16 154 1429383666137691
01 structure_starts 13 24 154 1429383666452536
02 structure_references 5 16 154 1429383666576016
03 biomes 5 16 154 1429383670949205
01 structure_starts -12 26 154 1429383671200355
01 structure_starts -11 26 154 1429383671246171
01 structure_starts -10 26 154 1429383671298412
01 structure_starts -9 26 154 1429383671336964
01 structure_starts -8 26 154 1429383671385015
01 structure_starts -7 26 154 1429383671421892
01 structure_starts -6 26 154 1429383671471060
01 structure_starts -5 26 154 1429383671508774
01 structure_starts -4 26 154 1429383671559060
01 structure_starts -3 26 154 1429383671598451
01 structure_starts -2 26 154 1429383671639797
01 structure_starts -1 26 154 1429383671671086
01 structure_starts 0 26 154 1429383671710756
01 structure_starts 1 26 154 1429383671741207
01 structure_starts 2 26 154 1429383671773334
01 structure_starts 3 26 154 1429383671805181
01 structure_starts 4 26 154 1429383671845689
01 structure_starts 5 26 154 1429383671874743
01 structure_starts 6 26 154 1429383671913296
01 structure_starts 7 26 154 1429383671944026
01 structure_starts 8 26 154 1429383671985093
01 structure_starts 9 26 154 1429383672071975
01 structure_starts 10 26 154 1429383672132877
02 structure_references -4 18 154 1429383672236801
02 structure_references -3 18 154 1429383672281220
02 structure_references -2 18 154 1429383672324522
02 structure_references -1 18 154 1429383672365309
02 structure_references 0 18 154 1429383672406097
02 structure_references 1 18 154 1429383672458338
02 structure_references 2 18 154 1429383672519519
03 biomes -4 18 154 1429383676960035
03 biomes -3 18 154 1429383683144072
03 biomes -2 18 154 1429383687855014
03 biomes -1 18 154 1429383692458959
03 biomes 0 18 154 1429383696306941
03 biomes 1 18 154 1429383700869540
03 biomes 2 18 154 1429383705441917
01 structure_starts -13 25 154 1429383705624901
02 structure_references -5 17 154 1429383705931086
03 biomes -5 17 154 1429383710732542
01 structure_starts -13 26 154 1429383710915247
02 structure_references -5 18 154 1429383711239032
03 biomes -5 18 154 1429383714928055
01 structure_starts 11 26 154 1429383715290951
01 structure_starts 12 26 154 1429383715331738
02 structure_references 3 18 154 1429383715456056
02 structure_references 4 18 154 1429383715531205
03 biomes 3 18 154 1429383720204712
03 biomes 4 18 154 1429383725768558
04 noise -2 17 154 1429383738721623
04 noise -1 17 154 1429383748964842
04 noise 0 17 154 1429383758793762
04 noise 1 17 154 1429383768880536
04 noise 2 17 154 1429383779599515
01 structure_starts 13 25 154 1429383779983363
01 structure_starts 13 26 154 1429383780060468
02 structure_references 5 17 154 1429383780181154
02 structure_references 5 18 154 1429383780225294
03 biomes 5 17 154 1429383783972704
03 biomes 5 18 154 1429383787102716
04 noise 4 15 154 1429383797497072
04 noise 4 16 154 1429383809120077
04 noise -4 15 154 1429383821423618
05 surface 4 15 154 1429383826272008
06 carvers 4 15 154 1429383826878231
07 features 3 14 155 1429383830848016
04 noise -3 17 155 1429383844058657
04 noise -4 16 155 1429383856405219
04 noise -4 17 155 1429383868890626
04 noise 3 17 155 1429383881064820
05 surface -2 17 155 1429383885630772
05 surface -1 17 155 1429383891182884
05 surface 0 17 155 1429383896629675
05 surface 1 17 155 1429383901859957
05 surface 2 17 155 1429383905930035
06 carvers -2 17 155 1429383906799700
06 carvers -1 17 155 1429383907433860
06 carvers 0 17 155 1429383907624387
06 carvers 1 17 155 1429383907899004
06 carvers 2 17 155 1429383908355487
07 features -1 16 156 1429383918809906
07 features 0 16 157 1429383929051729
07 features 1 16 158 1429383938055123
04 noise 4 17 158 1429383950921864
05 surface 4 16 158 1429383956330662
06 carvers 4 16 158 1429383957057571
07 features 3 15 159 1429383963319830
05 surface -4 15 159 1429383968369084
06 carvers -4 15 159 1429383968919155
07 features -3 14 160 1429383977295374
05 surface -3 17 160 1429383982602203
06 carvers -3 17 160 1429383983277988
07 features -2 16 161 1429383992987060
05 surface -4 16 161 1429383999110754
06 carvers -4 16 161 1429383999669485
07 features -3 15 162 1429384009833923
05 surface -4 17 162 1429384015394695
06 carvers -4 17 162 1429384015888893
07 features -3 16 163 1429384023965352
05 surface 3 17 163 1429384029945173
06 carvers 3 17 163 1429384030687447
07 features 2 16 164 1429384034557220
05 surface 4 17 164 1429384040145928
06 carvers 4 17 164 1429384040779530
07 features 3 16 165 1429384043990558
08 initialize_light -1 14 165 1429384046326054
08 initialize_light 0 14 165 1429384046368238
08 initialize_light 1 14 165 1429384046396454
08 initialize_light -2 14 165 1429384046430816
08 initialize_light 2 14 165 1429384046455400
08 initialize_light -2 15 165 1429384046481661
08 initialize_light -1 15 165 1429384046505686
08 initialize_light 0 15 165 1429384046531947
08 initialize_light 1 15 165 1429384046557928
08 initialize_light 2 15 165 1429384046584188
08 initialize_light 3 14 165 1429384055173283
08 initialize_light -1 16 165 1429384055239493
08 initialize_light 0 16 165 1429384055269944
08 initialize_light 1 16 165 1429384055300115
09 light 0 13 165 1429384055328890
09 light -1 13 165 1429384055358782
09 light 1 13 165 1429384055384484
09 light -1 14 165 1429384055409068
09 light 0 14 165 1429384055434211
09 light 1 14 165 1429384055461589
08 initialize_light 3 15 165 1429384055488966
08 initialize_light -3 14 165 1429384055518020
08 initialize_light -2 16 165 1429384055547633
08 initialize_light -3 15 165 1429384055575290
08 initialize_light -3 16 165 1429384055604344
08 initialize_light 2 16 165 1429384055632002
08 initialize_light 3 16 165 1429384055661614
10 spawn 0 13 165 1429384055817780
10 spawn -1 13 165 1429384055896840
10 spawn 1 13 165 1429384055953272
10 spawn -1 14 165 1429384056048536
10 spawn 0 14 165 1429384056106085
10 spawn 1 14 165 1429384056168663
11 full 0 13 165 1429384056178161
11 full -1 13 165 1429384057373567
11 full 1 13 165 1429384057576945
11 full -1 14 165 1429384057723053
11 full 0 14 165 1429384057986774
11 full 1 14 165 1429384058546902
09 light 2 13 165 1429384066956645
09 light -2 15 165 1429384067087109
09 light -1 15 165 1429384067116163
09 light 0 15 165 1429384067148848
09 light 2 14 165 1429384067173153
09 light -2 13 165 1429384067196620
09 light -2 14 165 1429384067232937
09 light 1 15 165 1429384067256963
09 light 2 15 165 1429384067281547
10 spawn 0 15 165 1429384067569573
10 spawn -1 15 165 1429384068145904
10 spawn 1 15 165 1429384068212673
10 spawn 2 13 165 1429384068656585
10 spawn -2 15 165 1429384068711620
10 spawn 2 14 165 1429384068775874
10 spawn -2 13 165 1429384068835937
10 spawn -2 14 165 1429384068894883
10 spawn 2 15 165 1429384068952991
11 full 0 15 165 1429384070461566
11 full -1 15 165 1429384072402877
11 full 1 15 165 1429384072675538
11 full 2 13 165 1429384075325041
11 full -2 15 165 1429384075731798
11 full 2 14 165 1429384075812534
11 full -2 13 165 1429384076796460
11 full -2 14 165 1429384076969387
11 full 2 15 165 1429384077166340
01 structure_starts 14 15 165 1429384083116269
02 structure_references 6 7 165 1429384083319926
03 biomes 6 7 165 1429384087993992
04 noise 5 6 165 1429384100226015
05 surface 5 6 165 1429384107458790
06 carvers 5 6 165 1429384108962336
07 features 4 5 166 1429384114778169
01 structure_starts -12 27 166 1429384114970651
01 structure_starts -11 27 166 1429384115050829
01 structure_starts -10 27 166 1429384115104468
01 structure_starts -9 27 166 1429384115145255
01 structure_starts -8 27 166 1429384115177382
01 structure_starts -7 27 166 1429384115207833
01 structure_starts -6 27 166 1429384115260633
01 structure_starts -5 27 166 1429384115302258
01 structure_starts -4 27 166 1429384115354500
01 structure_starts -3 27 166 1429384115393611
01 structure_starts -2 27 166 1429384115445852
01 structure_starts -1 27 166 1429384115487198
01 structure_starts 0 27 166 1429384115531059
01 structure_starts 1 27 166 1429384115562627
01 structure_starts 2 27 166 1429384115603415
01 structure_starts 3 27 166 1429384115636659
01 structure_starts 4 27 166 1429384115678285
01 structure_starts 5 27 166 1429384115708735
01 structure_starts 6 27 166 1429384115759580
01 structure_starts 7 27 166 1429384115793942
01 structure_starts 8 27 166 1429384115837802
01 structure_starts 9 27 166 1429384115869929
01 structure_starts 10 27 166 1429384115912393
02 structure_references -4 19 166 1429384116055149
02 structure_references -3 19 166 1429384116110184
02 structure_references -2 19 166 1429384116160190
02 structure_references -1 19 166 1429384116203771
02 structure_references 0 19 166 1429384116245397
02 structure_references 1 19 166 1429384116288140
02 structure_references 2 19 166 1429384116335352
03 biomes -4 19 166 1429384120530865
03 biomes -3 19 166 1429384124307050
03 biomes -2 19 166 1429384129502412
03 biomes -1 19 166 1429384134119487
03 biomes 0 19 166 1429384138584308
03 biomes 1 19 166 1429384141791704
03 biomes 2 19 166 1429384145870442
01 structure_starts 11 27 166 1429384146277478
01 structure_starts 12 27 166 1429384146317706
02 structure_references 3 19 166 1429384146439789
02 structure_references 4 19 166 1429384146584780
03 biomes 3 19 166 1429384151668396
03 biomes 4 19 166 1429384157429752
01 structure_starts 13 27 166 1429384157837906
02 structure_references 5 19 166 1429384158161132
03 biomes 5 19 166 1429384162570359
04 noise -2 18 166 1429384174886471
04 noise -1 18 166 1429384185303176
04 noise 0 18 166 1429384194613593
04 noise 1 18 166 1429384204678018
04 noise 2 18 166 1429384214995269
01 structure_starts 14 16 166 1429384215453428
01 structure_starts 14 17 166 1429384215494775
01 structure_starts 14 18 166 1429384215525225
01 structure_starts 14 19 166 1429384215565733
01 structure_starts 14 20 166 1429384215597022
01 structure_starts 14 21 166 1429384215639486
01 structure_starts 14 22 166 1429384215666584
02 structure_references 6 8 166 1429384215767435
02 structure_references 6 9 166 1429384215810737
02 structure_references 6 10 166 1429384215851804
02 structure_references 6 11 166 1429384215893988
02 structure_references 6 12 166 1429384215933099
02 structure_references 6 13 166 1429384215973328
02 structure_references 6 14 166 1429384216076134
03 biomes 6 8 166 1429384219921043
03 biomes 6 9 166 1429384223974917
03 biomes 6 10 166 1429384228957682
03 biomes 6 11 166 1429384232988369
03 biomes 6 12 166 1429384237569127
03 biomes 6 13 166 1429384243072629
03 biomes 6 14 166 1429384246670020
04 noise 5 7 166 1429384259987378
04 noise 5 8 166 1429384272381712
04 noise 5 9 166 1429384282280473
04 noise 5 10 166 1429384292095983
04 noise 5 11 166 1429384303444093
04 noise 5 12 166 1429384316210822
01 structure_starts 14 23 166 1429384316572600
01 structure_starts 14 24 166 1429384316608638
01 structure_starts 14 25 166 1429384316651661
01 structure_starts 14 26 166 1429384316682391
02 structure_references 6 15 166 1429384316811737
02 structure_references 6 16 166 1429384316858950
02 structure_references 6 17 166 1429384316920969
02 structure_references 6 18 166 1429384316973490
03 biomes 6 15 166 1429384320984342
03 biomes 6 16 166 1429384324296500
03 biomes 6 17 166 1429384328217396
03 biomes 6 18 166 1429384331532628
01 structure_starts 15 -6 166 1429384331810597
01 structure_starts 15 -5 166 1429384331843283
01 structure_starts 15 -4 166 1429384331874292
01 structure_starts 15 -3 166 1429384331899156
01 structure_starts 15 -2 166 1429384331938267
01 structure_starts 15 -1 166 1429384331969835
01 structure_starts 15 0 166 1429384332065099
01 structure_starts 15 1 166 1429384332097785
01 structure_starts 15 2 166 1429384332131867
01 structure_starts 15 3 166 1429384332163436
01 structure_starts 15 4 166 1429384332195283
01 structure_starts 15 5 166 1429384332222382
01 structure_starts 15 6 166 1429384332253112
01 structure_starts 15 7 166 1429384332282725
01 structure_starts 15 8 166 1429384332315410
01 structure_starts 15 9 166 1429384332345303
01 structure_starts 15 10 166 1429384332372960
01 structure_starts 15 11 166 1429384332397544
01 structure_starts 15 12 166 1429384332423246
01 structure_starts 15 13 166 1429384332483030
01 structure_starts 15 14 166 1429384332508731
01 structure_starts 15 15 166 1429384332533595
01 structure_starts 15 16 166 1429384332559576
02 structure_references 7 2 166 1429384332667411
02 structure_references 7 3 166 1429384332709875
02 structure_references 7 4 166 1429384332749824
02 structure_references 7 5 166 1429384332790332
02 structure_references 7 6 166 1429384332830281
02 structure_references 7 7 166 1429384332871627
02 structure_references 7 8 166 1429384332910459
03 biomes 7 2 166 1429384337108486
03 biomes 7 3 166 1429384341765511
03 biomes 7 4 166 1429384346323640
03 biomes 7 5 166 1429384350955242
03 biomes 7 6 166 1429384355488787
03 biomes 7 7 166 1429384360465685
03 biomes 7 8 166 1429384365205960
05 surface 5 7 166 1429384369944001
05 surface 5 8 166 1429384375532151
06 carvers 5 7 166 1429384376499315
06 carvers 5 8 166 1429384377386300
07 features 4 6 167 1429384387562751
07 features 4 7 168 1429384392927129
05 surface 5 9 168 1429384399252525
05 surface 5 10 168 1429384405163901
05 surface 5 11 168 1429384409970107
06 carvers 5 9 168 1429384411232560
06 carvers 5 10 168 1429384411514161
06 carvers 5 11 168 1429384411709716
07 features 4 8 169 1429384415391476
07 features 4 9 170 1429384422483451
07 features 4 10 171 1429384429588556
04 noise 5 13 171 1429384440852018
04 noise 5 14 171 1429384455201073
04 noise 5 15 171 1429384466079011
04 noise 5 16 171 1429384476489570
01 structure_starts 14 27 171 1429384482329987
02 structure_references 6 19 171 1429384482506546
03 biomes 6 19 171 1429384486812688
01 structure_starts 15 -8 171 1429384487161336
01 structure_starts 15 -7 171 1429384487196536
02 structure_references 7 0 171 1429384487317222
02 structure_references 7 1 171 1429384487372536
03 biomes 7 0 171 1429384491344556
03 biomes 7 1 171 1429384495266011
01 structure_starts 15 -12 171 1429384495476373
01 structure_starts 15 -11 171 1429384495504589
01 structure_starts 15 -10 171 1429384495529453
01 structure_starts 15 -9 171 1429384495553478
02 structure_references 7 -4 171 1429384495637009
02 structure_references 7 -3 171 1429384495676679
02 structure_references 7 -2 171 1429384495763841
02 structure_references 7 -1 171 1429384495804349
03 biomes 7 -4 171 1429384499647581
03 biomes 7 -3 171 1429384504201520
03 biomes 7 -2 171 1429384507525412
03 biomes 7 -1 171 1429384511101291
04 noise 6 -1 171 1429384524953914
04 noise 6 0 171 1429384537702483
04 noise 6 1 171 1429384550661415
04 noise 6 2 171 1429384565960034
04 noise 6 3 171 1429384579368186
04 noise 6 -2 171 1429384590406480
04 noise 6 4 171 1429384603151418
04 noise 6 5 171 1429384615532901
04 noise 6 6 171 1429384625299522
04 noise -3 18 171 1429384636285016
04 noise 3 18 171 1429384648618727
04 noise 4 18 171 1429384661053849
05 surface -2 18 171 1429384664785894
05 surface -1 18 171 1429384668476313
05 surface 0 18 171 1429384672382682
05 surface 1 18 171 1429384677477752
05 surface 2 18 171 1429384681904300
06 carvers -2 18 171 1429384682683730
06 carvers -1 18 171 1429384682875096
06 carvers 0 18 171 1429384683095515
06 carvers 1 18 171 1429384683338284
06 carvers 2 18 171 1429384683667376
07 features -1 17 172 1429384692170986
07 features 0 17 173 1429384698965157
07 features 1 17 174 1429384704925702
05 surface 5 12 174 1429384709770180
05 surface 5 13 174 1429384714091128
06 carvers 5 12 174 1429384714649301
06 carvers 5 13 174 1429384714849047
07 features 4 11 175 1429384719456065
07 features 4 12 176 1429384723401266
04 noise 5 17 176 1429384734544322
04 noise 6 7 176 1429384747468333
05 surface 5 14 176 1429384751892087
06 carvers 5 14 176 1429384752539098
07 features 4 13 177 1429384756504134
05 surface 5 15 177 1429384760389550
06 carvers 5 15 177 1429384760894085
07 features 4 14 178 1429384763882179
05 surface 5 16 178 1429384768852372
06 carvers 5 16 178 1429384769762546
07 features 4 15 179 1429384772763770
04 noise 5 18 179 1429384785309520
05 surface 6 1 179 1429384790409619
05 surface 6 2 179 1429384794400915
05 surface 6 3 179 1429384799461623
05 surface 6 4 179 1429384803943206
05 surface 6 5 179 1429384809876931
06 carvers 6 1 179 1429384810892984
06 carvers 6 2 179 1429384811175702
06 carvers 6 3 179 1429384811657887
06 carvers 6 4 179 1429384811991449
06 carvers 6 5 179 1429384812311323
07 features 5 2 180 1429384815735507
07 features 5 3 181 1429384822188014
07 features 5 4 182 1429384826555057
04 noise 6 -3 182 1429384838676172
05 surface 6 -1 182 1429384844417694
05 surface 6 0 182 1429384850805667
06 carvers 6 -1 182 1429384851579510
06 carvers 6 0 182 1429384851973974
07 features 5 0 183 1429384855913867
07 features 5 1 184 1429384859103664
05 surface 6 -2 184 1429384866209328
06 carvers 6 -2 184 1429384867512848
07 features 5 -1 185 1429384872289720
05 surface 6 6 185 1429384878914316
06 carvers 6 6 185 1429384879824210
07 features 5 5 186 1429384884169463
05 surface -3 18 186 1429384889199999
06 carvers -3 18 186 1429384889724927
07 features -2 17 187 1429384897915088
05 surface 3 18 187 1429384905317159
06 carvers 3 18 187 1429384906224259
07 features 2 17 188 1429384909185534
05 surface 4 18 188 1429384913912400
06 carvers 4 18 188 1429384914711945
07 features 3 17 189 1429384917994211
05 surface 5 17 189 1429384922110942
06 carvers 5 17 189 1429384922787566
07 features 4 16 190 1429384925536244
05 surface 6 7 190 1429384930135161
06 carvers 6 7 190 1429384930561752
07 features 5 6 191 1429384935214586
05 surface 5 18 191 1429384939051952
06 carvers 5 18 191 1429384939625210
07 features 4 17 192 1429384943696125
05 surface 6 -3 192 1429384949970397
06 carvers 6 -3 192 1429384951883772
07 features 5 -2 193 1429384956234891
01 structure_starts -8 28 193 1429384956552530
01 structure_starts -7 28 193 1429384956598067
01 structure_starts -6 28 193 1429384956643883
01 structure_starts -5 28 193 1429384956686067
01 structure_starts -4 28 193 1429384956737750
01 structure_starts -3 28 193 1429384956779654
01 structure_starts -2 28 193 1429384956833293
01 structure_starts -1 28 193 1429384956874359
01 structure_starts 0 28 193 1429384956924645
01 structure_starts 1 28 193 1429384956965153
01 structure_starts 2 28 193 1429384957062372
01 structure_starts 3 28 193 1429384957105395
01 structure_starts 4 28 193 1429384957162665
01 structure_starts 5 28 193 1429384957202614
01 structure_starts 6 28 193 1429384957253458
01 structure_starts 7 28 193 1429384957294246
01 structure_starts 8 28 193 1429384957345649
01 structure_starts 9 28 193 1429384957400684
01 structure_starts 10 28 193 1429384957452646
01 structure_starts 11 28 193 1429384957491757
01 structure_starts 12 28 193 1429384957543161
01 structure_starts 13 28 193 1429384957582551
01 structure_starts 14 28 193 1429384957633675
02 structure_references 0 20 193 1429384957762742
02 structure_references 1 20 193 1429384957816101
02 structure_references 2 20 193 1429384957877561
02 structure_references 3 20 193 1429384957936228
02 structure_references 4 20 193 1429384957983441
02 structure_references 5 20 193 1429384958092952
02 structure_references 6 20 193 1429384958156647
03 biomes 0 20 193 1429384963151704
03 biomes 1 20 193 1429384966586225
03 biomes 2 20 193 1429384970729496
03 biomes 3 20 193 1429384974786164
03 biomes 4 20 193 1429384978379085
03 biomes 5 20 193 1429384982561467
03 biomes 6 20 193 1429384987150047
01 structure_starts -13 27 193 1429384987297832
02 structure_references -5 19 193 1429384987557921
03 biomes -5 19 193 1429384990792136
01 structure_starts -12 28 193 1429384990875667
01 structure_starts -11 28 193 1429384990911705
01 structure_starts -10 28 193 1429384990950537
01 structure_starts -9 28 193 1429384990982384
02 structure_references -4 20 193 1429384991189674
02 structure_references -3 20 193 1429384991244150
02 structure_references -2 20 193 1429384991287452
02 structure_references -1 20 193 1429384991336341
03 biomes -4 20 193 1429384994712195
03 biomes -3 20 193 1429384998178563
03 biomes -2 20 193 1429385001935751
03 biomes -1 20 193 1429385005424468
04 noise -1 19 193 1429385019188532
04 noise 0 19 193 1429385031734841
04 noise 1 19 193 1429385043282977
04 noise 2 19 193 1429385055958911
04 noise 3 19 193 1429385067057827
01 structure_starts 15 17 193 1429385067511796
01 structure_starts 15 18 193 1429385067566273
01 structure_starts 15 19 193 1429385067600914
01 structure_starts 15 20 193 1429385067650082
01 structure_starts 15 21 193 1429385070185604
01 structure_starts 15 22 193 1429385070238404
01 structure_starts 15 23 193 1429385070263827
02 structure_references 7 9 193 1429385070416919
02 structure_references 7 10 193 1429385070481732
02 structure_references 7 11 193 1429385070528945
02 structure_references 7 12 193 1429385070574481
02 structure_references 7 13 193 1429385070618062
02 structure_references 7 14 193 1429385070662761
02 structure_references 7 15 193 1429385070708856
03 biomes 7 9 193 1429385074787315
03 biomes 7 10 193 1429385078985341
03 biomes 7 11 193 1429385082358122
03 biomes 7 12 193 1429385087113204
03 biomes 7 13 193 1429385090612538
03 biomes 7 14 193 1429385093807921
03 biomes 7 15 193 1429385097427103
04 noise 4 19 193 1429385109676725
04 noise 6 8 193 1429385122193701
04 noise 6 9 193 1429385132307015
04 noise 6 10 193 1429385143207860
04 noise 6 11 193 1429385155647172
04 noise 6 12 193 1429385165749871
04 noise 6 13 193 1429385177788852
01 structure_starts 15 24 193 1429385178307913
01 structure_starts 15 25 193 1429385178356522
01 structure_starts 15 26 193 1429385178385297
01 structure_starts 15 27 193 1429385178414910
02 structure_references 7 16 193 1429385178550123
02 structure_references 7 17 193 1429385178605717
02 structure_references 7 18 193 1429385178663825
02 structure_references 7 19 193 1429385178720256
03 biomes 7 16 193 1429385182198917
03 biomes 7 17 193 1429385185582593
03 biomes 7 18 193 1429385189600708
03 biomes 7 19 193 1429385193286379
01 structure_starts -13 28 193 1429385193432208
02 structure_references -5 20 193 1429385193747611
03 biomes -5 20 193 1429385198362731
04 noise -2 19 193 1429385213082504
05 surface 6 8 193 1429385217869434
05 surface 6 9 193 1429385224216061
06 carvers 6 8 193 1429385225239657
06 carvers 6 9 193 1429385225522934
07 features 5 7 194 1429385229280960
07 features 5 8 195 1429385232106743
05 surface 6 10 195 1429385237388708
05 surface 6 11 195 1429385241329719
05 surface 6 12 195 1429385246086197
06 carvers 6 10 195 1429385246760865
06 carvers 6 11 195 1429385247198352
06 carvers 6 12 195 1429385247447266
07 features 5 9 196 1429385252414666
07 features 5 10 197 1429385256917481
07 features 5 11 198 1429385261075558
04 noise 6 14 198 1429385275381312
04 noise 6 15 198 1429385289731764
04 noise 6 16 198 1429385302512181
04 noise 6 17 198 1429385315609679
01 structure_starts 15 28 198 1429385317499308
02 structure_references 7 20 198 1429385317676984
03 biomes 7 20 198 1429385322628181
01 structure_starts 16 -12 198 1429385322964816
01 structure_starts 16 -11 198 1429385322997222
01 structure_starts 16 -10 198 1429385323074886
01 structure_starts 16 -9 198 1429385323102543
01 structure_starts 16 -8 198 1429385323139420
01 structure_starts 16 -7 198 1429385323175737
01 structure_starts 16 -6 198 1429385323205350
01 structure_starts 16 -5 198 1429385323234963
01 structure_starts 16 -4 198 1429385323263737
01 structure_starts 16 -3 198 1429385323291115
01 structure_starts 16 -2 198 1429385323320169
01 structure_starts 16 -1 198 1429385323349782
01 structure_starts 16 0 198 1429385323378836
01 structure_starts 16 1 198 1429385323406493
01 structure_starts 16 2 198 1429385323445325
01 structure_starts 16 3 198 1429385323474379
01 structure_starts 16 4 198 1429385342197741
01 structure_starts 16 5 198 1429385342314515
01 structure_starts 16 6 198 1429385342347201
01 structure_starts 16 7 198 1429385342389106
01 structure_starts 16 8 198 1429385342420674
01 structure_starts 16 9 198 1429385342453360
01 structure_starts 16 10 198 1429385342482135
02 structure_references 8 -4 198 1429385342694453
02 structure_references 8 -3 198 1429385342758986
02 structure_references 8 -2 198 1429385342823799
02 structure_references 8 -1 198 1429385342885539
02 structure_references 8 0 198 1429385342946720
02 structure_references 8 1 198 1429385343059863
02 structure_references 8 2 198 1429385343153730
03 biomes 8 -4 198 1429385348893855
03 biomes 8 -3 198 1429385352623944
03 biomes 8 -2 198 1429385356796549
03 biomes 8 -1 198 1429385361699136
03 biomes 8 0 198 1429385364974977
03 biomes 8 1 198 1429385369620547
03 biomes 8 2 198 1429385375739212
01 structure_starts 15 -13 198 1429385376206032
02 structure_references 7 -5 198 1429385376349347
03 biomes 7 -5 198 1429385382248151
01 structure_starts 16 11 198 1429385382627809
01 structure_starts 16 12 198 1429385382665244
01 structure_starts 16 13 198 1429385382717206
01 structure_starts 16 14 198 1429385561928002
01 structure_starts 16 15 198 1429385562079418
02 structure_references 8 3 198 1429385562298720
02 structure_references 8 4 198 1429385562372472
02 structure_references 8 5 198 1429385562431419
02 structure_references 8 6 198 1429385562652397
02 structure_references 8 7 198 1429385562711902
03 biomes 8 3 198 1429385567790489
03 biomes 8 4 198 1429385571456045
03 biomes 8 5 198 1429385575431417
03 biomes 8 6 198 1429385580220302
03 biomes 8 7 198 1429385583514302
01 structure_starts 16 16 198 1429385583863509
01 structure_starts 16 17 198 1429385583892842
02 structure_references 8 8 198 1429385584056830
02 structure_references 8 9 198 1429385584100132
03 biomes 8 8 198 1429385587261153
03 biomes 8 9 198 1429385590551242
04 noise 7 -2 198 1429385603301767
04 noise 7 -1 198 1429385617365311
04 noise 7 0 198 1429385631797058
04 noise 7 1 198 1429385644164015
04 noise 7 2 198 1429385657579709
04 noise 7 3 198 1429385670970820
04 noise 7 4 198 1429385684953906
01 structure_starts 16 -13 198 1429385685329653
02 structure_references 8 -5 198 1429385685450897
03 biomes 8 -5 198 1429385690086969
05 surface 7 -1 198 1429385694890661
05 surface 7 0 198 1429385699843254
05 surface 7 1 198 1429385705229982
05 surface 7 2 198 1429385711259529
05 surface 7 3 198 1429385717543300
06 carvers 7 -1 198 1429385720560448
06 carvers 7 0 198 1429385721062189
06 carvers 7 1 198 1429385721311103
06 carvers 7 2 198 1429385721715066
06 carvers 7 3 198 1429385723052948
07 features 6 0 199 1429385726266490
07 features 6 1 200 1429385730398028
07 features 6 2 201 1429385734646341
04 noise 7 5 201 1429385750277684
04 noise 7 6 201 1429385764217469
04 noise 7 7 201 1429385776663485
04 noise 5 19 201 1429385786248240
04 noise -4 18 201 1429385800839505
04 noise -3 19 201 1429385815676332
05 surface -1 19 201 1429385820880355
05 surface 0 19 201 1429385826147514
05 surface 1 19 201 1429385831571676
05 surface 2 19 201 1429385836540752
05 surface 3 19 201 1429385842901348
06 carvers -1 19 201 1429385843727711
06 carvers 0 19 201 1429385843946734
06 carvers 1 19 201 1429385844231407
06 carvers 2 19 201 1429385844679789
06 carvers 3 19 201 1429385845323727
07 features 0 18 202 1429385855823404
07 features 1 18 203 1429385863112890
07 features 2 18 204 1429385866802192
05 surface 6 13 204 1429385870472777
05 surface 6 14 204 1429385873869024
06 carvers 6 13 204 1429385874399260
06 carvers 6 14 204 1429385874617165
07 features 5 12 205 1429385878156448
07 features 5 13 206 1429385880772986
05 surface 4 19 206 1429385885518290
06 carvers 4 19 206 1429385886567867
07 features 3 18 207 1429385890967037
04 noise 6 18 207 1429385900514636
04 noise -4 19 207 1429385910665664
05 surface -2 19 207 1429385914390445
06 carvers -2 19 207 1429385914820110
07 features -1 18 208 1429385920964197
05 surface 6 15 208 1429385925341856
06 carvers 6 15 208 1429385925963724
07 features 5 14 209 1429385929555248
05 surface 6 16 209 1429385933456589
06 carvers 6 16 209 1429385934205009
07 features 5 15 210 1429385937914984
05 surface 6 17 210 1429385941903487
06 carvers 6 17 210 1429385942889647
07 features 5 16 211 1429385945756218
04 noise 6 19 211 1429385956885026
04 noise 7 -3 211 1429385967229654
04 noise 6 -4 211 1429385975891664
05 surface 7 4 211 1429385979686287
05 surface 7 5 211 1429385984708442
05 surface 7 6 211 1429385990866778
06 carvers 7 4 211 1429385991597039
06 carvers 7 5 211 1429385991825281
06 carvers 7 6 211 1429385992339314
07 features 6 3 212 1429385997427120
07 features 6 4 213 1429386003658649
07 features 6 5 214 1429386045417380
04 noise 7 8 214 1429386059812531
05 surface 7 -2 214 1429386064165885
06 carvers 7 -2 214 1429386067446754
07 features 6 -1 215 1429386072223906
04 noise 7 -4 215 1429386083799978
05 surface 7 7 215 1429386090957884
06 carvers 7 7 215 1429386092415334
07 features 6 6 216 1429386100527552
05 surface 5 19 216 1429386104927560
06 carvers 5 19 216 1429386106121010
07 features 4 18 217 1429386110762390
05 surface -4 18 217 1429386116467594
06 carvers -4 18 217 1429386116978275
07 features -3 17 218 1429386124366377
05 surface -3 19 218 1429386129366742
06 carvers -3 19 218 1429386129782997
07 features -2 18 219 1429386135630398
05 surface 6 18 219 1429386140564553
06 carvers 6 18 219 1429386141733419
07 features 5 17 220 1429386145374670
05 surface -4 19 220 1429386156059008
06 carvers -4 19 220 1429386156450957
07 features -3 18 221 1429386161886853
05 surface 6 19 221 1429386166241604
06 carvers 6 19 221 1429386167347613
07 features 5 18 222 1429386171518820
05 surface 7 -3 222 1429386177340520
06 carvers 7 -3 222 1429386179776867
07 features 6 -2 223 1429386197186373
05 surface 6 -4 223 1429386203681623
06 carvers 6 -4 223 1429386204860266
07 features 5 -3 224 1429386208452349
05 surface 7 8 224 1429386213932385
06 carvers 7 8 224 1429386215742115
07 features 6 7 225 1429386219367163
05 surface 7 -4 225 1429386224167502
06 carvers 7 -4 225 1429386225152266
07 features 6 -3 226 1429386228077224
08 initialize_light 4 5 226 1429386229622953
09 light 3 4 226 1429386235318100
08 initialize_light 4 6 226 1429386235383472
08 initialize_light 4 7 226 1429386235412247
08 initialize_light 4 8 226 1429386235437110
08 initialize_light 4 9 226 1429386235461136
08 initialize_light 4 10 226 1429386235485440
08 initialize_light -1 17 226 1429386235508348
08 initialize_light 0 17 226 1429386235532374
08 initialize_light 1 17 226 1429386235556120
08 initialize_light 4 11 226 1429386235580983
08 initialize_light 4 12 226 1429386235604450
08 initialize_light 4 13 226 1429386235628476
08 initialize_light 4 14 226 1429386235651384
08 initialize_light 4 15 226 1429386235675130
08 initialize_light 5 2 226 1429386235698038
08 initialize_light 5 3 226 1429386235721784
08 initialize_light 5 4 226 1429386235744971
08 initialize_light 5 0 226 1429386235768438
08 initialize_light 5 1 226 1429386235802800
08 initialize_light 5 -1 226 1429386235826825
08 initialize_light 5 5 226 1429386235850292
08 initialize_light -2 17 226 1429386235873759
08 initialize_light 2 17 226 1429386235895270
08 initialize_light 3 17 226 1429386235919295
08 initialize_light 4 16 226 1429386235942483
08 initialize_light 5 6 226 1429386235965111
08 initialize_light 4 17 226 1429386235988857
08 initialize_light 5 -2 226 1429386236052832
08 initialize_light 5 7 226 1429386236079092
08 initialize_light 5 8 226 1429386236103956
08 initialize_light 5 9 226 1429386236135524
08 initialize_light 5 10 226 1429386236162623
08 initialize_light 5 11 226 1429386236186089
08 initialize_light 6 0 226 1429386236209556
08 initialize_light 6 1 226 1429386236233302
08 initialize_light 6 2 226 1429386236256489
08 initialize_light 0 18 226 1429386236279397
08 initialize_light 1 18 226 1429386236302585
08 initialize_light 2 18 226 1429386236326610
08 initialize_light 5 12 226 1429386236350356
08 initialize_light 5 13 226 1429386236373823
08 initialize_light 3 18 226 1429386236396731
08 initialize_light -1 18 226 1429386236424668
08 initialize_light 5 14 226 1429386236452045
08 initialize_light 5 15 226 1429386236476909
08 initialize_light 5 16 226 1429386236500376
08 initialize_light 6 3 226 1429386236528312
08 initialize_light 6 4 226 1429386236556807
08 initialize_light 6 5 226 1429386236580554
08 initialize_light 6 -1 226 1429386236606535
08 initialize_light 6 6 226 1429386236635868
08 initialize_light 4 18 226 1429386236659893
08 initialize_light -3 17 226 1429386236683919
08 initialize_light -2 18 226 1429386236708782
08 initialize_light 5 17 226 1429386236736160
08 initialize_light -3 18 226 1429386236761862
08 initialize_light 5 18 226 1429386236785329
08 initialize_light 6 -2 226 1429386236808237
08 initialize_light 5 -3 226 1429386236832541
08 initialize_light 6 7 226 1429386236860757
08 initialize_light 6 -3 226 1429386236885900
10 spawn 3 4 226 1429386237110789
11 full 3 4 226 1429386237508606
09 light 3 5 226 1429386278420301
09 light 3 6 226 1429386278508022
09 light 3 7 226 1429386278535120
09 light 3 8 226 1429386278563615
09 light 3 9 226 1429386278589317
09 light -1 16 226 1429386278614739
09 light 0 16 226 1429386278640720
09 light 3 10 226 1429386278666422
09 light 3 11 226 1429386278691006
09 light 3 12 226 1429386278715311
09 light 3 13 226 1429386278741013
09 light 3 14 226 1429386278766435
09 light 4 1 226 1429386278791298
09 light 4 2 226 1429386278817279
09 light 4 3 226 1429386278842981
09 light 4 -1 226 1429386278868124
09 light 4 0 226 1429386278892429
09 light 4 4 226 1429386278921483
09 light 1 16 226 1429386278948581
09 light 2 16 226 1429386278974842
09 light 3 15 226 1429386279055020
09 light 4 5 226 1429386279087147
09 light 3 16 226 1429386279116201
09 light -2 16 226 1429386279151680
09 light 4 -2 226 1429386279177940
09 light 4 6 226 1429386279204480
09 light 4 7 226 1429386279231020
09 light 4 8 226 1429386279257560
09 light 4 9 226 1429386279285496
09 light 4 10 226 1429386279313712
09 light 5 -1 226 1429386279341369
09 light 5 0 226 1429386279369027
09 light 5 1 226 1429386279395287
09 light -1 17 226 1429386279422665
09 light 0 17 226 1429386279450601
09 light 1 17 226 1429386279477141
09 light 4 11 226 1429386279504798
09 light 4 12 226 1429386279532735
09 light 2 17 226 1429386279560113
09 light -2 17 226 1429386279585814
09 light 4 13 226 1429386279611236
09 light 4 14 226 1429386279636938
09 light 4 15 226 1429386279663478
09 light 5 2 226 1429386279691414
09 light 5 3 226 1429386279717675
09 light 5 4 226 1429386279743097
09 light 5 -2 226 1429386279768799
09 light 5 5 226 1429386279795059
09 light 3 17 226 1429386279821319
09 light 4 16 226 1429386279848697
09 light 4 17 226 1429386279876075
09 light 5 6 226 1429386279902615
10 spawn 3 5 226 1429386280152926
10 spawn 3 6 226 1429386280266069
10 spawn 3 7 226 1429386280336749
10 spawn 3 8 226 1429386280406311
11 full 3 5 226 1429386280425867
10 spawn 3 9 226 1429386280474197
10 spawn -1 16 226 1429386280538451
10 spawn 0 16 226 1429386280655226
10 spawn 3 10 226 1429386280735683
10 spawn 3 11 226 1429386280799099
10 spawn 3 12 226 1429386280858045
10 spawn 3 13 226 1429386280935709
11 full 3 6 226 1429386280991582
10 spawn 3 14 226 1429386281051925
10 spawn 4 1 226 1429386281144395
10 spawn 4 2 226 1429386281234630
10 spawn 4 3 226 1429386281303913
10 spawn 4 -1 226 1429386281379900
10 spawn 4 0 226 1429386281450021
11 full 3 7 226 1429386281461754
10 spawn 4 4 226 1429386281813196
11 full 3 8 226 1429386281886949
10 spawn 1 16 226 1429386282087813
10 spawn 2 16 226 1429386282174695
10 spawn 3 15 226 1429386282251521
10 spawn 4 5 226 1429386282319965
11 full 3 9 226 1429386282366899
10 spawn 3 16 226 1429386282386734
10 spawn 4 6 226 1429386282451826
10 spawn -2 16 226 1429386282546810
10 spawn 4 -2 226 1429386282612461
10 spawn 4 11 226 1429386282682582
10 spawn 4 7 226 1429386282801871
10 spawn 4 8 226 1429386282871712
10 spawn 4 9 226 1429386282939319
10 spawn 4 10 226 1429386283050227
10 spawn 5 -1 226 1429386283149961
10 spawn 5 0 226 1429386283203878
10 spawn 5 1 226 1429386283266735
10 spawn -1 17 226 1429386283335459
10 spawn 0 17 226 1429386283394685
10 spawn 1 17 226 1429386283447205
10 spawn 4 12 226 1429386283513695
10 spawn 2 17 226 1429386283575714
10 spawn -2 17 226 1429386283632146
10 spawn 4 13 226 1429386283683269
10 spawn 4 14 226 1429386283732717
10 spawn 4 15 226 1429386283782165
10 spawn 5 2 226 1429386283832451
10 spawn 5 3 226 1429386283885530
10 spawn 5 4 226 1429386283941124
10 spawn 5 -2 226 1429386283993924
10 spawn 5 5 226 1429386284100362
10 spawn 3 17 226 1429386284156235
10 spawn 4 16 226 1429386284204845
10 spawn 4 17 226 1429386284253455
10 spawn 5 6 226 1429386284303740
11 full -1 16 226 1429386285870702
11 full 0 16 226 1429386286164315
11 full 3 10 226 1429386286310424
11 full 3 11 226 1429386286760202
11 full 3 12 226 1429386287104381
11 full 3 13 226 1429386287389333
11 full 3 14 226 1429386289973465
11 full 4 1 226 1429386290459003
11 full 4 2 226 1429386290583041
11 full 4 3 226 1429386290670482
11 full 4 -1 226 1429386290772451
11 full 4 0 226 1429386290905708
11 full 4 4 226 1429386292512619
11 full 1 16 226 1429386292823274
11 full 2 16 226 1429386292933902
11 full 3 15 226 1429386293067998
11 full 4 5 226 1429386294796154
11 full 3 16 226 1429386295197323
11 full 4 6 226 1429386295589272
11 full -2 16 226 1429386296164207
11 full 4 -2 226 1429386296437147
11 full 4 11 226 1429386296593592
11 full 4 7 226 1429386296758976
11 full 4 8 226 1429386297176907
11 full 4 9 226 1429386297639537
11 full 4 10 226 1429386297931474
11 full 5 -1 226 1429386298307779
11 full 5 0 226 1429386298420922
11 full 5 1 226 1429386299395349
11 full -1 17 226 1429386299551794
11 full 0 17 226 1429386299689521
11 full 1 17 226 1429386299856582
11 full 4 12 226 1429386299928379
11 full 2 17 226 1429386300195452
11 full -2 17 226 1429386300356088
11 full 4 13 226 1429386300449116
11 full 4 14 226 1429386300694120
11 full 4 15 226 1429386300961194
11 full 5 2 226 1429386302217221
11 full 5 3 226 1429386302577323
11 full 5 4 226 1429386302869261
11 full 5 -2 226 1429386303222658
11 full 5 5 226 1429386303314569
11 full 3 17 226 1429386303572982
11 full 4 16 226 1429386303655116
11 full 4 17 226 1429386303746748
11 full 5 6 226 1429386303887269
01 structure_starts 16 18 226 1429386334055680
02 structure_references 8 10 226 1429386334266601
03 biomes 8 10 226 1429386340077406
04 noise 7 9 226 1429386351211242
05 surface 7 9 226 1429386355839771
06 carvers 7 9 226 1429386357549768
07 features 6 8 227 1429386361240188
01 structure_starts 16 19 227 1429386361589674
01 structure_starts 17 -3 227 1429386361625433
01 structure_starts 17 -2 227 1429386361651414
01 structure_starts 17 -1 227 1429386361692201
01 structure_starts 17 0 227 1429386361722093
01 structure_starts 17 1 227 1429386361746957
01 structure_starts 17 2 227 1429386361772379
01 structure_starts 17 3 227 1429386361795846
01 structure_starts 17 4 227 1429386361819592
01 structure_starts 17 5 227 1429386361852278
01 structure_starts 17 6 227 1429386361876024
01 structure_starts 17 7 227 1429386361900049
01 structure_starts 17 8 227 1429386361934970
01 structure_starts 17 9 227 1429386365075319
01 structure_starts 17 10 227 1429386365148233
01 structure_starts 17 11 227 1429386365177008
01 structure_starts 17 12 227 1429386365208576
01 structure_starts 17 13 227 1429386365244614
01 structure_starts 17 14 227 1429386365275065
01 structure_starts 17 15 227 1429386365314735
01 structure_starts 17 16 227 1429386365343789
01 structure_starts 17 17 227 1429386365370887
01 structure_starts 17 18 227 1429386365410557
01 structure_starts 17 19 227 1429386365440449
02 structure_references 8 11 227 1429386365680425
02 structure_references 9 5 227 1429386365964539
02 structure_references 9 6 227 1429386366165403
02 structure_references 9 7 227 1429386366347829
02 structure_references 9 8 227 1429386366462089
02 structure_references 9 9 227 1429386366578864
02 structure_references 9 10 227 1429386366700947
02 structure_references 9 11 227 1429386366798446
03 biomes 8 11 227 1429386370502554
03 biomes 9 5 227 1429386373957748
03 biomes 9 6 227 1429386378988005
03 biomes 9 7 227 1429386384123024
03 biomes 9 8 227 1429386389559199
03 biomes 9 9 227 1429386394598675
03 biomes 9 10 227 1429386397622807
03 biomes 9 11 227 1429386400676832
08 initialize_light 6 8 227 1429386400996706
04 noise 7 10 227 1429386411669589
01 structure_starts 16 20 227 1429386412094504
01 structure_starts 16 21 227 1429386412124955
01 structure_starts 16 22 227 1429386412155685
02 structure_references 8 12 227 1429386412365489
02 structure_references 8 13 227 1429386412575572
02 structure_references 8 14 227 1429386412649883
03 biomes 8 12 227 1429386415924048
03 biomes 8 13 227 1429386418953209
03 biomes 8 14 227 1429386421920910
04 noise 7 11 227 1429386433303940
04 noise 7 12 227 1429386444679428
01 structure_starts 16 23 227 1429386445173067
02 structure_references 8 15 227 1429386445390134
03 biomes 8 15 227 1429386449820872
01 structure_starts 16 24 227 1429386450291324
02 structure_references 8 16 227 1429386450465369
03 biomes 8 16 227 1429386454347713
01 structure_starts 16 25 227 1429386454630151
02 structure_references 8 17 227 1429386454769555
03 biomes 8 17 227 1429386458653574
01 structure_starts 16 26 227 1429386458918413
02 structure_references 8 18 227 1429386459117601
03 biomes 8 18 227 1429386463709812
01 structure_starts 16 27 227 1429386464078296
02 structure_references 8 19 227 1429386464256810
03 biomes 8 19 227 1429386468925009
01 structure_starts 17 -12 227 1429386469267512
01 structure_starts 17 -11 227 1429386469304667
01 structure_starts 17 -10 227 1429386469333162
01 structure_starts 17 -9 227 1429386469367245
01 structure_starts 17 -8 227 1429386469393785
01 structure_starts 17 -7 227 1429386469432617
01 structure_starts 17 -6 227 1429386469459156
01 structure_starts 17 -5 227 1429386469486534
01 structure_starts 17 -4 227 1429386469516985
02 structure_references 9 -4 227 1429386469637112
02 structure_references 9 -3 227 1429386469698852
02 structure_references 9 -2 227 1429386469760871
02 structure_references 9 -1 227 1429386469821214
02 structure_references 9 0 227 1429386469879043
02 structure_references 9 1 227 1429386469937710
02 structure_references 9 2 227 1429386470110637
03 biomes 9 -4 227 1429386473782060
03 biomes 9 -3 227 1429386477885102
03 biomes 9 -2 227 1429386482202977
03 biomes 9 -1 227 1429386485914628
03 biomes 9 0 227 1429386491358067
03 biomes 9 1 227 1429386496371003
03 biomes 9 2 227 1429386500745030
02 structure_references 9 3 227 1429386501219393
02 structure_references 9 4 227 1429386501406568
03 biomes 9 3 227 1429386504734092
03 biomes 9 4 227 1429386508366403
04 noise 8 4 227 1429386520089422
04 noise 8 5 227 1429386532464479
04 noise 8 6 227 1429386543390747
04 noise 8 7 227 1429386555086947
04 noise 8 8 227 1429386566613851
04 noise 8 -1 227 1429386580269800
04 noise 8 0 227 1429386593474573
04 noise 8 1 227 1429386604066161
04 noise 8 2 227 1429386616924521
04 noise 8 3 227 1429386629564139
04 noise 8 -2 227 1429386642797966
05 surface 8 0 227 1429386646710481
05 surface 8 1 227 1429386650351733
05 surface 8 2 227 1429386655095640
05 surface 8 3 227 1429386660203840
05 surface 8 4 227 1429386665203087
06 carvers 8 0 227 1429386668727005
06 carvers 8 1 227 1429386669381000
06 carvers 8 2 227 1429386670446779
06 carvers 8 3 227 1429386674492552
06 carvers 8 4 227 1429386674993454
07 features 7 1 228 1429386680424322
07 features 7 2 229 1429386684830196
07 features 7 3 230 1429386689341951
05 surface 8 5 230 1429386695180692
05 surface 8 6 230 1429386699361398
06 carvers 8 5 230 1429386699928231
06 carvers 8 6 230 1429386700726099
07 features 7 4 231 1429386704254486
07 features 7 5 232 1429386708095484
05 surface 8 7 232 1429386713256484
06 carvers 8 7 232 1429386714549109
07 features 7 6 233 1429386718839885
04 noise 8 9 233 1429386731628962
04 noise 8 10 233 1429386745512594
05 surface 7 10 233 1429386750390318
06 carvers 7 10 233 1429386751094319
07 features 6 9 234 1429386758055272
04 noise 7 13 234 1429386772896848
05 surface 7 11 234 1429386778358166
06 carvers 7 11 234 1429386779249063
07 features 6 10 235 1429386783252093
05 surface 7 12 235 1429386787068786
06 carvers 7 12 235 1429386787663555
07 features 6 11 236 1429386790538786
04 noise 7 14 236 1429386802360700
04 noise 7 15 236 1429386814562551
04 noise 7 16 236 1429386826267131
04 noise 7 17 236 1429386839298698
04 noise 7 18 236 1429386853539918
04 noise 8 -3 236 1429386867704592
05 surface 8 8 236 1429386875156111
06 carvers 8 8 236 1429386875967109
07 features 7 7 237 1429386879457223
05 surface 8 -1 237 1429386883852762
06 carvers 8 -1 237 1429386889682563
07 features 7 0 238 1429386899147190
05 surface 8 -2 238 1429386905114998
06 carvers 8 -2 238 1429386909894664
07 features 7 -1 239 1429386917215998
05 surface 8 9 239 1429386924276125
06 carvers 8 9 239 1429386925084889
07 features 7 8 240 1429386927938608
05 surface 8 10 240 1429386931801117
06 carvers 8 10 240 1429386932407620
07 features 7 9 241 1429386935530648
05 surface 7 13 241 1429386939224979
06 carvers 7 13 241 1429386939879532
07 features 6 12 242 1429386942627093
05 surface 7 14 242 1429386946282312
06 carvers 7 14 242 1429386946919545
07 features 6 13 243 1429386961096511
05 surface 7 15 243 1429386967187799
06 carvers 7 15 243 1429386967951584
07 features 6 14 244 1429386971411806
05 surface 7 16 244 1429386976656057
06 carvers 7 16 244 1429386977156401
07 features 6 15 245 1429386980628357
05 surface 7 17 245 1429386985308289
06 carvers 7 17 245 1429386985968989
07 features 6 16 246 1429386989240919
05 surface 7 18 246 1429386994224242
06 carvers 7 18 246 1429386995162073
07 features 6 17 247 1429386998626206
05 surface 8 -3 247 1429387002918658
06 carvers 8 -3 247 1429387004818344
07 features 7 -2 248 1429387010418228
01 structure_starts 17 20 248 1429387010866051
02 structure_references 9 12 248 1429387011080045
03 biomes 9 12 248 1429387015473069
01 structure_starts 17 21 248 1429387015895470
01 structure_starts 17 22 248 1429387015929273
01 structure_starts 17 23 248 1429387015959724
02 structure_references 9 13 248 1429387016168131
02 structure_references 9 14 248 1429387016247470
02 structure_references 9 15 248 1429387016321223
03 biomes 9 13 248 1429387021284991
03 biomes 9 14 248 1429387025990066
03 biomes 9 15 248 1429387030820297
04 noise 8 11 248 1429387044773212
04 noise 8 12 248 1429387056248154
04 noise 8 13 248 1429387066953723
01 structure_starts 17 24 248 1429387067333660
02 structure_references 9 16 248 1429387067481165
03 biomes 9 16 248 1429387072324247
01 structure_starts 17 25 248 1429387072631829
02 structure_references 9 17 248 1429387072767880
03 biomes 9 17 248 1429387075950971
01 structure_starts 17 26 248 1429387076264699
02 structure_references 9 18 248 1429387076426731
03 biomes 9 18 248 1429387080581456
01 structure_starts 17 27 248 1429387080984301
02 structure_references 9 19 248 1429387081204441
03 biomes 9 19 248 1429387085810342
01 structure_starts 16 28 248 1429387086278000
01 structure_starts 17 28 248 1429387086323816
02 structure_references 8 20 248 1429387086483613
02 structure_references 9 20 248 1429387086567423
03 biomes 8 20 248 1429387091806086
03 biomes 9 20 248 1429387096213917
04 noise 7 19 248 1429387108871972
01 structure_starts 18 -11 248 1429387109292976
01 structure_starts 18 -10 248 1429387109324824
01 structure_starts 18 -9 248 1429387109349967
01 structure_starts 18 -8 248 1429387109374551
01 structure_starts 18 -7 248 1429387109399135
01 structure_starts 18 -6 248 1429387109423160
01 structure_starts 18 -5 248 1429387109447745
01 structure_starts 18 -4 248 1429387109472329
01 structure_starts 18 -3 248 1429387109496075
01 structure_starts 18 -2 248 1429387109521218
01 structure_starts 18 -1 248 1429387109544405
01 structure_starts 18 0 248 1429387109576811
01 structure_starts 18 1 248 1429387109600278
01 structure_starts 18 2 248 1429387109624583
01 structure_starts 18 3 248 1429387109649446
01 structure_starts 18 4 248 1429387109673193
01 structure_starts 18 5 248 1429387109698335
01 structure_starts 18 6 248 1429387109721523
01 structure_starts 18 7 248 1429387109745828
01 structure_starts 18 8 248 1429387109770132
01 structure_starts 18 9 248 1429387109794158
01 structure_starts 18 10 248 1429387109819021
01 structure_starts 18 11 248 1429387109843326
02 structure_references 10 -3 248 1429387109986920
02 structure_references 10 -2 248 1429387110109003
02 structure_references 10 -1 248 1429387110179962
02 structure_references 10 0 248 1429387110231924
02 structure_references 10 1 248 1429387110281092
02 structure_references 10 2 248 1429387110336686
02 structure_references 10 3 248 1429387110402337
03 biomes 10 -3 248 1429387115423095
03 biomes 10 -2 248 1429387119438417
03 biomes 10 -1 248 1429387123715225
03 biomes 10 0 248 1429387127322114
03 biomes 10 1 248 1429387132367177
03 biomes 10 2 248 1429387136666055
03 biomes 10 3 248 1429387141060197
01 structure_starts 18 12 248 1429387141440413
01 structure_starts 18 13 248 1429387141476172
01 structure_starts 18 14 248 1429387141502712
01 structure_starts 18 15 248 1429387145629780
02 structure_references 10 4 248 1429387145900485
02 structure_references 10 5 248 1429387145985971
02 structure_references 10 6 248 1429387146125933
02 structure_references 10 7 248 1429387146220917
03 biomes 10 4 248 1429387150407770
03 biomes 10 5 248 1429387153947890
03 biomes 10 6 248 1429387157486056
03 biomes 10 7 248 1429387161901988
01 structure_starts 18 16 248 1429387162259576
01 structure_starts 18 17 248 1429387162290026
01 structure_starts 18 18 248 1429387162321036
02 structure_references 10 8 248 1429387162450941
02 structure_references 10 9 248 1429387162507373
02 structure_references 10 10 248 1429387162569392
03 biomes 10 8 248 1429387165944128
03 biomes 10 9 248 1429387169073861
03 biomes 10 10 248 1429387172074806
01 structure_starts 17 -13 248 1429387172398591
01 structure_starts 18 -13 248 1429387172437144
01 structure_starts 18 -12 248 1429387172467036
02 structure_references 9 -5 248 1429387172611188
02 structure_references 10 -5 248 1429387172662871
02 structure_references 10 -4 248 1429387172808979
03 biomes 9 -5 248 1429387176204389
03 biomes 10 -5 248 1429387179384128
03 biomes 10 -4 248 1429387182607448
04 noise 9 0 248 1429387195987943
04 noise 9 1 248 1429387211099666
04 noise 9 2 248 1429387228465311
04 noise 9 3 248 1429387242295305
04 noise 9 4 248 1429387256238442
04 noise 9 -3 248 1429387268880294
04 noise 9 -2 248 1429387280736849
04 noise 9 -1 248 1429387293111627
04 noise 8 -4 248 1429387304297985
05 surface 9 -1 248 1429387307781115
05 surface 9 0 248 1429387310983203
05 surface 9 1 248 1429387314587020
05 surface 9 2 248 1429387319173085
05 surface 9 3 248 1429387324342746
06 carvers 9 -1 248 1429387325838469
06 carvers 9 0 248 1429387326504477
06 carvers 9 1 248 1429387327682841
06 carvers 9 2 248 1429387327992378
06 carvers 9 3 248 1429387328658665
07 features 8 0 249 1429387335796735
07 features 8 1 250 1429387341081215
07 features 8 2 251 1429387345849985
04 noise 9 5 251 1429387357943163
04 noise 9 6 251 1429387370145853
04 noise 9 7 251 1429387382981584
04 noise 9 8 251 1429387395847487
01 structure_starts 18 19 251 1429387396280504
02 structure_references 10 11 251 1429387396430523
03 biomes 10 11 251 1429387400298061
01 structure_starts 18 20 251 1429387400679674
02 structure_references 10 12 251 1429387400826900
03 biomes 10 12 251 1429387404495529
05 surface 8 11 251 1429387408061631
06 carvers 8 11 251 1429387408668133
07 features 7 10 252 1429387418562145
04 noise 8 14 252 1429387430966257
05 surface 8 12 252 1429387435300894
06 carvers 8 12 252 1429387435915219
07 features 7 11 253 1429387439279060
05 surface 8 13 253 1429387442853543
06 carvers 8 13 253 1429387443837468
07 features 7 12 254 1429387447314452
04 noise 8 15 254 1429387458335984
04 noise 8 16 254 1429387470541746
04 noise 8 17 254 1429387482206377
04 noise 8 18 254 1429387493254728
04 noise 8 19 254 1429387504319002
05 surface 7 19 254 1429387507984558
06 carvers 7 19 254 1429387508678503
07 features 6 18 255 1429387511790077
05 surface 9 -2 255 1429387514527301
06 carvers 9 -2 255 1429387516947165
07 features 8 -1 256 1429387522727519
05 surface 9 4 256 1429387529614998
05 surface 9 5 256 1429387537290009
05 surface 9 6 256 1429387542663607
06 carvers 9 4 256 1429387543430745
06 carvers 9 5 256 1429387544162124
06 carvers 9 6 256 1429387544663864
07 features 8 3 257 1429387550250059
07 features 8 4 258 1429387554333546
07 features 8 5 259 1429387557607710
04 noise 9 9 259 1429387569941143
04 noise 9 -4 259 1429387585447330
05 surface 9 -3 259 1429387590517536
06 carvers 9 -3 259 1429387593859587
07 features 8 -2 260 1429387601056604
05 surface 8 -4 260 1429387607054862
06 carvers 8 -4 260 1429387611850173
07 features 7 -3 261 1429387616157152
05 surface 9 7 261 1429387619740295
06 carvers 9 7 261 1429387620369147
07 features 8 6 262 1429387623438258
05 surface 9 8 262 1429387628312070
06 carvers 9 8 262 1429387629298510
07 features 8 7 263 1429387632312865
04 noise 9 10 263 1429387644918120
04 noise 9 11 263 1429387658479364
05 surface 8 14 263 1429387663745405
06 carvers 8 14 263 1429387664681280
07 features 7 13 264 1429387668252969
05 surface 8 15 264 1429387673775748
06 carvers 8 15 264 1429387674378060
07 features 7 14 265 1429387677846104
05 surface 8 16 265 1429387683218864
06 carvers 8 16 265 1429387683888223
07 features 7 15 266 1429387688338238
05 surface 8 17 266 1429387693115948
06 carvers 8 17 266 1429387693769943
07 features 7 16 267 1429387697469303
05 surface 8 18 267 1429387702260423
06 carvers 8 18 267 1429387702883408
07 features 7 17 268 1429387706835034
05 surface 8 19 268 1429387710879410
06 carvers 8 19 268 1429387711821431
07 features 7 18 269 1429387716192385
05 surface 9 9 269 1429387721264267
06 carvers 9 9 269 1429387722171926
07 features 8 8 270 1429387726111819
05 surface 9 -4 270 1429387729837997
06 carvers 9 -4 270 1429387731145428
07 features 8 -3 271 1429387737878698
05 surface 9 10 271 1429387742666466
06 carvers 9 10 271 1429387743644524
07 features 8 9 272 1429387747373776
05 surface 9 11 272 1429387752624173
06 carvers 9 11 272 1429387753491324
07 features 8 10 273 1429387764824907
09 light 5 7 273 1429387766951717
10 spawn 5 7 273 1429387767113749
11 full 5 7 273 1429387767349254
08 initialize_light 7 1 273 1429387767475527
08 initialize_light 7 2 273 1429387769261512
08 initialize_light 7 3 273 1429387769295874
08 initialize_light 7 4 273 1429387769319340
08 initialize_light 7 5 273 1429387769343086
08 initialize_light 7 6 273 1429387769366832
08 initialize_light 6 9 273 1429387769389740
08 initialize_light 6 10 273 1429387769413766
08 initialize_light 6 11 273 1429387769436674
08 initialize_light 7 7 273 1429387769460420
08 initialize_light 7 0 273 1429387769483328
08 initialize_light 7 -1 273 1429387769509029
08 initialize_light 7 8 273 1429387769538363
08 initialize_light 7 9 273 1429387769565182
08 initialize_light 6 12 273 1429387769591442
08 initialize_light 6 13 273 1429387769617144
08 initialize_light 6 14 273 1429387769640890
08 initialize_light 6 15 273 1429387769663798
08 initialize_light 6 16 273 1429387769685868
08 initialize_light 6 17 273 1429387769709055
08 initialize_light 7 -2 273 1429387769731684
08 initialize_light 8 0 273 1429387769751798
08 initialize_light 8 1 273 1429387769784205
08 initialize_light 8 2 273 1429387769807113
08 initialize_light 7 10 273 1429387769830300
08 initialize_light 7 11 273 1429387769853487
08 initialize_light 7 12 273 1429387769875837
08 initialize_light 6 18 273 1429387769898465
08 initialize_light 8 -1 273 1429387769995684
08 initialize_light 8 3 273 1429387770076142
08 initialize_light 8 4 273 1429387770103240
08 initialize_light 8 5 273 1429387770125869
08 initialize_light 8 -2 273 1429387770156040
08 initialize_light 7 -3 273 1429387770178110
08 initialize_light 8 6 273 1429387770200459
08 initialize_light 8 7 273 1429387770222809
08 initialize_light 7 13 273 1429387770245158
08 initialize_light 7 14 273 1429387770268066
08 initialize_light 7 15 273 1429387770290974
08 initialize_light 7 16 273 1429387770314161
08 initialize_light 7 17 273 1429387770337628
08 initialize_light 7 18 273 1429387770360536
08 initialize_light 8 8 273 1429387770382885
08 initialize_light 8 -3 273 1429387770406072
08 initialize_light 8 9 273 1429387770427584
08 initialize_light 8 10 273 1429387770449653
09 light 5 8 273 1429387802081382
09 light 6 1 273 1429387802150664
09 light 6 2 273 1429387802176366
09 light 6 3 273 1429387802201230
09 light 6 4 273 1429387802227490
09 light 6 5 273 1429387802252912
09 light 5 9 273 1429387802278055
09 light 5 10 273 1429387802303477
09 light 6 6 273 1429387802329179
09 light 6 0 273 1429387802352925
09 light 6 -1 273 1429387802374436
09 light 6 7 273 1429387802396786
09 light 6 8 273 1429387802421370
09 light 5 11 273 1429387802444836
09 light 5 12 273 1429387802478081
09 light 5 13 273 1429387802501268
09 light 5 14 273 1429387802538145
09 light 5 15 273 1429387802562729
09 light 5 16 273 1429387802583961
09 light 6 9 273 1429387802604634
09 light 6 -2 273 1429387802627262
09 light 7 -1 273 1429387802653243
09 light 7 0 273 1429387802678107
09 light 7 1 273 1429387802702412
09 light 6 10 273 1429387802723643
09 light 6 11 273 1429387802745154
09 light 5 17 273 1429387802769180
09 light 7 -2 273 1429387802792926
09 light 7 2 273 1429387802818348
09 light 7 3 273 1429387802840698
09 light 7 4 273 1429387802866679
09 light 7 5 273 1429387802887352
09 light 7 6 273 1429387802908025
09 light 6 12 273 1429387802928418
09 light 6 13 273 1429387802948533
09 light 6 14 273 1429387802969485
09 light 6 15 273 1429387802990158
09 light 6 16 273 1429387803059161
09 light 6 17 273 1429387803083187
09 light 7 7 273 1429387803106374
09 light 7 8 273 1429387803134869
09 light 7 9 273 1429387803159174
10 spawn 5 8 273 1429387803312267
10 spawn 6 1 273 1429387803378756
10 spawn 6 2 273 1429387803421499
10 spawn 6 3 273 1429387803468991
10 spawn 6 4 273 1429387803522070
11 full 5 8 273 1429387803527378
10 spawn 6 5 273 1429387803574032
10 spawn 5 9 273 1429387803627950
10 spawn 5 10 273 1429387803753385
10 spawn 6 6 273 1429387803807302
10 spawn 6 0 273 1429387803857588
10 spawn 6 -1 273 1429387803902845
10 spawn 6 7 273 1429387803953690
11 full 6 1 273 1429387803955925
10 spawn 6 8 273 1429387804060408
11 full 6 2 273 1429387804097005
10 spawn 5 11 273 1429387804116281
10 spawn 5 12 273 1429387804172433
11 full 6 3 273 1429387804198414
10 spawn 5 13 273 1429387804215176
10 spawn 5 14 273 1429387804262389
11 full 6 4 273 1429387804295634
10 spawn 5 15 273 1429387804315748
10 spawn 5 16 273 1429387804369107
11 full 6 5 273 1429387804388104
10 spawn 6 9 273 1429387804437551
01 structure_starts 18 21 273 1429387804753514
02 structure_references 10 13 273 1429387804885654
11 full 5 9 273 1429387805453604
11 full 5 10 273 1429387805801973
11 full 6 6 273 1429387806167104
11 full 6 0 273 1429387806259015
11 full 6 -1 273 1429387806350647
11 full 6 7 273 1429387806439485
11 full 6 8 273 1429387806527485
11 full 5 11 273 1429387806607943
11 full 5 12 273 1429387806867194
11 full 5 13 273 1429387807313620
11 full 5 14 273 1429387808072098
03 biomes 10 13 273 1429387808944836
10 spawn 6 11 273 1429387809191516
10 spawn 6 12 273 1429387809245433
10 spawn 6 13 273 1429387809287897
10 spawn 6 14 273 1429387809344329
11 full 5 15 273 1429387809388468
10 spawn 6 15 273 1429387809413053
10 spawn 6 16 273 1429387809466691
10 spawn 6 -2 273 1429387809586539
10 spawn 7 -1 273 1429387809643250
10 spawn 7 0 273 1429387809699402
10 spawn 7 1 273 1429387809752761
10 spawn 6 10 273 1429387809847745
10 spawn 5 17 273 1429387809902501
10 spawn 7 -2 273 1429387809956698
10 spawn 7 2 273 1429387810051403
10 spawn 7 3 273 1429387810114819
10 spawn 7 4 273 1429387810181587
10 spawn 7 5 273 1429387810231035
10 spawn 7 6 273 1429387810281880
10 spawn 6 17 273 1429387810324622
10 spawn 7 7 273 1429387810377981
10 spawn 7 8 273 1429387810436089
10 spawn 7 9 273 1429387810524648
11 full 5 16 273 1429387810955989
11 full 6 9 273 1429387811653285
11 full 6 11 273 1429387821353138
11 full 6 12 273 1429387821459856
11 full 6 13 273 1429387821519640
11 full 6 14 273 1429387821603729
11 full 6 15 273 1429387821935895
11 full 6 16 273 1429387822049597
11 full 6 -2 273 1429387822116365
11 full 7 -1 273 1429387822201571
11 full 7 0 273 1429387822274765
11 full 7 1 273 1429387822402435
11 full 6 10 273 1429387822464734
11 full 5 17 273 1429387824307429
11 full 7 -2 273 1429387824413029
11 full 7 2 273 1429387824492090
11 full 7 3 273 1429387824771456
11 full 7 4 273 1429387825312028
11 full 7 5 273 1429387825607876
11 full 7 6 273 1429387825839191
11 full 6 17 273 1429387826062125
11 full 7 7 273 1429387826145376
11 full 7 8 273 1429387826306011
11 full 7 9 273 1429387826457986
04 noise 9 12 273 1429387827603105
05 surface 9 12 273 1429387832688397
06 carvers 9 12 273 1429387834332184
07 features 8 11 274 1429387837487898
08 initialize_light 8 11 274 1429387840969073
01 structure_starts 18 22 274 1429387841221340
01 structure_starts 18 23 274 1429387841246483
01 structure_starts 18 24 274 1429387841267994
02 structure_references 10 14 274 1429387841410470
02 structure_references 10 15 274 1429387841475004
02 structure_references 10 16 274 1429387841538420
03 biomes 10 14 274 1429387845051722
03 biomes 10 15 274 1429387847928070
03 biomes 10 16 274 1429387851222628
01 structure_starts 19 -12 274 1429387851497524
01 structure_starts 19 -11 274 1429387851522388
01 structure_starts 19 -10 274 1429387851543061
01 structure_starts 19 -9 274 1429387851562896
01 structure_starts 19 -8 274 1429387851583289
01 structure_starts 19 -7 274 1429387851603683
01 structure_starts 19 -6 274 1429387851623239
01 structure_starts 19 -5 274 1429387851643074
01 structure_starts 19 -4 274 1429387851663188
01 structure_starts 19 -3 274 1429387851689169
01 structure_starts 19 -2 274 1429387851710401
01 structure_starts 19 -1 274 1429387851730515
01 structure_starts 19 0 274 1429387851750350
01 structure_starts 19 1 274 1429387851769905
01 structure_starts 19 2 274 1429387851789461
01 structure_starts 19 3 274 1429387851808458
01 structure_starts 19 4 274 1429387851828293
01 structure_starts 19 5 274 1429387854066291
01 structure_starts 19 6 274 1429387854111827
01 structure_starts 19 7 274 1429387854144513
01 structure_starts 19 8 274 1429387854166583
01 structure_starts 19 9 274 1429387854188932
01 structure_starts 19 10 274 1429387854212678
02 structure_references 11 -4 274 1429387854418850
02 structure_references 11 -3 274 1429387854482545
02 structure_references 11 -2 274 1429387854544844
02 structure_references 11 -1 274 1429387854655193
02 structure_references 11 0 274 1429387854713022
02 structure_references 11 1 274 1429387854764705
02 structure_references 11 2 274 1429387854818902
03 biomes 11 -4 274 1429387860091648
03 biomes 11 -3 274 1429387864906514
03 biomes 11 -2 274 1429387869439779
03 biomes 11 -1 274 1429387874229503
03 biomes 11 0 274 1429387878508825
03 biomes 11 1 274 1429387883799450
03 biomes 11 2 274 1429387887909477
01 structure_starts 19 11 274 1429387888376576
01 structure_starts 19 12 274 1429387888413732
02 structure_references 11 3 274 1429387888577999
02 structure_references 11 4 274 1429387888656221
03 biomes 11 3 274 1429387893612446
03 biomes 11 4 274 1429387898856418
01 structure_starts 19 13 274 1429387899215403
01 structure_starts 19 14 274 1429387899241943
02 structure_references 11 5 274 1429387899399784
02 structure_references 11 6 274 1429387899456216
03 biomes 11 5 274 1429387902628692
03 biomes 11 6 274 1429387906629766
01 structure_starts 18 25 274 1429387906930084
01 structure_starts 18 26 274 1429387906954668
01 structure_starts 18 27 274 1429387906987354
02 structure_references 10 17 274 1429387907178719
02 structure_references 10 18 274 1429387907241576
02 structure_references 10 19 274 1429387907298846
03 biomes 10 17 274 1429387911897204
03 biomes 10 18 274 1429387918356137
03 biomes 10 19 274 1429387923048641
01 structure_starts 19 15 274 1429387923469924
01 structure_starts 19 16 274 1429387923498698
02 structure_references 11 7 274 1429387923662686
02 structure_references 11 8 274 1429387923726661
03 biomes 11 7 274 1429387927662084
03 biomes 11 8 274 1429387931721825
01 structure_starts 19 17 274 1429387932135565
01 structure_starts 19 18 274 1429387932415490
01 structure_starts 19 19 274 1429387932437280
02 structure_references 11 9 274 1429387932573331
02 structure_references 11 10 274 1429387932641217
02 structure_references 11 11 274 1429387932705471
03 biomes 11 9 274 1429387937093467
03 biomes 11 10 274 1429387941673107
03 biomes 11 11 274 1429387947469105
01 structure_starts 19 20 274 1429387947926985
01 structure_starts 19 21 274 1429387947956318
02 structure_references 11 12 274 1429387948251049
02 structure_references 11 13 274 1429387948328713
03 biomes 11 12 274 1429387952803870
03 biomes 11 13 274 1429387957346913
04 noise 9 13 274 1429387972368402
04 noise 9 14 274 1429387983577946
04 noise 9 15 274 1429387995269676
04 noise 9 16 274 1429388003710707
04 noise 9 17 274 1429388012146151
05 surface 9 13 274 1429388016112025
05 surface 9 14 274 1429388020761786
05 surface 9 15 274 1429388025479713
05 surface 9 16 274 1429388029115656
06 carvers 9 13 274 1429388030140648
06 carvers 9 14 274 1429388030589589
06 carvers 9 15 274 1429388030780675
06 carvers 9 16 274 1429388030951646
07 features 8 13 275 1429388034247881
07 features 8 14 276 1429388037051874
07 features 8 15 277 1429388040800401
04 noise 10 0 277 1429388056914768
04 noise 10 1 277 1429388069157965
04 noise 10 2 277 1429388082126954
04 noise 10 3 277 1429388094076538
04 noise 10 4 277 1429388105126844
04 noise 10 5 277 1429388115311955
04 noise 10 6 277 1429388124709534
04 noise 10 7 277 1429388134511914
04 noise 10 8 277 1429388144409558
04 noise 10 9 277 1429388155484169
04 noise 10 10 277 1429388165863998
04 noise 10 11 277 1429388175853832
04 noise 10 -2 277 1429388189245222
04 noise 10 -1 277 1429388200382411
01 structure_starts 19 22 277 1429388200710665
02 structure_references 11 14 277 1429388200867948
03 biomes 11 14 277 1429388203747928
07 features 8 12 278 1429388207761015
04 noise 10 -3 278 1429388252726863
05 surface 10 -1 278 1429388256659772
05 surface 10 0 278 1429388260751081
05 surface 10 1 278 1429388264445971
05 surface 10 2 278 1429388268336416
05 surface 10 3 278 1429388271977108
06 carvers 10 -1 278 1429388272924996
06 carvers 10 0 278 1429388273204361
06 carvers 10 1 278 1429388273387625
06 carvers 10 2 278 1429388273554965
06 carvers 10 3 278 1429388273927359
07 features 9 0 279 1429388279362138
07 features 9 1 280 1429388283530831
07 features 9 2 281 1429388288333964
05 surface 10 4 281 1429388291707862
05 surface 10 5 281 1429388295711730
06 carvers 10 4 281 1429388296540887
06 carvers 10 5 281 1429388297218069
07 features 9 3 282 1429388300377973
07 features 9 4 283 1429388302760683
04 noise 9 18 283 1429388311211492
05 surface 10 6 283 1429388314567511
05 surface 10 7 283 1429388318568026
06 carvers 10 6 283 1429388319118935
06 carvers 10 7 283 1429388319413386
07 features 9 5 284 1429388331557688
07 features 9 6 285 1429388334221719
05 surface 10 8 285 1429388339295836
05 surface 10 9 285 1429388342616375
05 surface 10 10 285 1429388346182477
06 carvers 10 8 285 1429388347136511
06 carvers 10 9 285 1429388348071547
06 carvers 10 10 285 1429388348812984
07 features 9 7 286 1429388352303377
07 features 9 8 287 1429388355456018
07 features 9 9 288 1429388358186258
04 noise 10 12 288 1429388369319536
05 surface 9 17 288 1429388372812165
06 carvers 9 17 288 1429388373287645
07 features 8 16 289 1429388376841455
05 surface 10 11 289 1429388380569309
06 carvers 10 11 289 1429388381400980
07 features 9 10 290 1429388384458916
05 surface 10 -2 290 1429388388283152
06 carvers 10 -2 290 1429388388962569
07 features 9 -1 291 1429388394369411
04 noise 10 13 291 1429388404571284
05 surface 10 -3 291 1429388408758695
06 carvers 10 -3 291 1429388411280248
07 features 9 -2 292 1429388417193301
05 surface 9 18 292 1429388421238794
06 carvers 9 18 292 1429388421791938
07 features 8 17 293 1429388424983410
05 surface 10 12 293 1429388428493918
06 carvers 10 12 293 1429388429706924
07 features 9 11 294 1429388433193965
05 surface 10 13 294 1429388436337387
06 carvers 10 13 294 1429388436863991
07 features 9 12 295 1429388440331756
01 structure_starts 18 28 295 1429388440605255
02 structure_references 10 20 295 1429388440711693
03 biomes 10 20 295 1429388444691815
01 structure_starts 19 23 295 1429388444913911
02 structure_references 11 15 295 1429388445052197
03 biomes 11 15 295 1429388447971288
01 structure_starts 20 -5 295 1429388448183606
01 structure_starts 20 -4 295 1429388449394935
01 structure_starts 20 -3 295 1429388449427621
01 structure_starts 20 -2 295 1429388449451367
01 structure_starts 20 -1 295 1429388449474833
01 structure_starts 20 0 295 1429388449503049
01 structure_starts 20 1 295 1429388454521293
01 structure_starts 20 2 295 1429388454557611
01 structure_starts 20 3 295 1429388454582474
01 structure_starts 20 4 295 1429388454605103
01 structure_starts 20 5 295 1429388454631922
01 structure_starts 20 6 295 1429388454655110
01 structure_starts 20 7 295 1429388454678576
01 structure_starts 20 8 295 1429388454702043
01 structure_starts 20 9 295 1429388454727186
01 structure_starts 20 10 295 1429388454750653
01 structure_starts 20 11 295 1429388454774399
01 structure_starts 20 12 295 1429388454799542
01 structure_starts 20 13 295 1429388454826919
01 structure_starts 20 14 295 1429388454852342
01 structure_starts 20 15 295 1429388454876646
01 structure_starts 20 16 295 1429388454901789
01 structure_starts 20 17 295 1429388454924977
02 structure_references 12 3 295 1429388455244850
02 structure_references 12 4 295 1429388455315530
02 structure_references 12 5 295 1429388455376432
02 structure_references 12 6 295 1429388455435936
02 structure_references 12 7 295 1429388455495721
02 structure_references 12 8 295 1429388455577854
02 structure_references 12 9 295 1429388455646578
03 biomes 12 3 295 1429388458692501
03 biomes 12 4 295 1429388461457941
03 biomes 12 5 295 1429388464492969
03 biomes 12 6 295 1429388469187428
03 biomes 12 7 295 1429388472418850
03 biomes 12 8 295 1429388476490604
03 biomes 12 9 295 1429388480782498
01 structure_starts 20 18 295 1429388481136174
01 structure_starts 20 19 295 1429388481169140
01 structure_starts 20 20 295 1429388481191489
01 structure_starts 20 21 295 1429388481211044
02 structure_references 12 10 295 1429388481350168
02 structure_references 12 11 295 1429388481406042
02 structure_references 12 12 295 1429388481456607
02 structure_references 12 13 295 1429388481504378
03 biomes 12 10 295 1429388485069642
03 biomes 12 11 295 1429388489272697
03 biomes 12 12 295 1429388492200728
03 biomes 12 13 295 1429388495279058
01 structure_starts 20 -12 295 1429388495465674
01 structure_starts 20 -11 295 1429388495500315
01 structure_starts 20 -10 295 1429388495520150
01 structure_starts 20 -9 295 1429388495539426
01 structure_starts 20 -8 295 1429388495561217
01 structure_starts 20 -7 295 1429388495580772
01 structure_starts 20 -6 295 1429388495601725
02 structure_references 12 -4 295 1429388495697268
02 structure_references 12 -3 295 1429388495741408
02 structure_references 12 -2 295 1429388495783033
02 structure_references 12 -1 295 1429388495825776
02 structure_references 12 0 295 1429388495880811
02 structure_references 12 1 295 1429388495936964
02 structure_references 12 2 295 1429388495985573
03 biomes 12 -4 295 1429388499787460
03 biomes 12 -3 295 1429388503818146
03 biomes 12 -2 295 1429388508850918
03 biomes 12 -1 295 1429388513899892
03 biomes 12 0 295 1429388517831404
03 biomes 12 1 295 1429388521261734
03 biomes 12 2 295 1429388524661893
04 noise 11 -1 295 1429388538761475
04 noise 11 0 295 1429388550553496
04 noise 11 1 295 1429388563459628
04 noise 11 2 295 1429388575925200
04 noise 11 3 295 1429388586377105
04 noise 11 4 295 1429388597773266
04 noise 11 5 295 1429388607609170
01 structure_starts 19 24 295 1429388607852777
01 structure_starts 19 25 295 1429388607875126
02 structure_references 11 16 295 1429388607979329
02 structure_references 11 17 295 1429388608077107
03 biomes 11 16 295 1429388611494587
03 biomes 11 17 295 1429388614652815
01 structure_starts 19 26 295 1429388614814009
01 structure_starts 19 27 295 1429388614836358
02 structure_references 11 18 295 1429388614901730
02 structure_references 11 19 295 1429388614942238
03 biomes 11 18 295 1429388618092923
03 biomes 11 19 295 1429388621203100
01 structure_starts 20 22 295 1429388621366249
01 structure_starts 20 23 295 1429388621387481
02 structure_references 12 14 295 1429388621561526
02 structure_references 12 15 295 1429388621626618
03 biomes 12 14 295 1429388624674497
03 biomes 12 15 295 1429388628320777
04 noise 10 14 295 1429388639746829
04 noise 10 15 295 1429388650276119
01 structure_starts 19 -13 295 1429388650533973
01 structure_starts 20 -13 295 1429388650566659
02 structure_references 11 -5 295 1429388650700196
02 structure_references 12 -5 295 1429388650763053
03 biomes 11 -5 295 1429388655410300
03 biomes 12 -5 295 1429388659519488
04 noise 11 -2 295 1429388670810608
05 surface 11 0 295 1429388677410061
05 surface 11 1 295 1429388683431507
05 surface 11 2 295 1429388688111719
05 surface 11 3 295 1429388692288514
05 surface 11 4 295 1429388696213321
06 carvers 11 0 295 1429388697596181
06 carvers 11 1 295 1429388698092334
06 carvers 11 2 295 1429388698473948
06 carvers 11 3 295 1429388698919256
06 carvers 11 4 295 1429388699502013
07 features 10 1 296 1429388703080686
07 features 10 2 297 1429388707363920
07 features 10 3 298 1429388710616573
04 noise 11 6 298 1429388722923186
04 noise 10 16 298 1429388734482497
04 noise 10 17 298 1429388744302197
01 structure_starts 19 28 298 1429388744574858
02 structure_references 11 20 298 1429388744694706
03 biomes 11 20 298 1429388748901114
04 noise 11 7 298 1429388761095422
04 noise 11 8 298 1429388775280210
04 noise 11 9 298 1429388784486703
04 noise 11 10 298 1429388796289062
04 noise 11 11 298 1429388805824089
04 noise 11 12 298 1429388815740450
04 noise 11 13 298 1429388824791616
04 noise 10 -4 298 1429388833870160
04 noise 9 19 298 1429388842257832
05 surface 10 14 298 1429388845612734
06 carvers 10 14 298 1429388846241865
07 features 9 13 299 1429388848924892
05 surface 11 5 299 1429388852166092
05 surface 11 6 299 1429388855277387
05 surface 11 7 299 1429388858422764
05 surface 11 8 299 1429388861860637
06 carvers 11 5 299 1429388862685045
06 carvers 11 6 299 1429388862981731
06 carvers 11 7 299 1429388863406367
06 carvers 11 8 299 1429388863910342
07 features 10 5 300 1429388866820773
07 features 10 6 301 1429388869570010
07 features 10 7 302 1429388871766661
05 surface 11 9 302 1429388876219470
05 surface 11 10 302 1429388880408557
05 surface 11 11 302 1429388884659942
05 surface 11 12 302 1429388889545209
06 carvers 11 9 302 1429388890736703
06 carvers 11 10 302 1429388891520603
06 carvers 11 11 302 1429388891897188
06 carvers 11 12 302 1429388892261201
07 features 10 9 303 1429388895769474
07 features 10 10 304 1429388899074928
07 features 10 11 305 1429388902090400
04 noise 11 -3 305 1429388914710182
05 surface 11 -1 305 1429388920706765
06 carvers 11 -1 305 1429388922373460
07 features 10 0 306 1429388926354140
07 features 10 4 307 1429388929089967
05 surface 10 15 307 1429388932881797
05 surface 10 16 307 1429388936945728
06 carvers 10 15 307 1429388937437970
06 carvers 10 16 307 1429388937689958
07 features 9 14 308 1429388940433049
07 features 9 15 309 1429388942700659
04 noise 10 18 309 1429388952598303
04 noise 11 14 309 1429388961543589
04 noise 11 -4 309 1429388971459112
05 surface 11 -2 309 1429388976390753
06 carvers 11 -2 309 1429388977598451
07 features 10 -1 310 1429388982816441
05 surface 10 17 310 1429388986928982
06 carvers 10 17 310 1429388987463967
07 features 9 16 311 1429388990100620
04 noise 10 19 311 1429388999927305
07 features 10 8 312 1429389003079387
05 surface 11 13 312 1429389007701770
06 carvers 11 13 312 1429389008872312
07 features 10 12 313 1429389011982489
05 surface 10 -4 313 1429389015852541
06 carvers 10 -4 313 1429389019094020
07 features 9 -3 314 1429389026099391
05 surface 9 19 314 1429389029761874
06 carvers 9 19 314 1429389030295462
07 features 8 18 315 1429389033609856
05 surface 11 -3 315 1429389038428354
06 carvers 11 -3 315 1429389041146022
07 features 10 -2 316 1429389046808204
05 surface 10 18 316 1429389051393152
06 carvers 10 18 316 1429389052444126
07 features 9 17 317 1429389055148105
05 surface 11 14 317 1429389060064381
06 carvers 11 14 317 1429389060665576
07 features 10 13 318 1429389063348324
05 surface 11 -4 318 1429389068321590
06 carvers 11 -4 318 1429389069499954
07 features 10 -3 319 1429389076389110
05 surface 10 19 319 1429389081543684
06 carvers 10 19 319 1429389082832398
07 features 9 18 320 1429389093920418
09 light 7 10 320 1429389096821909
10 spawn 7 10 320 1429389096941478
11 full 7 10 320 1429389097222799
08 initialize_light 8 13 320 1429389097445453
08 initialize_light 8 14 320 1429389099976785
08 initialize_light 8 15 320 1429389100065344
08 initialize_light 8 12 320 1429389100094957
08 initialize_light 9 0 320 1429389100121496
08 initialize_light 9 1 320 1429389100150550
08 initialize_light 9 2 320 1429389100173738
08 initialize_light 9 3 320 1429389100198601
08 initialize_light 9 4 320 1429389100223465
08 initialize_light 9 5 320 1429389100249725
08 initialize_light 9 6 320 1429389100274030
08 initialize_light 9 7 320 1429389100297497
08 initialize_light 9 8 320 1429389100325433
08 initialize_light 9 9 320 1429389100353370
08 initialize_light 8 16 320 1429389100377675
08 initialize_light 9 10 320 1429389100468189
08 initialize_light 9 -1 320 1429389100491097
08 initialize_light 9 -2 320 1429389100516240
08 initialize_light 8 17 320 1429389100536634
08 initialize_light 9 11 320 1429389100561776
08 initialize_light 9 12 320 1429389100613738
08 initialize_light 10 1 320 1429389100646145
08 initialize_light 10 2 320 1429389100674920
08 initialize_light 10 3 320 1429389100699783
08 initialize_light 9 13 320 1429389100725205
08 initialize_light 10 5 320 1429389100748113
08 initialize_light 10 6 320 1429389100770742
08 initialize_light 10 7 320 1429389100793371
08 initialize_light 10 9 320 1429389100816279
08 initialize_light 10 10 320 1429389100838628
08 initialize_light 10 11 320 1429389100860418
08 initialize_light 10 0 320 1429389100881650
08 initialize_light 10 4 320 1429389100903720
08 initialize_light 9 14 320 1429389100929142
08 initialize_light 9 15 320 1429389100953447
08 initialize_light 10 -1 320 1429389100980825
08 initialize_light 9 16 320 1429389101057371
08 initialize_light 10 8 320 1429389101087543
08 initialize_light 10 12 320 1429389101112965
08 initialize_light 9 -3 320 1429389101142857
08 initialize_light 8 18 320 1429389101169955
08 initialize_light 10 -2 320 1429389101195936
08 initialize_light 9 17 320 1429389101220800
08 initialize_light 10 13 320 1429389101245384
08 initialize_light 10 -3 320 1429389101270806
08 initialize_light 9 18 320 1429389101294552
09 light 7 11 320 1429389109686695
09 light 7 13 320 1429389109767152
09 light 7 14 320 1429389109802632
09 light 7 12 320 1429389109827495
09 light 8 -1 320 1429389109851241
10 spawn 7 11 320 1429389109962708
10 spawn 7 13 320 1429389110093731
11 full 7 11 320 1429389110236766
11 full 7 13 320 1429389110709173
09 light 8 0 320 1429389113588035
09 light 8 1 320 1429389113624912
09 light 8 2 320 1429389113648658
10 spawn 7 12 320 1429389113725204
10 spawn 7 14 320 1429389113813484
10 spawn 8 -1 320 1429389113860976
11 full 7 12 320 1429389113903439
10 spawn 8 0 320 1429389113921598
10 spawn 8 1 320 1429389113965179
11 full 7 14 320 1429389114370539
11 full 8 -1 320 1429389114639009
09 light 8 3 320 1429389114679237
11 full 8 0 320 1429389114721980
10 spawn 8 2 320 1429389114755225
10 spawn 8 3 320 1429389114851047
11 full 8 1 320 1429389115254451
11 full 8 2 320 1429389115825195
09 light 8 4 320 1429389115877995
11 full 8 3 320 1429389115887494
09 light 8 5 320 1429389146741189
09 light 8 6 320 1429389146829468
09 light 8 7 320 1429389146859919
09 light 8 8 320 1429389146883107
09 light 7 15 320 1429389146906015
09 light 8 9 320 1429389146928084
09 light 7 16 320 1429389146951272
09 light 8 10 320 1429389146973342
09 light 8 11 320 1429389146995132
09 light 8 12 320 1429389147212199
09 light 8 -2 320 1429389147233431
09 light 9 0 320 1429389147253266
09 light 9 1 320 1429389151200143
10 spawn 7 15 320 1429389151423636
10 spawn 8 4 320 1429389151569185
11 full 7 15 320 1429389151580360
10 spawn 8 5 320 1429389151634557
11 full 8 4 320 1429389152626584
11 full 8 5 320 1429389153111283
09 light 9 2 320 1429389195700289
09 light 9 4 320 1429389195766498
09 light 9 5 320 1429389195788848
09 light 9 6 320 1429389195810638
09 light 9 8 320 1429389195832149
09 light 9 9 320 1429389195853661
09 light 9 10 320 1429389195875730
09 light 9 -1 320 1429389195896962
09 light 9 3 320 1429389195918473
09 light 8 13 320 1429389195939985
09 light 8 14 320 1429389195961496
09 light 9 -2 320 1429389195982448
09 light 8 15 320 1429389196051172
09 light 9 7 320 1429389196076874
09 light 9 11 320 1429389196102017
09 light 7 17 320 1429389196123528
09 light 8 16 320 1429389196152582
09 light 9 12 320 1429389196174372
09 light 8 17 320 1429389196196163
10 spawn 8 6 320 1429389196423566
11 full 8 6 320 1429389196584202
10 spawn 8 7 320 1429389196598449
10 spawn 8 8 320 1429389196655440
10 spawn 8 9 320 1429389196740088
10 spawn 7 16 320 1429389196793726
11 full 8 7 320 1429389196855186
10 spawn 8 10 320 1429389196878932
10 spawn 8 11 320 1429389196951847
10 spawn 8 12 320 1429389197064431
10 spawn 9 1 320 1429389197127568
10 spawn 9 0 320 1429389197193219
10 spawn 9 2 320 1429389197244063
10 spawn 9 4 320 1429389197295466
10 spawn 9 5 320 1429389197342679
10 spawn 9 6 320 1429389197388216
10 spawn 9 -1 320 1429389197437663
10 spawn 9 3 320 1429389197489625
10 spawn 8 13 320 1429389197540749
10 spawn 8 14 320 1429389197590197
11 full 8 8 320 1429389197597461
10 spawn 8 15 320 1429389197637131
10 spawn 9 7 320 1429389197701105
10 spawn 8 16 320 1429389197759213
11 full 8 9 320 1429389197763404
10 spawn 8 -2 320 1429389197814248
11 full 7 16 320 1429389197954210
11 full 8 10 320 1429389198619380
10 spawn 9 8 320 1429389198675253
10 spawn 9 9 320 1429389198744536
10 spawn 9 10 320 1429389198800129
11 full 8 11 320 1429389198833374
10 spawn 9 -2 320 1429389198853488
10 spawn 9 11 320 1429389198918022
10 spawn 7 17 320 1429389198970263
10 spawn 9 12 320 1429389199071673
10 spawn 8 17 320 1429389199126429
11 full 8 12 320 1429389199160232
11 full 9 1 320 1429389199409985
11 full 9 0 320 1429389199534582
11 full 9 2 320 1429389199606658
11 full 9 4 320 1429389199675382
11 full 9 5 320 1429389199891890
11 full 9 6 320 1429389199965922
11 full 9 -1 320 1429389200117059
11 full 9 3 320 1429389200200869
11 full 8 13 320 1429389200297250
11 full 8 14 320 1429389200527447
11 full 8 15 320 1429389201316655
11 full 9 7 320 1429389202964632
11 full 8 16 320 1429389203375020
11 full 8 -2 320 1429389204826045
11 full 9 8 320 1429389205219951
11 full 9 9 320 1429389205502389
11 full 9 10 320 1429389205735939
11 full 9 -2 320 1429389206295788
11 full 9 11 320 1429389206424017
11 full 7 17 320 1429389206637173
11 full 9 12 320 1429389206696398
11 full 8 17 320 1429389206876868
01 structure_starts 20 24 320 1429389215219563
02 structure_references 12 16 320 1429389215348909
03 biomes 12 16 320 1429389218394553
04 noise 11 15 320 1429389227557465
05 surface 11 15 320 1429389231803264
06 carvers 11 15 320 1429389233103152
07 features 10 14 321 1429389236778765
01 structure_starts 21 -11 321 1429389237115959
01 structure_starts 21 -10 321 1429389237150321
01 structure_starts 21 -9 321 1429389237172391
01 structure_starts 21 -8 321 1429389237214016
01 structure_starts 21 -7 321 1429389237234131
01 structure_starts 21 -6 321 1429389237254524
01 structure_starts 21 -5 321 1429389237275477
01 structure_starts 21 -4 321 1429389237303972
01 structure_starts 21 -3 321 1429389237322969
01 structure_starts 21 -2 321 1429389237342804
01 structure_starts 21 -1 321 1429389237370740
01 structure_starts 21 0 321 1429389237390296
01 structure_starts 21 1 321 1429389237409293
01 structure_starts 21 2 321 1429389237429407
01 structure_starts 21 3 321 1429389237450360
01 structure_starts 21 4 321 1429389237470195
01 structure_starts 21 5 321 1429389237492264
01 structure_starts 21 6 321 1429389237514614
01 structure_starts 21 7 321 1429389237548976
01 structure_starts 21 8 321 1429389237570766
01 structure_starts 21 9 321 1429389237591998
01 structure_starts 21 10 321 1429389237621331
01 structure_starts 21 11 321 1429389237642284
02 structure_references 13 -3 321 1429389237744811
02 structure_references 13 -2 321 1429389237793421
02 structure_references 13 -1 321 1429389237842310
02 structure_references 13 0 321 1429389237887287
02 structure_references 13 1 321 1429389237930030
02 structure_references 13 2 321 1429389237973611
02 structure_references 13 3 321 1429389238071110
03 biomes 13 -3 321 1429389241634418
03 biomes 13 -2 321 1429389245142412
03 biomes 13 -1 321 1429389248636158
03 biomes 13 0 321 1429389252120406
03 biomes 13 1 321 1429389255225554
03 biomes 13 2 321 1429389258301090
03 biomes 13 3 321 1429389261058429
01 structure_starts 21 12 321 1429389261279686
02 structure_references 13 4 321 1429389261395902
03 biomes 13 4 321 1429389264410536
01 structure_starts 20 25 321 1429389264606930
02 structure_references 12 17 321 1429389264727337
03 biomes 12 17 321 1429389269212831
01 structure_starts 20 26 321 1429389269432692
01 structure_starts 20 27 321 1429389269462305
02 structure_references 12 18 321 1429389269569302
02 structure_references 12 19 321 1429389269633835
03 biomes 12 18 321 1429389272397878
03 biomes 12 19 321 1429389275299928
01 structure_starts 21 13 321 1429389275491014
01 structure_starts 21 14 321 1429389275512525
01 structure_starts 21 15 321 1429389275530963
01 structure_starts 21 16 321 1429389275551357
01 structure_starts 21 17 321 1429389275570075
01 structure_starts 21 18 321 1429389275590468
01 structure_starts 21 19 321 1429389275609186
01 structure_starts 21 20 321 1429389275628741
01 structure_starts 21 21 321 1429389275647459
01 structure_starts 21 22 321 1429389275666735
01 structure_starts 21 23 321 1429389275685732
01 structure_starts 21 24 321 1429389275705288
01 structure_starts 21 25 321 1429389275723726
02 structure_references 13 11 321 1429389275838266
02 structure_references 13 12 321 1429389275897491
02 structure_references 13 13 321 1429389275950571
02 structure_references 13 14 321 1429389276041644
02 structure_references 13 15 321 1429389276091650
02 structure_references 13 16 321 1429389276158419
02 structure_references 13 17 321 1429389276208425
03 biomes 13 11 321 1429389279354920
03 biomes 13 12 321 1429389282200538
03 biomes 13 13 321 1429389285152873
03 biomes 13 14 321 1429389288224219
03 biomes 13 15 321 1429389291255056
03 biomes 13 16 321 1429389294160179
03 biomes 13 17 321 1429389297234038
04 noise 11 16 321 1429389307827861
04 noise 11 17 321 1429389316425617
02 structure_references 13 5 321 1429389316763928
03 biomes 13 5 321 1429389319955680
02 structure_references 13 6 321 1429389320295948
02 structure_references 13 7 321 1429389320352938
03 biomes 13 6 321 1429389323455014
03 biomes 13 7 321 1429389326589216
02 structure_references 13 8 321 1429389326988709
02 structure_references 13 9 321 1429389327119452
02 structure_references 13 10 321 1429389327197116
03 biomes 13 8 321 1429389330605376
03 biomes 13 9 321 1429389334059732
03 biomes 13 10 321 1429389337291433
04 noise 12 7 321 1429389347787199
04 noise 12 8 321 1429389359328629
04 noise 12 9 321 1429389371627420
04 noise 12 10 321 1429389383343455
04 noise 12 11 321 1429389402866919
04 noise 12 12 321 1429389451869600
04 noise 12 13 321 1429389464103299
04 noise 12 1 321 1429389475488565
04 noise 12 2 321 1429389488170645
04 noise 12 3 321 1429389499972165
04 noise 12 4 321 1429389509685148
04 noise 12 5 321 1429389521173779
01 structure_starts 21 -12 321 1429389521452307
02 structure_references 13 -4 321 1429389521597856
03 biomes 13 -4 321 1429389525676873
04 noise 12 6 321 1429389536219851
05 surface 12 4 321 1429389540655618
05 surface 12 5 321 1429389544248819
05 surface 12 6 321 1429389547993714
05 surface 12 7 321 1429389552379754
05 surface 12 8 321 1429389557502760
06 carvers 12 4 321 1429389559879324
06 carvers 12 5 321 1429389560342232
06 carvers 12 6 321 1429389560757370
06 carvers 12 7 321 1429389561312748
06 carvers 12 8 321 1429389561760851
07 features 11 5 322 1429389565113517
07 features 11 6 323 1429389569092522
07 features 11 7 324 1429389572356629
05 surface 12 9 324 1429389577503102
05 surface 12 10 324 1429389581872939
06 carvers 12 9 324 1429389582743163
06 carvers 12 10 324 1429389583298262
07 features 11 8 325 1429389586719373
07 features 11 9 326 1429389589518337
05 surface 12 11 326 1429389593393697
05 surface 12 12 326 1429389597110935
06 carvers 12 11 326 1429389597705705
06 carvers 12 12 326 1429389598062734
07 features 11 10 327 1429389600975679
07 features 11 11 328 1429389603539417
04 noise 12 14 328 1429389614328516
04 noise 12 15 328 1429389623944280
04 noise 12 -2 328 1429389634747348
04 noise 12 -1 328 1429389646557807
04 noise 12 0 328 1429389657479605
05 surface 12 -1 328 1429389664081573
05 surface 12 0 328 1429389669359907
05 surface 12 1 328 1429389674103814
05 surface 12 2 328 1429389677944532
05 surface 12 3 328 1429389681484094
06 carvers 12 -1 328 1429389682813874
06 carvers 12 0 328 1429389683793330
06 carvers 12 1 328 1429389684237801
06 carvers 12 2 328 1429389684656291
06 carvers 12 3 328 1429389684926437
07 features 11 0 329 1429389688359002
07 features 11 1 330 1429389691989358
07 features 11 2 331 1429389695218266
05 surface 11 16 331 1429389699079098
06 carvers 11 16 331 1429389699728623
07 features 10 15 332 1429389702460539
04 noise 11 18 332 1429389712295884
04 noise 12 16 332 1429389722615091
05 surface 11 17 332 1429389726438209
06 carvers 11 17 332 1429389727362909
07 features 10 16 333 1429389731053049
07 features 11 3 334 1429389733951467
07 features 11 4 335 1429389737938294
05 surface 12 13 335 1429389742822163
06 carvers 12 13 335 1429389743972591
07 features 11 12 336 1429389748441602
04 noise 12 -3 336 1429389758500440
05 surface 12 14 336 1429389762589514
06 carvers 12 14 336 1429389763584893
07 features 11 13 337 1429389766749547
05 surface 12 15 337 1429389770395547
06 carvers 12 15 337 1429389771240908
07 features 11 14 338 1429389773871973
05 surface 12 -2 338 1429389779058116
06 carvers 12 -2 338 1429389780222232
07 features 11 -1 339 1429389783581324
05 surface 11 18 339 1429389787884672
06 carvers 11 18 339 1429389788605156
07 features 10 17 340 1429389790883103
05 surface 12 16 340 1429389794262309
06 carvers 12 16 340 1429389795057942
07 features 11 15 341 1429389797652690
05 surface 12 -3 341 1429389802077841
06 carvers 12 -3 341 1429389803213462
07 features 11 -2 342 1429389807596987
01 structure_starts 21 -13 342 1429389807832493
01 structure_starts 22 -13 342 1429389807925801
01 structure_starts 22 -12 342 1429389807944798
01 structure_starts 22 -11 342 1429389807963236
01 structure_starts 22 -10 342 1429389810272751
01 structure_starts 22 -9 342 1429389810306275
01 structure_starts 22 -8 342 1429389810331139
01 structure_starts 22 -7 342 1429389810349856
01 structure_starts 22 -6 342 1429389810368015
01 structure_starts 22 -5 342 1429389810388408
01 structure_starts 22 -4 342 1429389810406567
01 structure_starts 22 -3 342 1429389810426402
01 structure_starts 22 -2 342 1429389810444561
01 structure_starts 22 -1 342 1429389810463558
01 structure_starts 22 0 342 1429389810482275
01 structure_starts 22 1 342 1429389810501272
01 structure_starts 22 2 342 1429389810519431
01 structure_starts 22 3 342 1429389810538148
01 structure_starts 22 4 342 1429389810566644
01 structure_starts 22 5 342 1429389810585082
01 structure_starts 22 6 342 1429389897634843
01 structure_starts 22 7 342 1429389897705243
01 structure_starts 22 8 342 1429389897728151
01 structure_starts 22 9 342 1429389897747706
02 structure_references 13 -5 342 1429389897924824
02 structure_references 14 -5 342 1429389897989358
02 structure_references 14 -4 342 1429389898085739
02 structure_references 14 -3 342 1429389898144964
02 structure_references 14 -2 342 1429389898233802
02 structure_references 14 -1 342 1429389898286882
02 structure_references 14 0 342 1429389898336888
02 structure_references 14 1 342 1429389898389130
03 biomes 13 -5 342 1429389901881479
03 biomes 14 -5 342 1429389905417130
03 biomes 14 -4 342 1429389910267755
03 biomes 14 -3 342 1429389916319372
03 biomes 14 -2 342 1429389921059089
03 biomes 14 -1 342 1429389924661788
03 biomes 14 0 342 1429389928790253
03 biomes 14 1 342 1429389932786019
01 structure_starts 22 10 342 1429389933186908
01 structure_starts 22 11 342 1429389935692259
01 structure_starts 22 12 342 1429389935726621
02 structure_references 14 2 342 1429389935907091
02 structure_references 14 3 342 1429389935974977
02 structure_references 14 4 342 1429389936091752
03 biomes 14 2 342 1429389939327364
03 biomes 14 3 342 1429389942530570
03 biomes 14 4 342 1429389945672595
01 structure_starts 22 13 342 1429389945973192
02 structure_references 14 5 342 1429389946157853
03 biomes 14 5 342 1429389949654951
01 structure_starts 21 26 342 1429389949856653
02 structure_references 13 18 342 1429389949959739
03 biomes 13 18 342 1429389953883150
01 structure_starts 20 28 342 1429389954166147
01 structure_starts 21 27 342 1429389954195201
01 structure_starts 21 28 342 1429389954214757
02 structure_references 12 20 342 1429389954325106
02 structure_references 13 19 342 1429389954373716
02 structure_references 13 20 342 1429389954412547
03 biomes 12 20 342 1429389957253416
03 biomes 13 19 342 1429389960191225
03 biomes 13 20 342 1429389963906229
04 noise 12 17 342 1429389973938806
04 noise 12 18 342 1429389982530136
04 noise 13 -3 342 1429389992806320
04 noise 13 -2 342 1429390003162961
04 noise 13 -1 342 1429390014460785
04 noise 13 0 342 1429390028761231
04 noise 13 1 342 1429390041727426
04 noise 12 -4 342 1429390051783470
01 structure_starts 22 14 342 1429390052093287
02 structure_references 14 6 342 1429390052230455
03 biomes 14 6 342 1429390055471934
01 structure_starts 22 15 342 1429390055675592
01 structure_starts 22 16 342 1429390055701573
02 structure_references 14 7 342 1429390055807732
02 structure_references 14 8 342 1429390055889306
03 biomes 14 7 342 1429390059381376
03 biomes 14 8 342 1429390062270296
01 structure_starts 22 17 342 1429390062459706
01 structure_starts 22 18 342 1429390062480658
01 structure_starts 22 19 342 1429390062499376
02 structure_references 14 9 342 1429390062597433
02 structure_references 14 10 342 1429390062652468
02 structure_references 14 11 342 1429390062703871
03 biomes 14 9 342 1429390065617654
03 biomes 14 10 342 1429390068444555
03 biomes 14 11 342 1429390071340179
01 structure_starts 22 20 342 1429390071496065
01 structure_starts 22 21 342 1429390071522326
02 structure_references 14 12 342 1429390071721513
02 structure_references 14 13 342 1429390071781298
03 biomes 14 12 342 1429390075244872
03 biomes 14 13 342 1429390077989360
01 structure_starts 22 22 342 1429390078232408
01 structure_starts 22 23 342 1429390078254757
02 structure_references 14 14 342 1429390078345551
02 structure_references 14 15 342 1429390078396675
03 biomes 14 14 342 1429390081207372
03 biomes 14 15 342 1429390083921130
01 structure_starts 22 24 342 1429390084149930
01 structure_starts 22 25 342 1429390084175352
01 structure_starts 22 26 342 1429390084194349
02 structure_references 14 16 342 1429390084279276
02 structure_references 14 17 342 1429390084330400
02 structure_references 14 18 342 1429390084375099
03 biomes 14 16 342 1429390087149758
03 biomes 14 17 342 1429390089883909
03 biomes 14 18 342 1429390092805514
04 noise 11 19 342 1429390101808909
04 noise 13 2 342 1429390111552342
04 noise 13 3 342 1429390120586467
04 noise 13 4 342 1429390129841570
04 noise 13 5 342 1429390141217896
04 noise 13 6 342 1429390152277700
05 surface 13 -2 342 1429390157217722
05 surface 13 -1 342 1429390161293666
05 surface 13 0 342 1429390165419058
05 surface 13 1 342 1429390168645451
05 surface 13 2 342 1429390172466055
06 carvers 13 -2 342 1429390173895848
06 carvers 13 -1 342 1429390174802669
06 carvers 13 0 342 1429390175995281
06 carvers 13 1 342 1429390176989822
06 carvers 13 2 342 1429390177351880
07 features 12 -1 343 1429390179968139
07 features 12 0 344 1429390182769896
07 features 12 1 345 1429390185650994
04 noise 13 7 345 1429390195421805
04 noise 13 8 345 1429390204773569
04 noise 13 9 345 1429390215461538
04 noise 13 10 345 1429390224973098
04 noise 13 11 345 1429390238485174
04 noise 13 12 345 1429390258983904
04 noise 13 13 345 1429390275690525
04 noise 13 14 345 1429390287652680
04 noise 13 15 345 1429390295641140
04 noise 13 16 345 1429390304412381
04 noise 13 -4 345 1429390314609225
05 surface 13 3 345 1429390318754173
06 carvers 13 3 345 1429390319276586
07 features 12 2 346 1429390322219144
05 surface 13 4 346 1429390326547914
06 carvers 13 4 346 1429390327281249
07 features 12 3 347 1429390331069726
05 surface 12 17 347 1429390336093557
06 carvers 12 17 347 1429390337462169
07 features 11 16 348 1429390341128005
04 noise 12 19 348 1429390352175517
05 surface 12 18 348 1429390356973900
06 carvers 12 18 348 1429390358167630
07 features 11 17 349 1429390361492639
05 surface 13 -3 349 1429390366563404
06 carvers 13 -3 349 1429390368415598
07 features 12 -2 350 1429390372459135
05 surface 12 -4 350 1429390377749202
06 carvers 12 -4 350 1429390379648888
07 features 11 -3 351 1429390383667283
05 surface 13 5 351 1429390387911964
06 carvers 13 5 351 1429390388499190
07 features 12 4 352 1429390391395374
05 surface 13 6 352 1429390395080485
05 surface 13 7 352 1429390398609990
06 carvers 13 6 352 1429390399297229
06 carvers 13 7 352 1429390399891999
07 features 12 5 353 1429390403142138
07 features 12 6 354 1429390406918323
05 surface 13 8 354 1429390410550914
05 surface 13 9 354 1429390415493170
05 surface 13 10 354 1429390419055361
06 carvers 13 8 354 1429390419670524
06 carvers 13 9 354 1429390420393522
06 carvers 13 10 354 1429390420925434
07 features 12 7 355 1429390430871408
07 features 12 8 356 1429390435175315
07 features 12 9 357 1429390438792261
05 surface 13 11 357 1429390443132764
05 surface 13 12 357 1429390447598423
06 carvers 13 11 357 1429390448457752
06 carvers 13 12 357 1429390448805003
07 features 12 10 358 1429390451688615
07 features 12 11 359 1429390454806894
05 surface 13 13 359 1429390459442128
05 surface 13 14 359 1429390463659151
06 carvers 13 13 359 1429390464798125
06 carvers 13 14 359 1429390465487599
07 features 12 12 360 1429390468820989
07 features 12 13 361 1429390472432069
04 noise 13 17 361 1429390481674600
05 surface 11 19 361 1429390486684743
06 carvers 11 19 361 1429390487913952
07 features 10 18 362 1429390498689921
05 surface 13 15 362 1429390502499629
06 carvers 13 15 362 1429390503422653
07 features 12 14 363 1429390506200665
05 surface 13 16 363 1429390509767884
06 carvers 13 16 363 1429390510886743
07 features 12 15 364 1429390522793305
05 surface 13 -4 364 1429390526863662
06 carvers 13 -4 364 1429390528098458
07 features 12 -3 365 1429390531965715
05 surface 12 19 365 1429390535553328
06 carvers 12 19 365 1429390536120720
07 features 11 18 366 1429390538772179
05 surface 13 17 366 1429390543079717
06 carvers 13 17 366 1429390544933866
07 features 12 16 367 1429390548700832
08 initialize_light 10 14 367 1429390550641026
08 initialize_light 11 5 367 1429390555176806
09 light 9 13 367 1429390555224298
08 initialize_light 11 6 367 1429390555246089
08 initialize_light 11 7 367 1429390555266482
08 initialize_light 11 8 367 1429390555286876
08 initialize_light 11 9 367 1429390555307549
08 initialize_light 11 10 367 1429390555327943
08 initialize_light 11 11 367 1429390555348057
08 initialize_light 11 0 367 1429390555367613
08 initialize_light 11 1 367 1429390555405048
08 initialize_light 11 2 367 1429390555426000
08 initialize_light 10 15 367 1429390555446673
08 initialize_light 10 16 367 1429390555467905
08 initialize_light 11 3 367 1429390555488019
08 initialize_light 11 4 367 1429390555507575
08 initialize_light 11 12 367 1429390555528248
08 initialize_light 11 13 367 1429390555548921
08 initialize_light 11 14 367 1429390555567918
08 initialize_light 11 -1 367 1429390555587753
08 initialize_light 10 17 367 1429390555608146
08 initialize_light 11 15 367 1429390555627423
08 initialize_light 11 -2 367 1429390555646140
08 initialize_light 12 -1 367 1429390555663740
08 initialize_light 12 0 367 1429390555683575
08 initialize_light 12 1 367 1429390555704248
08 initialize_light 12 2 367 1429390555724362
08 initialize_light 12 3 367 1429390555743918
08 initialize_light 11 16 367 1429390555763474
08 initialize_light 11 17 367 1429390555782471
08 initialize_light 12 -2 367 1429390555802026
08 initialize_light 11 -3 367 1429390555822699
08 initialize_light 12 4 367 1429390555842255
08 initialize_light 12 5 367 1429390555861531
08 initialize_light 12 6 367 1429390555881366
08 initialize_light 12 7 367 1429390555900922
08 initialize_light 12 8 367 1429390555920477
08 initialize_light 12 9 367 1429390555940871
08 initialize_light 12 10 367 1429390555960147
08 initialize_light 12 11 367 1429390555979982
08 initialize_light 12 12 367 1429390556043957
08 initialize_light 12 13 367 1429390556066306
08 initialize_light 10 18 367 1429390556085862
08 initialize_light 12 14 367 1429390556105417
08 initialize_light 12 15 367 1429390556125531
08 initialize_light 12 -3 367 1429390556151512
08 initialize_light 11 18 367 1429390556170509
08 initialize_light 12 16 367 1429390556190065
10 spawn 9 13 367 1429390556302370
11 full 9 13 367 1429390556520834
09 light 10 4 367 1429390588613795
09 light 10 5 367 1429390588681401
09 light 10 6 367 1429390588705985
09 light 10 7 367 1429390588727217
09 light 10 8 367 1429390588749008
09 light 10 9 367 1429390588769681
09 light 10 10 367 1429390588846227
09 light 10 -1 367 1429390588869973
09 light 10 0 367 1429390588892881
09 light 10 1 367 1429390588913554
09 light 9 14 367 1429390588933109
09 light 9 15 367 1429390588956017
09 light 10 2 367 1429390588978646
09 light 10 3 367 1429390589052399
09 light 10 11 367 1429390589077821
09 light 10 12 367 1429390589099891
09 light 10 13 367 1429390589121681
09 light 9 16 367 1429390589150735
09 light 10 14 367 1429390589173643
09 light 10 -2 367 1429390589195713
09 light 11 -2 367 1429390589218342
09 light 11 -1 367 1429390589258850
09 light 11 0 367 1429390589282316
09 light 11 1 367 1429390589303828
09 light 11 2 367 1429390589325618
09 light 10 15 367 1429390589345453
09 light 10 16 367 1429390589364729
09 light 11 3 367 1429390589386799
09 light 11 4 367 1429390589407472
09 light 11 5 367 1429390589430660
09 light 11 6 367 1429390589451891
09 light 11 7 367 1429390589471168
09 light 11 8 367 1429390589489606
09 light 11 9 367 1429390589511117
09 light 11 10 367 1429390589532349
09 light 11 11 367 1429390589553022
09 light 11 12 367 1429390589574533
09 light 9 17 367 1429390589592971
10 spawn 9 14 367 1429390589747460
10 spawn 10 4 367 1429390589829873
10 spawn 10 5 367 1429390589879879
10 spawn 10 6 367 1429390589923181
10 spawn 10 7 367 1429390589964248
11 full 9 14 367 1429390589980730
10 spawn 10 8 367 1429390590048616
10 spawn 10 9 367 1429390590216794
11 full 10 4 367 1429390590454535
11 full 10 5 367 1429390590514039
11 full 10 6 367 1429390590565722
11 full 10 7 367 1429390590668249
11 full 10 8 367 1429390590725519
09 light 11 13 367 1429390591383425
10 spawn 9 15 367 1429390591495451
10 spawn 10 10 367 1429390591566130
10 spawn 10 -1 367 1429390591608873
10 spawn 10 0 367 1429390591648822
10 spawn 10 1 367 1429390591688492
11 full 10 9 367 1429390591726486
10 spawn 10 2 367 1429390591728162
10 spawn 10 3 367 1429390591785712
10 spawn 10 11 367 1429390591980150
10 spawn 10 12 367 1429390592156988
10 spawn 10 13 367 1429390592213700
10 spawn 9 16 367 1429390592258957
10 spawn 10 14 367 1429390592318741
10 spawn 10 15 367 1429390592367630
11 full 9 15 367 1429390592390817
10 spawn 10 16 367 1429390592415402
11 full 10 10 367 1429390592818526
11 full 10 -1 367 1429390592897307
11 full 10 0 367 1429390592952901
11 full 10 1 367 1429390593220813
11 full 10 2 367 1429390593377257
11 full 10 3 367 1429390593862795
11 full 10 11 367 1429390594604790
11 full 10 12 367 1429390594888346
11 full 10 13 367 1429390595171064
09 light 11 14 367 1429390595352651
09 light 10 17 367 1429390595377236
11 full 9 16 367 1429390595382264
09 light 11 15 367 1429390595396233
11 full 10 14 367 1429390595456017
11 full 10 15 367 1429390595632855
10 spawn 11 -1 367 1429390595777287
10 spawn 11 0 367 1429390595867802
10 spawn 11 1 367 1429390595921440
10 spawn 11 2 367 1429390596044361
10 spawn 11 3 367 1429390596113085
10 spawn 11 4 367 1429390596161136
10 spawn 11 11 367 1429390596196894
10 spawn 11 10 367 1429390596237961
10 spawn 11 7 367 1429390596276234
10 spawn 11 6 367 1429390596311993
10 spawn 11 9 367 1429390596355574
10 spawn 11 12 367 1429390596391892
10 spawn 11 5 367 1429390596428209
10 spawn 11 8 367 1429390596468717
11 full 10 16 367 1429390596496374
10 spawn 11 13 367 1429390596510622
10 spawn 11 14 367 1429390596569289
10 spawn 11 15 367 1429390596614825
10 spawn 10 -2 367 1429390596927435
10 spawn 11 -2 367 1429390596968781
10 spawn 9 17 367 1429390597048401
10 spawn 10 17 367 1429390597742345
11 full 11 -1 367 1429390603883918
11 full 11 0 367 1429390604092883
11 full 11 1 367 1429390604420300
11 full 11 2 367 1429390604666700
11 full 11 3 367 1429390604847729
11 full 11 4 367 1429390605077088
11 full 11 11 367 1429390605332987
11 full 11 10 367 1429390605401991
11 full 11 7 367 1429390605468759
11 full 11 6 367 1429390605552289
11 full 11 9 367 1429390605620734
11 full 11 12 367 1429390605707617
11 full 11 5 367 1429390605783325
11 full 11 8 367 1429390606268862
11 full 11 13 367 1429390606744342
11 full 11 14 367 1429390607864878
11 full 11 15 367 1429390608128878
11 full 10 -2 367 1429390608868918
11 full 11 -2 367 1429390608953007
11 full 9 17 367 1429390609074251
11 full 10 17 367 1429390609162810
01 structure_starts 23 -11 367 1429390616363738
01 structure_starts 23 -10 367 1429390616427433
01 structure_starts 23 -9 367 1429390616446151
01 structure_starts 23 -8 367 1429390616465427
01 structure_starts 23 -7 367 1429390616483586
01 structure_starts 23 -6 367 1429390616506214
01 structure_starts 23 -5 367 1429390616524373
01 structure_starts 23 -4 367 1429390616542253
01 structure_starts 23 -3 367 1429390616563484
01 structure_starts 23 -2 367 1429390616581643
01 structure_starts 23 -1 367 1429390616600640
01 structure_starts 23 0 367 1429390616618240
01 structure_starts 23 1 367 1429390616639192
01 structure_starts 23 2 367 1429390616659027
01 structure_starts 23 3 367 1429390616677186
01 structure_starts 23 4 367 1429390616695904
01 structure_starts 23 5 367 1429390616713224
01 structure_starts 23 6 367 1429390616734456
01 structure_starts 23 7 367 1429390616751777
01 structure_starts 23 8 367 1429390616769935
01 structure_starts 23 9 367 1429390618945355
01 structure_starts 23 10 367 1429390618968822
01 structure_starts 23 11 367 1429390618987260
02 structure_references 15 -3 367 1429390619176949
02 structure_references 15 -2 367 1429390619227235
02 structure_references 15 -1 367 1429390619266626
02 structure_references 15 0 367 1429390619305458
02 structure_references 15 1 367 1429390619340658
02 structure_references 15 2 367 1429390619375299
02 structure_references 15 3 367 1429390619410499
03 biomes 15 -3 367 1429390622499444
03 biomes 15 -2 367 1429390625918321
03 biomes 15 -1 367 1429390630073046
03 biomes 15 0 367 1429390633644735
03 biomes 15 1 367 1429390637377618
03 biomes 15 2 367 1429390640234131
03 biomes 15 3 367 1429390644182405
04 noise 14 -2 367 1429390653589483
04 noise 14 -1 367 1429390666413760
04 noise 14 0 367 1429390678618685
04 noise 14 1 367 1429390691900284
04 noise 14 2 367 1429390705322124
05 surface 14 -2 367 1429390708878448
05 surface 14 -1 367 1429390713428196
05 surface 14 0 367 1429390717103810
05 surface 14 1 367 1429390720872451
05 surface 14 2 367 1429390725479190
06 carvers 14 -2 367 1429390727048945
06 carvers 14 -1 367 1429390727643156
06 carvers 14 0 367 1429390728557520
06 carvers 14 1 367 1429390729794830
06 carvers 14 2 367 1429390730651923
07 features 13 -1 368 1429390741723182
07 features 13 0 369 1429390743973192
07 features 13 1 370 1429390746095253
01 structure_starts 23 12 370 1429390746375457
02 structure_references 15 4 370 1429390746458429
03 biomes 15 4 370 1429390749958321
01 structure_starts 24 -11 370 1429390750167286
01 structure_starts 24 -10 370 1429390750190753
01 structure_starts 24 -9 370 1429390750209471
01 structure_starts 24 -8 370 1429390750236290
01 structure_starts 24 -7 370 1429390750254448
01 structure_starts 24 -6 370 1429390750278474
01 structure_starts 24 -5 370 1429390750297750
01 structure_starts 24 -4 370 1429390750329039
01 structure_starts 24 -3 370 1429390750347198
01 structure_starts 24 -2 370 1429390750365357
01 structure_starts 24 -1 370 1429390750385192
01 structure_starts 24 0 370 1429390750403071
01 structure_starts 24 1 370 1429390750422068
01 structure_starts 24 2 370 1429390750439668
01 structure_starts 24 3 370 1429390750466208
01 structure_starts 24 4 370 1429390750488277
01 structure_starts 24 5 370 1429390750511185
01 structure_starts 24 6 370 1429390750532417
01 structure_starts 24 7 370 1429390750618462
01 structure_starts 24 8 370 1429390750640252
01 structure_starts 24 9 370 1429390750661484
01 structure_starts 24 10 370 1429390750681878
01 structure_starts 24 11 370 1429390750704506
02 structure_references 16 -3 370 1429390750807592
02 structure_references 16 -2 370 1429390750864583
02 structure_references 16 -1 370 1429390750920177
02 structure_references 16 0 370 1429390750977167
02 structure_references 16 1 370 1429390751080812
02 structure_references 16 2 370 1429390751145345
02 structure_references 16 3 370 1429390751200380
03 biomes 16 -3 370 1429390755563792
03 biomes 16 -2 370 1429390758571721
03 biomes 16 -1 370 1429390761553390
03 biomes 16 0 370 1429390764820850
03 biomes 16 1 370 1429390767882138
03 biomes 16 2 370 1429390771319173
03 biomes 16 3 370 1429390774520423
01 structure_starts 23 13 370 1429390774798392
01 structure_starts 23 14 370 1429390774825491
01 structure_starts 23 15 370 1429390774844767
02 structure_references 15 5 370 1429390774959865
02 structure_references 15 6 370 1429390775060437
02 structure_references 15 7 370 1429390775107929
03 biomes 15 5 370 1429390778787733
03 biomes 15 6 370 1429390782539054
03 biomes 15 7 370 1429390785857638
01 structure_starts 23 16 370 1429390786173042
01 structure_starts 23 17 370 1429390786198464
02 structure_references 15 8 370 1429390786309931
02 structure_references 15 9 370 1429390786352394
03 biomes 15 8 370 1429390790091982
03 biomes 15 9 370 1429390793247137
01 structure_starts 23 18 370 1429390793496611
01 structure_starts 23 19 370 1429390793520357
02 structure_references 15 10 370 1429390793665348
02 structure_references 15 11 370 1429390793717868
03 biomes 15 10 370 1429390797880416
03 biomes 15 11 370 1429390801290632
04 noise 14 3 370 1429390813524330
04 noise 14 4 370 1429390823497682
04 noise 14 5 370 1429390834497702
04 noise 14 6 370 1429390847115529
04 noise 14 7 370 1429390858220311
01 structure_starts 23 20 370 1429390858515601
01 structure_starts 23 21 370 1429390858542978
01 structure_starts 23 22 370 1429390858565886
02 structure_references 15 12 370 1429390858686572
02 structure_references 15 13 370 1429390858733785
02 structure_references 15 14 370 1429390858792731
03 biomes 15 12 370 1429390862893818
03 biomes 15 13 370 1429390866301240
03 biomes 15 14 370 1429390869105233
01 structure_starts 23 23 370 1429390869383481
02 structure_references 15 15 370 1429390869497742
03 biomes 15 15 370 1429390872819678
01 structure_starts 23 24 370 1429390872956846
01 structure_starts 23 25 370 1429390872980872
02 structure_references 15 16 370 1429390873111335
02 structure_references 15 17 370 1429390873179501
03 biomes 15 16 370 1429390877350988
03 biomes 15 17 370 1429390880806461
01 structure_starts 23 26 370 1429390881043642
02 structure_references 15 18 370 1429390881131642
03 biomes 15 18 370 1429390885279383
01 structure_starts 22 27 370 1429390885360958
01 structure_starts 23 27 370 1429390885479968
02 structure_references 14 19 370 1429390885682229
02 structure_references 15 19 370 1429390885737543
03 biomes 14 19 370 1429390889653131
03 biomes 15 19 370 1429390893311144
01 structure_starts 23 -12 370 1429390893531284
01 structure_starts 24 -12 370 1429390893560618
02 structure_references 15 -4 370 1429390893680466
02 structure_references 16 -4 370 1429390893721532
03 biomes 15 -4 370 1429390898453706
03 biomes 16 -4 370 1429390901582321
01 structure_starts 24 12 370 1429390901784861
02 structure_references 16 4 370 1429390901874538
03 biomes 16 4 370 1429390905278049
04 noise 13 18 370 1429390916696559
04 noise 14 8 370 1429390927288147
04 noise 14 9 370 1429390938736828
04 noise 14 10 370 1429390948382763
04 noise 14 11 370 1429390962359983
04 noise 14 12 370 1429390989513201
04 noise 14 13 370 1429391013768281
04 noise 14 14 370 1429391027889373
04 noise 14 15 370 1429391037706560
04 noise 14 -3 370 1429391047795290
05 surface 14 3 370 1429391052795654
06 carvers 14 3 370 1429391053508316
07 features 13 2 371 1429391065618815
04 noise 15 -2 371 1429391076835623
04 noise 15 -1 371 1429391087436709
04 noise 15 0 371 1429391099841100
04 noise 15 1 371 1429391111868906
04 noise 15 2 371 1429391121587477
05 surface 14 4 371 1429391124904943
05 surface 14 5 371 1429391127990257
05 surface 14 6 371 1429391131061602
06 carvers 14 4 371 1429391131649108
06 carvers 14 5 371 1429391131868130
06 carvers 14 6 371 1429391132113413
07 features 13 3 372 1429391134452262
07 features 13 4 373 1429391142546601
07 features 13 5 374 1429391144963113
05 surface 14 7 374 1429391148186992
05 surface 14 8 374 1429391151287950
06 carvers 14 7 374 1429391151870986
06 carvers 14 8 374 1429391152350098
07 features 13 6 375 1429391154570496
07 features 13 7 376 1429391156927224
05 surface 14 9 376 1429391161340363
05 surface 14 10 376 1429391164570946
06 carvers 14 9 376 1429391165150909
06 carvers 14 10 376 1429391165961628
07 features 13 8 377 1429391176694575
07 features 13 9 378 1429391179322008
05 surface 14 11 378 1429391183392645
05 surface 14 12 378 1429391186798111
05 surface 14 13 378 1429391191201192
06 carvers 14 11 378 1429391192102984
06 carvers 14 12 378 1429391192614782
06 carvers 14 13 378 1429391193276599
07 features 13 10 379 1429391195664337
07 features 13 11 380 1429391197934183
07 features 13 12 381 1429391238051361
05 surface 14 14 381 1429391241871686
06 carvers 14 14 381 1429391242977135
07 features 13 13 382 1429391256649567
04 noise 14 16 382 1429391280147845
04 noise 14 17 382 1429391290353071
04 noise 14 18 382 1429391299105595
04 noise 15 -3 382 1429391308555695
04 noise 15 3 382 1429391319187232
05 surface 13 18 382 1429391323159531
06 carvers 13 18 382 1429391324252689
07 features 12 17 383 1429391327620162
05 surface 14 15 383 1429391331829084
06 carvers 14 15 383 1429391333295474
07 features 13 14 384 1429391335806691
05 surface 14 -3 384 1429391339719485
06 carvers 14 -3 384 1429391340809011
07 features 13 -2 385 1429391343493435
05 surface 15 -2 385 1429391346610317
05 surface 15 -1 385 1429391349821904
05 surface 15 0 385 1429391352937110
05 surface 15 1 385 1429391356315199
05 surface 15 2 385 1429391359416436
06 carvers 15 -2 385 1429391360690343
06 carvers 15 -1 385 1429391361540732
06 carvers 15 0 385 1429391362757649
06 carvers 15 1 385 1429391363179770
06 carvers 15 2 385 1429391363393764
07 features 14 -1 386 1429391365837375
07 features 14 0 387 1429391368760377
07 features 14 1 388 1429391371093080
05 surface 14 16 388 1429391375178522
06 carvers 14 16 388 1429391376987973
07 features 13 15 389 1429391379432143
05 surface 14 17 389 1429391382626968
06 carvers 14 17 389 1429391384255390
07 features 13 16 390 1429391387619231
05 surface 14 18 390 1429391390992850
06 carvers 14 18 390 1429391392258655
07 features 13 17 391 1429391394926038
05 surface 15 -3 391 1429391399352027
06 carvers 15 -3 391 1429391400340702
07 features 14 -2 392 1429391402661951
05 surface 15 3 392 1429391405877449
06 carvers 15 3 392 1429391406186148
07 features 14 2 393 1429391408287256
01 structure_starts 25 -12 393 1429391408453199
01 structure_starts 25 -11 393 1429391408473314
01 structure_starts 25 -10 393 1429391408493149
01 structure_starts 25 -9 393 1429391408513263
01 structure_starts 25 -8 393 1429391408531981
01 structure_starts 25 -7 393 1429391409932999
01 structure_starts 25 -6 393 1429391409957024
01 structure_starts 25 -5 393 1429391409975183
01 structure_starts 25 -4 393 1429391410051171
01 structure_starts 25 -3 393 1429391410077710
01 structure_starts 25 -2 393 1429391410101456
01 structure_starts 25 -1 393 1429391410124085
01 structure_starts 25 0 393 1429391410152022
01 structure_starts 25 1 393 1429391410173812
01 structure_starts 25 2 393 1429391410191692
01 structure_starts 25 3 393 1429391410211527
01 structure_starts 25 4 393 1429391410229127
01 structure_starts 25 5 393 1429391410248123
01 structure_starts 25 6 393 1429391410265723
01 structure_starts 25 7 393 1429391410284720
01 structure_starts 25 8 393 1429391410302600
01 structure_starts 25 9 393 1429391410321317
01 structure_starts 25 10 393 1429391410339755
02 structure_references 17 -4 393 1429391410460721
02 structure_references 17 -3 393 1429391410502067
02 structure_references 17 -2 393 1429391410540899
02 structure_references 17 -1 393 1429391410578054
02 structure_references 17 0 393 1429391410614930
02 structure_references 17 1 393 1429391410647616
02 structure_references 17 2 393 1429391410680861
03 biomes 17 -4 393 1429391414279369
03 biomes 17 -3 393 1429391417918106
03 biomes 17 -2 393 1429391421913034
03 biomes 17 -1 393 1429391424755020
03 biomes 17 0 393 1429391427543089
03 biomes 17 1 393 1429391430283665
03 biomes 17 2 393 1429391433061956
01 structure_starts 23 -13 393 1429391433283493
01 structure_starts 24 -13 393 1429391433314782
02 structure_references 15 -5 393 1429391433427925
02 structure_references 16 -5 393 1429391433467315
03 biomes 15 -5 393 1429391436681417
03 biomes 16 -5 393 1429391439787962
01 structure_starts 25 11 393 1429391440073474
01 structure_starts 25 12 393 1429391440096102
02 structure_references 17 3 393 1429391440181588
02 structure_references 17 4 393 1429391440219861
03 biomes 17 3 393 1429391442957085
03 biomes 17 4 393 1429391445719732
01 structure_starts 24 13 393 1429391445913891
01 structure_starts 24 14 393 1429391445937078
01 structure_starts 24 15 393 1429391445956354
01 structure_starts 24 16 393 1429391445987085
02 structure_references 16 5 393 1429391446095758
02 structure_references 16 6 393 1429391446147720
02 structure_references 16 7 393 1429391446186552
02 structure_references 16 8 393 1429391446239631
03 biomes 16 5 393 1429391449457364
03 biomes 16 6 393 1429391454297373
03 biomes 16 7 393 1429391457936948
03 biomes 16 8 393 1429391461237652
01 structure_starts 24 17 393 1429391461571774
01 structure_starts 24 18 393 1429391461599990
02 structure_references 16 9 393 1429391461755596
02 structure_references 16 10 393 1429391461819571
03 biomes 16 9 393 1429391465444339
03 biomes 16 10 393 1429391469163813
01 structure_starts 24 19 393 1429391469340651
01 structure_starts 24 20 393 1429391469361324
02 structure_references 16 11 393 1429391469426417
02 structure_references 16 12 393 1429391469468042
03 biomes 16 11 393 1429391473069065
03 biomes 16 12 393 1429391475771647
04 noise 15 4 393 1429391487413929
04 noise 15 5 393 1429391499730041
04 noise 15 6 393 1429391510837896
04 noise 15 7 393 1429391522563150
04 noise 15 8 393 1429391533133506
01 structure_starts 24 21 393 1429391533407843
01 structure_starts 24 22 393 1429391533435220
01 structure_starts 24 23 393 1429391533457011
02 structure_references 16 13 393 1429391533584402
02 structure_references 16 14 393 1429391533640275
02 structure_references 16 15 393 1429391533697545
03 biomes 16 13 393 1429391537276777
03 biomes 16 14 393 1429391540774993
03 biomes 16 15 393 1429391544676892
01 structure_starts 24 24 393 1429391544981959
02 structure_references 16 16 393 1429391545158239
03 biomes 16 16 393 1429391548349711
01 structure_starts 24 25 393 1429391548500289
01 structure_starts 24 26 393 1429391548533255
02 structure_references 16 17 393 1429391548622652
02 structure_references 16 18 393 1429391548661204
03 biomes 16 17 393 1429391552313071
03 biomes 16 18 393 1429391555508734
01 structure_starts 24 27 393 1429391559825212
02 structure_references 16 19 393 1429391559947295
03 biomes 16 19 393 1429391563336837
01 structure_starts 22 28 393 1429391563472609
01 structure_starts 23 28 393 1429391563496076
01 structure_starts 24 28 393 1429391563517308
02 structure_references 14 20 393 1429391563570666
02 structure_references 15 20 393 1429391563603632
02 structure_references 16 20 393 1429391563635200
03 biomes 14 20 393 1429391566675815
03 biomes 15 20 393 1429391570117879
03 biomes 16 20 393 1429391574214496
01 structure_starts 25 -13 393 1429391574495258
02 structure_references 17 -5 393 1429391574682712
03 biomes 17 -5 393 1429391578952815
04 noise 16 -2 393 1429391591523708
04 noise 16 -1 393 1429391604167516
04 noise 16 0 393 1429391613490225
04 noise 16 1 393 1429391624550309
04 noise 16 2 393 1429391634051533
01 structure_starts 25 13 393 1429391634317489
02 structure_references 17 5 393 1429391634416384
03 biomes 17 5 393 1429391637674346
05 surface 15 4 393 1429391641236816
06 carvers 15 4 393 1429391641558366
07 features 14 3 394 1429391643951411
04 noise 13 19 394 1429391652945587
04 noise 14 19 394 1429391663209199
04 noise 14 -4 394 1429391675645438
05 surface 13 19 394 1429391680768165
06 carvers 13 19 394 1429391681545919
07 features 12 18 395 1429391684697163
04 noise 15 9 395 1429391695067214
04 noise 15 10 395 1429391706303577
04 noise 15 11 395 1429391739063104
04 noise 15 12 395 1429391771089017
04 noise 15 13 395 1429391811518247
04 noise 15 14 395 1429391836204109
04 noise 15 15 395 1429391857840415
04 noise 15 16 395 1429391882095216
04 noise 16 -3 395 1429391896733693
04 noise 15 -4 395 1429391911547892
04 noise 16 3 395 1429391927360823
05 surface 15 5 395 1429391931759993
05 surface 15 6 395 1429391936052166
05 surface 15 7 395 1429391939652071
06 carvers 15 5 395 1429391940385406
06 carvers 15 6 395 1429391940662257
06 carvers 15 7 395 1429391941197801
07 features 14 4 396 1429391944744347
07 features 14 5 397 1429391948736761
07 features 14 6 398 1429391952938419
05 surface 15 8 398 1429391958407280
05 surface 15 9 398 1429391963462401
06 carvers 15 8 398 1429391964218923
06 carvers 15 9 398 1429391964768714
07 features 14 7 399 1429391984978021
07 features 14 8 400 1429391987764693
05 surface 15 10 400 1429391992187330
05 surface 15 11 400 1429391996626728
06 carvers 15 10 400 1429391997433816
06 carvers 15 11 400 1429391997781067
07 features 14 9 401 1429392000389783
07 features 14 10 402 1429392002731984
05 surface 15 12 402 1429392006928055
05 surface 15 13 402 1429392010873815
05 surface 15 14 402 1429392014611447
06 carvers 15 12 402 1429392015335004
06 carvers 15 13 402 1429392015899323
06 carvers 15 14 402 1429392016741331
07 features 14 11 403 1429392019529399
07 features 14 12 404 1429392033693235
07 features 14 13 405 1429392046814478
05 surface 15 15 405 1429392052802680
06 carvers 15 15 405 1429392054224930
07 features 14 14 406 1429392057630396
04 noise 15 17 406 1429392072218309
04 noise 15 18 406 1429392083618101
04 noise 15 19 406 1429392094605550
04 noise 16 -4 406 1429392104448438
05 surface 16 -2 406 1429392108239988
05 surface 16 -1 406 1429392111783461
05 surface 16 0 406 1429392115541208
05 surface 16 1 406 1429392119777228
05 surface 16 2 406 1429392124526444
06 carvers 16 -2 406 1429392126143691
06 carvers 16 -1 406 1429392126587603
06 carvers 16 0 406 1429392127698640
06 carvers 16 1 406 1429392129264484
06 carvers 16 2 406 1429392129616764
07 features 15 -1 407 1429392133439044
07 features 15 0 408 1429392143333615
07 features 15 1 409 1429392145468247
04 noise 16 4 409 1429392156699582
05 surface 14 19 409 1429392160200313
06 carvers 14 19 409 1429392161707769
07 features 13 18 410 1429392164277933
05 surface 14 -4 410 1429392168199946
06 carvers 14 -4 410 1429392169565485
07 features 13 -3 411 1429392180802128
05 surface 15 16 411 1429392186099459
06 carvers 15 16 411 1429392188062561
07 features 14 15 412 1429392191339519
05 surface 16 -3 412 1429392197458743
06 carvers 16 -3 412 1429392198635710
07 features 15 -2 413 1429392202280035
05 surface 15 -4 413 1429392206680881
06 carvers 15 -4 413 1429392207777670
07 features 14 -3 414 1429392210718831
05 surface 16 3 414 1429392214583295
06 carvers 16 3 414 1429392215161303
07 features 15 2 415 1429392217641231
05 surface 15 17 415 1429392221111231
06 carvers 15 17 415 1429392222872352
07 features 14 16 416 1429392227222633
05 surface 15 18 416 1429392233094618
06 carvers 15 18 416 1429392235250762
07 features 14 17 417 1429392249131321
05 surface 15 19 417 1429392254968944
06 carvers 15 19 417 1429392256807449
07 features 14 18 418 1429392261500512
05 surface 16 -4 418 1429392269115180
06 carvers 16 -4 418 1429392270484351
07 features 15 -3 419 1429392273602630
05 surface 16 4 419 1429392277278243
06 carvers 16 4 419 1429392277808479
07 features 15 3 420 1429392280390096
08 initialize_light 13 -1 420 1429392283316171
08 initialize_light 13 0 420 1429392283351371
08 initialize_light 13 1 420 1429392283372882
08 initialize_light 13 2 420 1429392283403054
08 initialize_light 13 3 420 1429392283423168
08 initialize_light 13 4 420 1429392283443003
08 initialize_light 13 5 420 1429392283463118
08 initialize_light 13 6 420 1429392283482394
08 initialize_light 13 7 420 1429392283501670
08 initialize_light 13 8 420 1429392283520946
08 initialize_light 13 9 420 1429392283542178
08 initialize_light 13 10 420 1429392283562013
08 initialize_light 13 11 420 1429392283582127
08 initialize_light 13 12 420 1429392283601404
08 initialize_light 13 13 420 1429392283621518
08 initialize_light 12 17 420 1429392283640515
08 initialize_light 13 14 420 1429392283660070
08 initialize_light 13 -2 420 1429392283679347
08 initialize_light 14 -1 420 1429392283696947
08 initialize_light 14 0 420 1429392283716223
08 initialize_light 14 1 420 1429392283735499
08 initialize_light 13 15 420 1429392283754496
08 initialize_light 13 16 420 1429392283774051
08 initialize_light 13 17 420 1429392283793328
08 initialize_light 14 -2 420 1429392283812045
08 initialize_light 14 2 420 1429392284386980
08 initialize_light 14 3 420 1429392284412402
08 initialize_light 12 18 420 1429392284432516
08 initialize_light 14 4 420 1429392284452351
08 initialize_light 14 5 420 1429392284472186
08 initialize_light 14 6 420 1429392284491742
08 initialize_light 14 7 420 1429392284511018
08 initialize_light 14 8 420 1429392284530015
08 initialize_light 14 9 420 1429392284549012
09 light 12 0 420 1429392292073445
09 light 12 -1 420 1429392292108924
09 light 12 1 420 1429392292130156
09 light 12 2 420 1429392292161165
09 light 12 3 420 1429392292181559
09 light 12 4 420 1429392292201953
09 light 12 5 420 1429392292222067
10 spawn 12 0 420 1429392292308670
10 spawn 12 -1 420 1429392292371528
11 full 12 0 420 1429392292473496
11 full 12 -1 420 1429392292815719
09 light 12 6 420 1429392295197311
09 light 12 7 420 1429392295223012
09 light 12 8 420 1429392295242289
10 spawn 12 1 420 1429392295298441
10 spawn 12 2 420 1429392295382809
11 full 12 1 420 1429392295394543
10 spawn 12 3 420 1429392295418848
11 full 12 2 420 1429392295570264
11 full 12 3 420 1429392296336005
09 light 12 9 420 1429392296567599
10 spawn 12 4 420 1429392296632412
10 spawn 12 5 420 1429392296689682
10 spawn 12 6 420 1429392296738012
10 spawn 12 7 420 1429392296774609
10 spawn 12 8 420 1429392296810088
10 spawn 12 9 420 1429392296860933
11 full 12 4 420 1429392297761607
11 full 12 5 420 1429392297972528
11 full 12 6 420 1429392298235132
11 full 12 7 420 1429392298417558
09 light 12 10 420 1429392298594396
11 full 12 8 420 1429392298636022
10 spawn 12 10 420 1429392298771235
11 full 12 9 420 1429392298855324
11 full 12 10 420 1429392300299085
09 light 12 11 420 1429392311759779
09 light 12 12 420 1429392311831018
09 light 11 16 420 1429392311854205
09 light 12 13 420 1429392311875716
09 light 13 -1 420 1429392311897227
09 light 13 0 420 1429392311915945
09 light 12 14 420 1429392311934103
09 light 12 15 420 1429392311951983
09 light 12 16 420 1429392311969862
09 light 13 1 420 1429392311987742
09 light 13 3 420 1429392312055907
09 light 13 4 420 1429392312081329
09 light 13 5 420 1429392312101723
10 spawn 12 11 420 1429392312258726
10 spawn 12 12 420 1429392312305939
10 spawn 11 16 420 1429392312340860
10 spawn 12 13 420 1429392312374942
11 full 12 11 420 1429392312386676
10 spawn 13 -1 420 1429392312413495
10 spawn 13 0 420 1429392312448695
11 full 12 12 420 1429392312758511
11 full 11 16 420 1429392312933115
11 full 12 13 420 1429392313109953
11 full 13 -1 420 1429392313321433
11 full 13 0 420 1429392313574259
09 light 13 6 420 1429392314169308
10 spawn 12 14 420 1429392314254514
10 spawn 12 15 420 1429392314338603
10 spawn 12 16 420 1429392314384419
10 spawn 13 1 420 1429392314428279
10 spawn 13 3 420 1429392314469067
10 spawn 13 4 420 1429392314510972
10 spawn 13 5 420 1429392314551759
11 full 12 14 420 1429392314642832
10 spawn 13 6 420 1429392314659035
11 full 12 15 420 1429392314812966
11 full 12 16 420 1429392315312472
11 full 13 1 420 1429392315370300
11 full 13 3 420 1429392315578148
11 full 13 4 420 1429392315639888
11 full 13 5 420 1429392315695482
11 full 13 6 420 1429392316397248
09 light 13 7 420 1429392319630905
09 light 13 8 420 1429392319664988
09 light 13 2 420 1429392319685102
09 light 11 17 420 1429392319703261
08 initialize_light 14 10 420 1429392319726448
08 initialize_light 14 11 420 1429392319747959
10 spawn 13 2 420 1429392319885407
10 spawn 13 7 420 1429392319965585
11 full 13 2 420 1429392319989610
10 spawn 13 8 420 1429392320054144
08 initialize_light 14 17 420 1429392320428214
11 full 13 7 420 1429392320655059
11 full 13 8 420 1429392320926044
09 light 13 9 420 1429392322967927
09 light 13 10 420 1429392323055368
08 initialize_light 14 12 420 1429392323082467
08 initialize_light 14 13 420 1429392323106213
08 initialize_light 14 14 420 1429392323126607
08 initialize_light 15 -1 420 1429392323154543
08 initialize_light 15 0 420 1429392323181642
08 initialize_light 15 1 420 1429392323206226
08 initialize_light 13 18 420 1429392323231369
08 initialize_light 13 -3 420 1429392323254277
08 initialize_light 14 15 420 1429392323278581
08 initialize_light 15 -2 420 1429392323302328
08 initialize_light 14 -3 420 1429392323325515
08 initialize_light 15 2 420 1429392323350099
08 initialize_light 14 16 420 1429392323375801
08 initialize_light 14 18 420 1429392323402620
08 initialize_light 15 -3 420 1429392323428042
08 initialize_light 15 3 420 1429392323451229
10 spawn 13 9 420 1429392323574988
10 spawn 13 10 420 1429392323614100
11 full 13 9 420 1429392323986773
11 full 13 10 420 1429392324250774
09 light 13 11 420 1429392331729949
09 light 13 12 420 1429392331767105
09 light 13 13 420 1429392331785264
09 light 14 -1 420 1429392331803702
09 light 14 0 420 1429392331822419
10 spawn 13 11 420 1429392331917124
10 spawn 13 12 420 1429392331960147
10 spawn 13 13 420 1429392331993950
11 full 13 11 420 1429392332068541
10 spawn 14 -1 420 1429392332089493
10 spawn 14 0 420 1429392332130280
11 full 13 12 420 1429392332886802
11 full 13 13 420 1429392333129571
09 light 13 14 420 1429392333166447
10 spawn 13 14 420 1429392333252771
11 full 14 -1 420 1429392333318981
11 full 14 0 420 1429392333492188
11 full 13 14 420 1429392334165459
09 light 14 1 420 1429392338443663
09 light 13 16 420 1429392338471879
09 light 13 15 420 1429392338490038
09 light 14 2 420 1429392338507638
10 spawn 13 15 420 1429392338575524
10 spawn 14 1 420 1429392338634191
10 spawn 13 16 420 1429392338669670
11 full 13 15 420 1429392338685315
10 spawn 14 2 420 1429392338703473
10 spawn 11 17 420 1429392338837010
11 full 14 1 420 1429392339290421
11 full 13 16 420 1429392339515310
11 full 14 2 420 1429392340070130
11 full 11 17 420 1429392340259819
09 light 14 -2 420 1429392343203774
09 light 12 17 420 1429392343237298
09 light 12 -2 420 1429392343268866
10 spawn 14 -2 420 1429392344251674
10 spawn 12 17 420 1429392344298328
10 spawn 12 -2 420 1429392344341350
11 full 14 -2 420 1429392344393871
11 full 12 17 420 1429392344473490
11 full 12 -2 420 1429392344549757
09 light 13 -2 420 1429392345213530
09 light 13 17 420 1429392346957889
10 spawn 13 -2 420 1429392347122994
10 spawn 13 17 420 1429392347187807
11 full 13 -2 420 1429392347298156
11 full 13 17 420 1429392347376937
01 structure_starts 25 14 420 1429392348824051
01 structure_starts 25 15 420 1429392348854781
02 structure_references 17 6 420 1429392348958984
02 structure_references 17 7 420 1429392349059277
03 biomes 17 6 420 1429392352396857
03 biomes 17 7 420 1429392355959886
04 noise 16 5 420 1429392367389012
05 surface 16 5 420 1429392370440802
06 carvers 16 5 420 1429392371411877
07 features 15 4 421 1429392373626966
01 structure_starts 26 -7 421 1429392373826154
01 structure_starts 26 -6 421 1429392373846548
01 structure_starts 26 -5 421 1429392373864986
01 structure_starts 26 -4 421 1429392373882865
01 structure_starts 26 -3 421 1429392373902141
01 structure_starts 26 -2 421 1429392373920580
01 structure_starts 26 -1 421 1429392373940135
01 structure_starts 26 0 421 1429392373958573
01 structure_starts 26 1 421 1429392373977850
01 structure_starts 26 2 421 1429392373995729
01 structure_starts 26 3 421 1429392374067526
01 structure_starts 26 4 421 1429392374089037
01 structure_starts 26 5 421 1429392374108313
01 structure_starts 26 6 421 1429392374126193
01 structure_starts 26 7 421 1429392374151336
01 structure_starts 26 8 421 1429392374169494
01 structure_starts 26 9 421 1429392374188212
01 structure_starts 26 10 421 1429392374206091
01 structure_starts 26 11 421 1429392374226764
01 structure_starts 26 12 421 1429392374244923
01 structure_starts 26 13 421 1429392374268948
01 structure_starts 26 14 421 1429392374289342
01 structure_starts 26 15 421 1429392374306942
02 structure_references 18 1 421 1429392374377901
02 structure_references 18 2 421 1429392374414219
02 structure_references 18 3 421 1429392374448860
02 structure_references 18 4 421 1429392374484339
02 structure_references 18 5 421 1429392374519260
02 structure_references 18 6 421 1429392374555298
02 structure_references 18 7 421 1429392374591616
03 biomes 18 1 421 1429392377668269
03 biomes 18 2 421 1429392380688490
03 biomes 18 3 421 1429392383355873
03 biomes 18 4 421 1429392386728375
03 biomes 18 5 421 1429392389722615
03 biomes 18 6 421 1429392392667687
03 biomes 18 7 421 1429392395910284
08 initialize_light 15 4 421 1429392396281281
01 structure_starts 25 16 421 1429392396593332
01 structure_starts 25 17 421 1429392396620990
02 structure_references 17 8 421 1429392396769892
02 structure_references 17 9 421 1429392396838336
03 biomes 17 8 421 1429392400083167
03 biomes 17 9 421 1429392402693560
04 noise 16 6 421 1429392413524284
04 noise 16 7 421 1429392423595973
01 structure_starts 25 18 421 1429392423851313
01 structure_starts 25 19 421 1429392423873941
02 structure_references 17 10 421 1429392423992113
02 structure_references 17 11 421 1429392424076202
03 biomes 17 10 421 1429392427306786
03 biomes 17 11 421 1429392430125026
04 noise 16 8 421 1429392440483064
04 noise 16 9 421 1429392451932025
01 structure_starts 25 20 421 1429392452247987
01 structure_starts 25 21 421 1429392452271733
01 structure_starts 25 22 421 1429392452290451
01 structure_starts 25 23 421 1429392452308610
02 structure_references 17 12 421 1429392452420635
02 structure_references 17 13 421 1429392452464216
02 structure_references 17 14 421 1429392452507797
02 structure_references 17 15 421 1429392452550540
03 biomes 17 12 421 1429392455315422
03 biomes 17 13 421 1429392458143998
03 biomes 17 14 421 1429392460794060
03 biomes 17 15 421 1429392463466751
04 noise 16 10 421 1429392477377202
04 noise 16 11 421 1429392496291091
04 noise 16 12 421 1429392532534307
04 noise 16 13 421 1429392577334491
05 surface 16 8 421 1429392581913852
05 surface 16 9 421 1429392585366810
05 surface 16 10 421 1429392590135860
05 surface 16 11 421 1429392594668008
05 surface 16 12 421 1429392598442796
06 carvers 16 8 421 1429392599250442
06 carvers 16 9 421 1429392599815040
06 carvers 16 10 421 1429392600366228
06 carvers 16 11 421 1429392600916858
06 carvers 16 12 421 1429392601399322
07 features 15 9 422 1429392603898806
07 features 15 10 423 1429392605958569
07 features 15 11 424 1429392609496455
05 surface 16 7 424 1429392613883612
06 carvers 16 7 424 1429392614475867
07 features 15 8 425 1429392616658271
01 structure_starts 25 24 425 1429392616862767
01 structure_starts 25 25 425 1429392616882881
02 structure_references 17 16 425 1429392616981777
02 structure_references 17 17 425 1429392617072291
03 biomes 17 16 425 1429392619991103
03 biomes 17 17 425 1429392623439033
04 noise 16 14 425 1429392649457468
04 noise 16 15 425 1429392674167634
01 structure_starts 25 26 425 1429392676823563
01 structure_starts 25 27 425 1429392676859881
02 structure_references 17 18 425 1429392676979449
02 structure_references 17 19 425 1429392677085329
03 biomes 17 18 425 1429392679813892
03 biomes 17 19 425 1429392682623193
04 noise 16 16 425 1429392705899655
04 noise 16 17 425 1429392721562287
01 structure_starts 26 -11 425 1429392721930770
01 structure_starts 26 -10 425 1429392721964294
01 structure_starts 26 -9 425 1429392721989437
01 structure_starts 26 -8 425 1429392722082186
02 structure_references 18 -3 425 1429392722260701
02 structure_references 18 -2 425 1429392722325793
02 structure_references 18 -1 425 1429392722385577
02 structure_references 18 0 425 1429392722448434
03 biomes 18 -3 425 1429392726949852
03 biomes 18 -2 425 1429392731133911
03 biomes 18 -1 425 1429392734152177
03 biomes 18 0 425 1429392737352309
04 noise 17 -1 425 1429392749368662
04 noise 17 0 425 1429392759685354
04 noise 17 1 425 1429392769719328
04 noise 17 2 425 1429392781274168
04 noise 17 3 425 1429392793891995
04 noise 17 4 425 1429392804331607
01 structure_starts 26 -12 425 1429392804551468
02 structure_references 18 -4 425 1429392804666567
03 biomes 18 -4 425 1429392808471526
04 noise 17 5 425 1429392817974426
05 surface 16 6 425 1429392821497226
06 carvers 16 6 425 1429392822117697
07 features 15 5 426 1429392825172560
04 noise 17 6 426 1429392835158483
07 features 15 6 427 1429392837883136
07 features 15 7 428 1429392840749427
05 surface 16 13 428 1429392845672407
05 surface 16 14 428 1429392849974079
06 carvers 16 13 428 1429392850913306
06 carvers 16 14 428 1429392851403872
07 features 15 12 429 1429392855284539
07 features 15 13 430 1429392865379136
05 surface 16 15 430 1429392869498102
05 surface 16 16 430 1429392873384077
06 carvers 16 15 430 1429392874710505
06 carvers 16 16 430 1429392875986927
07 features 15 14 431 1429392890587690
07 features 15 15 432 1429392894818403
04 noise 16 18 432 1429392903567854
05 surface 16 17 432 1429392908323215
06 carvers 16 17 432 1429392910091599
07 features 15 16 433 1429392916578189
04 noise 17 -2 433 1429392932072084
05 surface 17 -1 433 1429392937177770
05 surface 17 0 433 1429392941274945
05 surface 17 1 433 1429392944720361
05 surface 17 2 433 1429392948264952
05 surface 17 3 433 1429392951946152
06 carvers 17 -1 433 1429392954214880
06 carvers 17 0 433 1429392954686449
06 carvers 17 1 433 1429392955905042
06 carvers 17 2 433 1429392956396446
06 carvers 17 3 433 1429392956634466
07 features 16 0 434 1429392967150904
07 features 16 1 435 1429392969456788
07 features 16 2 436 1429392971940348
05 surface 17 4 436 1429392976662465
06 carvers 17 4 436 1429392977306682
07 features 16 3 437 1429392979763981
04 noise 17 -3 437 1429392990394680
05 surface 17 5 437 1429392994176732
06 carvers 17 5 437 1429392994743006
07 features 16 4 438 1429392996960889
05 surface 17 6 438 1429393000387867
06 carvers 17 6 438 1429393001313405
07 features 16 5 439 1429393010599238
05 surface 16 18 439 1429393014977456
06 carvers 16 18 439 1429393016213090
07 features 15 17 440 1429393019460994
05 surface 17 -2 440 1429393023684164
06 carvers 17 -2 440 1429393025514288
07 features 16 -1 441 1429393028263525
05 surface 17 -3 441 1429393033874862
06 carvers 17 -3 441 1429393034674406
07 features 16 -2 442 1429393037592939
01 structure_starts 26 16 442 1429393037897447
02 structure_references 18 8 442 1429393038075124
03 biomes 18 8 442 1429393041376108
01 structure_starts 26 17 442 1429393041642343
01 structure_starts 26 18 442 1429393041666089
02 structure_references 18 9 442 1429393041778673
02 structure_references 18 10 442 1429393041834826
03 biomes 18 9 442 1429393044784088
03 biomes 18 10 442 1429393047776653
04 noise 17 7 442 1429393057825713
04 noise 17 8 442 1429393069550128
01 structure_starts 26 19 442 1429393072068609
01 structure_starts 26 20 442 1429393072100177
01 structure_starts 26 21 442 1429393072121967
01 structure_starts 26 22 442 1429393072148228
01 structure_starts 26 23 442 1429393072174488
01 structure_starts 26 24 442 1429393072193485
01 structure_starts 26 25 442 1429393072212761
01 structure_starts 26 26 442 1429393072234831
01 structure_starts 26 27 442 1429393072253828
02 structure_references 18 13 442 1429393072355796
02 structure_references 18 14 442 1429393072421168
02 structure_references 18 15 442 1429393072486540
02 structure_references 18 16 442 1429393072549676
02 structure_references 18 17 442 1429393072600800
02 structure_references 18 18 442 1429393072656953
02 structure_references 18 19 442 1429393072714781
03 biomes 18 13 442 1429393076316642
03 biomes 18 14 442 1429393078853002
03 biomes 18 15 442 1429393081579890
03 biomes 18 16 442 1429393084458193
03 biomes 18 17 442 1429393087230617
03 biomes 18 18 442 1429393090079308
03 biomes 18 19 442 1429393092780494
01 structure_starts 25 28 442 1429393092979961
01 structure_starts 26 28 442 1429393093064609
02 structure_references 17 20 442 1429393093331683
02 structure_references 18 20 442 1429393093532826
03 biomes 17 20 442 1429393096829340
03 biomes 18 20 442 1429393099883644
04 noise 16 19 442 1429393108167672
01 structure_starts 27 -12 442 1429393108369374
01 structure_starts 27 -11 442 1429393108400663
01 structure_starts 27 -10 442 1429393108420777
01 structure_starts 27 -9 442 1429393108438936
01 structure_starts 27 -8 442 1429393108460168
01 structure_starts 27 -7 442 1429393108478047
01 structure_starts 27 -6 442 1429393108495647
01 structure_starts 27 -5 442 1429393108514365
01 structure_starts 27 -4 442 1429393108532523
01 structure_starts 27 -3 442 1429393108551241
01 structure_starts 27 -2 442 1429393108568841
01 structure_starts 27 -1 442 1429393108587838
01 structure_starts 27 0 442 1429393108605438
01 structure_starts 27 1 442 1429393108624435
01 structure_starts 27 2 442 1429393108642035
01 structure_starts 27 3 442 1429393108660473
01 structure_starts 27 4 442 1429393108677514
01 structure_starts 27 5 442 1429393108699025
01 structure_starts 27 6 442 1429393108716625
01 structure_starts 27 7 442 1429393108744003
01 structure_starts 27 8 442 1429393108762441
01 structure_starts 27 9 442 1429393108781159
01 structure_starts 27 10 442 1429393108798759
02 structure_references 19 -4 442 1429393108890111
02 structure_references 19 -3 442 1429393108929502
02 structure_references 19 -2 442 1429393108968334
02 structure_references 19 -1 442 1429393109043762
02 structure_references 19 0 442 1429393109085947
02 structure_references 19 1 442 1429393109125058
02 structure_references 19 2 442 1429393109168359
03 biomes 19 -4 442 1429393112278537
03 biomes 19 -3 442 1429393115774518
03 biomes 19 -2 442 1429393119699604
03 biomes 19 -1 442 1429393122671775
03 biomes 19 0 442 1429393127204202
03 biomes 19 1 442 1429393130606037
03 biomes 19 2 442 1429393134476089
01 structure_starts 27 11 442 1429393134957156
01 structure_starts 27 12 442 1429393134985372
02 structure_references 19 3 442 1429393135184560
02 structure_references 19 4 442 1429393135242668
03 biomes 19 3 442 1429393138808211
03 biomes 19 4 442 1429393142049411
04 noise 18 -2 442 1429393152636528
04 noise 18 -1 442 1429393163341539
04 noise 18 0 442 1429393174655566
04 noise 18 1 442 1429393186699575
04 noise 18 2 442 1429393198729896
01 structure_starts 27 13 442 1429393199054798
02 structure_references 19 5 442 1429393199174925
03 biomes 19 5 442 1429393202740189
01 structure_starts 27 14 442 1429393202853332
01 structure_starts 27 15 442 1429393202878475
02 structure_references 19 6 442 1429393202944685
02 structure_references 19 7 442 1429393202984913
03 biomes 19 6 442 1429393206573364
03 biomes 19 7 442 1429393209960672
01 structure_starts 27 16 442 1429393210122145
02 structure_references 19 8 442 1429393210264063
03 biomes 19 8 442 1429393213189021
04 noise 18 3 442 1429393225237500
04 noise 18 4 442 1429393236679756
04 noise 18 5 442 1429393245962237
01 structure_starts 26 -13 442 1429393246281831
01 structure_starts 27 -13 442 1429393246324015
02 structure_references 18 -5 442 1429393246454758
02 structure_references 19 -5 442 1429393246496105
03 biomes 18 -5 442 1429393249854358
03 biomes 19 -5 442 1429393253409286
02 structure_references 18 11 442 1429393253658480
02 structure_references 18 12 442 1429393253720778
03 biomes 18 11 442 1429393257628265
03 biomes 18 12 442 1429393260346771
04 noise 17 12 442 1429393310694318
04 noise 17 13 442 1429393339870423
04 noise 17 14 442 1429393356884625
04 noise 17 15 442 1429393377385311
04 noise 17 16 442 1429393394224910
04 noise 17 17 442 1429393406734901
04 noise 17 10 442 1429393433573554
04 noise 17 11 442 1429393470748733
04 noise 17 9 442 1429393487081005
05 surface 17 9 442 1429393491685508
05 surface 17 10 442 1429393495106899
05 surface 17 11 442 1429393499111605
05 surface 17 12 442 1429393503358800
05 surface 17 13 442 1429393507293664
06 carvers 17 9 442 1429393508491584
06 carvers 17 10 442 1429393509530544
06 carvers 17 11 442 1429393510286228
06 carvers 17 12 442 1429393510803055
06 carvers 17 13 442 1429393511506497
07 features 16 10 443 1429393514166616
07 features 16 11 444 1429393518849343
07 features 16 12 445 1429393525920365
05 surface 17 7 445 1429393529619445
05 surface 17 8 445 1429393532939705
06 carvers 17 7 445 1429393533575820
06 carvers 17 8 445 1429393533824176
07 features 16 8 446 1429393535978644
07 features 16 9 447 1429393538114673
07 features 16 7 448 1429393540287858
04 noise 17 -4 448 1429393550512360
07 features 16 6 449 1429393553430054
04 noise 17 18 449 1429393563220421
04 noise 17 19 449 1429393571377058
05 surface 16 19 449 1429393575699961
06 carvers 16 19 449 1429393576729144
07 features 15 18 450 1429393579347917
04 noise 18 -3 450 1429393593165619
05 surface 18 -1 450 1429393597218096
05 surface 18 0 450 1429393600748998
05 surface 18 1 450 1429393605353222
05 surface 18 2 450 1429393609642602
05 surface 18 3 450 1429393613357326
06 carvers 18 -1 450 1429393614586814
06 carvers 18 0 450 1429393615079336
06 carvers 18 1 450 1429393615470168
06 carvers 18 2 450 1429393616354639
06 carvers 18 3 450 1429393617344711
07 features 17 0 451 1429393619743344
07 features 17 1 452 1429393622570803
07 features 17 2 453 1429393624666604
05 surface 18 -2 453 1429393628633595
06 carvers 18 -2 453 1429393630066741
07 features 17 -1 454 1429393632698085
05 surface 18 4 454 1429393636348556
06 carvers 18 4 454 1429393637237497
07 features 17 3 455 1429393639962988
04 noise 18 6 455 1429393649290446
04 noise 18 7 455 1429393688799446
05 surface 18 5 455 1429393692307160
06 carvers 18 5 455 1429393692857510
07 features 17 4 456 1429393695538861
04 noise 18 -4 456 1429393705899973
05 surface 17 14 456 1429393711159868
05 surface 17 15 456 1429393715310961
06 carvers 17 14 456 1429393716495751
06 carvers 17 15 456 1429393717330775
07 features 16 13 457 1429393725492440
07 features 16 14 458 1429393731655245
05 surface 17 16 458 1429393735906631
06 carvers 17 16 458 1429393736942239
07 features 16 15 459 1429393743120130
05 surface 17 17 459 1429393747619872
06 carvers 17 17 459 1429393749103582
07 features 16 16 460 1429393755605258
05 surface 17 -4 460 1429393762287403
06 carvers 17 -4 460 1429393763760219
07 features 16 -3 461 1429393768275884
05 surface 17 18 461 1429393772106825
06 carvers 17 18 461 1429393772979004
07 features 16 17 462 1429393775669853
05 surface 17 19 462 1429393779531245
06 carvers 17 19 462 1429393780235246
07 features 16 18 463 1429393783123607
05 surface 18 -3 463 1429393788072568
06 carvers 18 -3 463 1429393789484203
07 features 17 -2 464 1429393793439181
05 surface 18 6 464 1429393798466924
06 carvers 18 6 464 1429393799772120
07 features 17 5 465 1429393803266984
05 surface 18 7 465 1429393808874689
06 carvers 18 7 465 1429393809666411
07 features 17 6 466 1429393812638302
05 surface 18 -4 466 1429393819782798
06 carvers 18 -4 466 1429393822119133
07 features 17 -3 467 1429393836900366
09 light 14 3 467 1429393838959849
10 spawn 14 3 467 1429393839072992
11 full 14 3 467 1429393839269945
08 initialize_light 15 9 467 1429393841265733
08 initialize_light 15 10 467 1429393841293111
08 initialize_light 15 11 467 1429393841313504
08 initialize_light 15 8 467 1429393841331942
08 initialize_light 15 5 467 1429393841351219
08 initialize_light 15 6 467 1429393841371333
08 initialize_light 15 7 467 1429393841390051
08 initialize_light 15 12 467 1429393841409047
08 initialize_light 15 13 467 1429393841427486
08 initialize_light 15 14 467 1429393841446203
08 initialize_light 15 15 467 1429393841464082
08 initialize_light 15 16 467 1429393841481962
08 initialize_light 16 0 467 1429393841501238
08 initialize_light 16 1 467 1429393841519676
08 initialize_light 16 2 467 1429393841538394
08 initialize_light 16 3 467 1429393841556552
08 initialize_light 16 4 467 1429393841574991
08 initialize_light 16 5 467 1429393841593429
08 initialize_light 15 17 467 1429393841611587
08 initialize_light 16 -1 467 1429393841629467
08 initialize_light 16 -2 467 1429393841700426
08 initialize_light 16 10 467 1429393841718584
08 initialize_light 16 11 467 1429393841737861
08 initialize_light 16 12 467 1429393841757137
08 initialize_light 16 8 467 1429393841776134
08 initialize_light 16 9 467 1429393841794851
08 initialize_light 16 7 467 1429393842111931
09 light 14 4 467 1429393864719313
09 light 14 8 467 1429393864777421
09 light 14 9 467 1429393864795859
09 light 14 10 467 1429393864813459
09 light 14 7 467 1429393864831338
09 light 14 5 467 1429393864849497
09 light 14 6 467 1429393864867097
09 light 14 11 467 1429393864885256
09 light 14 12 467 1429393864903135
09 light 14 13 467 1429393864920456
09 light 14 14 467 1429393864938056
09 light 14 15 467 1429393864955376
09 light 15 -1 467 1429393864972697
09 light 15 0 467 1429393864990856
09 light 15 1 467 1429393865060139
09 light 15 2 467 1429393865084164
09 light 15 3 467 1429393865105675
09 light 15 4 467 1429393865126069
09 light 14 16 467 1429393865152888
09 light 15 9 467 1429393865172723
09 light 15 10 467 1429393865194234
09 light 15 11 467 1429393865216304
09 light 15 8 467 1429393865237256
08 initialize_light 16 6 467 1429393865261282
08 initialize_light 15 18 467 1429393865288380
08 initialize_light 17 0 467 1429393865310729
08 initialize_light 17 1 467 1429393865333637
08 initialize_light 17 2 467 1429393865357663
08 initialize_light 17 -1 467 1429393865381130
08 initialize_light 17 3 467 1429393865404876
08 initialize_light 17 4 467 1429393865428622
08 initialize_light 16 13 467 1429393865449574
08 initialize_light 16 14 467 1429393865471923
08 initialize_light 16 15 467 1429393865565790
08 initialize_light 16 16 467 1429393865590933
08 initialize_light 16 -3 467 1429393865615238
08 initialize_light 16 17 467 1429393865637308
08 initialize_light 16 18 467 1429393865658540
08 initialize_light 17 -2 467 1429393865678933
08 initialize_light 17 5 467 1429393865699048
08 initialize_light 17 6 467 1429393865722235
08 initialize_light 17 -3 467 1429393865745702
10 spawn 14 4 467 1429393865852978
10 spawn 14 8 467 1429393865926172
10 spawn 14 9 467 1429393865969194
11 full 14 4 467 1429393866060547
10 spawn 14 10 467 1429393866064737
10 spawn 14 7 467 1429393866121728
10 spawn 14 5 467 1429393866212242
10 spawn 14 6 467 1429393866258896
10 spawn 14 11 467 1429393866306947
10 spawn 14 12 467 1429393866361144
11 full 14 8 467 1429393866378744
10 spawn 14 13 467 1429393866404725
11 full 14 9 467 1429393866430706
10 spawn 14 14 467 1429393866448586
11 full 14 10 467 1429393866476243
10 spawn 14 15 467 1429393866489652
10 spawn 15 -1 467 1429393866529602
10 spawn 15 0 467 1429393866578211
10 spawn 15 1 467 1429393866620116
10 spawn 15 2 467 1429393866657551
10 spawn 15 3 467 1429393866693030
10 spawn 15 4 467 1429393866727951
10 spawn 14 16 467 1429393866762872
11 full 14 7 467 1429393866907583
01 structure_starts 27 17 467 1429393866948929
11 full 14 5 467 1429393866955913
02 structure_references 19 9 467 1429393867117107
11 full 14 6 467 1429393867271876
11 full 14 11 467 1429393867715509
11 full 14 12 467 1429393867950455
11 full 14 13 467 1429393868565059
11 full 14 14 467 1429393868791904
11 full 14 15 467 1429393868926558
11 full 15 -1 467 1429393869504007
11 full 15 0 467 1429393869553175
11 full 15 1 467 1429393869677772
11 full 15 2 467 1429393869804884
11 full 15 3 467 1429393869942052
11 full 15 4 467 1429393870124478
03 biomes 19 9 467 1429393870152415
11 full 14 16 467 1429393870275615
09 light 15 5 467 1429393873446135
09 light 15 6 467 1429393873490554
10 spawn 15 5 467 1429393873957933
11 full 15 5 467 1429393874094542
04 noise 18 8 467 1429393886825512
10 spawn 15 6 467 1429393886952344
11 full 15 6 467 1429393887122757
05 surface 18 8 467 1429393891238650
06 carvers 18 8 467 1429393891873089
07 features 17 7 468 1429393893811328
10 spawn 15 9 468 1429393893966097
10 spawn 15 10 468 1429393894063874
10 spawn 15 11 468 1429393894105221
10 spawn 15 8 468 1429393894145729
11 full 15 9 468 1429393894166960
11 full 15 10 468 1429393894259989
11 full 15 11 468 1429393894321729
11 full 15 8 468 1429393894389615
09 light 15 7 468 1429393909763941
09 light 16 -1 468 1429393909805567
09 light 16 0 468 1429393909823167
09 light 16 1 468 1429393909839370
09 light 16 2 468 1429393909855853
09 light 16 3 468 1429393909872056
09 light 15 12 468 1429393909887980
09 light 15 13 468 1429393909904462
09 light 15 14 468 1429393909920386
09 light 15 15 468 1429393909936310
09 light 15 16 468 1429393909952513
08 initialize_light 17 7 468 1429393909971231
09 light 14 17 468 1429393909989669
09 light 16 -2 468 1429393910060907
09 light 15 -2 468 1429393910084374
10 spawn 15 7 468 1429393910181872
10 spawn 16 -1 468 1429393910269314
10 spawn 16 0 468 1429393910305631
10 spawn 16 1 468 1429393910340552
11 full 15 7 468 1429393910359270
10 spawn 16 2 468 1429393910374355
10 spawn 16 3 468 1429393910415701
10 spawn 15 12 468 1429393910449505
10 spawn 15 13 468 1429393910484705
11 full 16 -1 468 1429393911155462
11 full 16 0 468 1429393911222509
11 full 16 1 468 1429393911311627
11 full 16 2 468 1429393911357722
11 full 16 3 468 1429393911410243
11 full 15 12 468 1429393911843818
11 full 15 13 468 1429393912399476
09 light 15 17 468 1429393915401260
09 light 16 4 468 1429393915429755
09 light 16 5 468 1429393915446796
10 spawn 15 14 468 1429393915558543
10 spawn 15 15 468 1429393915671127
11 full 15 14 468 1429393915706606
10 spawn 15 16 468 1429393915710518
11 full 15 15 468 1429393915960829
09 light 16 6 468 1429393917906052
10 spawn 16 4 468 1429393918304986
11 full 15 16 468 1429393918449697
10 spawn 16 5 468 1429393918587704
10 spawn 16 6 468 1429393918675425
10 spawn 14 17 468 1429393919210968
10 spawn 16 -2 468 1429393919253711
10 spawn 15 -2 468 1429393919288911
10 spawn 15 17 468 1429393919567439
11 full 16 4 468 1429393919904074
11 full 16 5 468 1429393920566450
11 full 16 6 468 1429393920748597
11 full 14 17 468 1429393920987175
11 full 16 -2 468 1429393921110096
11 full 15 -2 468 1429393921184966
11 full 15 17 468 1429393921351747
01 structure_starts 27 18 468 1429393924102381
01 structure_starts 27 19 468 1429393924128362
01 structure_starts 27 20 468 1429393924156298
02 structure_references 19 10 468 1429393924255473
02 structure_references 19 11 468 1429393924305200
02 structure_references 19 12 468 1429393924342356
03 biomes 19 10 468 1429393927551708
03 biomes 19 11 468 1429393930913593
03 biomes 19 12 468 1429393934529701
04 noise 18 9 468 1429393950831242
05 surface 18 9 468 1429393954359909
06 carvers 18 9 468 1429393955149396
07 features 17 8 469 1429393957293527
04 noise 18 10 469 1429393982918057
01 structure_starts 28 -12 469 1429393983215023
01 structure_starts 28 -11 469 1429393983248267
01 structure_starts 28 -10 469 1429393983266705
01 structure_starts 28 -9 469 1429393983284864
01 structure_starts 28 -8 469 1429393983304420
01 structure_starts 28 -7 469 1429393983322578
01 structure_starts 28 -6 469 1429393983341575
01 structure_starts 28 -5 469 1429393983359455
01 structure_starts 28 -4 469 1429393983378172
01 structure_starts 28 -3 469 1429393983396331
01 structure_starts 28 -2 469 1429393983415328
01 structure_starts 28 -1 469 1429393983432928
01 structure_starts 28 0 469 1429393983452204
01 structure_starts 28 1 469 1429393983470363
01 structure_starts 28 2 469 1429393983489360
01 structure_starts 28 3 469 1429393983506960
01 structure_starts 28 4 469 1429393983525957
01 structure_starts 28 5 469 1429393983543836
01 structure_starts 28 6 469 1429393983563392
01 structure_starts 28 7 469 1429393983580712
01 structure_starts 28 8 469 1429393983600547
01 structure_starts 28 9 469 1429393983617868
01 structure_starts 28 10 469 1429393983636585
02 structure_references 20 -4 469 1429393983726541
02 structure_references 20 -3 469 1429393983764535
02 structure_references 20 -2 469 1429393983801132
02 structure_references 20 -1 469 1429393983835773
02 structure_references 20 0 469 1429393983870973
02 structure_references 20 1 469 1429393983906453
02 structure_references 20 2 469 1429393983939697
03 biomes 20 -4 469 1429393987289291
03 biomes 20 -3 469 1429393990303925
03 biomes 20 -2 469 1429393993314927
03 biomes 20 -1 469 1429393996293802
03 biomes 20 0 469 1429393999564056
03 biomes 20 1 469 1429394002865040
03 biomes 20 2 469 1429394006259332
01 structure_starts 28 11 469 1429394006453212
01 structure_starts 28 12 469 1429394006473885
02 structure_references 20 3 469 1429394006551548
02 structure_references 20 4 469 1429394006587866
03 biomes 20 3 469 1429394009469522
03 biomes 20 4 469 1429394012135508
04 noise 19 -2 469 1429394021572757
04 noise 19 -1 469 1429394031342730
04 noise 19 0 469 1429394042307551
04 noise 19 1 469 1429394054910850
04 noise 19 2 469 1429394066377411
01 structure_starts 28 13 469 1429394066742821
01 structure_starts 28 14 469 1429394066770199
02 structure_references 20 5 469 1429394066882783
02 structure_references 20 6 469 1429394066934745
03 biomes 20 5 469 1429394071206524
03 biomes 20 6 469 1429394075167649
04 noise 19 3 469 1429394087283735
04 noise 19 4 469 1429394099057318
01 structure_starts 28 15 469 1429394099322157
01 structure_starts 28 16 469 1429394099346741
01 structure_starts 28 17 469 1429394099365459
02 structure_references 20 7 469 1429394099457929
02 structure_references 20 8 469 1429394099509053
02 structure_references 20 9 469 1429394099547046
03 biomes 20 7 469 1429394102704716
03 biomes 20 8 469 1429394105406460
03 biomes 20 9 469 1429394108452663
04 noise 19 5 469 1429394119831782
04 noise 19 6 469 1429394132694333
04 noise 19 7 469 1429394144942559
05 surface 19 2 469 1429394149210706
05 surface 19 3 469 1429394153181609
05 surface 19 4 469 1429394156715025
05 surface 19 5 469 1429394160072720
05 surface 19 6 469 1429394163369513
06 carvers 19 2 469 1429394164299242
06 carvers 19 3 469 1429394164823052
06 carvers 19 4 469 1429394166894827
06 carvers 19 5 469 1429394168192481
06 carvers 19 6 469 1429394168689193
07 features 18 3 470 1429394171468880
07 features 18 4 471 1429394174115869
07 features 18 5 472 1429394175802679
01 structure_starts 28 18 472 1429394176056901
01 structure_starts 28 19 472 1429394176080368
02 structure_references 20 10 472 1429394176175073
02 structure_references 20 11 472 1429394176214184
03 biomes 20 10 472 1429394178833237
03 biomes 20 11 472 1429394181346689
04 noise 19 8 472 1429394192257033
04 noise 19 9 472 1429394205167634
01 structure_starts 27 21 472 1429394205357044
02 structure_references 19 13 472 1429394205446721
03 biomes 19 13 472 1429394208230599
01 structure_starts 27 22 472 1429394208338713
01 structure_starts 27 23 472 1429394208358269
01 structure_starts 27 24 472 1429394208376707
01 structure_starts 27 25 472 1429394208396542
01 structure_starts 27 26 472 1429394208414421
01 structure_starts 27 27 472 1429394208451298
02 structure_references 19 14 472 1429394208501583
02 structure_references 19 15 472 1429394208540415
02 structure_references 19 16 472 1429394208573939
02 structure_references 19 17 472 1429394208606904
02 structure_references 19 18 472 1429394208637355
02 structure_references 19 19 472 1429394208666130
03 biomes 19 14 472 1429394211304738
03 biomes 19 15 472 1429394214814408
03 biomes 19 16 472 1429394218191100
03 biomes 19 17 472 1429394221805532
03 biomes 19 18 472 1429394225450973
03 biomes 19 19 472 1429394228772351
04 noise 18 13 472 1429394248648095
04 noise 18 14 472 1429394257749826
04 noise 18 15 472 1429394269379257
04 noise 18 16 472 1429394280969018
04 noise 18 17 472 1429394292743999
04 noise 18 12 472 1429394330088753
04 noise 18 11 472 1429394371224499
05 surface 18 11 472 1429394374915477
05 surface 18 12 472 1429394378384639
05 surface 18 13 472 1429394381674728
05 surface 18 14 472 1429394385053654
05 surface 18 15 472 1429394388219984
06 carvers 18 11 472 1429394388713902
06 carvers 18 12 472 1429394389197484
06 carvers 18 13 472 1429394389541663
06 carvers 18 14 472 1429394389838349
06 carvers 18 15 472 1429394390227505
07 features 17 12 473 1429394397900561
07 features 17 13 474 1429394400415968
07 features 17 14 475 1429394402698385
05 surface 18 10 475 1429394406173693
06 carvers 18 10 475 1429394406753936
07 features 17 10 476 1429394409892887
07 features 17 11 477 1429394414801900
07 features 17 9 478 1429394417791670
04 noise 19 -3 478 1429394427789047
05 surface 19 -1 478 1429394431434489
05 surface 19 0 478 1429394434679320
05 surface 19 1 478 1429394437790056
06 carvers 19 -1 478 1429394438558870
06 carvers 19 0 478 1429394438901093
06 carvers 19 1 478 1429394439213424
07 features 18 0 479 1429394441539142
07 features 18 1 480 1429394443584378
07 features 18 2 481 1429394445600839
05 surface 19 -2 481 1429394450360670
06 carvers 19 -2 481 1429394451251846
07 features 18 -1 482 1429394453551025
05 surface 19 7 482 1429394456865977
05 surface 19 8 482 1429394460174504
06 carvers 19 7 482 1429394460601933
06 carvers 19 8 482 1429394460946670
07 features 18 6 483 1429394462956426
07 features 18 7 484 1429394464787109
04 noise 19 10 484 1429394481411876
05 surface 19 9 484 1429394484990270
06 carvers 19 9 484 1429394485824176
07 features 18 8 485 1429394487850136
04 noise 18 18 485 1429394497867068
05 surface 18 16 485 1429394501759748
05 surface 18 17 485 1429394506510360
06 carvers 18 16 485 1429394507278057
06 carvers 18 17 485 1429394507852433
07 features 17 15 486 1429394511799589
07 features 17 16 487 1429394523482099
05 surface 19 -3 487 1429394528259810
06 carvers 19 -3 487 1429394529814759
07 features 18 -2 488 1429394532310052
05 surface 19 10 488 1429394536256371
06 carvers 19 10 488 1429394537296169
07 features 18 9 489 1429394540580671
05 surface 18 18 489 1429394544147331
06 carvers 18 18 489 1429394544691535
07 features 17 17 490 1429394547156099
01 structure_starts 28 20 490 1429394550310415
01 structure_starts 28 21 490 1429394550355114
01 structure_starts 28 22 490 1429394550376625
01 structure_starts 28 23 490 1429394550397298
01 structure_starts 28 24 490 1429394550419647
01 structure_starts 28 25 490 1429394550441438
02 structure_references 20 12 490 1429394550606264
02 structure_references 20 13 490 1429394550662137
02 structure_references 20 14 490 1429394550711305
02 structure_references 20 15 490 1429394550758518
02 structure_references 20 16 490 1429394550803775
02 structure_references 20 17 490 1429394550851826
03 biomes 20 12 490 1429394554274613
03 biomes 20 13 490 1429394558053312
03 biomes 20 14 490 1429394561691770
03 biomes 20 15 490 1429394564286517
03 biomes 20 16 490 1429394566853328
03 biomes 20 17 490 1429394569508698
01 structure_starts 28 26 490 1429394569731073
02 structure_references 20 18 490 1429394569824382
03 biomes 20 18 490 1429394572841530
04 noise 19 11 490 1429394594485659
04 noise 19 12 490 1429394623045203
04 noise 19 13 490 1429394639747634
04 noise 19 14 490 1429394649752554
04 noise 19 15 490 1429394660127633
01 structure_starts 29 -10 490 1429394660356992
01 structure_starts 29 -9 490 1429394660380459
01 structure_starts 29 -8 490 1429394660400015
01 structure_starts 29 -7 490 1429394660433259
01 structure_starts 29 -6 490 1429394660456447
01 structure_starts 29 -5 490 1429394660478796
01 structure_starts 29 -4 490 1429394660512599
01 structure_starts 29 -3 490 1429394660532434
01 structure_starts 29 -2 490 1429394660550313
01 structure_starts 29 -1 490 1429394660571825
01 structure_starts 29 0 490 1429394660595571
01 structure_starts 29 1 490 1429394660617082
01 structure_starts 29 2 490 1429394660639710
01 structure_starts 29 3 490 1429394660659266
01 structure_starts 29 4 490 1429394660681895
01 structure_starts 29 5 490 1429394660706199
01 structure_starts 29 6 490 1429394660731342
01 structure_starts 29 7 490 1429394660766263
01 structure_starts 29 8 490 1429394660790568
01 structure_starts 29 9 490 1429394660815711
01 structure_starts 29 10 490 1429394660838898
01 structure_starts 29 11 490 1429394660864320
01 structure_starts 29 12 490 1429394660900079
02 structure_references 21 -2 490 1429394661096194
02 structure_references 21 -1 490 1429394661166873
02 structure_references 21 0 490 1429394661226658
02 structure_references 21 1 490 1429394661281693
02 structure_references 21 2 490 1429394661343153
02 structure_references 21 3 490 1429394661403496
02 structure_references 21 4 490 1429394661464677
03 biomes 21 -2 490 1429394665913295
03 biomes 21 -1 490 1429394668910329
03 biomes 21 0 490 1429394671656213
03 biomes 21 1 490 1429394674391482
03 biomes 21 2 490 1429394677269227
03 biomes 21 3 490 1429394680073219
03 biomes 21 4 490 1429394682825808
01 structure_starts 29 13 490 1429394683114672
01 structure_starts 29 14 490 1429394683137860
02 structure_references 21 5 490 1429394683241225
02 structure_references 21 6 490 1429394683278939
03 biomes 21 5 490 1429394686105002
03 biomes 21 6 490 1429394688862340
05 surface 19 11 490 1429394692421737
06 carvers 19 11 490 1429394693490869
07 features 18 10 491 1429394697565975
01 structure_starts 27 28 491 1429394697793658
01 structure_starts 28 27 491 1429394697824109
01 structure_starts 28 28 491 1429394697855957
02 structure_references 19 20 491 1429394697929989
02 structure_references 20 19 491 1429394697968262
02 structure_references 20 20 491 1429394698052909
03 biomes 19 20 491 1429394701691088
03 biomes 20 19 491 1429394705121976
03 biomes 20 20 491 1429394708258693
04 noise 19 16 491 1429394718860618
04 noise 19 17 491 1429394728899900
04 noise 19 18 491 1429394739265480
05 surface 19 12 491 1429394743709349
06 carvers 19 12 491 1429394744527052
07 features 18 11 492 1429394752057631
01 structure_starts 28 -13 492 1429394752372476
01 structure_starts 29 -13 492 1429394752407117
01 structure_starts 29 -12 492 1429394752431981
01 structure_starts 29 -11 492 1429394752457124
02 structure_references 20 -5 492 1429394752577530
02 structure_references 21 -5 492 1429394752635080
02 structure_references 21 -4 492 1429394752688159
02 structure_references 21 -3 492 1429394752746267
03 biomes 20 -5 492 1429394757128955
03 biomes 21 -5 492 1429394760612364
03 biomes 21 -4 492 1429394764570975
03 biomes 21 -3 492 1429394767953813
04 noise 20 -2 492 1429394778320511
04 noise 20 -1 492 1429394789977040
04 noise 20 0 492 1429394799687230
04 noise 20 1 492 1429394808968313
04 noise 20 2 492 1429394818158603
04 noise 20 -3 492 1429394828876744
04 noise 20 3 492 1429394839751888
04 noise 20 4 492 1429394852847429
01 structure_starts 29 15 492 1429394853164788
02 structure_references 21 7 492 1429394853260890
03 biomes 21 7 492 1429394856149530
01 structure_starts 29 16 492 1429394856286140
02 structure_references 21 8 492 1429394856357378
03 biomes 21 8 492 1429394858964977
01 structure_starts 29 17 492 1429394859094882
01 structure_starts 29 18 492 1429394859116393
02 structure_references 21 9 492 1429394859172545
02 structure_references 21 10 492 1429394859210539
03 biomes 21 9 492 1429394861724830
03 biomes 21 10 492 1429394864740022
04 noise 20 5 492 1429394876468907
04 noise 20 6 492 1429394888287748
04 noise 20 7 492 1429394898436541
04 noise 20 8 492 1429394911279257
04 noise 19 -4 492 1429394922779342
05 surface 19 13 492 1429394927563757
05 surface 19 14 492 1429394931219256
06 carvers 19 13 492 1429394931959575
06 carvers 19 14 492 1429394932324985
07 features 18 12 493 1429394941375592
07 features 18 13 494 1429394943597945
01 structure_starts 29 19 494 1429394944090746
01 structure_starts 29 20 494 1429394944129019
02 structure_references 21 11 494 1429394944251940
02 structure_references 21 12 494 1429394944312283
03 biomes 21 11 494 1429394948480138
03 biomes 21 12 494 1429394952491549
04 noise 20 9 494 1429394965332309
04 noise 20 10 494 1429394976534590
04 noise 18 19 494 1429394985721527
05 surface 19 15 494 1429394988961051
05 surface 19 16 494 1429394992104193
06 carvers 19 15 494 1429394992553692
06 carvers 19 16 494 1429394992800372
07 features 18 14 495 1429394995071894
07 features 18 15 496 1429394996927161
05 surface 19 17 496 1429395001343372
06 carvers 19 17 496 1429395001960491
07 features 18 16 497 1429395004506349
05 surface 20 -1 497 1429395008859424
05 surface 20 0 497 1429395012309589
05 surface 20 1 497 1429395015671195
05 surface 20 2 497 1429395018921334
05 surface 20 3 497 1429395022367588
06 carvers 20 -1 497 1429395023451248
06 carvers 20 0 497 1429395023706588
06 carvers 20 1 497 1429395023990703
06 carvers 20 2 497 1429395024486297
06 carvers 20 3 497 1429395024932165
07 features 19 0 498 1429395027203686
07 features 19 1 499 1429395034438138
07 features 19 2 500 1429395036497621
05 surface 20 4 500 1429395040747330
05 surface 20 5 500 1429395044988100
06 carvers 20 4 500 1429395046066451
06 carvers 20 5 500 1429395047588714
07 features 19 3 501 1429395050059144
07 features 19 4 502 1429395053175188
04 noise 19 19 502 1429395063644693
05 surface 19 18 502 1429395066848737
06 carvers 19 18 502 1429395067478706
07 features 18 17 503 1429395070639449
04 noise 20 -4 503 1429395082986570
05 surface 20 -2 503 1429395089237654
06 carvers 20 -2 503 1429395090122405
07 features 19 -1 504 1429395093101839
05 surface 20 -3 504 1429395099532835
06 carvers 20 -3 504 1429395100829930
07 features 19 -2 505 1429395105815209
05 surface 20 6 505 1429395109886683
06 carvers 20 6 505 1429395110723383
07 features 19 5 506 1429395112868072
05 surface 20 7 506 1429395116753210
06 carvers 20 7 506 1429395117321439
07 features 19 6 507 1429395119522561
05 surface 20 8 507 1429395122932497
05 surface 20 9 507 1429395127524988
06 carvers 20 8 507 1429395128376495
06 carvers 20 9 507 1429395128852254
07 features 19 7 508 1429395131604005
07 features 19 8 509 1429395134132823
05 surface 19 -4 509 1429395140475260
06 carvers 19 -4 509 1429395142431098
07 features 18 -3 510 1429395147936835
04 noise 20 11 510 1429395160566116
05 surface 20 10 510 1429395164606021
06 carvers 20 10 510 1429395165613973
07 features 19 9 511 1429395167942485
05 surface 18 19 511 1429395171342085
06 carvers 18 19 511 1429395171950822
07 features 17 18 512 1429395174094394
05 surface 19 19 512 1429395178203862
06 carvers 19 19 512 1429395179288918
07 features 18 18 513 1429395182351603
05 surface 20 -4 513 1429395188888758
06 carvers 20 -4 513 1429395190183618
07 features 19 -3 514 1429395193487395
05 surface 20 11 514 1429395196682779
06 carvers 20 11 514 1429395197761689
07 features 19 10 515 1429395199845756
08 initialize_light 17 8 515 1429395200993669
08 initialize_light 18 3 515 1429395201232248
09 light 16 7 515 1429395203691224
08 initialize_light 18 4 515 1429395203715808
08 initialize_light 18 5 515 1429395203735084
08 initialize_light 17 12 515 1429395203757433
08 initialize_light 17 13 515 1429395203778106
08 initialize_light 17 14 515 1429395203796824
08 initialize_light 17 10 515 1429395203814424
08 initialize_light 17 11 515 1429395203835656
08 initialize_light 17 9 515 1429395203858564
08 initialize_light 18 0 515 1429395203877002
08 initialize_light 18 1 515 1429395203896278
08 initialize_light 18 2 515 1429395203914437
08 initialize_light 18 -1 515 1429395203935948
08 initialize_light 18 6 515 1429395203968634
08 initialize_light 18 7 515 1429395203986792
08 initialize_light 18 8 515 1429395204056075
08 initialize_light 17 15 515 1429395204078145
08 initialize_light 17 16 515 1429395204101332
08 initialize_light 18 -2 515 1429395204120608
08 initialize_light 18 9 515 1429395204136812
08 initialize_light 17 17 515 1429395204230120
08 initialize_light 18 10 515 1429395204249955
08 initialize_light 18 11 515 1429395204269510
08 initialize_light 18 12 515 1429395204288507
08 initialize_light 18 13 515 1429395204311974
08 initialize_light 18 14 515 1429395204335161
08 initialize_light 18 15 515 1429395204354158
08 initialize_light 18 16 515 1429395204372317
08 initialize_light 19 0 515 1429395204390196
08 initialize_light 19 1 515 1429395204412545
08 initialize_light 19 2 515 1429395204434336
08 initialize_light 19 3 515 1429395204510603
08 initialize_light 19 4 515 1429395204534349
08 initialize_light 18 17 515 1429395204553625
08 initialize_light 19 -1 515 1429395204571505
08 initialize_light 19 -2 515 1429395204589105
08 initialize_light 19 5 515 1429395204605866
08 initialize_light 19 6 515 1429395204626819
08 initialize_light 19 7 515 1429395204648609
08 initialize_light 19 8 515 1429395204666209
08 initialize_light 18 -3 515 1429395204683809
08 initialize_light 19 9 515 1429395204701130
08 initialize_light 17 18 515 1429395204720406
08 initialize_light 18 18 515 1429395204742197
08 initialize_light 19 -3 515 1429395204760356
08 initialize_light 19 10 515 1429395204777118
10 spawn 16 7 515 1429395204850032
11 full 16 7 515 1429395205112915
09 light 17 3 515 1429395245729599
09 light 17 4 515 1429395245776812
09 light 16 11 515 1429395245798603
09 light 16 12 515 1429395245819834
09 light 16 13 515 1429395245840228
09 light 16 9 515 1429395245860063
09 light 16 10 515 1429395245880457
09 light 16 8 515 1429395245900850
09 light 17 -1 515 1429395245921523
09 light 17 0 515 1429395245939962
09 light 17 2 515 1429395245958400
09 light 17 1 515 1429395245980470
09 light 17 5 515 1429395246049473
09 light 17 6 515 1429395246070146
09 light 17 7 515 1429395246087187
09 light 16 14 515 1429395246104229
09 light 16 15 515 1429395246120432
09 light 17 8 515 1429395246136914
09 light 16 16 515 1429395246161778
09 light 17 -2 515 1429395246178540
09 light 17 9 515 1429395246195860
09 light 17 10 515 1429395246212343
09 light 17 11 515 1429395246228826
09 light 17 12 515 1429395246245308
09 light 17 13 515 1429395246261791
09 light 17 14 515 1429395246278832
09 light 17 15 515 1429395246295035
09 light 18 -1 515 1429395246310959
09 light 18 0 515 1429395246328000
09 light 18 1 515 1429395246344483
09 light 18 2 515 1429395246360127
09 light 18 3 515 1429395246376331
09 light 17 16 515 1429395246392254
09 light 18 -2 515 1429395246408178
09 light 18 4 515 1429395246424102
09 light 18 5 515 1429395246440026
09 light 18 6 515 1429395246456229
09 light 18 7 515 1429395246472153
09 light 18 8 515 1429395246488077
09 light 16 17 515 1429395246504280
09 light 17 17 515 1429395246521880
09 light 18 9 515 1429395246540598
10 spawn 16 8 515 1429395246623569
10 spawn 17 3 515 1429395246731963
10 spawn 17 4 515 1429395246768560
10 spawn 16 11 515 1429395246803201
10 spawn 16 12 515 1429395246838122
10 spawn 16 13 515 1429395246873881
10 spawn 16 9 515 1429395246908243
10 spawn 16 10 515 1429395246942884
10 spawn 17 -1 515 1429395246977805
10 spawn 17 0 515 1429395247052116
10 spawn 17 2 515 1429395247090668
10 spawn 17 1 515 1429395247130338
10 spawn 17 5 515 1429395247178110
10 spawn 17 6 515 1429395247220294
10 spawn 17 7 515 1429395247255215
10 spawn 16 14 515 1429395247536257
10 spawn 16 15 515 1429395247578999
10 spawn 17 8 515 1429395247620066
10 spawn 16 16 515 1429395247659177
10 spawn 17 9 515 1429395247700244
10 spawn 17 -2 515 1429395247742987
10 spawn 17 10 515 1429395247782936
10 spawn 17 11 515 1429395247825400
10 spawn 17 12 515 1429395247867863
10 spawn 17 13 515 1429395247909489
10 spawn 17 14 515 1429395247951953
10 spawn 17 15 515 1429395247993019
10 spawn 18 -1 515 1429395248090797
10 spawn 18 0 515 1429395248137172
10 spawn 18 1 515 1429395248186340
10 spawn 18 2 515 1429395248223217
10 spawn 18 3 515 1429395248260372
10 spawn 17 16 515 1429395248296410
10 spawn 18 -2 515 1429395248336360
10 spawn 18 4 515 1429395248377985
10 spawn 18 5 515 1429395248420728
10 spawn 18 6 515 1429395248465985
10 spawn 18 7 515 1429395248533592
10 spawn 18 8 515 1429395248572703
10 spawn 16 17 515 1429395248614328
10 spawn 17 17 515 1429395248652601
10 spawn 18 9 515 1429395248691154
11 full 16 8 515 1429395249535955
11 full 17 3 515 1429395250053899
11 full 17 4 515 1429395250120668
11 full 16 11 515 1429395250209506
11 full 16 12 515 1429395250273760
11 full 16 13 515 1429395250376567
11 full 16 9 515 1429395250460376
11 full 16 10 515 1429395250682472
11 full 17 -1 515 1429395251266067
11 full 17 0 515 1429395251328924
11 full 17 2 515 1429395251383400
11 full 17 1 515 1429395251438156
11 full 17 5 515 1429395251504924
11 full 17 6 515 1429395251620861
11 full 17 7 515 1429395251681204
11 full 16 14 515 1429395251768645
11 full 16 15 515 1429395252051363
11 full 17 8 515 1429395253207937
11 full 16 16 515 1429395253481156
11 full 17 9 515 1429395253563849
11 full 17 -2 515 1429395253740966
11 full 17 10 515 1429395253825335
11 full 17 11 515 1429395254106935
11 full 17 12 515 1429395254339367
11 full 17 13 515 1429395254538834
11 full 17 14 515 1429395254821552
11 full 17 15 515 1429395255065439
11 full 18 -1 515 1429395255573046
11 full 18 0 515 1429395255625008
11 full 18 1 515 1429395255790672
11 full 18 2 515 1429395255959409
11 full 18 3 515 1429395256192679
11 full 17 16 515 1429395256449975
11 full 18 -2 515 1429395256511156
11 full 18 4 515 1429395256566470
11 full 18 5 515 1429395256736324
11 full 18 6 515 1429395256908413
11 full 18 7 515 1429395257193925
11 full 18 8 515 1429395257368529
11 full 16 17 515 1429395257536986
11 full 17 17 515 1429395257595373
11 full 18 9 515 1429395257648453
01 structure_starts 29 21 515 1429395279546246
02 structure_references 21 13 515 1429395279684532
03 biomes 21 13 515 1429395283907422
04 noise 20 12 515 1429395301270552
05 surface 20 12 515 1429395306277342
06 carvers 20 12 515 1429395307608240
07 features 19 11 516 1429395319531284
01 structure_starts 29 22 516 1429395319871831
01 structure_starts 30 0 516 1429395319897812
01 structure_starts 30 1 516 1429395319920999
01 structure_starts 30 2 516 1429395319942790
01 structure_starts 30 3 516 1429395319966815
01 structure_starts 30 4 516 1429395319989444
01 structure_starts 30 5 516 1429395320053977
01 structure_starts 30 6 516 1429395320078282
01 structure_starts 30 7 516 1429395320102028
01 structure_starts 30 8 516 1429395320126892
01 structure_starts 30 9 516 1429395320153990
01 structure_starts 30 10 516 1429395320174663
01 structure_starts 30 11 516 1429395320193101
01 structure_starts 30 12 516 1429395320212936
01 structure_starts 30 13 516 1429395320237241
01 structure_starts 30 14 516 1429395320257355
01 structure_starts 30 15 516 1429395320275793
01 structure_starts 30 16 516 1429395320295349
01 structure_starts 30 17 516 1429395320314067
01 structure_starts 30 18 516 1429395320334181
01 structure_starts 30 19 516 1429395320352619
01 structure_starts 30 20 516 1429395320373571
01 structure_starts 30 21 516 1429395320392010
01 structure_starts 30 22 516 1429395320412124
02 structure_references 21 14 516 1429395320511019
02 structure_references 22 8 516 1429395320560188
02 structure_references 22 9 516 1429395320593153
02 structure_references 22 10 516 1429395320626118
02 structure_references 22 11 516 1429395320658524
02 structure_references 22 12 516 1429395320691210
02 structure_references 22 13 516 1429395320727248
02 structure_references 22 14 516 1429395320759096
03 biomes 21 14 516 1429395324732792
03 biomes 22 8 516 1429395328781358
03 biomes 22 9 516 1429395332832718
03 biomes 22 10 516 1429395336726795
03 biomes 22 11 516 1429395340085608
03 biomes 22 12 516 1429395344204295
03 biomes 22 13 516 1429395347212783
03 biomes 22 14 516 1429395349854184
08 initialize_light 19 11 516 1429395350213449
04 noise 20 13 516 1429395364214693
01 structure_starts 29 23 516 1429395364625081
01 structure_starts 29 24 516 1429395364646872
01 structure_starts 29 25 516 1429395364664751
01 structure_starts 29 26 516 1429395364682910
02 structure_references 21 15 516 1429395364816726
02 structure_references 21 16 516 1429395364854999
02 structure_references 21 17 516 1429395364890199
02 structure_references 21 18 516 1429395364923444
03 biomes 21 15 516 1429395369160582
03 biomes 21 16 516 1429395373698876
03 biomes 21 17 516 1429395377401308
03 biomes 21 18 516 1429395381235880
04 noise 20 14 516 1429395392388993
04 noise 20 15 516 1429395403443210
04 noise 20 16 516 1429395413794543
01 structure_starts 29 27 516 1429395413991496
02 structure_references 21 19 516 1429395414138442
03 biomes 21 19 516 1429395418080849
01 structure_starts 30 -11 516 1429395418272774
01 structure_starts 30 -10 516 1429395418294285
01 structure_starts 30 -9 516 1429395418316075
01 structure_starts 30 -8 516 1429395418339263
01 structure_starts 30 -7 516 1429395418363009
01 structure_starts 30 -6 516 1429395418386196
01 structure_starts 30 -5 516 1429395418408825
01 structure_starts 30 -4 516 1429395418430336
01 structure_starts 30 -3 516 1429395418452406
01 structure_starts 30 -2 516 1429395418475593
01 structure_starts 30 -1 516 1429395418493472
02 structure_references 22 -3 516 1429395418593765
02 structure_references 22 -2 516 1429395418651035
02 structure_references 22 -1 516 1429395418700203
02 structure_references 22 0 516 1429395418744901
02 structure_references 22 1 516 1429395418794070
02 structure_references 22 2 516 1429395418833740
02 structure_references 22 3 516 1429395418874248
03 biomes 22 -3 516 1429395422907449
03 biomes 22 -2 516 1429395426492547
03 biomes 22 -1 516 1429395429912541
03 biomes 22 0 516 1429395433125525
03 biomes 22 1 516 1429395436537696
03 biomes 22 2 516 1429395439399517
03 biomes 22 3 516 1429395441985884
02 structure_references 22 4 516 1429395442267484
02 structure_references 22 5 516 1429395442306875
03 biomes 22 4 516 1429395445382411
03 biomes 22 5 516 1429395448374137
02 structure_references 22 6 516 1429395448517731
02 structure_references 22 7 516 1429395448555166
03 biomes 22 6 516 1429395451519235
03 biomes 22 7 516 1429395454674390
01 structure_starts 30 -12 516 1429395454876092
02 structure_references 22 -4 516 1429395454982530
03 biomes 22 -4 516 1429395459764151
04 noise 21 1 516 1429395473537155
04 noise 21 2 516 1429395487373574
04 noise 21 3 516 1429395498628375
04 noise 21 4 516 1429395509739862
04 noise 21 5 516 1429395522509105
04 noise 21 6 516 1429395535437027
04 noise 21 7 516 1429395548663591
04 noise 21 8 516 1429395560704807
04 noise 21 9 516 1429395569510131
04 noise 21 -1 516 1429395580796780
04 noise 21 0 516 1429395591878096
05 surface 21 4 516 1429395596931819
05 surface 21 5 516 1429395601360323
05 surface 21 6 516 1429395605241549
05 surface 21 7 516 1429395608552311
05 surface 21 8 516 1429395611418043
06 carvers 21 4 516 1429395612451416
06 carvers 21 5 516 1429395612841690
06 carvers 21 6 516 1429395613310186
06 carvers 21 7 516 1429395613586758
06 carvers 21 8 516 1429395613964460
07 features 20 5 517 1429395616084845
07 features 20 6 518 1429395617907147
07 features 20 7 519 1429395619735874
04 noise 21 10 519 1429395631366702
04 noise 21 11 519 1429395643219066
04 noise 21 12 519 1429395652825052
05 surface 21 9 519 1429395656702926
05 surface 21 10 519 1429395659855567
05 surface 21 11 519 1429395662967420
06 carvers 21 9 519 1429395663712209
06 carvers 21 10 519 1429395664387156
06 carvers 21 11 519 1429395665378066
07 features 20 8 520 1429395667630311
07 features 20 9 521 1429395669475800
07 features 20 10 522 1429395671207588
04 noise 21 13 522 1429395681447454
05 surface 20 13 522 1429395684702063
06 carvers 20 13 522 1429395685549379
07 features 19 12 523 1429395690590252
04 noise 20 17 523 1429395699954866
05 surface 20 14 523 1429395704051762
06 carvers 20 14 523 1429395704676703
07 features 19 13 524 1429395707724023
05 surface 20 15 524 1429395712857366
06 carvers 20 15 524 1429395713461075
07 features 19 14 525 1429395716239645
05 surface 20 16 525 1429395719378876
06 carvers 20 16 525 1429395719751271
07 features 19 15 526 1429395721720239
04 noise 20 18 526 1429395731810645
04 noise 21 -2 526 1429395743716089
05 surface 21 0 526 1429395749321001
05 surface 21 1 526 1429395753706482
05 surface 21 2 526 1429395757817906
05 surface 21 3 526 1429395761285391
06 carvers 21 0 526 1429395762046104
06 carvers 21 1 526 1429395762472136
06 carvers 21 2 526 1429395763063553
06 carvers 21 3 526 1429395763462767
07 features 20 1 527 1429395766469299
07 features 20 2 528 1429395769402359
07 features 20 3 529 1429395771430832
07 features 20 4 530 1429395781268133
04 noise 21 -3 530 1429395793738454
05 surface 21 -1 530 1429395799875278
06 carvers 21 -1 530 1429395800849147
07 features 20 0 531 1429395803179056
05 surface 21 12 531 1429395806395950
06 carvers 21 12 531 1429395807612867
07 features 20 11 532 1429395812335822
05 surface 21 13 532 1429395816745607
06 carvers 21 13 532 1429395817509114
07 features 20 12 533 1429395820566770
05 surface 20 17 533 1429395824894981
06 carvers 20 17 533 1429395825397001
07 features 19 16 534 1429395827498389
05 surface 20 18 534 1429395830847424
06 carvers 20 18 534 1429395831747260
07 features 19 17 535 1429395834352065
05 surface 21 -2 535 1429395840563759
06 carvers 21 -2 535 1429395841554110
07 features 20 -1 536 1429395844049124
05 surface 21 -3 536 1429395848610326
06 carvers 21 -3 536 1429395849856856
07 features 20 -2 537 1429395852204644
01 structure_starts 30 23 537 1429395852435679
02 structure_references 22 15 537 1429395852511667
03 biomes 22 15 537 1429395855148319
01 structure_starts 29 28 537 1429395855276269
02 structure_references 21 20 537 1429395855337729
03 biomes 21 20 537 1429395858542891
01 structure_starts 30 24 537 1429395858662738
01 structure_starts 30 25 537 1429395858682573
01 structure_starts 30 26 537 1429395858700453
01 structure_starts 30 27 537 1429395858719729
02 structure_references 22 16 537 1429395858775323
02 structure_references 22 17 537 1429395858808288
02 structure_references 22 18 537 1429395858839577
02 structure_references 22 19 537 1429395858870307
03 biomes 22 16 537 1429395862205374
03 biomes 22 17 537 1429395865410814
03 biomes 22 18 537 1429395867989359
03 biomes 22 19 537 1429395870613440
04 noise 21 14 537 1429395880196797
04 noise 21 15 537 1429395890659877
04 noise 21 16 537 1429395904138987
04 noise 21 17 537 1429395917106300
01 structure_starts 30 28 537 1429395917383431
02 structure_references 22 20 537 1429395917475621
03 biomes 22 20 537 1429395920265925
01 structure_starts 31 -10 537 1429395920489138
01 structure_starts 31 -9 537 1429395920510649
01 structure_starts 31 -8 537 1429395920529087
01 structure_starts 31 -7 537 1429395920546687
01 structure_starts 31 -6 537 1429395920565405
01 structure_starts 31 -5 537 1429395920583284
01 structure_starts 31 -4 537 1429395920602002
01 structure_starts 31 -3 537 1429395920619602
01 structure_starts 31 -2 537 1429395920638040
01 structure_starts 31 -1 537 1429395920656198
01 structure_starts 31 0 537 1429395920674916
01 structure_starts 31 1 537 1429395920692795
01 structure_starts 31 2 537 1429395920711233
01 structure_starts 31 3 537 1429395920728833
01 structure_starts 31 4 537 1429395920747551
01 structure_starts 31 5 537 1429395920765151
01 structure_starts 31 6 537 1429395920783869
01 structure_starts 31 7 537 1429395920801189
01 structure_starts 31 8 537 1429395920820465
01 structure_starts 31 9 537 1429395920838065
01 structure_starts 31 10 537 1429395920856504
01 structure_starts 31 11 537 1429395920874104
01 structure_starts 31 12 537 1429395920893939
02 structure_references 23 -2 537 1429395920987805
02 structure_references 23 -1 537 1429395921069939
02 structure_references 23 0 537 1429395921110726
02 structure_references 23 1 537 1429395921151514
02 structure_references 23 2 537 1429395921187272
02 structure_references 23 3 537 1429395921221355
02 structure_references 23 4 537 1429395921255158
03 biomes 23 -2 537 1429395924152459
03 biomes 23 -1 537 1429395926840235
03 biomes 23 0 537 1429395929690044
03 biomes 23 1 537 1429395933548362
03 biomes 23 2 537 1429395937171175
03 biomes 23 3 537 1429395941225608
03 biomes 23 4 537 1429395945739876
01 structure_starts 31 13 537 1429395946129871
01 structure_starts 31 14 537 1429395946171775
02 structure_references 23 5 537 1429395946308665
02 structure_references 23 6 537 1429395946370125
03 biomes 23 5 537 1429395950575415
03 biomes 23 6 537 1429395954092907
01 structure_starts 31 15 537 1429395954368921
01 structure_starts 31 16 537 1429395954391270
02 structure_references 23 7 537 1429395954477035
02 structure_references 23 8 537 1429395954511677
03 biomes 23 7 537 1429395957563746
03 biomes 23 8 537 1429395961705341
01 structure_starts 30 -13 537 1429395961893074
01 structure_starts 31 -13 537 1429395961931347
01 structure_starts 31 -12 537 1429395961950344
01 structure_starts 31 -11 537 1429395961968224
02 structure_references 22 -5 537 1429395962131094
02 structure_references 23 -5 537 1429395962196745
02 structure_references 23 -4 537 1429395962245913
02 structure_references 23 -3 537 1429395962296757
03 biomes 22 -5 537 1429395966536968
03 biomes 23 -5 537 1429395970431604
03 biomes 23 -4 537 1429395973765274
03 biomes 23 -3 537 1429395977804342
04 noise 22 -2 537 1429395991779885
04 noise 22 -1 537 1429396005674971
04 noise 22 0 537 1429396015292969
04 noise 22 1 537 1429396026056925
04 noise 22 2 537 1429396038217989
04 noise 22 3 537 1429396051051765
04 noise 22 4 537 1429396064205973
04 noise 22 5 537 1429396077138645
04 noise 22 6 537 1429396088157103
01 structure_starts 31 17 537 1429396088413561
02 structure_references 23 9 537 1429396088516926
03 biomes 23 9 537 1429396092340044
01 structure_starts 31 18 537 1429396092488667
01 structure_starts 31 19 537 1429396092509898
02 structure_references 23 10 537 1429396092576387
02 structure_references 23 11 537 1429396092614940
03 biomes 23 10 537 1429396096132432
03 biomes 23 11 537 1429396098884462
01 structure_starts 31 20 537 1429396099093707
01 structure_starts 31 21 537 1429396099116615
01 structure_starts 31 22 537 1429396099134495
01 structure_starts 31 23 537 1429396099162152
02 structure_references 23 12 537 1429396099215231
02 structure_references 23 13 537 1429396099248755
02 structure_references 23 14 537 1429396099282279
02 structure_references 23 15 537 1429396099313289
03 biomes 23 12 537 1429396103102604
03 biomes 23 13 537 1429396106335981
03 biomes 23 14 537 1429396108880443
03 biomes 23 15 537 1429396111823559
04 noise 22 -3 537 1429396121910333
04 noise 21 -4 537 1429396133704311
05 surface 22 0 537 1429396140947702
05 surface 22 1 537 1429396146412093
05 surface 22 2 537 1429396151322781
05 surface 22 3 537 1429396155299550
05 surface 22 4 537 1429396159305094
06 carvers 22 0 537 1429396160470607
06 carvers 22 1 537 1429396161948172
06 carvers 22 2 537 1429396163292479
06 carvers 22 3 537 1429396163837801
06 carvers 22 4 537 1429396164546272
07 features 21 1 538 1429396166946581
07 features 21 2 539 1429396168821404
07 features 21 3 540 1429396176514015
04 noise 22 7 540 1429396187327419
04 noise 22 8 540 1429396199091504
04 noise 22 9 540 1429396210189861
04 noise 22 10 540 1429396219960672
04 noise 22 11 540 1429396228864612
04 noise 22 12 540 1429396238793266
04 noise 22 13 540 1429396247431808
05 surface 22 8 540 1429396251171955
05 surface 22 9 540 1429396255383112
05 surface 22 10 540 1429396258944465
05 surface 22 11 540 1429396262530122
05 surface 22 12 540 1429396266098459
06 carvers 22 8 540 1429396267187705
06 carvers 22 9 540 1429396267847287
06 carvers 22 10 540 1429396268337015
06 carvers 22 11 540 1429396269350274
06 carvers 22 12 540 1429396270632283
07 features 21 9 541 1429396272897658
07 features 21 10 542 1429396282502248
07 features 21 11 543 1429396284912614
05 surface 21 14 543 1429396288625103
06 carvers 21 14 543 1429396289339720
07 features 20 13 544 1429396291653426
04 noise 20 19 544 1429396302340557
04 noise 21 18 544 1429396310528483
05 surface 21 15 544 1429396314701926
06 carvers 21 15 544 1429396315250879
07 features 20 14 545 1429396317315111
05 surface 21 16 545 1429396320982902
06 carvers 21 16 545 1429396321612313
07 features 20 15 546 1429396325232053
05 surface 21 17 546 1429396328619361
06 carvers 21 17 546 1429396328985330
07 features 20 16 547 1429396331234502
04 noise 21 19 547 1429396341608743
05 surface 22 -1 547 1429396346885959
06 carvers 22 -1 547 1429396347940006
07 features 21 0 548 1429396356952061
05 surface 22 5 548 1429396360519559
06 carvers 22 5 548 1429396361588691
07 features 21 4 549 1429396372485346
05 surface 22 6 549 1429396375937746
05 surface 22 7 549 1429396379851379
06 carvers 22 6 549 1429396381111318
06 carvers 22 7 549 1429396381777605
07 features 21 5 550 1429396383968110
07 features 21 6 551 1429396386718185
04 noise 22 -4 551 1429396396372781
05 surface 22 -2 551 1429396402323826
06 carvers 22 -2 551 1429396403772058
07 features 21 -1 552 1429396407343467
07 features 21 7 553 1429396409611357
07 features 21 8 554 1429396411528643
04 noise 22 14 554 1429396420094551
05 surface 22 -3 554 1429396424963614
06 carvers 22 -3 554 1429396426219921
07 features 21 -2 555 1429396428838415
05 surface 21 -4 555 1429396432438878
06 carvers 21 -4 555 1429396433413864
07 features 20 -3 556 1429396435723938
05 surface 22 13 556 1429396439042522
06 carvers 22 13 556 1429396440043210
07 features 21 12 557 1429396442382617
05 surface 20 19 557 1429396445636109
06 carvers 20 19 557 1429396446553825
07 features 19 18 558 1429396448501841
05 surface 21 18 558 1429396452634497
06 carvers 21 18 558 1429396453355818
07 features 20 17 559 1429396456075722
05 surface 21 19 559 1429396460075399
06 carvers 21 19 559 1429396460793927
07 features 20 18 560 1429396463206529
05 surface 22 -4 560 1429396468559732
06 carvers 22 -4 560 1429396469569080
07 features 21 -3 561 1429396472519739
05 surface 22 14 561 1429396477427075
06 carvers 22 14 561 1429396478188905
07 features 21 13 562 1429396481201584
09 light 18 10 562 1429396484269856
10 spawn 18 10 562 1429396484325729
08 initialize_light 20 5 562 1429396484520447
11 full 18 10 562 1429396484619343
08 initialize_light 20 6 562 1429396486522381
08 initialize_light 20 7 562 1429396486550597
08 initialize_light 20 8 562 1429396486569594
08 initialize_light 20 9 562 1429396486588032
08 initialize_light 20 10 562 1429396486606470
08 initialize_light 19 12 562 1429396486624629
08 initialize_light 19 13 562 1429396486642508
08 initialize_light 19 14 562 1429396486658991
08 initialize_light 19 15 562 1429396486674635
08 initialize_light 20 1 562 1429396486690559
08 initialize_light 20 2 562 1429396486705924
08 initialize_light 20 3 562 1429396486721569
08 initialize_light 20 4 562 1429396486736934
08 initialize_light 20 0 562 1429396486752858
08 initialize_light 20 11 562 1429396486768502
08 initialize_light 20 12 562 1429396486783867
08 initialize_light 19 16 562 1429396486798953
08 initialize_light 19 17 562 1429396486814318
08 initialize_light 20 -1 562 1429396486829683
08 initialize_light 20 -2 562 1429396486846166
08 initialize_light 21 1 562 1429396486859855
08 initialize_light 21 2 562 1429396486875778
08 initialize_light 21 3 562 1429396486891144
08 initialize_light 21 9 562 1429396486906788
08 initialize_light 21 10 562 1429396486922153
08 initialize_light 21 11 562 1429396486940312
08 initialize_light 20 13 562 1429396486959309
08 initialize_light 20 14 562 1429396486978585
08 initialize_light 20 15 562 1429396487050103
08 initialize_light 20 16 562 1429396487071893
08 initialize_light 21 0 562 1429396487090890
08 initialize_light 21 4 562 1429396487109887
08 initialize_light 21 5 562 1429396487126090
08 initialize_light 21 6 562 1429396487141455
08 initialize_light 21 -1 562 1429396487164084
08 initialize_light 21 7 562 1429396487179728
08 initialize_light 21 8 562 1429396487195093
08 initialize_light 21 -2 562 1429396487210458
08 initialize_light 20 -3 562 1429396487224985
08 initialize_light 21 12 562 1429396487239792
08 initialize_light 19 18 562 1429396487257112
08 initialize_light 20 17 562 1429396487276668
08 initialize_light 20 18 562 1429396487294547
08 initialize_light 21 -3 562 1429396487324998
08 initialize_light 21 13 562 1429396487343157
09 light 18 11 562 1429396503741638
09 light 19 5 562 1429396503792762
09 light 19 6 562 1429396503809244
09 light 19 7 562 1429396503823771
09 light 19 8 562 1429396503838857
09 light 19 9 562 1429396503853664
09 light 18 12 562 1429396503868191
09 light 18 13 562 1429396503882997
09 light 18 14 562 1429396503897803
09 light 19 0 562 1429396503912330
09 light 19 1 562 1429396503926857
09 light 19 2 562 1429396503940826
09 light 19 3 562 1429396503955073
10 spawn 18 11 562 1429396504098108
10 spawn 19 5 562 1429396504141410
10 spawn 19 6 562 1429396504183874
10 spawn 19 7 562 1429396504215721
10 spawn 19 8 562 1429396504247569
10 spawn 19 9 562 1429396504280255
10 spawn 18 12 562 1429396504313220
11 full 18 11 562 1429396504322718
10 spawn 18 13 562 1429396504345347
10 spawn 18 14 562 1429396504378592
10 spawn 19 0 562 1429396504410160
11 full 19 5 562 1429396504750986
11 full 19 6 562 1429396504806021
11 full 19 7 562 1429396504852116
11 full 19 8 562 1429396504963583
11 full 19 9 562 1429396505070301
11 full 18 12 562 1429396505191266
11 full 18 13 562 1429396505422022
11 full 18 14 562 1429396505592435
11 full 19 0 562 1429396505877109
09 light 19 4 562 1429396510729968
09 light 19 -1 562 1429396510770197
09 light 19 10 562 1429396510788076
09 light 19 11 562 1429396510804559
09 light 18 15 562 1429396510818248
10 spawn 18 15 562 1429396511057664
10 spawn 19 1 562 1429396511119963
10 spawn 19 2 562 1429396511168293
10 spawn 19 3 562 1429396511205449
11 full 18 15 562 1429396511239252
10 spawn 19 4 562 1429396511308255
11 full 19 1 562 1429396511930402
11 full 19 2 562 1429396512166466
11 full 19 3 562 1429396512334085
09 light 18 16 562 1429396512969922
10 spawn 19 -1 562 1429396513168551
10 spawn 19 10 562 1429396513217440
10 spawn 19 11 562 1429396513259624
10 spawn 18 16 562 1429396513299852
11 full 19 4 562 1429396513425567
11 full 19 -1 562 1429396514443016
11 full 19 10 562 1429396514520121
11 full 19 11 562 1429396514785798
11 full 18 16 562 1429396514967106
09 light 19 12 562 1429396535613062
09 light 20 6 562 1429396535655246
09 light 19 -2 562 1429396535670332
09 light 20 0 562 1429396535684859
09 light 20 1 562 1429396535699944
09 light 20 2 562 1429396535714471
09 light 20 8 562 1429396535728440
09 light 20 9 562 1429396535742687
09 light 20 10 562 1429396535757214
09 light 19 13 562 1429396535771741
09 light 19 14 562 1429396535785989
09 light 19 15 562 1429396535800237
09 light 20 -1 562 1429396535813925
09 light 20 3 562 1429396535828452
09 light 20 4 562 1429396535842421
09 light 20 5 562 1429396535856668
09 light 20 -2 562 1429396535870637
09 light 20 7 562 1429396535884884
09 light 20 11 562 1429396535899411
09 light 18 17 562 1429396535915335
09 light 19 16 562 1429396535933773
09 light 19 17 562 1429396535950535
09 light 20 12 562 1429396535967577
10 spawn 19 12 562 1429396536172631
10 spawn 20 6 562 1429396536246104
10 spawn 20 0 562 1429396536288847
10 spawn 20 1 562 1429396536327958
10 spawn 20 2 562 1429396536360923
10 spawn 20 8 562 1429396536393050
10 spawn 20 9 562 1429396536424619
11 full 19 12 562 1429396536434396
10 spawn 20 10 562 1429396536456746
10 spawn 19 13 562 1429396536489152
10 spawn 19 14 562 1429396536521000
10 spawn 19 15 562 1429396536571844
10 spawn 20 -1 562 1429396536607882
10 spawn 20 3 562 1429396536639451
10 spawn 20 4 562 1429396536671019
10 spawn 20 5 562 1429396536702308
10 spawn 20 7 562 1429396536734156
10 spawn 20 11 562 1429396536766841
10 spawn 19 16 562 1429396536809584
10 spawn 20 12 562 1429396536843108
11 full 20 6 562 1429396536863223
11 full 20 0 562 1429396536925242
11 full 20 1 562 1429396537052074
11 full 20 2 562 1429396537114931
11 full 20 8 562 1429396537183934
11 full 20 9 562 1429396537244836
10 spawn 19 -2 562 1429396537264671
11 full 20 10 562 1429396537300709
10 spawn 20 -2 562 1429396537307693
10 spawn 18 17 562 1429396537343731
10 spawn 19 17 562 1429396537383122
11 full 19 13 562 1429396537535656
11 full 19 14 562 1429396537833459
11 full 19 15 562 1429396538116177
11 full 20 -1 562 1429396539259900
11 full 20 3 562 1429396539322757
11 full 20 4 562 1429396539553793
11 full 20 5 562 1429396539785387
11 full 20 7 562 1429396540156943
11 full 20 11 562 1429396540580182
11 full 19 16 562 1429396540794176
11 full 20 12 562 1429396540872398
11 full 19 -2 562 1429396541596234
11 full 20 -2 562 1429396541664679
11 full 18 17 562 1429396541829505
11 full 19 17 562 1429396541906051
01 structure_starts 31 24 562 1429396545946515
02 structure_references 23 16 562 1429396546164700
03 biomes 23 16 562 1429396550317470
04 noise 22 15 562 1429396559849982
05 surface 22 15 562 1429396564169533
06 carvers 22 15 562 1429396565589828
07 features 21 14 563 1429396568839408
01 structure_starts 32 -11 563 1429396575556475
01 structure_starts 32 -10 563 1429396575616259
01 structure_starts 32 -9 563 1429396575640564
01 structure_starts 32 -8 563 1429396575662634
01 structure_starts 32 -7 563 1429396575685542
01 structure_starts 32 -6 563 1429396575706773
01 structure_starts 32 -5 563 1429396575740856
01 structure_starts 32 -4 563 1429396575762646
01 structure_starts 32 -3 563 1429396575784716
01 structure_starts 32 -2 563 1429396575817961
01 structure_starts 32 -1 563 1429396575840031
01 structure_starts 32 0 563 1429396575862659
01 structure_starts 32 1 563 1429396575885288
01 structure_starts 32 2 563 1429396575907078
01 structure_starts 32 3 563 1429396575930266
01 structure_starts 32 4 563 1429396575951777
01 structure_starts 32 5 563 1429396575975244
01 structure_starts 32 6 563 1429396575997593
01 structure_starts 32 7 563 1429396576076933
01 structure_starts 32 8 563 1429396576098164
01 structure_starts 32 9 563 1429396576119676
01 structure_starts 32 10 563 1429396576158787
01 structure_starts 32 11 563 1429396576181695
02 structure_references 24 -3 563 1429396576387587
02 structure_references 24 -2 563 1429396576450165
02 structure_references 24 -1 563 1429396576494584
02 structure_references 24 0 563 1429396576540121
02 structure_references 24 1 563 1429396576586496
02 structure_references 24 2 563 1429396576643207
02 structure_references 24 3 563 1429396576691816
03 biomes 24 -3 563 1429396581138478
03 biomes 24 -2 563 1429396585367794
03 biomes 24 -1 563 1429396588897020
03 biomes 24 0 563 1429396592336010
03 biomes 24 1 563 1429396595326339
03 biomes 24 2 563 1429396597936732
03 biomes 24 3 563 1429396600530920
01 structure_starts 32 12 563 1429396600772572
01 structure_starts 32 13 563 1429396600796038
01 structure_starts 32 14 563 1429396600813918
01 structure_starts 32 15 563 1429396600833473
01 structure_starts 32 16 563 1429396600851353
01 structure_starts 32 17 563 1429396606121585
01 structure_starts 32 18 563 1429396606164607
02 structure_references 24 4 563 1429396606346195
02 structure_references 24 5 563 1429396606396480
02 structure_references 24 6 563 1429396606440061
02 structure_references 24 7 563 1429396606483084
02 structure_references 24 8 563 1429396606526385
02 structure_references 24 9 563 1429396606602932
02 structure_references 24 10 563 1429396606662436
03 biomes 24 4 563 1429396610295865
03 biomes 24 5 563 1429396612985318
03 biomes 24 6 563 1429396617179713
03 biomes 24 7 563 1429396620953942
03 biomes 24 8 563 1429396624396564
03 biomes 24 9 563 1429396628607721
03 biomes 24 10 563 1429396632778091
01 structure_starts 32 19 563 1429396633211666
01 structure_starts 32 20 563 1429396633236809
01 structure_starts 32 21 563 1429396633259438
02 structure_references 24 11 563 1429396633396606
02 structure_references 24 12 563 1429396633462536
02 structure_references 24 13 563 1429396633507794
03 biomes 24 11 563 1429396637444055
03 biomes 24 12 563 1429396640112834
03 biomes 24 13 563 1429396642615950
01 structure_starts 32 22 563 1429396642834135
01 structure_starts 32 23 563 1429396642855925
01 structure_starts 32 24 563 1429396642876319
02 structure_references 24 14 563 1429396642960129
02 structure_references 24 15 563 1429396643044776
02 structure_references 24 16 563 1429396643083887
03 biomes 24 14 563 1429396645632260
03 biomes 24 15 563 1429396648206335
03 biomes 24 16 563 1429396650699952
01 structure_starts 31 25 563 1429396650885172
01 structure_starts 32 25 563 1429396650909197
02 structure_references 23 17 563 1429396650974010
02 structure_references 24 17 563 1429396651048042
03 biomes 23 17 563 1429396653742244
03 biomes 24 17 563 1429396656337271
01 structure_starts 31 26 563 1429396656475557
02 structure_references 23 18 563 1429396656525563
03 biomes 23 18 563 1429396659156349
04 noise 23 3 563 1429396668453356
04 noise 23 4 563 1429396677343887
04 noise 23 5 563 1429396686937860
04 noise 23 6 563 1429396696877688
04 noise 23 7 563 1429396708613557
04 noise 23 8 563 1429396720650303
04 noise 23 9 563 1429396731565396
04 noise 23 10 563 1429396741620322
04 noise 23 11 563 1429396753602313
04 noise 23 12 563 1429396763672325
04 noise 23 13 563 1429396774709501
04 noise 23 2 563 1429396785192136
04 noise 22 16 563 1429396794593347
01 structure_starts 31 27 563 1429396794761245
02 structure_references 23 19 563 1429396794859303
03 biomes 23 19 563 1429396798042394
04 noise 23 -1 563 1429396808116597
04 noise 23 0 563 1429396819108795
04 noise 23 1 563 1429396829165397
05 surface 23 1 563 1429396833911539
05 surface 23 2 563 1429396837962341
05 surface 23 3 563 1429396842163999
05 surface 23 4 563 1429396846327384
05 surface 23 5 563 1429396850049372
06 carvers 23 1 563 1429396852568412
06 carvers 23 2 563 1429396854261926
06 carvers 23 3 563 1429396855197801
06 carvers 23 4 563 1429396856251847
06 carvers 23 5 563 1429396857458706
07 features 22 2 564 1429396860706332
07 features 22 3 565 1429396862995733
07 features 22 4 566 1429396865671776
01 structure_starts 32 -12 566 1429396865958963
02 structure_references 24 -4 566 1429396866131053
03 biomes 24 -4 566 1429396869832367
05 surface 23 6 566 1429396873412996
05 surface 23 7 566 1429396876675148
05 surface 23 8 566 1429396880245440
06 carvers 23 6 566 1429396881088286
06 carvers 23 7 566 1429396881449227
06 carvers 23 8 566 1429396881797596
07 features 22 5 567 1429396884282553
07 features 22 6 568 1429396888875602
07 features 22 7 569 1429396890931733
05 surface 23 0 569 1429396895606916
06 carvers 23 0 569 1429396896839757
07 features 22 1 570 1429396898903989
05 surface 23 9 570 1429396902963450
05 surface 23 10 570 1429396907511802
05 surface 23 11 570 1429396911814870
06 carvers 23 9 570 1429396912349296
06 carvers 23 10 570 1429396912790973
06 carvers 23 11 570 1429396913330987
07 features 22 8 571 1429396915422318
07 features 22 9 572 1429396918050030
07 features 22 10 573 1429396920631369
04 noise 23 14 573 1429396929359029
04 noise 23 -2 573 1429396941674861
05 surface 23 12 573 1429396946690591
06 carvers 23 12 573 1429396947847165
07 features 22 11 574 1429396950179029
04 noise 23 15 574 1429396961213411
04 noise 23 16 574 1429396969984373
04 noise 22 17 574 1429396979227743
05 surface 23 13 574 1429396982494644
06 carvers 23 13 574 1429396983191661
07 features 22 12 575 1429396985407868
05 surface 22 16 575 1429396988575874
06 carvers 22 16 575 1429396989069234
07 features 21 15 576 1429396999866435
04 noise 22 18 576 1429397009980028
05 surface 23 -1 576 1429397013667654
06 carvers 23 -1 576 1429397015409777
07 features 22 0 577 1429397018199522
04 noise 23 -3 577 1429397029252343
05 surface 23 14 577 1429397032618977
06 carvers 23 14 577 1429397033442826
07 features 22 13 578 1429397035398944
05 surface 23 -2 578 1429397040893786
06 carvers 23 -2 578 1429397042924215
07 features 22 -1 579 1429397045755027
05 surface 23 15 579 1429397050120114
06 carvers 23 15 579 1429397050992573
07 features 22 14 580 1429397053156818
05 surface 23 16 580 1429397057956319
06 carvers 23 16 580 1429397058856435
07 features 22 15 581 1429397061326027
05 surface 22 17 581 1429397066119102
06 carvers 22 17 581 1429397066551840
07 features 21 16 582 1429397069287387
05 surface 22 18 582 1429397074111193
06 carvers 22 18 582 1429397074507892
07 features 21 17 583 1429397076791427
05 surface 23 -3 583 1429397080459776
06 carvers 23 -3 583 1429397081635347
07 features 22 -2 584 1429397083737573
01 structure_starts 33 -10 584 1429397083909662
01 structure_starts 33 -9 584 1429397083949053
01 structure_starts 33 -8 584 1429397083967491
01 structure_starts 33 -7 584 1429397083985091
01 structure_starts 33 -6 584 1429397084040964
01 structure_starts 33 -5 584 1429397084061637
01 structure_starts 33 -4 584 1429397084079237
01 structure_starts 33 -3 584 1429397086664207
01 structure_starts 33 -2 584 1429397087199471
01 structure_starts 33 -1 584 1429397087514316
01 structure_starts 33 0 584 1429397087535827
01 structure_starts 33 1 584 1429397087557059
01 structure_starts 33 2 584 1429397087581085
01 structure_starts 33 3 584 1429397087605110
01 structure_starts 33 4 584 1429397087626901
01 structure_starts 33 5 584 1429397087649529
01 structure_starts 33 6 584 1429397087671878
01 structure_starts 33 7 584 1429397087692272
01 structure_starts 33 8 584 1429397087710990
01 structure_starts 33 9 584 1429397087731104
01 structure_starts 33 10 584 1429397087754291
01 structure_starts 33 11 584 1429397087774964
01 structure_starts 33 12 584 1429397087798152
02 structure_references 25 -2 584 1429397087968565
02 structure_references 25 -1 584 1429397088066343
02 structure_references 25 0 584 1429397088128921
02 structure_references 25 1 584 1429397088186470
02 structure_references 25 2 584 1429397088232845
02 structure_references 25 3 584 1429397088282013
02 structure_references 25 4 584 1429397088334254
08 initialize_light 21 14 584 1429397088783474
08 initialize_light 22 2 584 1429397090339820
08 initialize_light 22 3 584 1429397090376975
08 initialize_light 22 4 584 1429397090397928
08 initialize_light 22 5 584 1429397090416087
08 initialize_light 22 6 584 1429397090432290
08 initialize_light 22 7 584 1429397090452684
08 initialize_light 22 1 584 1429397090471680
08 initialize_light 22 8 584 1429397090490677
08 initialize_light 22 9 584 1429397090509115
08 initialize_light 22 10 584 1429397090528392
08 initialize_light 22 11 584 1429397090547668
08 initialize_light 22 12 584 1429397090567782
08 initialize_light 21 15 584 1429397090585382
08 initialize_light 22 0 584 1429397090606055
08 initialize_light 22 13 584 1429397090625890
08 initialize_light 22 -1 584 1429397090644608
08 initialize_light 22 14 584 1429397090661928
08 initialize_light 22 15 584 1429397090680087
08 initialize_light 21 16 584 1429397090698246
08 initialize_light 21 17 584 1429397090716405
08 initialize_light 22 -2 584 1429397090734005
03 biomes 25 -2 584 1429397207409647
03 biomes 25 -1 584 1429397212403587
03 biomes 25 0 584 1429397216311632
03 biomes 25 1 584 1429397220197328
03 biomes 25 2 584 1429397223397182
03 biomes 25 3 584 1429397227940225
03 biomes 25 4 584 1429397231465539
01 structure_starts 33 13 584 1429397231789324
01 structure_starts 33 14 584 1429397231810276
01 structure_starts 33 15 584 1429397231828435
01 structure_starts 33 16 584 1429397231847432
01 structure_starts 33 17 584 1429397231865032
01 structure_starts 33 18 584 1429397231884588
01 structure_starts 33 19 584 1429397231902467
02 structure_references 25 5 584 1429397231996334
02 structure_references 25 6 584 1429397232098023
02 structure_references 25 7 584 1429397232136017
02 structure_references 25 8 584 1429397232183229
02 structure_references 25 9 584 1429397232218709
02 structure_references 25 10 584 1429397232253909
02 structure_references 25 11 584 1429397232288271
03 biomes 25 5 584 1429397235367997
03 biomes 25 6 584 1429397238514771
03 biomes 25 7 584 1429397241890066
03 biomes 25 8 584 1429397244546554
03 biomes 25 9 584 1429397247220921
03 biomes 25 10 584 1429397249893332
03 biomes 25 11 584 1429397252569654
09 light 20 13 584 1429397253843003
01 structure_starts 33 20 584 1429397254127117
01 structure_starts 33 21 584 1429397254159524
01 structure_starts 33 22 584 1429397254178521
02 structure_references 25 12 584 1429397254276857
02 structure_references 25 13 584 1429397254314572
02 structure_references 25 14 584 1429397254350889
03 biomes 25 12 584 1429397257166336
03 biomes 25 13 584 1429397259930379
03 biomes 25 14 584 1429397262874892
09 light 21 1 584 1429397264522311
10 spawn 20 13 584 1429397264587124
10 spawn 21 1 584 1429397264633778
11 full 20 13 584 1429397264717867
01 structure_starts 33 23 584 1429397264829334
01 structure_starts 33 24 584 1429397264858108
01 structure_starts 33 25 584 1429397264881296
02 structure_references 25 15 584 1429397264959798
02 structure_references 25 16 584 1429397265058134
11 full 21 1 584 1429397265075176
02 structure_references 25 17 584 1429397265116242
03 biomes 25 15 584 1429397269325164
03 biomes 25 16 584 1429397272509653
03 biomes 25 17 584 1429397276593419
09 light 21 2 584 1429397279651075
09 light 21 3 584 1429397279672307
09 light 21 4 584 1429397279686555
01 structure_starts 32 26 584 1429397279954466
02 structure_references 24 18 584 1429397280108397
03 biomes 24 18 584 1429397283071628
10 spawn 21 2 584 1429397283133926
10 spawn 21 3 584 1429397283185329
10 spawn 21 4 584 1429397283216898
11 full 21 2 584 1429397283282828
11 full 21 3 584 1429397283346244
11 full 21 4 584 1429397283395971
04 noise 23 17 584 1429397293937273
05 surface 23 17 584 1429397298819187
06 carvers 23 17 584 1429397299423454
07 features 22 16 585 1429397301716767
01 structure_starts 32 27 585 1429397301933275
02 structure_references 24 19 585 1429397302060386
03 biomes 24 19 585 1429397304767160
01 structure_starts 31 28 585 1429397304880023
02 structure_references 23 20 585 1429397304937293
03 biomes 23 20 585 1429397308406176
01 structure_starts 33 -12 585 1429397308632462
01 structure_starts 33 -11 585 1429397308660678
02 structure_references 25 -4 585 1429397308780526
02 structure_references 25 -3 585 1429397308841986
03 biomes 25 -4 585 1429397312335732
03 biomes 25 -3 585 1429397315422722
01 structure_starts 32 -13 585 1429397315542290
02 structure_references 24 -5 585 1429397315592856
03 biomes 24 -5 585 1429397319815467
04 noise 24 4 585 1429397332397813
04 noise 24 5 585 1429397344757785
04 noise 24 6 585 1429397355094871
04 noise 24 7 585 1429397366095729
04 noise 24 8 585 1429397377816233
04 noise 24 9 585 1429397388797257
04 noise 24 10 585 1429397397673540
04 noise 24 11 585 1429397407778193
04 noise 24 12 585 1429397416473447
04 noise 24 13 585 1429397425611216
04 noise 24 14 585 1429397434973037
04 noise 24 3 585 1429397445371303
01 structure_starts 32 28 585 1429397445594516
02 structure_references 24 20 585 1429397445698161
03 biomes 24 20 585 1429397448876783
01 structure_starts 33 -13 585 1429397449082675
02 structure_references 25 -5 585 1429397449191907
03 biomes 25 -5 585 1429397452387291
04 noise 24 0 585 1429397463558003
04 noise 24 1 585 1429397474052092
04 noise 24 2 585 1429397484253127
05 surface 24 2 585 1429397489756070
05 surface 24 3 585 1429397495135255
05 surface 24 4 585 1429397498791312
05 surface 24 5 585 1429397502450164
05 surface 24 6 585 1429397506332787
06 carvers 24 2 585 1429397507570376
06 carvers 24 3 585 1429397508179393
06 carvers 24 4 585 1429397508711026
06 carvers 24 5 585 1429397509437656
06 carvers 24 6 585 1429397509877936
07 features 23 3 586 1429397512277686
07 features 23 4 587 1429397514099709
07 features 23 5 588 1429397516518177
04 noise 24 -2 588 1429397525598676
04 noise 24 -1 588 1429397536712677
05 surface 24 7 588 1429397540640557
05 surface 24 8 588 1429397544296615
05 surface 24 9 588 1429397547800977
06 carvers 24 7 588 1429397548375911
06 carvers 24 8 588 1429397548691315
06 carvers 24 9 588 1429397549044433
07 features 23 6 589 1429397551373504
07 features 23 7 590 1429397553420416
07 features 23 8 591 1429397555336864
05 surface 24 1 591 1429397559468960
06 carvers 24 1 591 1429397560193355
07 features 23 2 592 1429397562300889
05 surface 24 10 592 1429397565703562
05 surface 24 11 592 1429397570107761
05 surface 24 12 592 1429397573473557
06 carvers 24 10 592 1429397574118054
06 carvers 24 11 592 1429397574634880
06 carvers 24 12 592 1429397575293624
07 features 23 9 593 1429397577291926
07 features 23 10 594 1429397579218990
07 features 23 11 595 1429397581379604
04 noise 24 15 595 1429397591876207
01 structure_starts 33 26 595 1429397592179598
02 structure_references 25 18 595 1429397592278214
03 biomes 25 18 595 1429397595335870
05 surface 24 -1 595 1429397599651510
05 surface 24 0 595 1429397603495301
06 carvers 24 -1 595 1429397605256701
06 carvers 24 0 595 1429397606221351
07 features 23 0 596 1429397608765533
07 features 23 1 597 1429397610791213
05 surface 24 13 597 1429397615078078
06 carvers 24 13 597 1429397615760289
07 features 23 12 598 1429397618249436
04 noise 24 16 598 1429397627657073
04 noise 23 18 598 1429397637422856
04 noise 22 19 598 1429397646488548
04 noise 24 -3 598 1429397656159347
04 noise 23 -4 598 1429397665894679
05 surface 24 14 598 1429397669776744
06 carvers 24 14 598 1429397670648644
07 features 23 13 599 1429397672865410
04 noise 23 19 599 1429397682359649
04 noise 24 -4 599 1429397691797178
05 surface 24 -2 599 1429397696279040
06 carvers 24 -2 599 1429397697769455
07 features 23 -1 600 1429397700323695
05 surface 24 15 600 1429397705379653
06 carvers 24 15 600 1429397706395147
07 features 23 14 601 1429397708375570
04 noise 24 17 601 1429397717838241
05 surface 24 16 601 1429397721390375
06 carvers 24 16 601 1429397722422351
07 features 23 15 602 1429397725222991
05 surface 23 18 602 1429397728932966
06 carvers 23 18 602 1429397729381628
07 features 22 17 603 1429397731635270
05 surface 22 19 603 1429397734840152
06 carvers 22 19 603 1429397735238527
07 features 21 18 604 1429397745057669
05 surface 24 -3 604 1429397749749614
06 carvers 24 -3 604 1429397750764270
07 features 23 -2 605 1429397753196985
05 surface 23 -4 605 1429397756661398
06 carvers 23 -4 605 1429397757258682
07 features 22 -3 606 1429397759843372
05 surface 23 19 606 1429397763614249
06 carvers 23 19 606 1429397764337527
07 features 22 18 607 1429397766640337
05 surface 24 -4 607 1429397770619062
06 carvers 24 -4 607 1429397771357705
07 features 23 -3 608 1429397774174827
05 surface 24 17 608 1429397777854910
06 carvers 24 17 608 1429397778460295
07 features 23 16 609 1429397780393226
09 light 21 5 609 1429397797549905
09 light 21 6 609 1429397797596280
09 light 21 0 609 1429397797611365
09 light 21 7 609 1429397797626731
09 light 21 8 609 1429397797640699
09 light 21 9 609 1429397797654388
09 light 21 10 609 1429397797668356
09 light 21 11 609 1429397797682324
09 light 20 14 609 1429397797696013
09 light 21 -1 609 1429397797713334
09 light 21 12 609 1429397797730375
09 light 21 13 609 1429397797747416
09 light 21 14 609 1429397797763620
09 light 20 15 609 1429397797779543
09 light 20 16 609 1429397797795747
08 initialize_light 22 16 609 1429397797812788
08 initialize_light 23 3 609 1429397797832064
08 initialize_light 23 4 609 1429397797848826
08 initialize_light 23 5 609 1429397797865029
08 initialize_light 23 6 609 1429397797881512
08 initialize_light 23 7 609 1429397797897994
08 initialize_light 23 8 609 1429397797914198
08 initialize_light 23 2 609 1429397797932915
08 initialize_light 23 9 609 1429397797953309
08 initialize_light 23 10 609 1429397797972864
08 initialize_light 23 11 609 1429397797993538
08 initialize_light 23 0 609 1429397798058909
08 initialize_light 23 1 609 1429397798079861
08 initialize_light 23 12 609 1429397798096623
08 initialize_light 23 13 609 1429397798112827
08 initialize_light 23 -1 609 1429397798128192
08 initialize_light 23 14 609 1429397798154731
08 initialize_light 23 15 609 1429397798174846
08 initialize_light 22 17 609 1429397798191887
08 initialize_light 21 18 609 1429397798208090
08 initialize_light 23 -2 609 1429397798223735
08 initialize_light 22 -3 609 1429397798238821
08 initialize_light 22 18 609 1429397798254186
08 initialize_light 23 -3 609 1429397798269830
08 initialize_light 23 16 609 1429397798284636
10 spawn 20 14 609 1429397798372916
10 spawn 21 5 609 1429397798417056
10 spawn 21 6 609 1429397798447786
10 spawn 21 0 609 1429397798477399
10 spawn 21 7 609 1429397798554224
10 spawn 21 8 609 1429397798584396
10 spawn 21 9 609 1429397798614288
10 spawn 21 10 609 1429397798644459
10 spawn 21 11 609 1429397798674910
10 spawn 21 -1 609 1429397798706758
10 spawn 21 12 609 1429397798737209
10 spawn 21 13 609 1429397798766542
10 spawn 21 14 609 1429397798795876
10 spawn 20 15 609 1429397798836104
10 spawn 20 16 609 1429397798866276
11 full 20 14 609 1429397799080549
01 structure_starts 33 27 609 1429397799129438
02 structure_references 25 19 609 1429397799234759
11 full 21 5 609 1429397799459648
11 full 21 6 609 1429397799523344
11 full 21 0 609 1429397799569998
11 full 21 7 609 1429397799614696
11 full 21 8 609 1429397799659674
11 full 21 9 609 1429397799707725
11 full 21 10 609 1429397799751865
11 full 21 11 609 1429397799794607
11 full 21 -1 609 1429397799861376
11 full 21 12 609 1429397799913338
11 full 21 13 609 1429397799960271
11 full 21 14 609 1429397800056373
11 full 20 15 609 1429397800131243
11 full 20 16 609 1429397801742065
03 biomes 25 19 609 1429397802111945
04 noise 24 18 609 1429397811159200
05 surface 24 18 609 1429397814382799
06 carvers 24 18 609 1429397814882584
07 features 23 17 610 1429397816810486
09 light 21 15 610 1429397820136892
10 spawn 21 15 610 1429397820209248
11 full 21 15 610 1429397820314848
09 light 22 2 610 1429397838973676
09 light 22 3 610 1429397839092965
09 light 22 4 610 1429397839111403
09 light 22 5 610 1429397839125930
09 light 22 6 610 1429397839139619
09 light 22 7 610 1429397839164483
09 light 22 1 610 1429397839179569
09 light 22 8 610 1429397839194375
09 light 22 9 610 1429397839208343
09 light 22 10 610 1429397839222591
09 light 22 -1 610 1429397839237118
09 light 22 0 610 1429397839251645
09 light 22 11 610 1429397839265893
09 light 22 12 610 1429397839280140
09 light 22 13 610 1429397839293829
09 light 22 14 610 1429397839308077
09 light 21 16 610 1429397839322045
09 light 22 15 610 1429397839336013
08 initialize_light 23 17 610 1429397839353055
09 light 22 -2 610 1429397839369817
09 light 20 17 610 1429397839384064
09 light 21 -2 610 1429397839398033
09 light 21 17 610 1429397839414515
10 spawn 22 0 610 1429397839521233
11 full 22 0 610 1429397839687455
01 structure_starts 34 -11 610 1429397839731595
01 structure_starts 34 -10 610 1429397839751989
01 structure_starts 34 -9 610 1429397839769868
01 structure_starts 34 -8 610 1429397839787189
01 structure_starts 34 -7 610 1429397839805348
01 structure_starts 34 -6 610 1429397839822948
01 structure_starts 34 -5 610 1429397839840827
01 structure_starts 34 -4 610 1429397839858148
01 structure_starts 34 -3 610 1429397839875468
01 structure_starts 34 -2 610 1429397839894186
01 structure_starts 34 -1 610 1429397839911506
01 structure_starts 34 0 610 1429397839929107
01 structure_starts 34 1 610 1429397839946986
01 structure_starts 34 2 610 1429397839964027
01 structure_starts 34 3 610 1429397839982186
01 structure_starts 34 4 610 1429397840307088
01 structure_starts 34 5 610 1429397840329717
01 structure_starts 34 6 610 1429397840348155
01 structure_starts 34 7 610 1429397840366314
01 structure_starts 34 8 610 1429397840384752
01 structure_starts 34 9 610 1429397840402911
01 structure_starts 34 10 610 1429397840421349
01 structure_starts 34 11 610 1429397840438669
02 structure_references 26 -3 610 1429397840544270
02 structure_references 26 -2 610 1429397840584778
02 structure_references 26 -1 610 1429397840619978
02 structure_references 26 0 610 1429397840654060
02 structure_references 26 1 610 1429397840688143
02 structure_references 26 2 610 1429397840721667
02 structure_references 26 3 610 1429397840756308
03 biomes 26 -3 610 1429397843661151
03 biomes 26 -2 610 1429397846419328
03 biomes 26 -1 610 1429397849132527
03 biomes 26 0 610 1429397851724201
03 biomes 26 1 610 1429397854326492
03 biomes 26 2 610 1429397856851398
03 biomes 26 3 610 1429397859600635
10 spawn 22 1 610 1429397859702324
11 full 22 1 610 1429397859795073
01 structure_starts 34 -12 610 1429397859964927
02 structure_references 26 -4 610 1429397860123048
03 biomes 26 -4 610 1429397863209479
01 structure_starts 34 12 610 1429397863372350
02 structure_references 26 4 610 1429397863446381
03 biomes 26 4 610 1429397866867492
10 spawn 22 2 610 1429397866918337
10 spawn 22 3 610 1429397866964153
10 spawn 22 4 610 1429397866995721
10 spawn 22 5 610 1429397867068077
11 full 22 2 610 1429397867090426
10 spawn 22 6 610 1429397867099366
10 spawn 22 7 610 1429397867240446
10 spawn 22 8 610 1429397867273969
10 spawn 22 9 610 1429397867305538
10 spawn 22 10 610 1429397867337106
10 spawn 22 -1 610 1429397867367277
10 spawn 22 11 610 1429397867402757
10 spawn 22 12 610 1429397867437678
11 full 22 3 610 1429397867437119
10 spawn 22 13 610 1429397867468408
10 spawn 22 14 610 1429397867514783
10 spawn 21 16 610 1429397867546910
10 spawn 22 15 610 1429397867580992
11 full 22 4 610 1429397867605297
01 structure_starts 34 13 610 1429397867707265
11 full 22 5 610 1429397867767888
02 structure_references 26 5 610 1429397867776827
11 full 22 6 610 1429397868134415
11 full 22 7 610 1429397868300359
11 full 22 8 610 1429397868450657
11 full 22 9 610 1429397868601794
11 full 22 10 610 1429397868753490
11 full 22 -1 610 1429397868898760
11 full 22 11 610 1429397868956030
11 full 22 12 610 1429397869154379
11 full 22 13 610 1429397869458329
11 full 22 14 610 1429397869656399
11 full 21 16 610 1429397869863688
11 full 22 15 610 1429397869936044
03 biomes 26 5 610 1429397870505112
04 noise 25 -2 610 1429397878931337
04 noise 25 -1 610 1429397887057803
04 noise 25 0 610 1429397895922631
04 noise 25 1 610 1429397905532528
04 noise 25 2 610 1429397916744587
05 surface 25 -2 610 1429397921325065
05 surface 25 -1 610 1429397925569746
05 surface 25 0 610 1429397929115734
05 surface 25 1 610 1429397934641026
05 surface 25 2 610 1429397939910699
06 carvers 25 -2 610 1429397942154285
06 carvers 25 -1 610 1429397942992102
06 carvers 25 0 610 1429397943557259
06 carvers 25 1 610 1429397943981336
06 carvers 25 2 610 1429397944433349
07 features 24 -1 611 1429397946610166
07 features 24 0 612 1429397948668252
07 features 24 1 613 1429397950728294
04 noise 25 -3 613 1429397959350075
04 noise 25 3 613 1429397969837459
01 structure_starts 34 14 613 1429397970205663
01 structure_starts 34 15 613 1429397970229130
01 structure_starts 34 16 613 1429397970247847
02 structure_references 26 6 613 1429397970374959
02 structure_references 26 7 613 1429397970415746
02 structure_references 26 8 613 1429397970454019
03 biomes 26 6 613 1429397974827767
03 biomes 26 7 613 1429397978064217
03 biomes 26 8 613 1429397981901303
04 noise 25 4 613 1429397993220918
05 surface 25 -3 613 1429397997044595
06 carvers 25 -3 613 1429397997917612
07 features 24 -2 614 1429397999942175
05 surface 25 3 614 1429398003849941
06 carvers 25 3 614 1429398004521535
07 features 24 2 615 1429398007413528
04 noise 25 5 615 1429398019143251
04 noise 25 6 615 1429398030070357
04 noise 25 7 615 1429398042117160
05 surface 25 4 615 1429398046815531
06 carvers 25 4 615 1429398047684916
07 features 24 3 616 1429398050361797
05 surface 25 5 616 1429398054292751
05 surface 25 6 616 1429398058145481
05 surface 25 7 616 1429398062678468
06 carvers 25 5 616 1429398063408170
06 carvers 25 6 616 1429398063743409
06 carvers 25 7 616 1429398064281467
07 features 24 4 617 1429398066728151
07 features 24 5 618 1429398068976206
07 features 24 6 619 1429398071069772
01 structure_starts 34 17 619 1429398071401658
01 structure_starts 34 18 619 1429398071426242
01 structure_starts 34 19 619 1429398071446357
01 structure_starts 34 20 619 1429398071465354
01 structure_starts 34 21 619 1429398071484630
01 structure_starts 34 22 619 1429398071502230
01 structure_starts 34 23 619 1429398071521227
01 structure_starts 34 24 619 1429398071538827
01 structure_starts 34 25 619 1429398071557824
02 structure_references 26 11 619 1429398071643868
02 structure_references 26 12 619 1429398071684097
02 structure_references 26 13 619 1429398071722090
02 structure_references 26 14 619 1429398071760364
02 structure_references 26 15 619 1429398071797519
02 structure_references 26 16 619 1429398071836351
02 structure_references 26 17 619 1429398071873786
03 biomes 26 11 619 1429398074634197
03 biomes 26 12 619 1429398077232297
03 biomes 26 13 619 1429398079738207
03 biomes 26 14 619 1429398083167699
03 biomes 26 15 619 1429398086629038
03 biomes 26 16 619 1429398090157147
03 biomes 26 17 619 1429398093270397
04 noise 25 12 619 1429398103292358
04 noise 25 13 619 1429398112406381
04 noise 25 14 619 1429398121621814
04 noise 25 15 619 1429398132395268
04 noise 25 16 619 1429398143905131
05 surface 25 12 619 1429398147236286
05 surface 25 13 619 1429398150684775
05 surface 25 14 619 1429398154456211
05 surface 25 15 619 1429398158138528
05 surface 25 16 619 1429398161465773
06 carvers 25 12 619 1429398162459197
06 carvers 25 13 619 1429398162959540
06 carvers 25 14 619 1429398163874183
06 carvers 25 15 619 1429398164792458
06 carvers 25 16 619 1429398165369907
07 features 24 13 620 1429398167436374
07 features 24 14 621 1429398169632467
07 features 24 15 622 1429398171325981
01 structure_starts 33 28 622 1429398171545563
02 structure_references 25 20 622 1429398171626858
03 biomes 25 20 622 1429398174744857
02 structure_references 26 9 622 1429398175099372
03 biomes 26 9 622 1429398177871238
04 noise 25 8 622 1429398189184706
05 surface 25 8 622 1429398192514464
06 carvers 25 8 622 1429398192894122
07 features 24 7 623 1429398195236323
02 structure_references 26 10 623 1429398195426571
03 biomes 26 10 623 1429398198046741
04 noise 25 9 623 1429398207140091
04 noise 25 10 623 1429398215681136
05 surface 25 9 623 1429398218732925
05 surface 25 10 623 1429398221919090
06 carvers 25 9 623 1429398222544589
06 carvers 25 10 623 1429398223311169
07 features 24 8 624 1429398225490779
07 features 24 9 625 1429398227280395
04 noise 25 11 625 1429398237354039
05 surface 25 11 625 1429398242922354
06 carvers 25 11 625 1429398244139270
07 features 24 10 626 1429398246133661
07 features 24 11 627 1429398247965741
07 features 24 12 628 1429398249734125
01 structure_starts 34 -13 628 1429398250217427
02 structure_references 26 -5 628 1429398250331967
03 biomes 26 -5 628 1429398253678208
01 structure_starts 34 26 628 1429398254085803
01 structure_starts 34 27 628 1429398254108152
02 structure_references 26 18 628 1429398254198946
02 structure_references 26 19 628 1429398254238895
03 biomes 26 18 628 1429398256978913
03 biomes 26 19 628 1429398259772848
04 noise 25 17 628 1429398268616166
04 noise 25 18 628 1429398277941669
05 surface 25 17 628 1429398281557218
05 surface 25 18 628 1429398285255739
06 carvers 25 17 628 1429398285822293
06 carvers 25 18 628 1429398286143563
07 features 24 16 629 1429398288216456
07 features 24 17 630 1429398290772092
01 structure_starts 34 28 630 1429398291245617
02 structure_references 26 20 630 1429398291328030
03 biomes 26 20 630 1429398294841332
10 spawn 22 -2 630 1429398294888824
10 spawn 20 17 630 1429398294983529
11 full 22 -2 630 1429398295043313
10 spawn 21 -2 630 1429398295070132
10 spawn 21 17 630 1429398295113713
11 full 20 17 630 1429398295143326
09 light 22 16 630 1429398296229779
10 spawn 22 16 630 1429398296296826
11 full 21 -2 630 1429398303776561
11 full 21 17 630 1429398303899482
11 full 22 16 630 1429398304255673
04 noise 24 19 630 1429398307359983
04 noise 25 -4 630 1429398316650007
04 noise 25 19 630 1429398325451140
05 surface 24 19 630 1429398328777546
06 carvers 24 19 630 1429398329326500
07 features 23 18 631 1429398331427888
05 surface 25 -4 631 1429398334724960
06 carvers 25 -4 631 1429398335309672
07 features 24 -3 632 1429398337516102
05 surface 25 19 632 1429398340676006
06 carvers 25 19 632 1429398340941962
07 features 24 18 633 1429398342935236
08 initialize_light 24 -1 633 1429398345447012
08 initialize_light 24 0 633 1429398345486123
08 initialize_light 24 1 633 1429398345509031
08 initialize_light 24 -2 633 1429398345534733
08 initialize_light 24 2 633 1429398345553171
08 initialize_light 24 3 633 1429398345574402
08 initialize_light 24 4 633 1429398345595075
08 initialize_light 24 5 633 1429398345615469
08 initialize_light 24 6 633 1429398345637539
08 initialize_light 24 13 633 1429398345658491
08 initialize_light 24 14 633 1429398345679444
08 initialize_light 24 15 633 1429398345699558
08 initialize_light 24 7 633 1429398345719114
08 initialize_light 24 8 633 1429398345739507
08 initialize_light 24 9 633 1429398345759622
08 initialize_light 24 10 633 1429398345780016
08 initialize_light 24 11 633 1429398345800968
08 initialize_light 24 12 633 1429398345835889
08 initialize_light 24 16 633 1429398345856562
08 initialize_light 24 17 633 1429398345876397
08 initialize_light 23 18 633 1429398362661799
08 initialize_light 24 -3 633 1429398362702866
08 initialize_light 24 18 633 1429398362720466
09 light 23 0 633 1429398362736948
09 light 23 -1 633 1429398362750916
09 light 23 1 633 1429398362764885
09 light 23 2 633 1429398362778853
09 light 23 3 633 1429398362792542
09 light 23 4 633 1429398362806790
09 light 23 5 633 1429398362820479
09 light 23 12 633 1429398362834167
09 light 23 13 633 1429398362848415
09 light 23 14 633 1429398362862104
09 light 23 6 633 1429398362876352
09 light 23 7 633 1429398362890041
09 light 23 8 633 1429398362903729
09 light 23 9 633 1429398362917418
09 light 23 10 633 1429398362931107
09 light 23 11 633 1429398362944796
09 light 23 15 633 1429398362958485
09 light 23 16 633 1429398362972174
10 spawn 23 0 633 1429398363095374
10 spawn 23 -1 633 1429398363145101
10 spawn 23 1 633 1429398363183654
10 spawn 23 2 633 1429398363212708
11 full 23 0 633 1429398363218854
10 spawn 23 3 633 1429398363241203
10 spawn 23 4 633 1429398363293444
10 spawn 23 5 633 1429398363323057
10 spawn 23 12 633 1429398363350994
10 spawn 23 13 633 1429398363380048
10 spawn 23 14 633 1429398363410778
10 spawn 23 6 633 1429398363445978
11 full 23 -1 633 1429398363452962
10 spawn 23 7 633 1429398363475032
11 full 23 1 633 1429398363491794
10 spawn 23 8 633 1429398363504365
10 spawn 23 9 633 1429398363539286
10 spawn 23 10 633 1429398363569178
10 spawn 23 11 633 1429398363600467
11 full 23 2 633 1429398363627566
10 spawn 23 15 633 1429398363630080
10 spawn 23 16 633 1429398363663883
11 full 23 3 633 1429398363757750
11 full 23 4 633 1429398363890169
11 full 23 5 633 1429398364097179
11 full 23 12 633 1429398364236862
11 full 23 13 633 1429398364279326
11 full 23 14 633 1429398364368443
11 full 23 6 633 1429398364408672
11 full 23 7 633 1429398364561206
11 full 23 8 633 1429398365414947
11 full 23 9 633 1429398365549601
11 full 23 10 633 1429398365695430
11 full 23 11 633 1429398365858579
11 full 23 15 633 1429398366929108
11 full 23 16 633 1429398367476385
09 light 22 17 633 1429398367515776
09 light 23 -2 633 1429398367538405
09 light 23 17 633 1429398367557401
10 spawn 22 17 633 1429398369073239
10 spawn 23 -2 633 1429398369118217
10 spawn 23 17 633 1429398369159843
11 full 22 17 633 1429398370832125
11 full 23 -2 633 1429398370922919
11 full 23 17 633 1429398370977116
01 structure_starts 35 -11 633 1429398372623138
01 structure_starts 35 -10 633 1429398372646604
01 structure_starts 35 -9 633 1429398372664763
01 structure_starts 35 -8 633 1429398372683201
01 structure_starts 35 -7 633 1429398372700522
01 structure_starts 35 -6 633 1429398372718960
01 structure_starts 35 -5 633 1429398372736281
01 structure_starts 35 -4 633 1429398372754440
01 structure_starts 35 -3 633 1429398372772319
01 structure_starts 35 -2 633 1429398373085767
01 structure_starts 35 -1 633 1429398373110351
01 structure_starts 35 0 633 1429398373128510
01 structure_starts 35 1 633 1429398373161196
01 structure_starts 35 2 633 1429398373181310
01 structure_starts 35 3 633 1429398373203101
01 structure_starts 35 4 633 1429398373224053
01 structure_starts 35 5 633 1429398373244167
01 structure_starts 35 6 633 1429398373261488
01 structure_starts 35 7 633 1429398373279647
01 structure_starts 35 8 633 1429398373296688
01 structure_starts 35 9 633 1429398373315126
01 structure_starts 35 10 633 1429398373332447
01 structure_starts 35 11 633 1429398373350606
02 structure_references 27 -3 633 1429398373452574
02 structure_references 27 -2 633 1429398373493362
02 structure_references 27 -1 633 1429398373528003
02 structure_references 27 0 633 1429398373561527
02 structure_references 27 1 633 1429398373595889
02 structure_references 27 2 633 1429398373628854
02 structure_references 27 3 633 1429398373663495
03 biomes 27 -3 633 1429398376938219
03 biomes 27 -2 633 1429398379923240
03 biomes 27 -1 633 1429398384572722
03 biomes 27 0 633 1429398387492930
03 biomes 27 1 633 1429398391937637
03 biomes 27 2 633 1429398394761464
03 biomes 27 3 633 1429398397569088
04 noise 26 -2 633 1429398405502233
04 noise 26 -1 633 1429398413842413
04 noise 26 0 633 1429398422706684
04 noise 26 1 633 1429398432200364
04 noise 26 2 633 1429398442386313
05 surface 26 -2 633 1429398446600823
05 surface 26 -1 633 1429398450732919
05 surface 26 0 633 1429398454908038
05 surface 26 1 633 1429398459271170
05 surface 26 2 633 1429398463424777
06 carvers 26 -2 633 1429398464809872
06 carvers 26 -1 633 1429398465450736
06 carvers 26 0 633 1429398465953595
06 carvers 26 1 633 1429398466419576
06 carvers 26 2 633 1429398466775488
07 features 25 -1 634 1429398468877714
07 features 25 0 635 1429398470744714
07 features 25 1 636 1429398472695524
01 structure_starts 35 12 636 1429398472905049
01 structure_starts 35 13 636 1429398472931309
01 structure_starts 35 14 636 1429398472951703
02 structure_references 27 4 636 1429398473067919
02 structure_references 27 5 636 1429398473109544
02 structure_references 27 6 636 1429398473152846
03 biomes 27 4 636 1429398475897333
03 biomes 27 5 636 1429398478926215
03 biomes 27 6 636 1429398481952303
01 structure_starts 35 15 636 1429398482154843
01 structure_starts 35 16 636 1429398482179148
02 structure_references 27 7 636 1429398482232228
02 structure_references 27 8 636 1429398482275809
03 biomes 27 7 636 1429398485182608
03 biomes 27 8 636 1429398488070689
01 structure_starts 35 17 636 1429398488232162
01 structure_starts 35 18 636 1429398488253394
01 structure_starts 35 19 636 1429398488271274
01 structure_starts 35 20 636 1429398488290550
01 structure_starts 35 21 636 1429398488323236
01 structure_starts 35 22 636 1429398488342232
01 structure_starts 35 23 636 1429398488360671
01 structure_starts 35 24 636 1429398488380226
01 structure_starts 35 25 636 1429398488397826
02 structure_references 27 11 636 1429398488459007
02 structure_references 27 12 636 1429398488505103
02 structure_references 27 13 636 1429398488552036
02 structure_references 27 14 636 1429398488591147
02 structure_references 27 15 636 1429398488645065
02 structure_references 27 16 636 1429398488684455
02 structure_references 27 17 636 1429398488725522
03 biomes 27 11 636 1429398491698531
03 biomes 27 12 636 1429398494241316
03 biomes 27 13 636 1429398496729067
03 biomes 27 14 636 1429398499326608
03 biomes 27 15 636 1429398501916886
03 biomes 27 16 636 1429398504858326
03 biomes 27 17 636 1429398507851728
08 initialize_light 25 -1 636 1429398508134446
02 structure_references 27 9 636 1429398508404872
02 structure_references 27 10 636 1429398508444822
03 biomes 27 9 636 1429398511254960
03 biomes 27 10 636 1429398513950559
08 initialize_light 25 0 636 1429398514158407
04 noise 26 10 636 1429398522914004
04 noise 26 11 636 1429398531400292
04 noise 26 12 636 1429398539991622
04 noise 26 13 636 1429398549285557
04 noise 26 14 636 1429398559284889
08 initialize_light 25 1 636 1429398559526820
01 structure_starts 35 26 636 1429398559844459
01 structure_starts 35 27 636 1429398559870160
02 structure_references 27 18 636 1429398559995316
02 structure_references 27 19 636 1429398560103710
03 biomes 27 18 636 1429398563208020
03 biomes 27 19 636 1429398566231036
01 structure_starts 36 -11 636 1429398566408712
01 structure_starts 36 -10 636 1429398566429664
01 structure_starts 36 -9 636 1429398566447544
01 structure_starts 36 -8 636 1429398566465423
01 structure_starts 36 -7 636 1429398566493080
01 structure_starts 36 -6 636 1429398566513195
01 structure_starts 36 -5 636 1429398566537779
01 structure_starts 36 -4 636 1429398566556776
01 structure_starts 36 -3 636 1429398566584712
01 structure_starts 36 -2 636 1429398566604547
01 structure_starts 36 -1 636 1429398566623824
01 structure_starts 36 0 636 1429398566641703
01 structure_starts 36 1 636 1429398566661259
01 structure_starts 36 2 636 1429398566678859
01 structure_starts 36 3 636 1429398566701767
01 structure_starts 36 4 636 1429398566724675
01 structure_starts 36 5 636 1429398566745627
01 structure_starts 36 6 636 1429398566764903
01 structure_starts 36 7 636 1429398566784179
01 structure_starts 36 8 636 1429398566823011
01 structure_starts 36 9 636 1429398566841449
01 structure_starts 36 10 636 1429398566858770
01 structure_starts 36 11 636 1429398566878605
02 structure_references 28 -3 636 1429398566965488
02 structure_references 28 -2 636 1429398567047342
02 structure_references 28 -1 636 1429398567088409
02 structure_references 28 0 636 1429398567131710
02 structure_references 28 1 636 1429398567180040
02 structure_references 28 2 636 1429398567221387
02 structure_references 28 3 636 1429398567258263
03 biomes 28 -3 636 1429398570507564
03 biomes 28 -2 636 1429398573445373
03 biomes 28 -1 636 1429398576278698
03 biomes 28 0 636 1429398578944684
03 biomes 28 1 636 1429398581636651
03 biomes 28 2 636 1429398584303754
03 biomes 28 3 636 1429398586892635
01 structure_starts 35 -12 636 1429398587116128
02 structure_references 27 -4 636 1429398587202172
03 biomes 27 -4 636 1429398590353416
04 noise 26 3 636 1429398599424417
04 noise 26 4 636 1429398608729805
04 noise 26 5 636 1429398617965632
04 noise 26 6 636 1429398627226322
04 noise 26 7 636 1429398636461590
04 noise 26 8 636 1429398645417771
04 noise 26 9 636 1429398654118892
05 surface 26 5 636 1429398657660968
05 surface 26 6 636 1429398661078727
05 surface 26 7 636 1429398664341996
05 surface 26 8 636 1429398667596326
05 surface 26 9 636 1429398670766008
06 carvers 26 5 636 1429398671414416
06 carvers 26 6 636 1429398671647127
06 carvers 26 7 636 1429398672173452
06 carvers 26 8 636 1429398672685250
06 carvers 26 9 636 1429398673947423
07 features 25 6 637 1429398675931478
07 features 25 7 638 1429398677886758
07 features 25 8 639 1429398679860755
05 surface 26 10 639 1429398683590286
05 surface 26 11 639 1429398687218965
06 carvers 26 10 639 1429398688708263
06 carvers 26 11 639 1429398689324264
07 features 25 9 640 1429398691751672
07 features 25 10 641 1429398693677898
05 surface 26 12 641 1429398696883338
06 carvers 26 12 641 1429398697188406
07 features 25 11 642 1429398699218276
04 noise 26 15 642 1429398709257558
04 noise 26 16 642 1429398719213589
04 noise 26 17 642 1429398728979931
01 structure_starts 36 -12 642 1429398729214598
02 structure_references 28 -4 642 1429398729320198
03 biomes 28 -4 642 1429398732828192
01 structure_starts 36 12 642 1429398732919544
02 structure_references 28 4 642 1429398732986871
03 biomes 28 4 642 1429398735839473
05 surface 26 3 642 1429398739081790
05 surface 26 4 642 1429398742118494
06 carvers 26 3 642 1429398742576933
06 carvers 26 4 642 1429398742776121
07 features 25 2 643 1429398744990093
07 features 25 3 644 1429398747110478
07 features 25 4 645 1429398749066037
07 features 25 5 646 1429398750955107
05 surface 26 13 646 1429398754158034
05 surface 26 14 646 1429398757158700
05 surface 26 15 646 1429398760424484
05 surface 26 16 646 1429398763920185
06 carvers 26 13 646 1429398764478078
06 carvers 26 14 646 1429398764881762
06 carvers 26 15 646 1429398765634652
06 carvers 26 16 646 1429398766578069
07 features 25 13 647 1429398768756562
07 features 25 14 648 1429398770904325
07 features 25 15 649 1429398773066056
07 features 25 12 650 1429398775107939
04 noise 26 18 650 1429398783932260
04 noise 27 -2 650 1429398792254561
04 noise 27 -1 650 1429398800552278
04 noise 27 0 650 1429398808931849
04 noise 27 1 650 1429398817295775
04 noise 27 2 650 1429398826174014
04 noise 26 -3 650 1429398834423121
05 surface 26 17 650 1429398837584142
06 carvers 26 17 650 1429398838535382
07 features 25 16 651 1429398846448971
04 noise 27 -3 651 1429398854586332
04 noise 27 3 651 1429398863071783
05 surface 26 18 651 1429398866188385
06 carvers 26 18 651 1429398866594304
07 features 25 17 652 1429398868410739
05 surface 27 -2 652 1429398871619532
05 surface 27 -1 652 1429398874771893
05 surface 27 0 652 1429398877946604
05 surface 27 1 652 1429398881319105
05 surface 27 2 652 1429398884429562
06 carvers 27 -2 652 1429398885328560
06 carvers 27 -1 652 1429398885733081
06 carvers 27 0 652 1429398886145425
06 carvers 27 1 652 1429398886611407
06 carvers 27 2 652 1429398887139129
07 features 26 -1 653 1429398889474625
07 features 26 0 654 1429398891246082
07 features 26 1 655 1429398893114200
05 surface 26 -3 655 1429398896345342
06 carvers 26 -3 655 1429398897146283
07 features 25 -2 656 1429398899798022
05 surface 27 -3 656 1429398904077902
06 carvers 27 -3 656 1429398904766818
07 features 26 -2 657 1429398907377210
05 surface 27 3 657 1429398910991083
06 carvers 27 3 657 1429398911483326
07 features 26 2 658 1429398913798708
01 structure_starts 35 28 658 1429398914063546
01 structure_starts 36 13 658 1429398917233507
01 structure_starts 36 14 658 1429398917258092
01 structure_starts 36 15 658 1429398917279044
01 structure_starts 36 16 658 1429398917303908
01 structure_starts 36 17 658 1429398917337990
01 structure_starts 36 18 658 1429398917362016
01 structure_starts 36 19 658 1429398917385482
01 structure_starts 36 20 658 1429398917405038
01 structure_starts 36 21 658 1429398917424594
01 structure_starts 36 22 658 1429398917443870
01 structure_starts 36 23 658 1429398917462029
01 structure_starts 36 24 658 1429398917481025
01 structure_starts 36 25 658 1429398917503654
01 structure_starts 36 26 658 1429398917525445
01 structure_starts 36 27 658 1429398917550029
01 structure_starts 36 28 658 1429398917571540
02 structure_references 27 20 658 1429398917664289
02 structure_references 28 14 658 1429398917754245
02 structure_references 28 15 658 1429398917813191
02 structure_references 28 16 658 1429398917871858
02 structure_references 28 17 658 1429398917929687
02 structure_references 28 18 658 1429398917988353
02 structure_references 28 19 658 1429398918090322
02 structure_references 28 20 658 1429398918158766
03 biomes 27 20 658 1429398921519255
03 biomes 28 14 658 1429398924438905
03 biomes 28 15 658 1429398928387458
03 biomes 28 16 658 1429398931505737
03 biomes 28 17 658 1429398934323977
03 biomes 28 18 658 1429398938661128
03 biomes 28 19 658 1429398941977756
03 biomes 28 20 658 1429398945716226
02 structure_references 28 5 658 1429398945967655
02 structure_references 28 6 658 1429398946068227
02 structure_references 28 7 658 1429398946125776
03 biomes 28 5 658 1429398948961058
03 biomes 28 6 658 1429398952674665
03 biomes 28 7 658 1429398955912232
02 structure_references 28 8 658 1429398956108347
02 structure_references 28 9 658 1429398956157236
03 biomes 28 8 658 1429398958705330
03 biomes 28 9 658 1429398961340026
02 structure_references 28 12 658 1429398961483341
02 structure_references 28 13 658 1429398961523011
03 biomes 28 12 658 1429398964211905
03 biomes 28 13 658 1429398966740722
01 structure_starts 35 -13 658 1429398966854424
01 structure_starts 36 -13 658 1429398966880125
01 structure_starts 37 -13 658 1429398966901637
01 structure_starts 37 -12 658 1429398966930691
01 structure_starts 37 -11 658 1429398966949967
01 structure_starts 37 -10 658 1429398966967567
01 structure_starts 37 -9 658 1429398966987681
01 structure_starts 37 -8 658 1429398967048862
01 structure_starts 37 -7 658 1429398967070373
01 structure_starts 37 -6 658 1429398967089929
01 structure_starts 37 -5 658 1429398967108926
01 structure_starts 37 -4 658 1429398967126526
01 structure_starts 37 -3 658 1429398967145802
01 structure_starts 37 -2 658 1429398967169269
01 structure_starts 37 -1 658 1429398967196088
01 structure_starts 37 0 658 1429398967214805
01 structure_starts 37 1 658 1429398970492881
01 structure_starts 37 2 658 1429398970516907
01 structure_starts 37 3 658 1429398970544285
01 structure_starts 37 4 658 1429398970562443
01 structure_starts 37 5 658 1429398970582278
01 structure_starts 37 6 658 1429398970601555
01 structure_starts 37 7 658 1429398970619434
01 structure_starts 37 8 658 1429398970637872
01 structure_starts 37 9 658 1429398970656310
02 structure_references 27 -5 658 1429398970730901
02 structure_references 28 -5 658 1429398970768895
02 structure_references 29 -5 658 1429398970804933
02 structure_references 29 -4 658 1429398970838736
02 structure_references 29 -3 658 1429398970872260
02 structure_references 29 -2 658 1429398970905784
02 structure_references 29 -1 658 1429398970940146
02 structure_references 29 0 658 1429398970974228
02 structure_references 29 1 658 1429398971063346
03 biomes 27 -5 658 1429398974607936
03 biomes 28 -5 658 1429398979577850
03 biomes 29 -5 658 1429398983166581
03 biomes 29 -4 658 1429398986360288
03 biomes 29 -3 658 1429398989579977
03 biomes 29 -2 658 1429398992360502
03 biomes 29 -1 658 1429398995218412
03 biomes 29 0 658 1429398998050621
03 biomes 29 1 658 1429399000661292
01 structure_starts 37 10 658 1429399000927248
02 structure_references 29 2 658 1429399001105763
03 biomes 29 2 658 1429399003738225
02 structure_references 28 10 658 1429399003937133
02 structure_references 28 11 658 1429399003978759
03 biomes 28 10 658 1429399006690002
03 biomes 28 11 658 1429399009413537
04 noise 27 9 658 1429399017770758
04 noise 27 10 658 1429399027040947
04 noise 27 11 658 1429399035571655
04 noise 27 12 658 1429399045760676
04 noise 27 13 658 1429399057190640
04 noise 27 14 658 1429399067916044
04 noise 27 15 658 1429399078766604
04 noise 26 19 658 1429399089368248
01 structure_starts 37 11 658 1429399089567436
01 structure_starts 37 12 658 1429399089588109
02 structure_references 29 3 658 1429399089682255
02 structure_references 29 4 658 1429399089723881
03 biomes 29 3 658 1429399092602743
03 biomes 29 4 658 1429399095229897
04 noise 27 5 658 1429399105978488
04 noise 27 6 658 1429399115531954
04 noise 27 7 658 1429399124521938
04 noise 27 8 658 1429399133223059
04 noise 28 -2 658 1429399142462517
04 noise 28 -1 658 1429399151197441
04 noise 28 0 658 1429399161763327
04 noise 28 1 658 1429399171085757
04 noise 28 2 658 1429399181445192
05 surface 27 6 658 1429399185266913
05 surface 27 7 658 1429399188927440
05 surface 27 8 658 1429399220410546
05 surface 27 9 658 1429399225050250
05 surface 27 10 658 1429399229588544
06 carvers 27 6 658 1429399230289751
06 carvers 27 7 658 1429399230775289
06 carvers 27 8 658 1429399231464483
06 carvers 27 9 658 1429399232474111
06 carvers 27 10 658 1429399233426189
07 features 26 7 659 1429399235845215
07 features 26 8 660 1429399237834578
07 features 26 9 661 1429399239914175
05 surface 27 11 661 1429399243402334
05 surface 27 12 661 1429399246957261
06 carvers 27 11 661 1429399247953758
06 carvers 27 12 661 1429399248309391
07 features 26 10 662 1429399250879554
07 features 26 11 663 1429399252913336
04 noise 27 16 663 1429399263426142
04 noise 27 17 663 1429399274076676
04 noise 27 18 663 1429399286759874
01 structure_starts 37 13 663 1429399287109919
02 structure_references 29 5 663 1429399287222783
03 biomes 29 5 663 1429399291823096
04 noise 26 -4 663 1429399303870178
04 noise 27 4 663 1429399317829797
05 surface 27 4 663 1429399321067365
05 surface 27 5 663 1429399323991764
06 carvers 27 4 663 1429399324423663
06 carvers 27 5 663 1429399324706940
07 features 26 4 664 1429399326950246
07 features 26 5 665 1429399334442831
07 features 26 6 666 1429399336139418
04 noise 27 -4 666 1429399344597770
07 features 26 3 667 1429399346413088
04 noise 27 19 667 1429399356752129
05 surface 27 13 667 1429399359913989
05 surface 27 14 667 1429399362653168
05 surface 27 15 667 1429399365140919
05 surface 27 16 667 1429399368076493
05 surface 27 17 667 1429399371071851
06 carvers 27 13 667 1429399371484194
06 carvers 27 14 667 1429399371905477
06 carvers 27 15 667 1429399372331231
06 carvers 27 16 667 1429399372511980
06 carvers 27 17 667 1429399372823752
07 features 26 14 668 1429399375560976
07 features 26 15 669 1429399378161590
07 features 26 16 670 1429399380694040
04 noise 28 -4 670 1429399389805548
04 noise 28 -3 670 1429399398879343
05 surface 28 -3 670 1429399402808340
05 surface 28 -2 670 1429399406414950
05 surface 28 -1 670 1429399410279135
05 surface 28 0 670 1429399414253111
05 surface 28 1 670 1429399417317472
06 carvers 28 -3 670 1429399418253346
06 carvers 28 -2 670 1429399418572382
06 carvers 28 -1 670 1429399418899519
06 carvers 28 0 670 1429399419300129
06 carvers 28 1 670 1429399419583406
07 features 27 -2 671 1429399421804921
07 features 27 -1 672 1429399423630296
07 features 27 0 673 1429399425660446
07 features 26 12 674 1429399427671878
07 features 26 13 675 1429399429451437
05 surface 26 19 675 1429399432595138
06 carvers 26 19 675 1429399432897970
07 features 25 18 676 1429399434877555
04 noise 28 3 676 1429399443778981
05 surface 28 2 676 1429399447417159
06 carvers 28 2 676 1429399447979242
07 features 27 1 677 1429399450462244
05 surface 27 18 677 1429399455520158
06 carvers 27 18 677 1429399457205570
07 features 26 17 678 1429399460328598
04 noise 28 4 678 1429399472412277
05 surface 26 -4 678 1429399476958952
06 carvers 26 -4 678 1429399477943995
07 features 25 -3 679 1429399480444038
05 surface 27 -4 679 1429399486899059
06 carvers 27 -4 679 1429399488142236
07 features 26 -3 680 1429399491351309
05 surface 27 19 680 1429399495526428
06 carvers 27 19 680 1429399496564271
07 features 26 18 681 1429399498673481
05 surface 28 -4 681 1429399503387217
06 carvers 28 -4 681 1429399504145136
07 features 27 -3 682 1429399506283120
05 surface 28 3 682 1429399509165056
06 carvers 28 3 682 1429399509424028
07 features 27 2 683 1429399511515917
05 surface 28 4 683 1429399514407351
06 carvers 28 4 683 1429399514810476
07 features 27 3 684 1429399516745362
09 light 24 0 684 1429399519404643
10 spawn 24 0 684 1429399519457722
11 full 24 0 684 1429399519609138
08 initialize_light 25 6 684 1429399519681494
08 initialize_light 25 7 684 1429399521857752
08 initialize_light 25 8 684 1429399521880660
08 initialize_light 25 9 684 1429399521896025
08 initialize_light 25 10 684 1429399521911670
08 initialize_light 25 11 684 1429399521926755
08 initialize_light 25 2 684 1429399521941562
08 initialize_light 25 3 684 1429399521956368
08 initialize_light 25 4 684 1429399521970895
08 initialize_light 25 5 684 1429399521985422
08 initialize_light 25 13 684 1429399522055264
08 initialize_light 25 14 684 1429399522080406
08 initialize_light 25 15 684 1429399522098565
08 initialize_light 25 12 684 1429399522114210
08 initialize_light 25 16 684 1429399522129854
08 initialize_light 25 17 684 1429399522144940
08 initialize_light 26 -1 684 1429399522167569
08 initialize_light 26 0 684 1429399522182934
08 initialize_light 26 1 684 1429399522197461
08 initialize_light 25 -2 684 1429399522212546
08 initialize_light 26 -2 684 1429399522227911
08 initialize_light 26 2 684 1429399522241321
08 initialize_light 26 7 684 1429399522257524
08 initialize_light 26 8 684 1429399522273448
08 initialize_light 26 9 684 1429399522289651
08 initialize_light 26 10 684 1429399522305016
08 initialize_light 26 11 684 1429399522320661
08 initialize_light 26 4 684 1429399522335747
08 initialize_light 26 5 684 1429399522351112
08 initialize_light 26 6 684 1429399522366756
08 initialize_light 26 3 684 1429399522381563
08 initialize_light 26 14 684 1429399522396648
08 initialize_light 26 15 684 1429399522411455
08 initialize_light 26 16 684 1429399522427379
08 initialize_light 27 -2 684 1429399522443023
08 initialize_light 27 -1 684 1429399522457829
08 initialize_light 27 0 684 1429399522473474
08 initialize_light 26 12 684 1429399522488001
08 initialize_light 26 13 684 1429399522503645
08 initialize_light 25 18 684 1429399522519569
08 initialize_light 27 1 684 1429399522534934
08 initialize_light 26 17 684 1429399522549461
08 initialize_light 25 -3 684 1429399522565106
08 initialize_light 26 -3 684 1429399522580191
08 initialize_light 26 18 684 1429399522594719
08 initialize_light 27 -3 684 1429399522610084
08 initialize_light 27 2 684 1429399522624890
08 initialize_light 27 3 684 1429399522644166
09 light 24 1 684 1429399532724515
09 light 24 6 684 1429399532775359
09 light 24 7 684 1429399532796591
09 light 24 8 684 1429399532815867
09 light 24 9 684 1429399532835144
09 light 24 10 684 1429399532854699
09 light 24 2 684 1429399532874534
09 light 24 3 684 1429399532894090
09 light 24 4 684 1429399532911410
09 light 24 5 684 1429399532930687
09 light 24 12 684 1429399532949684
10 spawn 24 1 684 1429399533087690
10 spawn 24 6 684 1429399533159766
11 full 24 1 684 1429399533249443
11 full 24 6 684 1429399533653126
09 light 24 13 684 1429399537889985
09 light 24 14 684 1429399537913172
09 light 24 11 684 1429399537980499
09 light 24 15 684 1429399538058442
09 light 24 16 684 1429399538078277
10 spawn 24 2 684 1429399538190303
10 spawn 24 7 684 1429399538256792
10 spawn 24 8 684 1429399538286684
11 full 24 2 684 1429399538295344
10 spawn 24 9 684 1429399538314620
11 full 24 7 684 1429399538515484
11 full 24 8 684 1429399538554037
11 full 24 9 684 1429399539747766
09 light 25 -1 684 1429399540268783
10 spawn 24 3 684 1429399540314878
10 spawn 24 10 684 1429399540365164
11 full 24 3 684 1429399540391703
10 spawn 24 4 684 1429399540394777
10 spawn 24 5 684 1429399540426624
11 full 24 10 684 1429399540541164
11 full 24 4 684 1429399540596478
11 full 24 5 684 1429399541287908
09 light 25 0 684 1429399541392112
10 spawn 24 12 684 1429399541452455
10 spawn 24 13 684 1429399541519502
10 spawn 24 14 684 1429399541548556
10 spawn 24 11 684 1429399541591858
10 spawn 24 15 684 1429399541621471
10 spawn 24 16 684 1429399541653598
10 spawn 25 -1 684 1429399541712544
10 spawn 25 0 684 1429399541748862
11 full 24 12 684 1429399542365980
11 full 24 13 684 1429399542437777
11 full 24 14 684 1429399542492533
11 full 24 11 684 1429399542527733
11 full 24 15 684 1429399542818273
11 full 24 16 684 1429399543268890
11 full 25 -1 684 1429399543335937
11 full 25 0 684 1429399543382312
09 light 24 -1 684 1429399564387532
09 light 25 1 684 1429399564428598
09 light 25 2 684 1429399564443684
09 light 25 9 684 1429399564456814
09 light 25 -2 684 1429399564470503
09 light 24 -2 684 1429399564483913
09 light 25 6 684 1429399564497043
09 light 25 7 684 1429399564511570
09 light 25 8 684 1429399564526656
09 light 25 10 684 1429399564543138
09 light 25 3 684 1429399564559341
09 light 25 4 684 1429399564573030
09 light 25 5 684 1429399564585881
09 light 25 13 684 1429399564599291
09 light 25 14 684 1429399564615494
09 light 25 15 684 1429399564628903
09 light 26 -2 684 1429399564642034
09 light 26 -1 684 1429399564656281
09 light 25 11 684 1429399564669970
09 light 25 12 684 1429399564683380
09 light 24 17 684 1429399564697069
09 light 26 0 684 1429399564710478
09 light 25 16 684 1429399564723608
09 light 25 17 684 1429399564740091
09 light 26 1 684 1429399564756015
09 light 26 2 684 1429399564770542
10 spawn 25 1 684 1429399564988726
10 spawn 24 -1 684 1429399565096282
11 full 25 1 684 1429399565100752
10 spawn 25 2 684 1429399565131482
10 spawn 25 9 684 1429399565209704
10 spawn 25 6 684 1429399565240155
10 spawn 25 7 684 1429399565271444
10 spawn 25 8 684 1429399565308041
10 spawn 25 10 684 1429399565339609
10 spawn 25 3 684 1429399565372295
11 full 24 -1 684 1429399565376765
10 spawn 25 4 684 1429399565400791
11 full 25 2 684 1429399565424537
10 spawn 25 5 684 1429399565429845
10 spawn 25 13 684 1429399565459178
10 spawn 25 14 684 1429399565504715
10 spawn 25 15 684 1429399565537680
11 full 25 9 684 1429399565563102
10 spawn 26 -1 684 1429399565570645
10 spawn 25 11 684 1429399565599978
11 full 25 6 684 1429399565601654
10 spawn 25 12 684 1429399565627635
11 full 25 7 684 1429399565641604
10 spawn 26 0 684 1429399565657807
11 full 25 8 684 1429399565675686
10 spawn 25 16 684 1429399565691051
11 full 25 10 684 1429399565716194
10 spawn 26 1 684 1429399565720944
11 full 25 3 684 1429399565753909
10 spawn 26 2 684 1429399565756982
10 spawn 25 -2 684 1429399566380805
10 spawn 24 -2 684 1429399566415167
10 spawn 26 -2 684 1429399566443383
10 spawn 24 17 684 1429399566472158
10 spawn 25 17 684 1429399566502050
11 full 25 4 684 1429399567525925
11 full 25 5 684 1429399567717569
11 full 25 13 684 1429399568917165
11 full 25 14 684 1429399568973876
11 full 25 15 684 1429399569057127
11 full 26 -1 684 1429399569097915
11 full 25 11 684 1429399569190105
11 full 25 12 684 1429399569378398
11 full 26 0 684 1429399569979313
11 full 25 16 684 1429399571221931
11 full 26 1 684 1429399571297360
11 full 26 2 684 1429399572223736
11 full 25 -2 684 1429399572402251
11 full 24 -2 684 1429399572439965
11 full 26 -2 684 1429399572483546
11 full 24 17 684 1429399572520702
11 full 25 17 684 1429399572557299
01 structure_starts 37 14 684 1429399579046403
02 structure_references 29 6 684 1429399579163736
03 biomes 29 6 684 1429399583632189
04 noise 28 5 684 1429399595956402
05 surface 28 5 684 1429399600261426
06 carvers 28 5 684 1429399601246748
07 features 27 4 685 1429399603774728
01 structure_starts 37 15 685 1429399603965255
01 structure_starts 37 16 685 1429399603985649
01 structure_starts 37 17 685 1429399604052976
01 structure_starts 37 18 685 1429399604083147
02 structure_references 29 7 685 1429399604166398
02 structure_references 29 8 685 1429399604203833
02 structure_references 29 9 685 1429399604236519
02 structure_references 29 10 685 1429399604268646
03 biomes 29 7 685 1429399606955025
03 biomes 29 8 685 1429399609598941
03 biomes 29 9 685 1429399613296624
03 biomes 29 10 685 1429399615889696
04 noise 28 6 685 1429399624515946
04 noise 28 7 685 1429399634664460
01 structure_starts 37 19 685 1429399634924829
01 structure_starts 37 20 685 1429399634946620
01 structure_starts 37 21 685 1429399634964499
01 structure_starts 37 22 685 1429399634982099
01 structure_starts 37 23 685 1429399635055572
01 structure_starts 37 24 685 1429399635082112
01 structure_starts 37 25 685 1429399635106417
01 structure_starts 37 26 685 1429399635124296
01 structure_starts 37 27 685 1429399635141896
02 structure_references 29 13 685 1429399635246658
02 structure_references 29 14 685 1429399635296106
02 structure_references 29 15 685 1429399635328233
02 structure_references 29 16 685 1429399635369300
02 structure_references 29 17 685 1429399635412881
02 structure_references 29 18 685 1429399635456462
02 structure_references 29 19 685 1429399635486074
03 biomes 29 13 685 1429399639162526
03 biomes 29 14 685 1429399642221020
03 biomes 29 15 685 1429399645282029
03 biomes 29 16 685 1429399648391368
03 biomes 29 17 685 1429399651344542
03 biomes 29 18 685 1429399654274528
03 biomes 29 19 685 1429399657260108
01 structure_starts 38 -9 685 1429399657454826
01 structure_starts 38 -8 685 1429399657476337
01 structure_starts 38 -7 685 1429399657495334
01 structure_starts 38 -6 685 1429399657515169
01 structure_starts 38 -5 685 1429399657534445
01 structure_starts 38 -4 685 1429399657553442
01 structure_starts 38 -3 685 1429399657571321
01 structure_starts 38 -2 685 1429399657590598
01 structure_starts 38 -1 685 1429399657608477
01 structure_starts 38 0 685 1429399657627753
01 structure_starts 38 1 685 1429399657645353
01 structure_starts 38 2 685 1429399657669937
01 structure_starts 38 3 685 1429399657687817
01 structure_starts 38 4 685 1429399657706255
01 structure_starts 38 5 685 1429399657725810
01 structure_starts 38 6 685 1429399657744528
01 structure_starts 38 7 685 1429399657763525
01 structure_starts 38 8 685 1429399657781404
01 structure_starts 38 9 685 1429399657803195
01 structure_starts 38 10 685 1429399657821074
01 structure_starts 38 11 685 1429399657841188
01 structure_starts 38 12 685 1429399657859347
01 structure_starts 38 13 685 1429399657883373
02 structure_references 30 -1 685 1429399657972490
02 structure_references 30 0 685 1429399658071665
02 structure_references 30 1 685 1429399658108821
02 structure_references 30 2 685 1429399658142624
02 structure_references 30 3 685 1429399658188440
02 structure_references 30 4 685 1429399658224757
02 structure_references 30 5 685 1429399658260516
03 biomes 30 -1 685 1429399661081829
03 biomes 30 0 685 1429399663832184
03 biomes 30 1 685 1429399666599579
03 biomes 30 2 685 1429399669455254
03 biomes 30 3 685 1429399672458434
03 biomes 30 4 685 1429399675403227
03 biomes 30 5 685 1429399678560058
02 structure_references 29 11 685 1429399679076046
02 structure_references 29 12 685 1429399679132478
03 biomes 29 11 685 1429399683177971
03 biomes 29 12 685 1429399687338004
04 noise 28 10 685 1429399698372945
04 noise 28 11 685 1429399707388632
04 noise 28 12 685 1429399716233346
04 noise 28 13 685 1429399726408679
04 noise 28 14 685 1429399737902897
05 surface 28 6 685 1429399741605329
06 carvers 28 6 685 1429399742112378
07 features 27 5 686 1429399744903799
04 noise 28 15 686 1429399754570686
04 noise 28 16 686 1429399767436310
04 noise 28 17 686 1429399778705080
01 structure_starts 38 14 686 1429399778971036
01 structure_starts 38 15 686 1429399779054845
02 structure_references 30 6 686 1429399779171900
02 structure_references 30 7 686 1429399779272751
03 biomes 30 6 686 1429399782617315
03 biomes 30 7 686 1429399785959925
01 structure_starts 38 -11 686 1429399786200458
01 structure_starts 38 -10 686 1429399786223646
02 structure_references 30 -3 686 1429399786302148
02 structure_references 30 -2 686 1429399786344890
03 biomes 30 -3 686 1429399790990461
03 biomes 30 -2 686 1429399794492588
04 noise 29 1 686 1429399804091031
04 noise 29 2 686 1429399813551188
04 noise 29 3 686 1429399824994841
04 noise 29 4 686 1429399833604888
04 noise 29 5 686 1429399841717944
04 noise 28 8 686 1429399851190952
04 noise 28 9 686 1429399860805598
05 surface 28 8 686 1429399864305770
05 surface 28 9 686 1429399867512887
05 surface 28 10 686 1429399870656029
05 surface 28 11 686 1429399873811184
05 surface 28 12 686 1429399876966339
06 carvers 28 8 686 1429399878374900
06 carvers 28 9 686 1429399879365531
06 carvers 28 10 686 1429399879864478
06 carvers 28 11 686 1429399880342193
06 carvers 28 12 686 1429399880603679
07 features 27 9 687 1429399883072153
07 features 27 10 688 1429399884956195
07 features 27 11 689 1429399896394540
05 surface 28 13 689 1429399900958256
06 carvers 28 13 689 1429399901528441
07 features 27 12 690 1429399903889918
05 surface 28 14 690 1429399908680480
05 surface 28 15 690 1429399913238050
06 carvers 28 14 690 1429399914155486
06 carvers 28 15 690 1429399914490446
07 features 27 13 691 1429399916742132
07 features 27 14 692 1429399919808449
05 surface 28 16 692 1429399924225499
06 carvers 28 16 692 1429399924655722
07 features 27 15 693 1429399927136488
01 structure_starts 38 -12 693 1429399927381492
02 structure_references 30 -4 693 1429399927485695
03 biomes 30 -4 693 1429399932266199
04 noise 29 -1 693 1429399942869520
04 noise 29 0 693 1429399952794821
05 surface 28 7 693 1429399958156126
06 carvers 28 7 693 1429399959397626
07 features 27 6 694 1429399961912476
07 features 27 7 695 1429399963796238
07 features 27 8 696 1429399966288458
04 noise 28 18 696 1429399977662269
05 surface 29 0 696 1429399982440539
05 surface 29 1 696 1429399986503632
05 surface 29 2 696 1429399990296858
05 surface 29 3 696 1429399994638478
05 surface 29 4 696 1429399999056925
06 carvers 29 0 696 1429399999934132
06 carvers 29 1 696 1429400000291441
06 carvers 29 2 696 1429400000551530
06 carvers 29 3 696 1429400000853804
06 carvers 29 4 696 1429400001572891
07 features 28 1 697 1429400004271842
07 features 28 2 698 1429400006298081
07 features 28 3 699 1429400008486631
05 surface 28 17 699 1429400013145890
06 carvers 28 17 699 1429400013734234
07 features 27 16 700 1429400016447712
04 noise 29 6 700 1429400025642751
04 noise 29 -2 700 1429400036658974
05 surface 29 5 700 1429400041290297
06 carvers 29 5 700 1429400042889665
07 features 28 4 701 1429400045557607
04 noise 29 -3 701 1429400058219293
05 surface 29 -1 701 1429400062355301
06 carvers 29 -1 701 1429400062962921
07 features 28 0 702 1429400065099509
05 surface 28 18 702 1429400069300329
06 carvers 28 18 702 1429400070119429
07 features 27 17 703 1429400072960857
05 surface 29 6 703 1429400078363228
06 carvers 29 6 703 1429400079382354
07 features 28 5 704 1429400081959502
05 surface 29 -2 704 1429400086092157
06 carvers 29 -2 704 1429400086580209
07 features 28 -1 705 1429400088984708
05 surface 29 -3 705 1429400094133137
06 carvers 29 -3 705 1429400094607779
07 features 28 -2 706 1429400097079326
01 structure_starts 38 16 706 1429400097318463
01 structure_starts 38 17 706 1429400097339136
01 structure_starts 38 18 706 1429400097357295
01 structure_starts 38 19 706 1429400097379924
02 structure_references 30 8 706 1429400097455911
02 structure_references 30 9 706 1429400097492508
02 structure_references 30 10 706 1429400097524914
02 structure_references 30 11 706 1429400097557321
03 biomes 30 8 706 1429400101361163
03 biomes 30 9 706 1429400104990960
03 biomes 30 10 706 1429400108627462
03 biomes 30 11 706 1429400112046058
04 noise 29 7 706 1429400120865071
04 noise 29 8 706 1429400130446194
01 structure_starts 37 28 706 1429400130649851
01 structure_starts 38 20 706 1429400130682258
01 structure_starts 38 21 706 1429400130706283
01 structure_starts 38 22 706 1429400130727794
01 structure_starts 38 23 706 1429400130750423
01 structure_starts 38 24 706 1429400130771096
01 structure_starts 38 25 706 1429400130800150
01 structure_starts 38 26 706 1429400130821102
01 structure_starts 38 27 706 1429400130843452
01 structure_starts 38 28 706 1429400130869433
02 structure_references 29 20 706 1429400130957433
02 structure_references 30 14 706 1429400131055211
02 structure_references 30 15 706 1429400131106893
02 structure_references 30 16 706 1429400131140697
02 structure_references 30 17 706 1429400131179249
02 structure_references 30 18 706 1429400131208862
02 structure_references 30 19 706 1429400131237916
02 structure_references 30 20 706 1429400131278703
03 biomes 29 20 706 1429400134512081
03 biomes 30 14 706 1429400137464137
03 biomes 30 15 706 1429400141069629
03 biomes 30 16 706 1429400146467810
03 biomes 30 17 706 1429400150094814
03 biomes 30 18 706 1429400154311558
03 biomes 30 19 706 1429400158632226
03 biomes 30 20 706 1429400161697146
01 structure_starts 39 -8 706 1429400161908067
01 structure_starts 39 -7 706 1429400161929299
01 structure_starts 39 -6 706 1429400161949413
01 structure_starts 39 -5 706 1429400161967572
01 structure_starts 39 -4 706 1429400161988525
01 structure_starts 39 -3 706 1429400162051102
01 structure_starts 39 -2 706 1429400162075966
01 structure_starts 39 -1 706 1429400162096080
01 structure_starts 39 0 706 1429400162113680
01 structure_starts 39 1 706 1429400162132398
01 structure_starts 39 2 706 1429400162155585
01 structure_starts 39 3 706 1429400162174861
01 structure_starts 39 4 706 1429400162192741
01 structure_starts 39 5 706 1429400162211458
01 structure_starts 39 6 706 1429400162229058
01 structure_starts 39 7 706 1429400162247217
01 structure_starts 39 8 706 1429400162264817
01 structure_starts 39 9 706 1429400162283255
01 structure_starts 39 10 706 1429400162300855
01 structure_starts 39 11 706 1429400162319293
01 structure_starts 39 12 706 1429400162336614
01 structure_starts 39 13 706 1429400162363154
01 structure_starts 39 14 706 1429400162381033
02 structure_references 31 0 706 1429400162489706
02 structure_references 31 1 706 1429400162529656
02 structure_references 31 2 706 1429400162576868
02 structure_references 31 3 706 1429400162625199
02 structure_references 31 4 706 1429400162661796
02 structure_references 31 5 706 1429400162696437
02 structure_references 31 6 706 1429400162728843
03 biomes 31 0 706 1429400165850195
03 biomes 31 1 706 1429400169929491
03 biomes 31 2 706 1429400173093027
03 biomes 31 3 706 1429400176061846
03 biomes 31 4 706 1429400180255682
03 biomes 31 5 706 1429400184539753
03 biomes 31 6 706 1429400188497246
02 structure_references 30 12 706 1429400188917691
02 structure_references 30 13 706 1429400188978314
03 biomes 30 12 706 1429400192619285
03 biomes 30 13 706 1429400197318773
04 noise 29 11 706 1429400209875419
04 noise 29 12 706 1429400219580859
04 noise 29 13 706 1429400229515937
04 noise 29 14 706 1429400239045377
04 noise 29 15 706 1429400250178654
05 surface 29 7 706 1429400255093254
06 carvers 29 7 706 1429400255886931
07 features 28 6 707 1429400258108447
04 noise 29 16 707 1429400268940568
04 noise 29 17 707 1429400281184603
04 noise 29 18 707 1429400295745417
04 noise 28 19 707 1429400306098706
01 structure_starts 39 15 707 1429400306389805
01 structure_starts 39 16 707 1429400306412154
02 structure_references 31 7 707 1429400306502389
02 structure_references 31 8 707 1429400306540383
03 biomes 31 7 707 1429400311060518
03 biomes 31 8 707 1429400315676476
01 structure_starts 39 -10 707 1429400315917010
01 structure_starts 39 -9 707 1429400315943270
02 structure_references 31 -2 707 1429400316096083
02 structure_references 31 -1 707 1429400316137708
03 biomes 31 -2 707 1429400320315341
03 biomes 31 -1 707 1429400323387804
04 noise 30 2 707 1429400333832725
04 noise 30 3 707 1429400342267331
04 noise 30 4 707 1429400352982119
04 noise 30 5 707 1429400363901123
04 noise 30 6 707 1429400374591047
04 noise 29 9 707 1429400384665250
04 noise 29 10 707 1429400393161037
05 surface 29 9 707 1429400396727697
05 surface 29 10 707 1429400399902687
05 surface 29 11 707 1429400403303684
05 surface 29 12 707 1429400406526445
05 surface 29 13 707 1429400409813461
06 carvers 29 9 707 1429400411617604
06 carvers 29 10 707 1429400412629466
06 carvers 29 11 707 1429400413057175
06 carvers 29 12 707 1429400413731005
06 carvers 29 13 707 1429400414120161
07 features 28 10 708 1429400416683061
07 features 28 11 709 1429400418879154
07 features 28 12 710 1429400421129164
05 surface 29 14 710 1429400424655875
06 carvers 29 14 710 1429400425124930
07 features 28 13 711 1429400427262915
05 surface 29 15 711 1429400430765880
05 surface 29 16 711 1429400434075804
06 carvers 29 15 711 1429400434303766
06 carvers 29 16 711 1429400434605201
07 features 28 14 712 1429400436545396
07 features 28 15 713 1429400438718860
05 surface 29 17 713 1429400442726359
06 carvers 29 17 713 1429400443300176
07 features 28 16 714 1429400445697692
01 structure_starts 38 -13 714 1429400445922581
01 structure_starts 39 -13 714 1429400454982128
01 structure_starts 39 -12 714 1429400455064261
01 structure_starts 39 -11 714 1429400455087448
02 structure_references 30 -5 714 1429400455218192
02 structure_references 31 -5 714 1429400455255906
02 structure_references 31 -4 714 1429400455290268
02 structure_references 31 -3 714 1429400455325189
03 biomes 30 -5 714 1429400459123164
03 biomes 31 -5 714 1429400464158170
03 biomes 31 -4 714 1429400467758913
03 biomes 31 -3 714 1429400471281992
04 noise 30 -2 714 1429400480383444
04 noise 30 -1 714 1429400490875019
04 noise 30 0 714 1429400502065846
04 noise 30 1 714 1429400510935424
04 noise 30 -3 714 1429400521684294
04 noise 29 -4 714 1429400531759055
05 surface 30 0 714 1429400535755380
05 surface 30 1 714 1429400539934131
05 surface 30 2 714 1429400543115546
05 surface 30 3 714 1429400547894095
05 surface 30 4 714 1429400551850470
06 carvers 30 0 714 1429400553188072
06 carvers 30 1 714 1429400553725013
06 carvers 30 2 714 1429400554115008
06 carvers 30 3 714 1429400554705586
06 carvers 30 4 714 1429400555672191
07 features 29 1 715 1429400558277275
07 features 29 2 716 1429400560846601
07 features 29 3 717 1429400563219811
05 surface 29 8 717 1429400566913304
06 carvers 29 8 717 1429400568267110
07 features 28 7 718 1429400570686136
07 features 28 8 719 1429400573076947
07 features 28 9 720 1429400574834995
04 noise 29 19 720 1429400586396260
05 surface 30 5 720 1429400590601271
06 carvers 30 5 720 1429400591853667
07 features 29 4 721 1429400594673583
05 surface 29 18 721 1429400600178203
06 carvers 29 18 721 1429400600765429
07 features 28 17 722 1429400603573333
05 surface 28 19 722 1429400608986600
06 carvers 28 19 722 1429400609431071
07 features 27 18 723 1429400611710694
04 noise 30 7 723 1429400622927781
05 surface 30 -1 723 1429400628512579
06 carvers 30 -1 723 1429400629487285
07 features 29 0 724 1429400631781435
05 surface 30 6 724 1429400635527169
06 carvers 30 6 724 1429400636429799
07 features 29 5 725 1429400639073715
04 noise 30 -4 725 1429400651390665
05 surface 30 -2 725 1429400655724463
06 carvers 30 -2 725 1429400656666484
07 features 29 -1 726 1429400658674285
05 surface 30 -3 726 1429400662149872
06 carvers 30 -3 726 1429400662825099
07 features 29 -2 727 1429400665122322
05 surface 29 -4 727 1429400670627221
06 carvers 29 -4 727 1429400671428441
07 features 28 -3 728 1429400673338743
05 surface 29 19 728 1429400678453089
06 carvers 29 19 728 1429400678819617
07 features 28 18 729 1429400680669296
05 surface 30 7 729 1429400684763399
06 carvers 30 7 729 1429400685621610
07 features 29 6 730 1429400688087850
05 surface 30 -4 730 1429400693340202
06 carvers 30 -4 730 1429400693931060
07 features 29 -3 731 1429400696517986
08 initialize_light 27 4 731 1429400697765353
08 initialize_light 27 5 731 1429400701247086
09 light 26 3 731 1429400701270832
08 initialize_light 27 9 731 1429400701285359
08 initialize_light 27 10 731 1429400701323353
08 initialize_light 27 11 731 1429400701339277
08 initialize_light 27 12 731 1429400701353804
08 initialize_light 27 13 731 1429400701368610
08 initialize_light 27 14 731 1429400701383417
08 initialize_light 27 15 731 1429400701398502
08 initialize_light 27 6 731 1429400701413868
08 initialize_light 27 7 731 1429400701429512
08 initialize_light 27 8 731 1429400701444877
08 initialize_light 28 1 731 1429400701459404
08 initialize_light 28 2 731 1429400701474490
08 initialize_light 28 3 731 1429400701488738
08 initialize_light 27 16 731 1429400701502985
08 initialize_light 28 4 731 1429400701517792
08 initialize_light 28 0 731 1429400701532877
08 initialize_light 27 17 731 1429400701547963
08 initialize_light 28 5 731 1429400701562211
08 initialize_light 28 -1 731 1429400701576179
08 initialize_light 28 -2 731 1429400701592103
08 initialize_light 28 6 731 1429400701605512
08 initialize_light 28 10 731 1429400701619760
08 initialize_light 28 11 731 1429400701634008
08 initialize_light 28 12 731 1429400701648814
08 initialize_light 28 13 731 1429400701663062
08 initialize_light 28 14 731 1429400701679265
08 initialize_light 28 15 731 1429400701693792
08 initialize_light 28 16 731 1429400701707760
08 initialize_light 29 1 731 1429400701722567
08 initialize_light 29 2 731 1429400701736535
08 initialize_light 29 3 731 1429400701751341
08 initialize_light 28 7 731 1429400701765589
08 initialize_light 28 8 731 1429400701779557
08 initialize_light 28 9 731 1429400701794084
08 initialize_light 29 4 731 1429400701808611
08 initialize_light 28 17 731 1429400701822300
08 initialize_light 27 18 731 1429400701836548
08 initialize_light 29 0 731 1429400701850795
08 initialize_light 29 5 731 1429400701864764
08 initialize_light 29 -1 731 1429400701879570
08 initialize_light 29 -2 731 1429400701894097
08 initialize_light 28 -3 731 1429400701908065
08 initialize_light 28 18 731 1429400701921754
08 initialize_light 29 6 731 1429400701935722
08 initialize_light 29 -3 731 1429400701949132
10 spawn 26 3 731 1429400702056408
11 full 26 3 731 1429400702289958
09 light 26 4 731 1429400706059717
09 light 26 8 731 1429400706082625
09 light 26 9 731 1429400706098549
10 spawn 26 4 731 1429400706186549
10 spawn 26 8 731 1429400706233762
10 spawn 26 9 731 1429400706265610
11 full 26 4 731 1429400706316734
11 full 26 8 731 1429400706563693
11 full 26 9 731 1429400706625433
09 light 26 10 731 1429400707663835
10 spawn 26 10 731 1429400707726971
11 full 26 10 731 1429400707812457
09 light 26 11 731 1429400709196434
09 light 26 12 731 1429400714762514
09 light 26 13 731 1429400714788775
09 light 26 14 731 1429400714802463
09 light 26 5 731 1429400714815594
10 spawn 26 5 731 1429400714885994
10 spawn 26 11 731 1429400714949689
10 spawn 26 12 731 1429400714980699
11 full 26 5 731 1429400715056127
10 spawn 26 13 731 1429400715064788
10 spawn 26 14 731 1429400715106972
11 full 26 11 731 1429400715314820
11 full 26 12 731 1429400715356166
11 full 26 13 731 1429400715396115
11 full 26 14 731 1429400715590274
09 light 26 6 731 1429400742798248
09 light 26 7 731 1429400742845740
09 light 27 0 731 1429400742861664
09 light 27 1 731 1429400742877588
09 light 27 2 731 1429400742893512
09 light 26 15 731 1429400742914185
09 light 27 3 731 1429400742929829
09 light 27 -1 731 1429400742945194
09 light 26 16 731 1429400742960559
09 light 27 4 731 1429400742974807
09 light 27 -2 731 1429400742989893
09 light 27 5 731 1429400743056102
09 light 27 9 731 1429400743075937
09 light 27 10 731 1429400743092141
09 light 27 11 731 1429400743108064
09 light 27 12 731 1429400743122871
09 light 27 13 731 1429400743138515
09 light 27 14 731 1429400743159468
09 light 27 15 731 1429400743175112
09 light 28 0 731 1429400743190757
09 light 28 1 731 1429400743205563
09 light 28 2 731 1429400743220649
09 light 27 6 731 1429400743236293
09 light 27 7 731 1429400743251379
09 light 27 8 731 1429400743267582
09 light 28 3 731 1429400743282947
09 light 27 16 731 1429400743298033
09 light 26 17 731 1429400743313398
09 light 28 -1 731 1429400743328763
09 light 28 4 731 1429400743356700
09 light 28 -2 731 1429400743373182
09 light 27 17 731 1429400743388548
09 light 28 5 731 1429400743403913
10 spawn 26 6 731 1429400743557284
10 spawn 26 7 731 1429400743673221
10 spawn 27 0 731 1429400743715126
11 full 26 6 731 1429400743717081
10 spawn 27 1 731 1429400743752561
10 spawn 27 2 731 1429400743790275
10 spawn 26 15 731 1429400743852574
10 spawn 27 3 731 1429400743890009
10 spawn 27 -1 731 1429400743922136
10 spawn 26 16 731 1429400743953145
10 spawn 27 4 731 1429400743988066
10 spawn 27 5 731 1429400744070479
11 full 26 7 731 1429400744070479
10 spawn 27 6 731 1429400744108193
10 spawn 27 7 731 1429400744141158
10 spawn 27 8 731 1429400744182784
10 spawn 27 -2 731 1429400744494277
10 spawn 27 15 731 1429400744538696
10 spawn 27 9 731 1429400744581997
10 spawn 27 10 731 1429400744616359
10 spawn 27 11 731 1429400744656588
10 spawn 27 13 731 1429400744700448
10 spawn 27 12 731 1429400744732855
10 spawn 27 14 731 1429400744766937
11 full 27 0 731 1429400744786493
10 spawn 28 0 731 1429400744813033
10 spawn 28 1 731 1429400744873376
10 spawn 28 2 731 1429400744912487
10 spawn 28 3 731 1429400744950481
10 spawn 27 16 731 1429400744988195
10 spawn 26 17 731 1429400745075357
10 spawn 28 -1 731 1429400745118659
10 spawn 28 4 731 1429400745165592
10 spawn 28 -2 731 1429400745203306
10 spawn 27 17 731 1429400745241300
10 spawn 28 5 731 1429400745282088
11 full 27 1 731 1429400745881885
11 full 27 2 731 1429400745957035
11 full 26 15 731 1429400746052857
11 full 27 3 731 1429400746784795
11 full 27 -1 731 1429400746945989
11 full 26 16 731 1429400747063602
11 full 27 4 731 1429400747108859
11 full 27 5 731 1429400747244910
11 full 27 6 731 1429400748467973
11 full 27 7 731 1429400748611008
11 full 27 8 731 1429400749320038
11 full 27 -2 731 1429400749941067
11 full 27 15 731 1429400749994985
11 full 27 9 731 1429400750091646
11 full 27 10 731 1429400750246973
11 full 27 11 731 1429400750392522
11 full 27 13 731 1429400750578300
11 full 27 12 731 1429400750666580
11 full 27 14 731 1429400750873310
11 full 28 0 731 1429400751439584
11 full 28 1 731 1429400751592397
11 full 28 2 731 1429400751725096
11 full 28 3 731 1429400751861427
11 full 27 16 731 1429400751993008
11 full 26 17 731 1429400752084081
11 full 28 -1 731 1429400752125706
11 full 28 4 731 1429400752173199
11 full 28 -2 731 1429400752299751
11 full 27 17 731 1429400752340539
11 full 28 5 731 1429400752378253
01 structure_starts 39 17 731 1429400758499153
02 structure_references 31 9 731 1429400758605871
03 biomes 31 9 731 1429400762482627
04 noise 30 8 731 1429400773722063
05 surface 30 8 731 1429400777377841
06 carvers 30 8 731 1429400778448929
07 features 29 7 732 1429400780807054
01 structure_starts 39 18 732 1429400781061556
01 structure_starts 39 19 732 1429400781092286
01 structure_starts 39 20 732 1429400781112401
02 structure_references 31 10 732 1429400781196210
02 structure_references 31 11 732 1429400781246217
02 structure_references 31 12 732 1429400781281976
03 biomes 31 10 732 1429400785882568
03 biomes 31 11 732 1429400790869244
03 biomes 31 12 732 1429400795313112
01 structure_starts 39 21 732 1429400795625443
01 structure_starts 39 22 732 1429400795652262
01 structure_starts 39 23 732 1429400795674332
02 structure_references 31 13 732 1429400795790828
02 structure_references 31 14 732 1429400795846142
02 structure_references 31 15 732 1429400795896986
03 biomes 31 13 732 1429400801385124
03 biomes 31 14 732 1429400807060994
03 biomes 31 15 732 1429400810455566
01 structure_starts 39 24 732 1429400810728226
01 structure_starts 39 25 732 1429400810753928
02 structure_references 31 16 732 1429400810851427
02 structure_references 31 17 732 1429400810903109
03 biomes 31 16 732 1429400815428273
03 biomes 31 17 732 1429400819374591
01 structure_starts 40 -4 732 1429400819567633
01 structure_starts 40 -3 732 1429400819588585
01 structure_starts 40 -2 732 1429400819606744
01 structure_starts 40 -1 732 1429400819626300
01 structure_starts 40 0 732 1429400819644179
01 structure_starts 40 1 732 1429400819874935
01 structure_starts 40 2 732 1429400819916840
01 structure_starts 40 3 732 1429400819935278
01 structure_starts 40 4 732 1429400874667747
01 structure_starts 40 5 732 1429400874733677
01 structure_starts 40 6 732 1429400874754350
01 structure_starts 40 7 732 1429400874773626
01 structure_starts 40 8 732 1429400874793740
01 structure_starts 40 9 732 1429400874813855
01 structure_starts 40 10 732 1429400874832852
01 structure_starts 40 11 732 1429400874852687
01 structure_starts 40 12 732 1429400874880344
01 structure_starts 40 13 732 1429400874902972
01 structure_starts 40 14 732 1429400874932026
01 structure_starts 40 15 732 1429400874951861
01 structure_starts 40 16 732 1429400874970579
01 structure_starts 40 17 732 1429400874991252
01 structure_starts 40 18 732 1429400875055227
02 structure_references 32 4 732 1429400875298833
02 structure_references 32 5 732 1429400875346046
02 structure_references 32 6 732 1429400875388510
02 structure_references 32 7 732 1429400875427900
02 structure_references 32 8 732 1429400875468129
02 structure_references 32 9 732 1429400875506681
02 structure_references 32 10 732 1429400875544116
03 biomes 32 4 732 1429400878462369
03 biomes 32 5 732 1429400881195403
03 biomes 32 6 732 1429400884290774
03 biomes 32 7 732 1429400887730882
03 biomes 32 8 732 1429400891314863
03 biomes 32 9 732 1429400895278781
03 biomes 32 10 732 1429400899340477
04 noise 30 9 732 1429400911117693
04 noise 30 10 732 1429400922320253
04 noise 30 11 732 1429400932484411
04 noise 30 12 732 1429400943479123
05 surface 30 9 732 1429400948473621
06 carvers 30 9 732 1429400949710931
07 features 29 8 733 1429400952652930
05 surface 30 10 733 1429400957374488
06 carvers 30 10 733 1429400958523240
07 features 29 9 734 1429400961479766
04 noise 30 13 734 1429400974354608
04 noise 30 14 734 1429400984071502
04 noise 30 15 734 1429400992805588
01 structure_starts 39 26 734 1429400993066236
02 structure_references 31 18 734 1429400993163176
03 biomes 31 18 734 1429400996560541
01 structure_starts 39 27 734 1429400996675640
02 structure_references 31 19 734 1429400996726764
03 biomes 31 19 734 1429401000155697
01 structure_starts 40 -9 734 1429401000320522
01 structure_starts 40 -8 734 1429401000346224
01 structure_starts 40 -7 734 1429401000366338
01 structure_starts 40 -6 734 1429401000385894
01 structure_starts 40 -5 734 1429401000405450
02 structure_references 32 -1 734 1429401000492053
02 structure_references 32 0 734 1429401000530605
02 structure_references 32 1 734 1429401000571393
02 structure_references 32 2 734 1429401000605475
02 structure_references 32 3 734 1429401000647939
03 biomes 32 -1 734 1429401003767335
03 biomes 32 0 734 1429401006852090
03 biomes 32 1 734 1429401009666140
03 biomes 32 2 734 1429401012403922
03 biomes 32 3 734 1429401015349553
01 structure_starts 40 -11 734 1429401015561592
01 structure_starts 40 -10 734 1429401015588411
02 structure_references 32 -3 734 1429401015683395
02 structure_references 32 -2 734 1429401015718874
03 biomes 32 -3 734 1429401019186360
03 biomes 32 -2 734 1429401022351572
04 noise 31 3 734 1429401032505953
04 noise 31 4 734 1429401041197575
04 noise 31 5 734 1429401050258798
04 noise 31 6 734 1429401062074007
04 noise 31 7 734 1429401070525654
04 noise 31 8 734 1429401079573188
01 structure_starts 40 -12 734 1429401079778801
02 structure_references 32 -4 734 1429401079883005
03 biomes 32 -4 734 1429401083303836
04 noise 31 -1 734 1429401092163357
04 noise 31 0 734 1429401100530357
04 noise 31 1 734 1429401108681686
04 noise 31 2 734 1429401117607696
05 surface 31 1 734 1429401121449531
05 surface 31 2 734 1429401124793538
05 surface 31 3 734 1429401128820313
05 surface 31 4 734 1429401133171712
05 surface 31 5 734 1429401137356608
06 carvers 31 1 734 1429401138941449
06 carvers 31 2 734 1429401139720041
06 carvers 31 3 734 1429401140452538
06 carvers 31 4 734 1429401141344552
06 carvers 31 5 734 1429401141927029
07 features 30 2 735 1429401144674310
07 features 30 3 736 1429401146964829
07 features 30 4 737 1429401149815755
05 surface 31 6 737 1429401154436182
06 carvers 31 6 737 1429401155279308
07 features 30 5 738 1429401157934119
05 surface 30 11 738 1429401162157568
06 carvers 30 11 738 1429401162824414
07 features 29 10 739 1429401165612482
05 surface 30 12 739 1429401170991667
05 surface 30 13 739 1429401177056973
05 surface 30 14 739 1429401181646391
06 carvers 30 12 739 1429401182690939
06 carvers 30 13 739 1429401184130789
06 carvers 30 14 739 1429401185348264
07 features 29 11 740 1429401188640867
07 features 29 12 741 1429401190716553
07 features 29 13 742 1429401193163796
04 noise 30 16 742 1429401203254481
04 noise 31 9 742 1429401212818842
05 surface 30 15 742 1429401217276678
06 carvers 30 15 742 1429401217988222
07 features 29 14 743 1429401220244938
04 noise 30 17 743 1429401231107510
04 noise 30 18 743 1429401241831517
05 surface 31 0 743 1429401245547359
06 carvers 31 0 743 1429401247257635
07 features 30 1 744 1429401250723724
04 noise 31 -2 744 1429401262407631
05 surface 31 7 744 1429401266724108
06 carvers 31 7 744 1429401268210333
07 features 30 6 745 1429401271280002
05 surface 31 8 745 1429401276311935
06 carvers 31 8 745 1429401277176851
07 features 30 7 746 1429401279719916
04 noise 31 -3 746 1429401292390822
05 surface 31 -1 746 1429401296053305
06 carvers 31 -1 746 1429401297867226
07 features 30 0 747 1429401300940806
05 surface 30 16 747 1429401305409538
06 carvers 30 16 747 1429401305957933
07 features 29 15 748 1429401307988082
05 surface 31 9 748 1429401312108166
06 carvers 31 9 748 1429401312830606
07 features 30 8 749 1429401315830992
05 surface 30 17 749 1429401320894493
06 carvers 30 17 749 1429401321583688
07 features 29 16 750 1429401324235147
05 surface 30 18 750 1429401327749007
06 carvers 30 18 750 1429401328232031
07 features 29 17 751 1429401330405774
05 surface 31 -2 751 1429401333843088
06 carvers 31 -2 751 1429401334988208
07 features 30 -1 752 1429401337060542
05 surface 31 -3 752 1429401340955178
06 carvers 31 -3 752 1429401341956703
07 features 30 -2 753 1429401344614867
01 structure_starts 40 19 753 1429401344822156
01 structure_starts 40 20 753 1429401344845064
01 structure_starts 40 21 753 1429401344863223
02 structure_references 32 11 753 1429401344941445
02 structure_references 32 12 753 1429401344977204
02 structure_references 32 13 753 1429401345046766
03 biomes 32 11 753 1429401348276232
03 biomes 32 12 753 1429401351609343
03 biomes 32 13 753 1429401356609149
01 structure_starts 40 22 753 1429401356799118
01 structure_starts 40 23 753 1429401356820070
01 structure_starts 40 24 753 1429401356838508
02 structure_references 32 14 753 1429401356908070
02 structure_references 32 15 753 1429401356942153
02 structure_references 32 16 753 1429401356974001
03 biomes 32 14 753 1429401362574443
03 biomes 32 15 753 1429401366425497
03 biomes 32 16 753 1429401369511649
01 structure_starts 40 25 753 1429401369703014
01 structure_starts 40 26 753 1429401369725364
02 structure_references 32 17 753 1429401369803586
02 structure_references 32 18 753 1429401369839345
03 biomes 32 17 753 1429401373166589
03 biomes 32 18 753 1429401376146023
04 noise 31 10 753 1429401386130270
04 noise 31 11 753 1429401396357844
04 noise 31 12 753 1429401409111721
04 noise 31 13 753 1429401419276438
05 surface 31 10 753 1429401423849094
06 carvers 31 10 753 1429401424455318
07 features 30 9 754 1429401427092249
05 surface 31 11 754 1429401431668817
06 carvers 31 11 754 1429401432068030
07 features 30 10 755 1429401434597685
04 noise 31 14 755 1429401444366821
04 noise 31 15 755 1429401456634322
04 noise 31 16 755 1429401465335443
01 structure_starts 40 27 755 1429401465572625
02 structure_references 32 19 755 1429401465667329
03 biomes 32 19 755 1429401469056593
01 structure_starts 39 28 755 1429401469181190
02 structure_references 31 20 755 1429401469241812
03 biomes 31 20 755 1429401472526034
01 structure_starts 40 28 755 1429401472625209
02 structure_references 32 20 755 1429401472670466
03 biomes 32 20 755 1429401475853278
01 structure_starts 41 -8 755 1429401476042968
01 structure_starts 41 -7 755 1429401476068110
01 structure_starts 41 -6 755 1429401476090180
01 structure_starts 41 -5 755 1429401476120911
01 structure_starts 41 -4 755 1429401476139628
01 structure_starts 41 -3 755 1429401476164212
01 structure_starts 41 -2 755 1429401476187958
01 structure_starts 41 -1 755 1429401476210866
01 structure_starts 41 0 755 1429401476232098
01 structure_starts 41 1 755 1429401476254727
01 structure_starts 41 2 755 1429401476272606
01 structure_starts 41 3 755 1429401476290485
01 structure_starts 41 4 755 1429401476309482
01 structure_starts 41 5 755 1429401476634105
01 structure_starts 41 6 755 1429401476655896
01 structure_starts 41 7 755 1429401476673775
01 structure_starts 41 8 755 1429401476692213
01 structure_starts 41 9 755 1429401476709534
01 structure_starts 41 10 755 1429401476734397
01 structure_starts 41 11 755 1429401476755070
01 structure_starts 41 12 755 1429401476774626
01 structure_starts 41 13 755 1429401476797534
01 structure_starts 41 14 755 1429401476819604
02 structure_references 33 0 755 1429401476921293
02 structure_references 33 1 755 1429401476964874
02 structure_references 33 2 755 1429401477049801
02 structure_references 33 3 755 1429401477090030
02 structure_references 33 4 755 1429401477124950
02 structure_references 33 5 755 1429401477165738
02 structure_references 33 6 755 1429401477256532
03 biomes 33 0 755 1429401480675408
03 biomes 33 1 755 1429401484180608
03 biomes 33 2 755 1429401488700464
03 biomes 33 3 755 1429401492526655
03 biomes 33 4 755 1429401496426598
03 biomes 33 5 755 1429401499790719
03 biomes 33 6 755 1429401503842637
01 structure_starts 40 -13 755 1429401504126752
01 structure_starts 41 -13 755 1429401504170333
01 structure_starts 41 -12 755 1429401504191565
01 structure_starts 41 -11 755 1429401504211121
01 structure_starts 41 -10 755 1429401504230397
01 structure_starts 41 -9 755 1429401504249394
02 structure_references 32 -5 755 1429401504353038
02 structure_references 33 -5 755 1429401504386283
02 structure_references 33 -4 755 1429401504417851
02 structure_references 33 -3 755 1429401504449140
02 structure_references 33 -2 755 1429401504479032
02 structure_references 33 -1 755 1429401504510042
03 biomes 32 -5 755 1429401508249630
03 biomes 33 -5 755 1429401512340380
03 biomes 33 -4 755 1429401517255259
03 biomes 33 -3 755 1429401521444346
03 biomes 33 -2 755 1429401525708861
03 biomes 33 -1 755 1429401528790543
04 noise 32 -3 755 1429401538894638
04 noise 32 -2 755 1429401548648967
04 noise 32 -1 755 1429401557172132
04 noise 32 0 755 1429401566861089
04 noise 32 1 755 1429401576938644
04 noise 31 -4 755 1429401588970920
04 noise 32 2 755 1429401598571877
04 noise 32 3 755 1429401607880339
01 structure_starts 41 15 755 1429401608195742
01 structure_starts 41 16 755 1429401608225914
01 structure_starts 41 17 755 1429401608249101
02 structure_references 33 7 755 1429401608360848
02 structure_references 33 8 755 1429401608399121
02 structure_references 33 9 755 1429401608433203
03 biomes 33 7 755 1429401612929872
03 biomes 33 8 755 1429401617263950
03 biomes 33 9 755 1429401620790940
01 structure_starts 41 18 755 1429401621087626
02 structure_references 33 10 755 1429401621190712
03 biomes 33 10 755 1429401624184673
01 structure_starts 41 19 755 1429401624388331
02 structure_references 33 11 755 1429401624486388
03 biomes 33 11 755 1429401629192581
05 surface 32 -2 755 1429401634967626
05 surface 32 -1 755 1429401639397527
05 surface 32 0 755 1429401642902447
05 surface 32 1 755 1429401646116548
05 surface 32 2 755 1429401649342942
06 carvers 32 -2 755 1429401650886716
06 carvers 32 -1 755 1429401652737513
06 carvers 32 0 755 1429401654107522
06 carvers 32 1 755 1429401654753974
06 carvers 32 2 755 1429401655100946
07 features 31 -1 756 1429401657971427
07 features 31 0 757 1429401660541870
07 features 31 1 758 1429401663871908
04 noise 32 4 758 1429401674867458
04 noise 32 5 758 1429401685212925
04 noise 32 6 758 1429401692814742
04 noise 32 7 758 1429401703236475
05 surface 31 12 758 1429401709633109
06 carvers 31 12 758 1429401710217542
07 features 30 11 759 1429401713131045
05 surface 31 13 759 1429401718198737
05 surface 31 14 759 1429401723545515
05 surface 31 15 759 1429401727941612
06 carvers 31 13 759 1429401728801500
06 carvers 31 14 759 1429401729768663
06 carvers 31 15 759 1429401730516525
07 features 30 12 760 1429401733356276
07 features 30 13 761 1429401735278032
07 features 30 14 762 1429401737252588
04 noise 31 17 762 1429401747430994
05 surface 31 16 762 1429401751240144
06 carvers 31 16 762 1429401752195295
07 features 30 15 763 1429401754107832
04 noise 31 18 763 1429401765656246
04 noise 30 19 763 1429401775424264
04 noise 31 19 763 1429401784892802
05 surface 32 3 763 1429401790667568
05 surface 32 4 763 1429401794652160
05 surface 32 5 763 1429401797757308
06 carvers 32 3 763 1429401798642897
06 carvers 32 4 763 1429401799466467
06 carvers 32 5 763 1429401800095598
07 features 31 2 764 1429401802935908
07 features 31 3 765 1429401805354097
07 features 31 4 766 1429401808222902
04 noise 32 -4 766 1429401822449874
05 surface 32 -3 766 1429401829910611
06 carvers 32 -3 766 1429401831293192
07 features 31 -2 767 1429401835169389
05 surface 31 -4 767 1429401841615192
06 carvers 31 -4 767 1429401842354114
07 features 30 -3 768 1429401845751758
04 noise 32 8 768 1429401857503551
04 noise 32 9 768 1429401869079343
04 noise 32 10 768 1429401881346845
05 surface 32 6 768 1429401886470689
06 carvers 32 6 768 1429401887760241
07 features 31 5 769 1429401891497035
05 surface 32 7 769 1429401895295290
06 carvers 32 7 769 1429401896667533
07 features 31 6 770 1429401900290626
05 surface 31 17 770 1429401907093178
06 carvers 31 17 770 1429401907942729
07 features 30 16 771 1429401911260195
05 surface 31 18 771 1429401917117933
06 carvers 31 18 771 1429401917712981
07 features 30 17 772 1429401920530663
05 surface 30 19 772 1429401925275687
06 carvers 30 19 772 1429401925748933
07 features 29 18 773 1429401928592036
05 surface 31 19 773 1429401934217342
06 carvers 31 19 773 1429401934992023
07 features 30 18 774 1429401937345957
05 surface 32 -4 774 1429401943724432
06 carvers 32 -4 774 1429401944530123
07 features 31 -3 775 1429401947953469
05 surface 32 8 775 1429401954140019
06 carvers 32 8 775 1429401955080085
07 features 31 7 776 1429401958379392
05 surface 32 9 776 1429401963124976
06 carvers 32 9 776 1429401963635377
07 features 31 8 777 1429401967462685
05 surface 32 10 777 1429401972251291
06 carvers 32 10 777 1429401972723419
07 features 31 9 778 1429401975392477
08 initialize_light 29 7 778 1429401977078728
08 initialize_light 29 8 778 1429401980285007
09 light 28 6 778 1429401980313223
08 initialize_light 29 9 778 1429401980328588
08 initialize_light 30 2 778 1429401980345909
08 initialize_light 30 3 778 1429401980362671
08 initialize_light 30 4 778 1429401980378874
08 initialize_light 30 5 778 1429401980394518
08 initialize_light 29 10 778 1429401980410722
08 initialize_light 29 11 778 1429401980426366
08 initialize_light 29 12 778 1429401980441172
08 initialize_light 29 13 778 1429401980457096
08 initialize_light 29 14 778 1429401980473299
08 initialize_light 30 1 778 1429401980488665
08 initialize_light 30 6 778 1429401980504868
08 initialize_light 30 7 778 1429401980520233
08 initialize_light 30 0 778 1429401980535319
08 initialize_light 29 15 778 1429401980551801
08 initialize_light 30 8 778 1429401980566887
08 initialize_light 29 16 778 1429401980582531
08 initialize_light 29 17 778 1429401980597896
08 initialize_light 30 -1 778 1429401980612982
08 initialize_light 30 -2 778 1429401980631420
08 initialize_light 30 9 778 1429401980647624
08 initialize_light 30 10 778 1429401980664106
08 initialize_light 31 -1 778 1429401980680309
08 initialize_light 31 0 778 1429401980696233
08 initialize_light 31 1 778 1429401980711598
08 initialize_light 30 11 778 1429401980727243
08 initialize_light 30 12 778 1429401980742608
08 initialize_light 30 13 778 1429401980758252
08 initialize_light 30 14 778 1429401980774456
08 initialize_light 30 15 778 1429401980791776
08 initialize_light 31 2 778 1429401980808817
08 initialize_light 31 3 778 1429401980825300
08 initialize_light 31 4 778 1429401980842621
08 initialize_light 31 -2 778 1429401980859941
08 initialize_light 30 -3 778 1429401980886202
08 initialize_light 31 5 778 1429401980902126
08 initialize_light 31 6 778 1429401980916373
08 initialize_light 30 16 778 1429401980930621
08 initialize_light 30 17 778 1429401980944869
08 initialize_light 29 18 778 1429401980959116
08 initialize_light 30 18 778 1429401980973084
08 initialize_light 31 -3 778 1429401980986773
08 initialize_light 31 7 778 1429401981056056
08 initialize_light 31 8 778 1429401981077567
08 initialize_light 31 9 778 1429401981094050
10 spawn 28 6 778 1429401981169199
11 full 28 6 778 1429401981263625
09 light 28 7 778 1429402015645427
09 light 28 8 778 1429402015683980
09 light 29 1 778 1429402015697948
09 light 29 2 778 1429402015711078
09 light 29 3 778 1429402015724488
09 light 29 4 778 1429402015736780
09 light 28 9 778 1429402015750189
09 light 28 10 778 1429402015763319
09 light 28 11 778 1429402015776729
09 light 28 12 778 1429402015790139
09 light 28 13 778 1429402015802710
09 light 29 0 778 1429402015816399
09 light 29 5 778 1429402015829529
09 light 29 6 778 1429402015842659
09 light 29 -1 778 1429402015855510
09 light 28 14 778 1429402015868640
09 light 29 7 778 1429402015881770
09 light 28 15 778 1429402015895459
09 light 28 16 778 1429402015908031
09 light 29 -2 778 1429402015920882
09 light 29 8 778 1429402015933732
09 light 29 9 778 1429402015947142
09 light 30 -2 778 1429402015959713
09 light 30 -1 778 1429402015972564
09 light 30 0 778 1429402015985694
09 light 29 10 778 1429402016043803
09 light 29 11 778 1429402016061403
09 light 29 12 778 1429402016074812
09 light 29 13 778 1429402016087942
09 light 29 14 778 1429402016101072
09 light 30 1 778 1429402016114482
09 light 30 2 778 1429402016127892
09 light 30 3 778 1429402016140742
09 light 30 4 778 1429402016161415
09 light 30 5 778 1429402016177898
09 light 29 15 778 1429402016191866
09 light 29 16 778 1429402016205276
09 light 28 17 778 1429402016217847
09 light 29 17 778 1429402016230977
09 light 30 6 778 1429402016243549
09 light 30 7 778 1429402016256400
09 light 30 8 778 1429402016269251
10 spawn 28 7 778 1429402016342724
10 spawn 28 8 778 1429402016389657
10 spawn 29 1 778 1429402016418711
10 spawn 29 2 778 1429402016447765
10 spawn 29 3 778 1429402016476540
11 full 28 7 778 1429402016493860
10 spawn 29 4 778 1429402016504476
10 spawn 28 9 778 1429402016543588
10 spawn 28 10 778 1429402016573200
10 spawn 28 11 778 1429402016648350
10 spawn 28 12 778 1429402016679080
10 spawn 28 13 778 1429402016712324
10 spawn 29 0 778 1429402016740540
10 spawn 29 5 778 1429402016768477
10 spawn 29 6 778 1429402016797531
10 spawn 29 -1 778 1429402016825747
10 spawn 28 14 778 1429402016861785
10 spawn 29 7 778 1429402016891118
10 spawn 28 15 778 1429402016938331
11 full 28 8 778 1429402016950903
10 spawn 28 16 778 1429402016967106
10 spawn 29 8 778 1429402017044211
10 spawn 29 9 778 1429402017101201
10 spawn 29 -2 778 1429402017132490
10 spawn 30 -2 778 1429402017171601
10 spawn 30 -1 778 1429402017202611
10 spawn 30 0 778 1429402017240605
11 full 29 1 778 1429402017240046
10 spawn 29 10 778 1429402017269938
11 full 29 2 778 1429402017303183
10 spawn 29 11 778 1429402017319386
11 full 29 3 778 1429402017353189
10 spawn 29 12 778 1429402017358776
10 spawn 29 13 778 1429402017391183
11 full 29 4 778 1429402017403475
10 spawn 29 14 778 1429402017428897
10 spawn 30 1 778 1429402017468567
10 spawn 30 2 778 1429402017498180
10 spawn 30 3 778 1429402017527234
10 spawn 30 4 778 1429402017555450
10 spawn 30 5 778 1429402017583666
10 spawn 29 15 778 1429402017611882
11 full 28 9 778 1429402017638980
10 spawn 29 16 778 1429402017640377
10 spawn 28 17 778 1429402017678650
10 spawn 29 17 778 1429402017727539
10 spawn 30 6 778 1429402017757990
10 spawn 30 7 778 1429402017786764
10 spawn 30 8 778 1429402017823082
11 full 28 10 778 1429402017888733
11 full 28 11 778 1429402018162791
11 full 28 12 778 1429402018390753
11 full 28 13 778 1429402018606144
11 full 29 0 778 1429402018810919
11 full 29 5 778 1429402018869585
11 full 29 6 778 1429402018927135
11 full 29 -1 778 1429402018998373
11 full 28 14 778 1429402019111237
11 full 29 7 778 1429402019354844
11 full 28 15 778 1429402019411555
11 full 28 16 778 1429402020735748
11 full 29 8 778 1429402020909234
11 full 29 9 778 1429402021172117
11 full 29 -2 778 1429402021372142
11 full 30 -2 778 1429402021984791
11 full 30 -1 778 1429402022089553
11 full 30 0 778 1429402022141515
11 full 29 10 778 1429402022195153
11 full 29 11 778 1429402022394620
11 full 29 12 778 1429402022959218
11 full 29 13 778 1429402023246686
11 full 29 14 778 1429402024501875
11 full 30 1 778 1429402024727323
11 full 30 2 778 1429402025163692
11 full 30 3 778 1429402025243591
11 full 30 4 778 1429402025294156
11 full 30 5 778 1429402025384670
11 full 29 15 778 1429402025454791
11 full 29 16 778 1429402026530069
11 full 28 17 778 1429402026741828
11 full 29 17 778 1429402026794070
11 full 30 6 778 1429402026848267
11 full 30 7 778 1429402027113385
11 full 30 8 778 1429402027324306
01 structure_starts 41 20 778 1429402036191649
02 structure_references 33 12 778 1429402036310379
03 biomes 33 12 778 1429402040295809
04 noise 32 11 778 1429402050211332
05 surface 32 11 778 1429402056057615
06 carvers 32 11 778 1429402056771115
07 features 31 10 779 1429402060306207
01 structure_starts 41 21 779 1429402060782526
01 structure_starts 42 -1 779 1429402061318069
01 structure_starts 42 0 779 1429402061347682
01 structure_starts 42 1 779 1429402073870245
01 structure_starts 42 2 779 1429402073946232
01 structure_starts 42 3 779 1429402073969978
01 structure_starts 42 4 779 1429402073990931
01 structure_starts 42 5 779 1429402074068874
01 structure_starts 42 6 779 1429402074093458
01 structure_starts 42 7 779 1429402074116086
01 structure_starts 42 8 779 1429402074137039
01 structure_starts 42 9 779 1429402077206987
01 structure_starts 42 10 779 1429402077235762
01 structure_starts 42 11 779 1429402077256714
01 structure_starts 42 12 779 1429402081085699
01 structure_starts 42 13 779 1429402081120061
01 structure_starts 42 14 779 1429402081143528
01 structure_starts 42 15 779 1429402081170906
01 structure_starts 42 16 779 1429402081192696
01 structure_starts 42 17 779 1429402081210855
01 structure_starts 42 18 779 1429402081235160
01 structure_starts 42 19 779 1429402081254157
01 structure_starts 42 20 779 1429402081271757
01 structure_starts 42 21 779 1429402081290195
02 structure_references 33 13 779 1429402081480722
02 structure_references 34 7 779 1429402081623199
02 structure_references 34 8 779 1429402081661472
02 structure_references 34 9 779 1429402081695834
02 structure_references 34 10 779 1429402081728799
02 structure_references 34 11 779 1429402081777967
02 structure_references 34 12 779 1429402081827415
02 structure_references 34 13 779 1429402081863453
03 biomes 33 13 779 1429402086939246
03 biomes 34 7 779 1429402091151800
03 biomes 34 8 779 1429402095043363
03 biomes 34 9 779 1429402098248804
03 biomes 34 10 779 1429402102656355
03 biomes 34 11 779 1429402106649048
03 biomes 34 12 779 1429402110883671
03 biomes 34 13 779 1429402116167033
08 initialize_light 31 10 779 1429402116478526
04 noise 32 12 779 1429402125869121
01 structure_starts 41 22 779 1429402126161896
01 structure_starts 41 23 779 1429402126185642
01 structure_starts 41 24 779 1429402126203521
02 structure_references 33 14 779 1429402126283979
02 structure_references 33 15 779 1429402126319738
02 structure_references 33 16 779 1429402126352982
03 biomes 33 14 779 1429402130844622
03 biomes 33 15 779 1429402135580707
03 biomes 33 16 779 1429402140468208
04 noise 32 13 779 1429402151054487
04 noise 32 14 779 1429402159966529
01 structure_starts 41 25 779 1429402160237234
02 structure_references 33 17 779 1429402160329704
03 biomes 33 17 779 1429402163751374
01 structure_starts 41 26 779 1429402163892174
02 structure_references 33 18 779 1429402163962295
03 biomes 33 18 779 1429402167238695
01 structure_starts 41 27 779 1429402167352117
02 structure_references 33 19 779 1429402167402962
03 biomes 33 19 779 1429402171700722
01 structure_starts 42 -2 779 1429402171897116
02 structure_references 34 6 779 1429402172055796
03 biomes 34 6 779 1429402176146546
01 structure_starts 42 -9 779 1429402176295448
01 structure_starts 42 -8 779 1429402176315562
01 structure_starts 42 -7 779 1429402176333442
01 structure_starts 42 -6 779 1429402176363334
01 structure_starts 42 -5 779 1429402176385683
01 structure_starts 42 -4 779 1429402176408591
01 structure_starts 42 -3 779 1429402176430102
02 structure_references 34 -1 779 1429402176530953
02 structure_references 34 0 779 1429402176582636
02 structure_references 34 1 779 1429402176629290
02 structure_references 34 2 779 1429402176678179
02 structure_references 34 3 779 1429402176726509
02 structure_references 34 4 779 1429402176774001
02 structure_references 34 5 779 1429402176823170
03 biomes 34 -1 779 1429402181130987
03 biomes 34 0 779 1429402185474284
03 biomes 34 1 779 1429402189539053
03 biomes 34 2 779 1429402193453803
03 biomes 34 3 779 1429402197207918
03 biomes 34 4 779 1429402200529854
03 biomes 34 5 779 1429402205134917
04 noise 33 3 779 1429402216176841
04 noise 33 4 779 1429402224284590
04 noise 33 5 779 1429402232075817
04 noise 33 6 779 1429402240845661
04 noise 33 7 779 1429402252363346
01 structure_starts 42 -11 779 1429402252690762
01 structure_starts 42 -10 779 1429402252717861
02 structure_references 34 -3 779 1429402252813404
02 structure_references 34 -2 779 1429402252864248
03 biomes 34 -3 779 1429402256596573
03 biomes 34 -2 779 1429402259666521
04 noise 33 8 779 1429402269458006
04 noise 33 9 779 1429402281587780
01 structure_starts 42 -12 779 1429402281876924
02 structure_references 34 -4 779 1429402281992302
03 biomes 34 -4 779 1429402285671546
04 noise 33 1 779 1429402293948311
04 noise 33 2 779 1429402302850016
04 noise 33 -1 779 1429402311199974
04 noise 33 0 779 1429402318706527
05 surface 33 2 779 1429402322353645
05 surface 33 3 779 1429402325605461
05 surface 33 4 779 1429402328748044
05 surface 33 5 779 1429402331645065
05 surface 33 6 779 1429402335144119
06 carvers 33 2 779 1429402336045073
06 carvers 33 3 779 1429402336475855
06 carvers 33 4 779 1429402337053024
06 carvers 33 5 779 1429402337599743
06 carvers 33 6 779 1429402338471084
07 features 32 3 780 1429402341853363
07 features 32 4 781 1429402344919680
07 features 32 5 782 1429402347484256
05 surface 33 7 782 1429402352854222
05 surface 33 8 782 1429402356620349
06 carvers 33 7 782 1429402357874142
06 carvers 33 8 782 1429402358364987
07 features 32 6 783 1429402361285475
07 features 32 7 784 1429402364093658
04 noise 33 10 784 1429402373273611
04 noise 33 11 784 1429402382558885
04 noise 33 12 784 1429402391372870
05 surface 32 12 784 1429402395708344
06 carvers 32 12 784 1429402396192206
07 features 31 11 785 1429402398114520
04 noise 32 15 785 1429402406663387
05 surface 32 13 785 1429402410798277
06 carvers 32 13 785 1429402411282697
07 features 31 12 786 1429402413806765
05 surface 32 14 786 1429402417904220
06 carvers 32 14 786 1429402418463230
07 features 31 13 787 1429402420277430
04 noise 32 16 787 1429402428271756
04 noise 32 17 787 1429402436145117
04 noise 32 18 787 1429402444323265
05 surface 33 9 787 1429402447652465
05 surface 33 10 787 1429402452203609
05 surface 33 11 787 1429402456472316
06 carvers 33 9 787 1429402456946399
06 carvers 33 10 787 1429402457232749
06 carvers 33 11 787 1429402457512673
07 features 32 8 788 1429402459885604
07 features 32 9 789 1429402461989227
07 features 32 10 790 1429402463822983
05 surface 33 0 790 1429402468207347
05 surface 33 1 790 1429402472169309
06 carvers 33 0 790 1429402473272803
06 carvers 33 1 790 1429402473820360
07 features 32 1 791 1429402476828848
07 features 32 2 792 1429402479207087
04 noise 33 -2 792 1429402488197072
04 noise 33 -3 792 1429402497269749
05 surface 33 -1 792 1429402500785844
06 carvers 33 -1 792 1429402501830113
07 features 32 0 793 1429402504393292
05 surface 33 12 793 1429402508603611
06 carvers 33 12 793 1429402509532501
07 features 32 11 794 1429402511916328
05 surface 32 15 794 1429402515391636
06 carvers 32 15 794 1429402515990037
07 features 31 14 795 1429402517939730
05 surface 32 16 795 1429402521256358
06 carvers 32 16 795 1429402522270734
07 features 31 15 796 1429402524764072
05 surface 32 17 796 1429402528972435
06 carvers 32 17 796 1429402529552957
07 features 31 16 797 1429402531406827
05 surface 32 18 797 1429402535530822
06 carvers 32 18 797 1429402535847064
07 features 31 17 798 1429402537829442
05 surface 33 -2 798 1429402541655354
06 carvers 33 -2 798 1429402542586759
07 features 32 -1 799 1429402545615361
05 surface 33 -3 799 1429402548668827
06 carvers 33 -3 799 1429402549205209
07 features 32 -2 800 1429402552433278
01 structure_starts 42 22 800 1429402552630790
02 structure_references 34 14 800 1429402552737228
03 biomes 34 14 800 1429402557193947
01 structure_starts 42 23 800 1429402557340614
01 structure_starts 42 24 800 1429402557366875
01 structure_starts 42 25 800 1429402557387268
02 structure_references 34 15 800 1429402557448729
02 structure_references 34 16 800 1429402557493427
02 structure_references 34 17 800 1429402557528627
03 biomes 34 15 800 1429402561241396
03 biomes 34 16 800 1429402565268451
03 biomes 34 17 800 1429402568744876
04 noise 33 13 800 1429402577883763
04 noise 33 14 800 1429402588111616
04 noise 33 15 800 1429402600674128
01 structure_starts 42 26 800 1429402600980592
02 structure_references 34 18 800 1429402601160224
03 biomes 34 18 800 1429402605318023
01 structure_starts 42 27 800 1429402605473629
02 structure_references 34 19 800 1429402605546544
03 biomes 34 19 800 1429402608697508
01 structure_starts 41 28 800 1429402608810930
01 structure_starts 42 28 800 1429402608835515
02 structure_references 33 20 800 1429402608891388
02 structure_references 34 20 800 1429402608924912
03 biomes 33 20 800 1429402612134264
03 biomes 34 20 800 1429402615540289
04 noise 32 19 800 1429402626130200
01 structure_starts 43 -1 800 1429402626350340
01 structure_starts 43 0 800 1429402626377439
01 structure_starts 43 1 800 1429402626399509
01 structure_starts 43 2 800 1429402626422975
01 structure_starts 43 3 800 1429402626444487
01 structure_starts 43 4 800 1429402626483598
01 structure_starts 43 5 800 1429402626507064
01 structure_starts 43 6 800 1429402626529134
01 structure_starts 43 7 800 1429402626552880
01 structure_starts 43 8 800 1429402626574112
01 structure_starts 43 9 800 1429402626595903
01 structure_starts 43 10 800 1429402626628309
01 structure_starts 43 11 800 1429402626650658
01 structure_starts 43 12 800 1429402626672449
01 structure_starts 43 13 800 1429402626701503
01 structure_starts 43 14 800 1429402626723014
01 structure_starts 43 15 800 1429402626745643
01 structure_starts 43 16 800 1429402626767433
01 structure_starts 43 17 800 1429402626790062
01 structure_starts 43 18 800 1429402626811852
01 structure_starts 43 19 800 1429402626837833
01 structure_starts 43 20 800 1429402626858786
01 structure_starts 43 21 800 1429402626880576
02 structure_references 35 7 800 1429402626970532
02 structure_references 35 8 800 1429402627055459
02 structure_references 35 9 800 1429402627112729
02 structure_references 35 10 800 1429402627148767
02 structure_references 35 11 800 1429402627193466
02 structure_references 35 12 800 1429402627228386
02 structure_references 35 13 800 1429402627279510
03 biomes 35 7 800 1429402631178057
03 biomes 35 8 800 1429402634382380
03 biomes 35 9 800 1429402637842323
03 biomes 35 10 800 1429402641432730
03 biomes 35 11 800 1429402644852444
03 biomes 35 12 800 1429402648355968
03 biomes 35 13 800 1429402653127253
01 structure_starts 43 -8 800 1429402653402428
01 structure_starts 43 -7 800 1429402653428409
01 structure_starts 43 -6 800 1429402653450199
01 structure_starts 43 -5 800 1429402653468358
01 structure_starts 43 -4 800 1429402653487634
01 structure_starts 43 -3 800 1429402653506352
01 structure_starts 43 -2 800 1429402653528701
02 structure_references 35 0 800 1429402653623685
02 structure_references 35 1 800 1429402653673692
02 structure_references 35 2 800 1429402653722860
02 structure_references 35 3 800 1429402653761971
02 structure_references 35 4 800 1429402653811698
02 structure_references 35 5 800 1429402653861984
02 structure_references 35 6 800 1429402653906403
03 biomes 35 0 800 1429402657618893
03 biomes 35 1 800 1429402660391596
03 biomes 35 2 800 1429402663293646
03 biomes 35 3 800 1429402666200724
03 biomes 35 4 800 1429402669715143
03 biomes 35 5 800 1429402673097143
03 biomes 35 6 800 1429402675725415
04 noise 34 4 800 1429402685381966
04 noise 34 5 800 1429402694770884
04 noise 34 6 800 1429402705207424
04 noise 34 7 800 1429402714122818
04 noise 34 8 800 1429402724776984
01 structure_starts 43 -10 800 1429402725055790
01 structure_starts 43 -9 800 1429402725080933
02 structure_references 35 -2 800 1429402725177035
02 structure_references 35 -1 800 1429402725212235
03 biomes 35 -2 800 1429402728478019
03 biomes 35 -1 800 1429402731802469
04 noise 34 9 800 1429402741918018
04 noise 34 10 800 1429402752143078
01 structure_starts 42 -13 800 1429402752406520
01 structure_starts 43 -13 800 1429402752443117
01 structure_starts 43 -12 800 1429402752466025
01 structure_starts 43 -11 800 1429402752486698
02 structure_references 34 -5 800 1429402752578050
02 structure_references 35 -5 800 1429402752611295
02 structure_references 35 -4 800 1429402752643981
02 structure_references 35 -3 800 1429402752729746
03 biomes 34 -5 800 1429402755873447
03 biomes 35 -5 800 1429402759170519
03 biomes 35 -4 800 1429402762099947
03 biomes 35 -3 800 1429402765055914
04 noise 34 -2 800 1429402777055225
04 noise 34 -1 800 1429402786823522
04 noise 34 0 800 1429402797049979
04 noise 34 1 800 1429402805770935
04 noise 34 2 800 1429402815825582
04 noise 34 3 800 1429402823763476
04 noise 34 -3 800 1429402834302822
04 noise 33 -4 800 1429402846202678
05 surface 34 0 800 1429402849297770
05 surface 34 1 800 1429402852199820
05 surface 34 2 800 1429402855239317
05 surface 34 3 800 1429402858860733
05 surface 34 4 800 1429402862349451
06 carvers 34 0 800 1429402863607434
06 carvers 34 1 800 1429402864052463
06 carvers 34 2 800 1429402864414521
06 carvers 34 3 800 1429402864840554
06 carvers 34 4 800 1429402865354307
07 features 33 1 801 1429402868948625
07 features 33 2 802 1429402871741443
07 features 33 3 803 1429402874598235
05 surface 34 5 803 1429402877634660
05 surface 34 6 803 1429402882471875
05 surface 34 7 803 1429402886041050
06 carvers 34 5 803 1429402886697000
06 carvers 34 6 803 1429402887126106
06 carvers 34 7 803 1429402887587618
07 features 33 4 804 1429402890300816
07 features 33 5 805 1429402892278725
07 features 33 6 806 1429402894382627
05 surface 34 8 806 1429402898725924
05 surface 34 9 806 1429402903166160
06 carvers 34 8 806 1429402903614821
06 carvers 34 9 806 1429402903988613
07 features 33 7 807 1429402907143209
07 features 33 8 808 1429402909709461
04 noise 34 11 808 1429402920332896
01 structure_starts 43 22 808 1429402920567284
02 structure_references 35 14 808 1429402920653608
03 biomes 35 14 808 1429402925674367
05 surface 33 13 808 1429402932663814
06 carvers 33 13 808 1429402934146966
07 features 32 12 809 1429402936352837
04 noise 33 16 809 1429402946187902
05 surface 33 14 809 1429402952779254
06 carvers 33 14 809 1429402954484502
07 features 32 13 810 1429402957208596
05 surface 33 15 810 1429402962454243
06 carvers 33 15 810 1429402964335771
07 features 32 14 811 1429402966935826
04 noise 33 17 811 1429402980122999
04 noise 33 18 811 1429402989440121
04 noise 33 19 811 1429402998343223
05 surface 32 19 811 1429403002287865
06 carvers 32 19 811 1429403003172057
07 features 31 18 812 1429403005304734
04 noise 34 12 812 1429403014787240
05 surface 34 -1 812 1429403017695995
06 carvers 34 -1 812 1429403018646397
07 features 33 0 813 1429403021497043
05 surface 34 10 813 1429403026114118
06 carvers 34 10 813 1429403026744367
07 features 33 9 814 1429403028981527
04 noise 34 -4 814 1429403037771765
05 surface 34 -2 814 1429403040213141
06 carvers 34 -2 814 1429403040745891
07 features 33 -1 815 1429403042767101
05 surface 34 -3 815 1429403045646802
06 carvers 34 -3 815 1429403046240453
07 features 33 -2 816 1429403048281219
05 surface 33 -4 816 1429403051909619
06 carvers 33 -4 816 1429403052555792
07 features 32 -3 817 1429403055536902
05 surface 34 11 817 1429403060703769
06 carvers 34 11 817 1429403061399668
07 features 33 10 818 1429403063212192
04 noise 34 13 818 1429403073140566
05 surface 33 16 818 1429403077899000
06 carvers 33 16 818 1429403079337174
07 features 32 15 819 1429403081813471
05 surface 33 17 819 1429403087444922
06 carvers 33 17 819 1429403088863541
07 features 32 16 820 1429403091373641
05 surface 33 18 820 1429403095981776
06 carvers 33 18 820 1429403097337817
07 features 32 17 821 1429403101700669
05 surface 33 19 821 1429403106489275
06 carvers 33 19 821 1429403107161428
07 features 32 18 822 1429403111201893
05 surface 34 12 822 1429403115762257
06 carvers 34 12 822 1429403117090361
07 features 33 11 823 1429403119569730
05 surface 34 -4 823 1429403124379009
06 carvers 34 -4 823 1429403125120445
07 features 33 -3 824 1429403127786152
05 surface 34 13 824 1429403132837361
06 carvers 34 13 824 1429403134152614
07 features 33 12 825 1429403135891944
09 light 30 9 825 1429403138663810
10 spawn 30 9 825 1429403138712419
11 full 30 9 825 1429403138866629
08 initialize_light 32 3 825 1429403138902388
08 initialize_light 32 4 825 1429403140817439
08 initialize_light 32 5 825 1429403140839509
08 initialize_light 32 6 825 1429403140854874
08 initialize_light 32 7 825 1429403140871636
08 initialize_light 31 11 825 1429403140887001
08 initialize_light 31 12 825 1429403140903484
08 initialize_light 31 13 825 1429403140918849
08 initialize_light 32 8 825 1429403140933376
08 initialize_light 32 9 825 1429403140948461
08 initialize_light 32 10 825 1429403140962430
08 initialize_light 32 1 825 1429403140978074
08 initialize_light 32 2 825 1429403140992601
08 initialize_light 32 0 825 1429403141053503
08 initialize_light 32 11 825 1429403141071941
08 initialize_light 31 14 825 1429403141086189
08 initialize_light 31 15 825 1429403141101274
08 initialize_light 31 16 825 1429403141115801
08 initialize_light 31 17 825 1429403141130328
08 initialize_light 32 -1 825 1429403141144576
08 initialize_light 32 -2 825 1429403141168043
08 initialize_light 33 1 825 1429403141182570
08 initialize_light 33 2 825 1429403141197097
08 initialize_light 33 3 825 1429403141211344
08 initialize_light 33 4 825 1429403141225313
08 initialize_light 33 5 825 1429403141239560
08 initialize_light 33 6 825 1429403141253529
08 initialize_light 33 7 825 1429403141267776
08 initialize_light 33 8 825 1429403141282862
08 initialize_light 32 12 825 1429403141297389
08 initialize_light 32 13 825 1429403141311916
08 initialize_light 32 14 825 1429403141325884
08 initialize_light 31 18 825 1429403141340411
08 initialize_light 33 0 825 1429403141355776
08 initialize_light 33 9 825 1429403141369745
08 initialize_light 33 -1 825 1429403141383434
08 initialize_light 33 -2 825 1429403141397402
08 initialize_light 32 -3 825 1429403141410811
08 initialize_light 33 10 825 1429403141424500
08 initialize_light 32 15 825 1429403141438469
08 initialize_light 32 16 825 1429403141453554
08 initialize_light 32 17 825 1429403141468920
08 initialize_light 32 18 825 1429403141482888
08 initialize_light 33 11 825 1429403141497415
08 initialize_light 33 -3 825 1429403141512221
08 initialize_light 33 12 825 1429403141526189
09 light 30 10 825 1429403147356549
09 light 31 3 825 1429403147375267
09 light 31 4 825 1429403147388676
09 light 31 5 825 1429403147402645
09 light 31 6 825 1429403147414937
09 light 30 11 825 1429403147427508
09 light 30 12 825 1429403147440080
10 spawn 30 10 825 1429403147481984
10 spawn 31 3 825 1429403147525007
10 spawn 31 4 825 1429403147554061
11 full 30 10 825 1429403147581997
10 spawn 31 5 825 1429403147583115
11 full 31 3 825 1429403147769452
11 full 31 4 825 1429403147815268
11 full 31 5 825 1429403147853820
09 light 31 7 825 1429403151149496
09 light 31 8 825 1429403151179667
09 light 31 9 825 1429403151195591
09 light 31 0 825 1429403151208721
09 light 31 1 825 1429403151221572
09 light 31 2 825 1429403151839808
10 spawn 30 11 825 1429403151897916
10 spawn 31 6 825 1429403151964405
11 full 30 11 825 1429403151975859
10 spawn 30 12 825 1429403151994577
10 spawn 31 7 825 1429403152120291
10 spawn 31 8 825 1429403152173930
10 spawn 31 9 825 1429403152210526
11 full 31 6 825 1429403152231200
10 spawn 31 0 825 1429403152286793
11 full 30 12 825 1429403152713385
11 full 31 7 825 1429403152918998
11 full 31 8 825 1429403153082426
11 full 31 9 825 1429403153150871
11 full 31 0 825 1429403153642554
09 light 31 -1 825 1429403168309248
09 light 31 10 825 1429403168346404
09 light 30 13 825 1429403168360372
09 light 30 14 825 1429403168376296
09 light 30 15 825 1429403168392499
09 light 30 16 825 1429403168405908
09 light 31 11 825 1429403168419318
09 light 31 -2 825 1429403168431889
09 light 32 0 825 1429403168444740
09 light 32 1 825 1429403168457870
09 light 32 2 825 1429403168471001
09 light 32 3 825 1429403168486366
09 light 32 4 825 1429403168502010
09 light 32 5 825 1429403168515140
09 light 32 6 825 1429403168528271
09 light 32 7 825 1429403168541121
09 light 31 12 825 1429403168553693
09 light 31 13 825 1429403168567102
09 light 30 17 825 1429403168583306
09 light 32 -1 825 1429403168598671
09 light 32 8 825 1429403168611522
09 light 32 -2 825 1429403168624652
09 light 32 9 825 1429403168638061
09 light 31 14 825 1429403168650633
09 light 31 15 825 1429403168664042
09 light 31 16 825 1429403168680245
09 light 31 17 825 1429403168694214
09 light 32 10 825 1429403168707065
09 light 32 11 825 1429403168719636
10 spawn 30 13 825 1429403168855408
10 spawn 31 1 825 1429403168911281
11 full 30 13 825 1429403168981402
10 spawn 31 2 825 1429403168982798
10 spawn 31 -1 825 1429403169172208
10 spawn 31 10 825 1429403169207408
10 spawn 30 14 825 1429403169241491
10 spawn 30 15 825 1429403169281161
11 full 31 1 825 1429403169294291
10 spawn 30 16 825 1429403169313567
11 full 31 2 825 1429403169336755
10 spawn 31 11 825 1429403169387320
10 spawn 31 12 825 1429403169416933
10 spawn 31 13 825 1429403169447383
10 spawn 31 14 825 1429403169480907
10 spawn 31 15 825 1429403169510799
11 full 31 -1 825 1429403169545720
11 full 31 10 825 1429403169587066
11 full 30 14 825 1429403169629250
10 spawn 31 16 825 1429403169758038
11 full 30 15 825 1429403169765581
10 spawn 31 -2 825 1429403169923702
10 spawn 32 0 825 1429403169961137
10 spawn 32 1 825 1429403169990749
10 spawn 32 2 825 1429403170077632
10 spawn 32 3 825 1429403170109200
10 spawn 32 4 825 1429403170162001
10 spawn 32 5 825 1429403170194966
10 spawn 32 6 825 1429403170222623
10 spawn 32 7 825 1429403170257544
10 spawn 30 17 825 1429403170289671
10 spawn 32 -1 825 1429403170317607
10 spawn 32 8 825 1429403170353645
10 spawn 32 -2 825 1429403170387169
10 spawn 32 9 825 1429403170417899
10 spawn 31 17 825 1429403170447233
10 spawn 32 11 825 1429403170487461
10 spawn 32 10 825 1429403170595855
11 full 30 16 825 1429403170761519
11 full 31 11 825 1429403171561622
11 full 31 12 825 1429403171740416
11 full 31 13 825 1429403171911388
11 full 31 14 825 1429403172108620
11 full 31 15 825 1429403172281827
11 full 31 16 825 1429403174606428
11 full 31 -2 825 1429403174835228
11 full 32 0 825 1429403174889984
11 full 32 1 825 1429403175451229
11 full 32 2 825 1429403175518277
11 full 32 3 825 1429403175564931
11 full 32 4 825 1429403175781439
11 full 32 5 825 1429403175845414
11 full 32 6 825 1429403175901287
11 full 32 7 825 1429403175965821
11 full 30 17 825 1429403176067230
11 full 32 -1 825 1429403176135954
11 full 32 8 825 1429403176196856
11 full 32 -2 825 1429403176266418
11 full 32 9 825 1429403176316704
11 full 31 17 825 1429403176375929
11 full 32 11 825 1429403176422583
11 full 32 10 825 1429403176469237
01 structure_starts -11 29 825 1429403182964487
01 structure_starts -10 29 825 1429403183054164
01 structure_starts -9 29 825 1429403183092157
01 structure_starts -8 29 825 1429403183118418
01 structure_starts -7 29 825 1429403183144399
01 structure_starts -6 29 825 1429403183175688
01 structure_starts -5 29 825 1429403183202786
01 structure_starts -4 29 825 1429403183227650
01 structure_starts -3 29 825 1429403183254190
01 structure_starts -2 29 825 1429403183279332
01 structure_starts -1 29 825 1429403183313694
01 structure_starts 0 29 825 1429403183338558
01 structure_starts 1 29 825 1429403183372361
01 structure_starts 2 29 825 1429403183396387
01 structure_starts 3 29 825 1429403183422368
01 structure_starts 4 29 825 1429403183447231
01 structure_starts 5 29 825 1429403183472933
01 structure_starts 6 29 825 1429403183496120
01 structure_starts 7 29 825 1429403183521263
01 structure_starts 8 29 825 1429403183545568
01 structure_starts 9 29 825 1429403183572387
01 structure_starts 10 29 825 1429403183597530
01 structure_starts 11 29 825 1429403183624628
02 structure_references -3 21 825 1429403183711511
02 structure_references -2 21 825 1429403183750902
02 structure_references -1 21 825 1429403183781073
02 structure_references 0 21 825 1429403183810406
02 structure_references 1 21 825 1429403183841416
02 structure_references 2 21 825 1429403183870470
02 structure_references 3 21 825 1429403183900083
03 biomes -3 21 825 1429403187864001
03 biomes -2 21 825 1429403192474092
03 biomes -1 21 825 1429403196375991
03 biomes 0 21 825 1429403199518575
03 biomes 1 21 825 1429403202555837
03 biomes 2 21 825 1429403206271120
03 biomes 3 21 825 1429403209474047
04 noise -2 20 825 1429403220084073
04 noise -1 20 825 1429403231430785
04 noise 0 20 825 1429403242506793
04 noise 1 20 825 1429403252042658
04 noise 2 20 825 1429403260658572
05 surface -2 20 825 1429403263639682
05 surface -1 20 825 1429403266965530
05 surface 0 20 825 1429403270674108
05 surface 1 20 825 1429403274469290
05 surface 2 20 825 1429403278549703
06 carvers -2 20 825 1429403279135812
06 carvers -1 20 825 1429403279300359
06 carvers 0 20 825 1429403279433337
06 carvers 1 20 825 1429403279583077
06 carvers 2 20 825 1429403279753769
07 features -1 19 826 1429403287192157
07 features 0 19 827 1429403293926823
07 features 1 19 828 1429403300312283
01 structure_starts 43 23 828 1429403300923535
02 structure_references 35 15 828 1429403301086405
03 biomes 35 15 828 1429403305273257
01 structure_starts 43 24 828 1429403305440597
02 structure_references 35 16 828 1429403305522172
03 biomes 35 16 828 1429403309355906
01 structure_starts 43 25 828 1429403309509557
01 structure_starts 43 26 828 1429403309535817
02 structure_references 35 17 828 1429403309598395
02 structure_references 35 18 828 1429403309638065
03 biomes 35 17 828 1429403313163100
03 biomes 35 18 828 1429403316479449
04 noise 34 14 828 1429403326299429
04 noise 34 15 828 1429403335466252
04 noise 34 16 828 1429403344655145
01 structure_starts 43 27 828 1429403344934790
02 structure_references 35 19 828 1429403345070282
03 biomes 35 19 828 1429403348587215
01 structure_starts -12 29 828 1429403348653425
02 structure_references -4 21 828 1429403348884740
03 biomes -4 21 828 1429403352437153
01 structure_starts -11 30 828 1429403352480175
01 structure_starts -10 30 828 1429403352521521
01 structure_starts -9 30 828 1429403352543870
01 structure_starts -8 30 828 1429403352565102
01 structure_starts -7 30 828 1429403352591921
01 structure_starts -6 30 828 1429403352618461
01 structure_starts -5 30 828 1429403352646118
01 structure_starts -4 30 828 1429403352669864
01 structure_starts -3 30 828 1429403352694448
01 structure_starts -2 30 828 1429403355579177
01 structure_starts -1 30 828 1429403355610466
01 structure_starts 0 30 828 1429403355633933
01 structure_starts 1 30 828 1429403355661590
01 structure_starts 2 30 828 1429403355687292
01 structure_starts 3 30 828 1429403355709920
01 structure_starts 4 30 828 1429403355733946
01 structure_starts 5 30 828 1429403355760206
01 structure_starts 6 30 828 1429403355790378
01 structure_starts 7 30 828 1429403355821108
01 structure_starts 8 30 828 1429403355847648
01 structure_starts 9 30 828 1429403355885083
01 structure_starts 10 30 828 1429403355909388
01 structure_starts 11 30 828 1429403355940676
02 structure_references -3 22 828 1429403356045718
02 structure_references -2 22 828 1429403356098239
02 structure_references -1 22 828 1429403356127851
02 structure_references 0 22 828 1429403356170874
02 structure_references 1 22 828 1429403356210544
02 structure_references 2 22 828 1429403356247420
02 structure_references 3 22 828 1429403356277871
03 biomes -3 22 828 1429403360210780
03 biomes -2 22 828 1429403363689440
03 biomes -1 22 828 1429403367234310
03 biomes 0 22 828 1429403370718837
03 biomes 1 22 828 1429403374235491
03 biomes 2 22 828 1429403377791535
03 biomes 3 22 828 1429403381313497
01 structure_starts 12 29 828 1429403381518552
02 structure_references 4 21 828 1429403381590628
03 biomes 4 21 828 1429403385259257
01 structure_starts 12 30 828 1429403385385530
02 structure_references 4 22 828 1429403385435816
03 biomes 4 22 828 1429403388502412
01 structure_starts -12 30 828 1429403388557726
02 structure_references -4 22 828 1429403388658857
03 biomes -4 22 828 1429403391682431
05 surface 34 14 828 1429403395808940
06 carvers 34 14 828 1429403397606378
07 features 33 13 829 1429403400556479
05 surface 34 15 829 1429403404540791
06 carvers 34 15 829 1429403405656577
07 features 33 14 830 1429403407725558
04 noise 34 17 830 1429403417367862
05 surface 34 16 830 1429403421236516
06 carvers 34 16 830 1429403422896507
07 features 33 15 831 1429403425210771
04 noise 34 18 831 1429403433564361
04 noise -3 20 831 1429403443218118
04 noise -2 21 831 1429403452775774
04 noise -1 21 831 1429403464114664
04 noise 0 21 831 1429403474084664
04 noise 1 21 831 1429403484589927
04 noise 2 21 831 1429403495547204
04 noise 3 20 831 1429403505994360
04 noise 3 21 831 1429403516697973
04 noise -3 21 831 1429403526774690
05 surface 34 17 831 1429403532241875
06 carvers 34 17 831 1429403534061103
07 features 33 16 832 1429403536139024
05 surface 34 18 832 1429403540151552
06 carvers 34 18 832 1429403542440395
07 features 33 17 833 1429403544539548
05 surface -3 20 833 1429403548091402
06 carvers -3 20 833 1429403548355402
07 features -2 19 834 1429403555148177
05 surface -2 21 834 1429403558356970
05 surface -1 21 834 1429403561959948
05 surface 0 21 834 1429403566591829
05 surface 1 21 834 1429403571266174
05 surface 2 21 834 1429403574809647
06 carvers -2 21 834 1429403575327033
06 carvers -1 21 834 1429403575494373
06 carvers 0 21 834 1429403575651655
06 carvers 1 21 834 1429403575787986
06 carvers 2 21 834 1429403576088024
07 features -1 20 835 1429403580838636
07 features 0 20 836 1429403586652793
07 features 1 20 837 1429403593950940
05 surface 3 20 837 1429403598939850
06 carvers 3 20 837 1429403599496905
07 features 2 19 838 1429403604519899
05 surface 3 21 838 1429403608934434
06 carvers 3 21 838 1429403609471374
07 features 2 20 839 1429403615166521
05 surface -3 21 839 1429403619228776
06 carvers -3 21 839 1429403619438300
07 features -2 20 840 1429403625715645
01 structure_starts 44 -12 840 1429403625995011
01 structure_starts 44 -11 840 1429403626062338
01 structure_starts 44 -10 840 1429403626080497
01 structure_starts 44 -9 840 1429403626100890
01 structure_starts 44 -8 840 1429403626119887
01 structure_starts 44 -7 840 1429403626137767
01 structure_starts 44 -6 840 1429403626162071
01 structure_starts 44 -5 840 1429403626180789
01 structure_starts 44 -4 840 1429403626207887
01 structure_starts 44 -3 840 1429403626226046
01 structure_starts 44 -2 840 1429403626243646
01 structure_starts 44 -1 840 1429403626266554
01 structure_starts 44 0 840 1429403626285272
01 structure_starts 44 1 840 1429403626308180
01 structure_starts 44 2 840 1429403626329691
01 structure_starts 44 3 840 1429403626356230
01 structure_starts 44 4 840 1429403649652527
01 structure_starts 44 5 840 1429403649725441
01 structure_starts 44 6 840 1429403649749467
01 structure_starts 44 7 840 1429403649771257
01 structure_starts 44 8 840 1429403649795283
01 structure_starts 44 9 840 1429403649816235
01 structure_starts 44 10 840 1429403649838305
02 structure_references 36 -4 840 1429403650045315
02 structure_references 36 -3 840 1429403650104261
02 structure_references 36 -2 840 1429403650142534
02 structure_references 36 -1 840 1429403650186953
02 structure_references 36 0 840 1429403650221874
02 structure_references 36 1 840 1429403650273836
02 structure_references 36 2 840 1429403650327754
03 biomes 36 -4 840 1429403654202554
03 biomes 36 -3 840 1429403657674510
03 biomes 36 -2 840 1429403660825195
03 biomes 36 -1 840 1429403663620806
03 biomes 36 0 840 1429403666519783
03 biomes 36 1 840 1429403669488322
03 biomes 36 2 840 1429403672294549
01 structure_starts 44 11 840 1429403672523070
01 structure_starts 44 12 840 1429403672544302
01 structure_starts 44 13 840 1429403706420173
01 structure_starts 44 14 840 1429403706470459
01 structure_starts 44 15 840 1429403706489456
01 structure_starts 44 16 840 1429403706517672
02 structure_references 36 3 840 1429403706647577
02 structure_references 36 4 840 1429403706688923
02 structure_references 36 5 840 1429403706727755
02 structure_references 36 6 840 1429403706767984
02 structure_references 36 7 840 1429403706805977
02 structure_references 36 8 840 1429403706846206
03 biomes 36 3 840 1429403709720319
03 biomes 36 4 840 1429403712452235
03 biomes 36 5 840 1429403715175212
03 biomes 36 6 840 1429403718099611
03 biomes 36 7 840 1429403721223756
03 biomes 36 8 840 1429403725275395
01 structure_starts 44 17 840 1429403725555878
01 structure_starts 44 18 840 1429403725577389
02 structure_references 36 9 840 1429403725673491
02 structure_references 36 10 840 1429403725729364
03 biomes 36 9 840 1429403729690489
03 biomes 36 10 840 1429403732614888
01 structure_starts 44 19 840 1429403732755129
01 structure_starts 44 20 840 1429403732775802
01 structure_starts 44 21 840 1429403732795637
02 structure_references 36 11 840 1429403732841453
02 structure_references 36 12 840 1429403732877771
02 structure_references 36 13 840 1429403732916323
03 biomes 36 11 840 1429403737121893
03 biomes 36 12 840 1429403740502775
03 biomes 36 13 840 1429403744165258
01 structure_starts 44 22 840 1429403744433449
01 structure_starts 44 23 840 1429403744459710
01 structure_starts 44 24 840 1429403744484573
02 structure_references 36 14 840 1429403744562795
02 structure_references 36 15 840 1429403744617272
02 structure_references 36 16 840 1429403744670351
03 biomes 36 14 840 1429403748688466
03 biomes 36 15 840 1429403752974773
03 biomes 36 16 840 1429403757449930
01 structure_starts 44 25 840 1429403757653029
02 structure_references 36 17 840 1429403757717562
03 biomes 36 17 840 1429403762458396
01 structure_starts 44 26 840 1429403762624060
01 structure_starts 44 27 840 1429403762646689
02 structure_references 36 18 840 1429403762720162
02 structure_references 36 19 840 1429403762764302
03 biomes 36 18 840 1429403767258735
03 biomes 36 19 840 1429403770526195
01 structure_starts 43 28 840 1429403770656100
02 structure_references 35 20 840 1429403770707224
03 biomes 35 20 840 1429403773974405
04 noise 35 4 840 1429403784372671
04 noise 35 5 840 1429403795519917
04 noise 35 6 840 1429403806048647
04 noise 35 7 840 1429403815834545
04 noise 35 8 840 1429403824967285
01 structure_starts 44 -13 840 1429403825258943
02 structure_references 36 -5 840 1429403825356441
03 biomes 36 -5 840 1429403828801857
04 noise 35 1 840 1429403838189938
04 noise 35 2 840 1429403846758080
04 noise 35 3 840 1429403854822248
04 noise 35 10 840 1429403865614978
04 noise 35 11 840 1429403875446133
04 noise 35 12 840 1429403885415853
04 noise 35 13 840 1429403896593549
04 noise 35 14 840 1429403906482253
01 structure_starts 44 28 840 1429403906771396
02 structure_references 36 20 840 1429403906865543
03 biomes 36 20 840 1429403910920534
04 noise 35 15 840 1429403923123502
04 noise 35 16 840 1429403932074096
04 noise 35 17 840 1429403940825503
04 noise 35 -2 840 1429403953903165
04 noise 35 -1 840 1429403965182551
04 noise 35 0 840 1429403976682635
05 surface 35 0 840 1429403979120100
05 surface 35 1 840 1429403981443583
05 surface 35 2 840 1429403984234166
05 surface 35 3 840 1429403987259416
05 surface 35 4 840 1429403990387752
06 carvers 35 0 840 1429403991330611
06 carvers 35 1 840 1429403991741837
06 carvers 35 2 840 1429403992152505
06 carvers 35 3 840 1429403992528531
06 carvers 35 4 840 1429403992986131
07 features 34 1 841 1429403995666644
07 features 34 2 842 1429403998104109
07 features 34 3 843 1429404000853346
04 noise 35 9 843 1429404009086808
05 surface 35 -1 843 1429404011573162
06 carvers 35 -1 843 1429404012260681
07 features 34 0 844 1429404014541422
05 surface 35 5 844 1429404017649923
05 surface 35 6 844 1429404020787757
06 carvers 35 5 844 1429404021381688
06 carvers 35 6 844 1429404021591212
07 features 34 4 845 1429404024067509
07 features 34 5 846 1429404026112186
05 surface 35 7 846 1429404029537487
05 surface 35 8 846 1429404032772541
05 surface 35 9 846 1429404035860927
05 surface 35 10 846 1429404039366407
06 carvers 35 7 846 1429404039604985
06 carvers 35 8 846 1429404039820934
06 carvers 35 9 846 1429404040297811
06 carvers 35 10 846 1429404040660149
07 features 34 7 847 1429404042560393
07 features 34 8 848 1429404044396384
07 features 34 9 849 1429404046181530
05 surface 35 11 849 1429404050827380
05 surface 35 12 849 1429404055171515
05 surface 35 13 849 1429404059648628
06 carvers 35 11 849 1429404060123549
06 carvers 35 12 849 1429404060463537
06 carvers 35 13 849 1429404061451374
07 features 34 10 850 1429404063497727
07 features 34 11 851 1429404065363889
07 features 34 12 852 1429404067125289
01 structure_starts -13 29 852 1429404067337607
02 structure_references -5 21 852 1429404067551880
03 biomes -5 21 852 1429404070946731
01 structure_starts -11 31 852 1429404071045347
01 structure_starts -10 31 852 1429404071069931
01 structure_starts -9 31 852 1429404071092280
01 structure_starts -8 31 852 1429404071119938
01 structure_starts -7 31 852 1429404071143684
01 structure_starts -6 31 852 1429404071171061
01 structure_starts -5 31 852 1429404071193411
01 structure_starts -4 31 852 1429404071213246
01 structure_starts -3 31 852 1429404071234477
01 structure_starts -2 31 852 1429404071257106
01 structure_starts -1 31 852 1429404071284205
01 structure_starts 0 31 852 1429404071305157
01 structure_starts 1 31 852 1429404071330859
01 structure_starts 2 31 852 1429404071351532
01 structure_starts 3 31 852 1429404071379189
01 structure_starts 4 31 852 1429404071400421
01 structure_starts 5 31 852 1429404071421094
01 structure_starts 6 31 852 1429404071442884
01 structure_starts 7 31 852 1429404071469983
01 structure_starts 8 31 852 1429404071490376
01 structure_starts 9 31 852 1429404071511329
01 structure_starts 10 31 852 1429404071537310
01 structure_starts 11 31 852 1429404071569437
02 structure_references -3 23 852 1429404071609945
02 structure_references -2 23 852 1429404071647659
02 structure_references -1 23 852 1429404071678110
02 structure_references 0 23 852 1429404071705488
02 structure_references 1 23 852 1429404071743482
02 structure_references 2 23 852 1429404071774491
02 structure_references 3 23 852 1429404071802707
03 biomes -3 23 852 1429404075249520
03 biomes -2 23 852 1429404078479824
03 biomes -1 23 852 1429404081780528
03 biomes 0 23 852 1429404085105817
03 biomes 1 23 852 1429404088472172
03 biomes 2 23 852 1429404092094427
03 biomes 3 23 852 1429404095696287
01 structure_starts 13 29 852 1429404095915030
01 structure_starts 13 30 852 1429404095944923
02 structure_references 5 21 852 1429404096067564
02 structure_references 5 22 852 1429404096102205
03 biomes 5 21 852 1429404100318950
03 biomes 5 22 852 1429404103924163
01 structure_starts -13 30 852 1429404103978639
02 structure_references -5 22 852 1429404104172519
03 biomes -5 22 852 1429404107513731
04 noise 4 20 852 1429404116602052
01 structure_starts -13 31 852 1429404116645633
01 structure_starts -12 31 852 1429404116667145
02 structure_references -5 23 852 1429404116742015
02 structure_references -4 23 852 1429404116770510
03 biomes -5 23 852 1429404119912535
03 biomes -4 23 852 1429404123846561
04 noise -3 22 852 1429404137424567
04 noise -2 22 852 1429404150324831
04 noise -1 22 852 1429404161407823
04 noise 0 22 852 1429404171810560
04 noise 1 22 852 1429404183357857
01 structure_starts 12 31 852 1429404183596156
02 structure_references 4 23 852 1429404183673819
03 biomes 4 23 852 1429404186816403
01 structure_starts 13 31 852 1429404186910828
02 structure_references 5 23 852 1429404186952733
03 biomes 5 23 852 1429404189984688
04 noise 35 -3 852 1429404199701023
07 features 34 6 853 1429404201808836
05 surface 35 14 853 1429404206359423
05 surface 35 15 853 1429404211088523
06 carvers 35 14 853 1429404212514964
06 carvers 35 15 853 1429404213453353
07 features 34 13 854 1429404215442157
07 features 34 14 855 1429404217679596
05 surface 35 16 855 1429404223363289
06 carvers 35 16 855 1429404224271506
07 features 34 15 856 1429404226573758
04 noise 35 18 856 1429404234238991
04 noise 34 19 856 1429404242304275
04 noise 35 -4 856 1429404252462567
04 noise 35 19 856 1429404261572400
05 surface 35 17 856 1429404266649310
06 carvers 35 17 856 1429404267697211
07 features 34 16 857 1429404270076847
05 surface 35 -2 857 1429404272667404
06 carvers 35 -2 857 1429404273372243
07 features 34 -1 858 1429404276106394
04 noise -4 20 858 1429404286631493
04 noise 2 22 858 1429404297239842
04 noise 4 21 858 1429404308434580
04 noise -4 21 858 1429404317801709
05 surface 4 20 858 1429404322497006
06 carvers 4 20 858 1429404323288449
07 features 3 19 859 1429404327574755
04 noise -4 22 859 1429404338462191
05 surface -3 22 859 1429404341983594
05 surface -2 22 859 1429404345570648
05 surface -1 22 859 1429404349147366
05 surface 0 22 859 1429404352620439
05 surface 1 22 859 1429404379294265
06 carvers -3 22 859 1429404379797682
06 carvers -2 22 859 1429404379908590
06 carvers -1 22 859 1429404380057771
06 carvers 0 22 859 1429404380177340
06 carvers 1 22 859 1429404380292718
07 features -2 21 860 1429404385369070
07 features -1 21 861 1429404389467084
07 features 0 21 862 1429404394633671
04 noise 3 22 862 1429404403834856
04 noise 4 22 862 1429404414131154
05 surface 35 -3 862 1429404417566792
06 carvers 35 -3 862 1429404418670845
07 features 34 -2 863 1429404421841644
05 surface 35 18 863 1429404426704002
06 carvers 35 18 863 1429404427311902
07 features 34 17 864 1429404429421112
05 surface 34 19 864 1429404433305970
06 carvers 34 19 864 1429404434184296
07 features 33 18 865 1429404436078115
05 surface 35 -4 865 1429404440241500
06 carvers 35 -4 865 1429404440854987
07 features 34 -3 866 1429404443413138
05 surface 35 19 866 1429404448434455
06 carvers 35 19 866 1429404449104094
07 features 34 18 867 1429404451319743
05 surface -4 20 867 1429404461793997
06 carvers -4 20 867 1429404461978937
07 features -3 19 868 1429404467376559
05 surface 2 22 868 1429404471434903
06 carvers 2 22 868 1429404471661469
07 features 1 21 869 1429404475780156
05 surface 4 21 869 1429404478919945
06 carvers 4 21 869 1429404479190651
07 features 3 20 870 1429404483709668
05 surface -4 21 870 1429404494237840
06 carvers -4 21 870 1429404494406297
07 features -3 20 871 1429404498936490
05 surface -4 22 871 1429404509275810
06 carvers -4 22 871 1429404509432814
07 features -3 21 872 1429404515229650
05 surface 3 22 872 1429404519617366
06 carvers 3 22 872 1429404519945061
07 features 2 21 873 1429404530696726
05 surface 4 22 873 1429404534186840
06 carvers 4 22 873 1429404534522637
07 features 3 21 874 1429404545981376
08 initialize_light -1 19 874 1429404549257217
08 initialize_light 0 19 874 1429404549277890
08 initialize_light 1 19 874 1429404549292137
08 initialize_light 33 13 874 1429404549308620
08 initialize_light 33 14 874 1429404549322867
08 initialize_light 33 15 874 1429404549337115
08 initialize_light 33 16 874 1429404549350245
08 initialize_light 33 17 874 1429404549363655
08 initialize_light -2 19 874 1429404549377064
08 initialize_light -1 20 874 1429404549391033
08 initialize_light 0 20 874 1429404549404163
08 initialize_light 1 20 874 1429404549417293
08 initialize_light 2 19 874 1429404549430703
08 initialize_light 2 20 874 1429404549444391
08 initialize_light -2 20 874 1429404549457522
08 initialize_light 34 1 874 1429404549470931
08 initialize_light 34 2 874 1429404549484620
08 initialize_light 34 3 874 1429404549498030
08 initialize_light 34 0 874 1429404549511719
08 initialize_light 34 4 874 1429404549525966
08 initialize_light 34 5 874 1429404549539096
08 initialize_light 34 7 874 1429404549553344
08 initialize_light 34 8 874 1429404549566754
08 initialize_light 34 9 874 1429404549580442
08 initialize_light 34 10 874 1429404549594131
08 initialize_light 34 11 874 1429404549617039
08 initialize_light 34 12 874 1429404549631008
08 initialize_light 34 6 874 1429404549644138
08 initialize_light 34 13 874 1429404549657547
08 initialize_light 34 14 874 1429404549671236
08 initialize_light 34 15 874 1429404549684646
08 initialize_light 34 16 874 1429404549698335
08 initialize_light 34 -1 874 1429404549711465
08 initialize_light 3 19 874 1429404549725713
08 initialize_light -2 21 874 1429404549739402
08 initialize_light -1 21 874 1429404549752811
08 initialize_light 0 21 874 1429404549767338
08 initialize_light 34 -2 874 1429404549781027
08 initialize_light 34 17 874 1429404549794437
08 initialize_light 33 18 874 1429404549808125
08 initialize_light 34 -3 874 1429404549821535
08 initialize_light 34 18 874 1429404549834665
08 initialize_light -3 19 874 1429404549849472
08 initialize_light 1 21 874 1429404549862602
08 initialize_light 3 20 874 1429404549876291
08 initialize_light -3 20 874 1429404549889700
08 initialize_light -3 21 874 1429404549903389
08 initialize_light 2 21 874 1429404549916519
08 initialize_light 3 21 874 1429404549929649
09 light 0 18 874 1429404558643621
09 light -1 18 874 1429404558662059
09 light 32 12 874 1429404558675469
09 light 32 13 874 1429404558688040
09 light 32 14 874 1429404558700332
09 light 32 15 874 1429404558712624
09 light 32 16 874 1429404558724916
09 light -1 19 874 1429404558737488
09 light 0 19 874 1429404558750059
10 spawn 0 18 874 1429404558795037
10 spawn -1 18 874 1429404558868510
10 spawn 32 12 874 1429404558909298
11 full 0 18 874 1429404558984447
11 full -1 18 874 1429404559614137
11 full 32 12 874 1429404559656601
09 light 1 18 874 1429404565490592
09 light 1 19 874 1429404565509589
09 light -2 18 874 1429404565522440
09 light -2 19 874 1429404565535291
09 light 33 0 874 1429404565547862
10 spawn 0 19 874 1429404565628599
10 spawn 32 13 874 1429404565686148
10 spawn 32 14 874 1429404565713526
10 spawn 32 15 874 1429404565742021
11 full 0 19 874 1429404565749843
10 spawn 32 16 874 1429404565770796
11 full 32 13 874 1429404566190962
11 full 32 14 874 1429404566233705
11 full 32 15 874 1429404566270302
11 full 32 16 874 1429404566304663
09 light 33 1 874 1429404566933795
10 spawn -1 19 874 1429404567091078
10 spawn 1 18 874 1429404567171256
10 spawn 1 19 874 1429404567200310
11 full -1 19 874 1429404567232995
11 full 1 18 874 1429404567306748
11 full 1 19 874 1429404567386926
09 light 33 2 874 1429404568682065
10 spawn -2 18 874 1429404568973164
10 spawn -2 19 874 1429404569064237
10 spawn 33 0 874 1429404569101113
11 full -2 18 874 1429404569118713
11 full -2 19 874 1429404569208110
11 full 33 0 874 1429404569247780
09 light 33 -1 874 1429404570268023
09 light 33 3 874 1429404584275693
09 light 33 4 874 1429404584294969
09 light 33 6 874 1429404584308099
09 light 33 7 874 1429404584320950
09 light 33 8 874 1429404584333801
09 light 33 9 874 1429404584346093
09 light 33 10 874 1429404584358385
09 light 33 11 874 1429404584370677
09 light 33 5 874 1429404584382969
09 light 33 12 874 1429404584395262
09 light 33 13 874 1429404584407554
09 light 33 14 874 1429404584420125
09 light 33 15 874 1429404584432976
09 light 33 -2 874 1429404584445268
09 light 2 18 874 1429404584458119
09 light -2 20 874 1429404584470970
09 light -1 20 874 1429404584483262
10 spawn -1 20 874 1429404584526284
11 full -1 20 874 1429404584661776
09 light 33 16 874 1429404591927517
09 light 32 17 874 1429404591946234
09 light 33 17 874 1429404591959085
09 light 0 20 874 1429404591972494
09 light 2 19 874 1429404591985066
09 light 1 20 874 1429404592042336
09 light 2 20 874 1429404592057980
10 spawn 0 20 874 1429404592089269
10 spawn 1 20 874 1429404592138438
10 spawn 33 1 874 1429404592226996
11 full 0 20 874 1429404592237333
10 spawn 33 2 874 1429404592256330
10 spawn 33 -1 874 1429404592321981
10 spawn 33 3 874 1429404592350476
10 spawn 33 4 874 1429404592377295
10 spawn 33 6 874 1429404592407467
10 spawn 33 7 874 1429404592435962
10 spawn 33 8 874 1429404592464178
10 spawn 33 9 874 1429404592494070
10 spawn 33 10 874 1429404592523683
10 spawn 33 11 874 1429404592606654
10 spawn 33 5 874 1429404592664483
10 spawn 33 12 874 1429404592694096
11 full 1 20 874 1429404592704712
10 spawn 33 13 874 1429404592722870
10 spawn 33 14 874 1429404592763378
10 spawn 33 15 874 1429404592792712
10 spawn 33 -2 874 1429404592819810
10 spawn 2 18 874 1429404592850540
10 spawn -2 20 874 1429404592877918
10 spawn 33 16 874 1429404592906693
10 spawn 32 17 874 1429404592935188
10 spawn 33 17 874 1429404592963684
10 spawn 2 19 874 1429404592991061
10 spawn 2 20 874 1429404593056154
11 full 33 1 874 1429404593205614
11 full 33 2 874 1429404593249195
11 full 33 -1 874 1429404593326579
11 full 33 3 874 1429404593497831
11 full 33 4 874 1429404593543926
11 full 33 6 874 1429404593582199
11 full 33 7 874 1429404593619075
11 full 33 8 874 1429404593654275
11 full 33 9 874 1429404593719926
11 full 33 10 874 1429404593755964
11 full 33 11 874 1429404593795076
11 full 33 5 874 1429404593835304
11 full 33 12 874 1429404593879444
11 full 33 13 874 1429404593966606
11 full 33 14 874 1429404594063266
11 full 33 15 874 1429404594109921
11 full 33 -2 874 1429404594164117
11 full 2 18 874 1429404594210492
11 full -2 20 874 1429404594294302
11 full 33 16 874 1429404594368892
11 full 32 17 874 1429404594468347
11 full 33 17 874 1429404594508575
11 full 2 19 874 1429404594587356
11 full 2 20 874 1429404594664461
01 structure_starts -11 32 874 1429404599896420
01 structure_starts -10 32 874 1429404599929664
01 structure_starts -9 32 874 1429404599953690
01 structure_starts -8 32 874 1429404599987773
01 structure_starts -7 32 874 1429404600056217
01 structure_starts -6 32 874 1429404600083874
01 structure_starts -5 32 874 1429404600108179
01 structure_starts -4 32 874 1429404600131646
01 structure_starts -3 32 874 1429404600155671
01 structure_starts -2 32 874 1429404600187798
01 structure_starts -1 32 874 1429404600212941
01 structure_starts 0 32 874 1429404600237525
01 structure_starts 1 32 874 1429404600261551
01 structure_starts 2 32 874 1429404600294237
01 structure_starts 3 32 874 1429404600317983
01 structure_starts 4 32 874 1429404600340891
01 structure_starts 5 32 874 1429404600364078
01 structure_starts 6 32 874 1429404600388383
01 structure_starts 7 32 874 1429404600412129
01 structure_starts 8 32 874 1429404600579189
01 structure_starts 9 32 874 1429404600604891
01 structure_starts 10 32 874 1429404600628917
01 structure_starts 11 32 874 1429404600654059
02 structure_references -3 24 874 1429404600718593
02 structure_references -2 24 874 1429404600749044
02 structure_references -1 24 874 1429404600776142
02 structure_references 0 24 874 1429404600802403
02 structure_references 1 24 874 1429404600828104
02 structure_references 2 24 874 1429404600854644
02 structure_references 3 24 874 1429404600885095
03 biomes -3 24 874 1429404603962307
03 biomes -2 24 874 1429404606963252
03 biomes -1 24 874 1429404609954978
03 biomes 0 24 874 1429404612922399
03 biomes 1 24 874 1429404616809213
03 biomes 2 24 874 1429404621198884
03 biomes 3 24 874 1429404625567324
04 noise -2 23 874 1429404636900068
04 noise -1 23 874 1429404646895210
04 noise 0 23 874 1429404657265820
04 noise 1 23 874 1429404667275768
04 noise 2 23 874 1429404678454862
05 surface -2 23 874 1429404682089408
05 surface -1 23 874 1429404685748259
05 surface 0 23 874 1429404689693181
05 surface 1 23 874 1429404693095295
05 surface 2 23 874 1429404696246818
06 carvers -2 23 874 1429404696892152
06 carvers -1 23 874 1429404697066197
06 carvers 0 23 874 1429404697198058
06 carvers 1 23 874 1429404697319582
06 carvers 2 23 874 1429404697467087
07 features -1 22 875 1429404702369953
07 features 0 22 876 1429404708196402
07 features 1 22 877 1429404713057642
01 structure_starts -10 33 877 1429404713395675
01 structure_starts -9 33 877 1429404713440373
01 structure_starts -8 33 877 1429404713471941
01 structure_starts -7 33 877 1429404713508818
01 structure_starts -6 33 877 1429404713539269
01 structure_starts -5 33 877 1429404713571116
01 structure_starts -4 33 877 1429404713600170
01 structure_starts -3 33 877 1429404713633135
01 structure_starts -2 33 877 1429404713681186
01 structure_starts -1 33 877 1429404713716107
01 structure_starts 0 33 877 1429404713745161
01 structure_starts 1 33 877 1429404713777288
01 structure_starts 2 33 877 1429404713806342
01 structure_starts 3 33 877 1429404713847968
01 structure_starts 4 33 877 1429404713879256
01 structure_starts 5 33 877 1429404713910545
01 structure_starts 6 33 877 1429404713944907
01 structure_starts 7 33 877 1429404713972844
01 structure_starts 8 33 877 1429404714064196
01 structure_starts 9 33 877 1429404714102749
01 structure_starts 10 33 877 1429404714145213
01 structure_starts 11 33 877 1429404715086395
01 structure_starts 12 32 877 1429404715147576
01 structure_starts 12 33 877 1429404715176351
02 structure_references -2 25 877 1429404715275246
02 structure_references -1 25 877 1429404715307373
02 structure_references 0 25 877 1429404715336986
02 structure_references 1 25 877 1429404715365202
02 structure_references 2 25 877 1429404715393139
02 structure_references 3 25 877 1429404715421913
02 structure_references 4 24 877 1429404715457393
02 structure_references 4 25 877 1429404715482256
08 initialize_light -1 22 877 1429404716666766
08 initialize_light 0 22 877 1429404716730741
08 initialize_light 1 22 877 1429404716747782
03 biomes -2 25 877 1429404815656052
03 biomes -1 25 877 1429404820070028
03 biomes 0 25 877 1429404823253399
03 biomes 1 25 877 1429404828328913
03 biomes 2 25 877 1429404833416440
03 biomes 3 25 877 1429404837948029
03 biomes 4 24 877 1429404841697953
03 biomes 4 25 877 1429404845255674
01 structure_starts -12 32 877 1429404845367979
02 structure_references -4 24 877 1429404845604043
03 biomes -4 24 877 1429404849103097
04 noise 3 23 877 1429404859846380
01 structure_starts -11 33 877 1429404859954774
02 structure_references -3 25 877 1429404860216819
03 biomes -3 25 877 1429404863368062
01 structure_starts -12 33 877 1429404863431758
02 structure_references -4 25 877 1429404863575072
03 biomes -4 25 877 1429404867279460
04 noise -1 24 877 1429404878154604
04 noise 0 24 877 1429404888131308
04 noise 1 24 877 1429404898451072
04 noise 2 24 877 1429404910780593
04 noise 3 24 877 1429404922487129
04 noise -3 23 877 1429404935281235
05 surface 3 23 877 1429404939318068
06 carvers 3 23 877 1429404940062018
07 features 2 22 878 1429404946163921
04 noise -2 24 878 1429404960170474
04 noise -3 24 878 1429404975683086
05 surface -1 24 878 1429404980319996
05 surface 0 24 878 1429404983691380
05 surface 1 24 878 1429404987668988
05 surface 2 24 878 1429404991371699
05 surface 3 24 878 1429404994731070
06 carvers -1 24 878 1429404995440100
06 carvers 0 24 878 1429404995570564
06 carvers 1 24 878 1429404995702704
06 carvers 2 24 878 1429404995841269
06 carvers 3 24 878 1429404996089905
07 features 0 23 879 1429405001857128
07 features 1 23 880 1429405005943408
07 features 2 23 881 1429405011477361
05 surface -3 23 881 1429405015250473
06 carvers -3 23 881 1429405015538219
07 features -2 22 882 1429405020291346
05 surface -2 24 882 1429405023971149
06 carvers -2 24 882 1429405024377626
07 features -1 23 883 1429405028867869
05 surface -3 24 883 1429405032608016
06 carvers -3 24 883 1429405033059470
07 features -2 23 884 1429405038956319
01 structure_starts -13 32 884 1429405039147126
01 structure_starts -13 33 884 1429405039175342
02 structure_references -5 24 884 1429405039339609
02 structure_references -5 25 884 1429405039371457
03 biomes -5 24 884 1429405042988682
03 biomes -5 25 884 1429405046137412
01 structure_starts -12 34 884 1429405046189932
01 structure_starts -11 34 884 1429405046211164
01 structure_starts -10 34 884 1429405046235190
01 structure_starts -9 34 884 1429405046263406
01 structure_starts -8 34 884 1429405046287990
01 structure_starts -7 34 884 1429405046315368
01 structure_starts -6 34 884 1429405046336320
01 structure_starts -5 34 884 1429405046357831
01 structure_starts -4 34 884 1429405046386047
01 structure_starts -3 34 884 1429405046411190
01 structure_starts -2 34 884 1429405046437171
01 structure_starts -1 34 884 1429405046459800
01 structure_starts 0 34 884 1429405060242860
01 structure_starts 1 34 884 1429405060282530
01 structure_starts 2 34 884 1429405060306834
01 structure_starts 3 34 884 1429405060328066
01 structure_starts 4 34 884 1429405060351812
01 structure_starts 5 34 884 1429405060373882
01 structure_starts 6 34 884 1429405060398746
01 structure_starts 7 34 884 1429405060422212
01 structure_starts 8 34 884 1429405060447076
01 structure_starts 9 34 884 1429405062681721
01 structure_starts 10 34 884 1429405064870551
02 structure_references -4 26 884 1429405064940671
02 structure_references -3 26 884 1429405064972519
02 structure_references -2 26 884 1429405065045154
02 structure_references -1 26 884 1429405065076443
02 structure_references 0 26 884 1429405065104380
02 structure_references 1 26 884 1429405065131199
02 structure_references 2 26 884 1429405065162767
03 biomes -4 26 884 1429405068201427
03 biomes -3 26 884 1429405071578398
03 biomes -2 26 884 1429405075657135
03 biomes -1 26 884 1429405079312913
03 biomes 0 26 884 1429405082709161
03 biomes 1 26 884 1429405086418298
03 biomes 2 26 884 1429405090419651
01 structure_starts 13 32 884 1429405090724718
02 structure_references 5 24 884 1429405090828084
03 biomes 5 24 884 1429405095813642
01 structure_starts 13 33 884 1429405096067027
02 structure_references 5 25 884 1429405096155865
03 biomes 5 25 884 1429405101429728
01 structure_starts 11 34 884 1429405101730046
01 structure_starts 12 34 884 1429405101782567
01 structure_starts 13 34 884 1429405101814974
02 structure_references 3 26 884 1429405101921691
02 structure_references 4 26 884 1429405101965552
02 structure_references 5 26 884 1429405102058580
03 biomes 3 26 884 1429405107239695
03 biomes 4 26 884 1429405111913202
03 biomes 5 26 884 1429405115907571
04 noise -4 23 884 1429405128310565
01 structure_starts -13 34 884 1429405128418959
02 structure_references -5 26 884 1429405128678489
03 biomes -5 26 884 1429405132239004
04 noise -2 25 884 1429405142840369
04 noise -1 25 884 1429405152762597
04 noise 0 25 884 1429405162542627
04 noise 1 25 884 1429405174058356
04 noise 2 25 884 1429405186459674
04 noise 3 25 884 1429405198062565
04 noise -4 24 884 1429405209235792
04 noise -3 25 884 1429405220748727
04 noise 4 23 884 1429405230633520
04 noise 4 24 884 1429405241413120
04 noise 4 25 884 1429405251423348
05 surface -4 23 884 1429405262098745
06 carvers -4 23 884 1429405262468905
07 features -3 22 885 1429405269939699
04 noise -4 25 885 1429405281281383
05 surface -2 25 885 1429405286385952
05 surface -1 25 885 1429405289924955
05 surface 0 25 885 1429405293453063
05 surface 1 25 885 1429405296725551
05 surface 2 25 885 1429405300102243
06 carvers -2 25 885 1429405300713495
06 carvers -1 25 885 1429405300923019
06 carvers 0 25 885 1429405301203223
06 carvers 1 25 885 1429405301391236
06 carvers 2 25 885 1429405301564443
07 features -1 24 886 1429405306565925
07 features 0 24 887 1429405312171675
07 features 1 24 888 1429405318813033
05 surface 3 25 888 1429405322678056
06 carvers 3 25 888 1429405323102971
07 features 2 24 889 1429405328827731
05 surface -4 24 889 1429405332881605
06 carvers -4 24 889 1429405333669695
07 features -3 23 890 1429405340514431
05 surface -3 25 890 1429405344216863
06 carvers -3 25 890 1429405344750731
07 features -2 24 891 1429405350153941
05 surface 4 23 891 1429405353694341
06 carvers 4 23 891 1429405354157529
07 features 3 22 892 1429405360342683
05 surface 4 24 892 1429405364961714
06 carvers 4 24 892 1429405365574083
07 features 3 23 893 1429405371700850
05 surface 4 25 893 1429405375511117
06 carvers 4 25 893 1429405375820934
07 features 3 24 894 1429405380149145
05 surface -4 25 894 1429405383911361
06 carvers -4 25 894 1429405384922385
07 features -3 24 895 1429405390277824
09 light 0 21 895 1429405392345967
10 spawn 0 21 895 1429405392393738
11 full 0 21 895 1429405392596279
08 initialize_light 2 22 895 1429405394321082
08 initialize_light 0 23 895 1429405394342034
08 initialize_light 1 23 895 1429405394357958
08 initialize_light 2 23 895 1429405394372764
08 initialize_light -2 22 895 1429405394386453
08 initialize_light -1 23 895 1429405394411037
08 initialize_light -2 23 895 1429405394426123
08 initialize_light -3 22 895 1429405394440371
08 initialize_light -1 24 895 1429405394454060
08 initialize_light 0 24 895 1429405394467469
08 initialize_light 1 24 895 1429405394481158
08 initialize_light 2 24 895 1429405394494568
08 initialize_light -3 23 895 1429405394507977
08 initialize_light -2 24 895 1429405394521666
08 initialize_light 3 22 895 1429405394535355
08 initialize_light 3 23 895 1429405394548765
08 initialize_light 3 24 895 1429405394562174
08 initialize_light -3 24 895 1429405394575025
09 light 0 22 895 1429405408157501
09 light 1 21 895 1429405408184320
09 light -1 22 895 1429405408197450
09 light 1 22 895 1429405408210021
09 light -1 21 895 1429405408222872
09 light -1 23 895 1429405408235164
09 light 0 23 895 1429405408247736
09 light 1 23 895 1429405408260028
09 light -2 21 895 1429405408272040
09 light -2 22 895 1429405408284612
09 light -2 23 895 1429405408296904
09 light 2 21 895 1429405408309475
09 light 2 22 895 1429405408322047
09 light 2 23 895 1429405408334339
10 spawn 0 22 895 1429405408380714
10 spawn 1 21 895 1429405408422898
10 spawn -1 22 895 1429405408449996
10 spawn 1 22 895 1429405408476257
11 full 0 22 895 1429405408498885
10 spawn -1 21 895 1429405408501958
10 spawn -1 23 895 1429405408550009
10 spawn 0 23 895 1429405408576828
10 spawn 1 23 895 1429405408602530
01 structure_starts -9 35 895 1429405408646390
01 structure_starts -8 35 895 1429405408667622
01 structure_starts -7 35 895 1429405408688575
01 structure_starts -6 35 895 1429405408710086
01 structure_starts -5 35 895 1429405408730200
01 structure_starts -4 35 895 1429405408751152
01 structure_starts -3 35 895 1429405408772664
01 structure_starts -2 35 895 1429405408792778
01 structure_starts -1 35 895 1429405408815406
11 full 1 21 895 1429405408877146
11 full -1 22 895 1429405408965985
11 full 1 22 895 1429405409094213
11 full -1 21 895 1429405409182214
11 full -1 23 895 1429405409281109
11 full 0 23 895 1429405409364360
11 full 1 23 895 1429405409689541
01 structure_starts 0 35 895 1429405411234154
01 structure_starts 1 35 895 1429405411264046
01 structure_starts 2 35 895 1429405411288351
01 structure_starts 3 35 895 1429405411312097
01 structure_starts 4 35 895 1429405411333887
01 structure_starts 5 35 895 1429405411361544
01 structure_starts 6 35 895 1429405411383056
01 structure_starts 7 35 895 1429405411406802
01 structure_starts 8 35 895 1429405411428872
01 structure_starts 9 35 895 1429405411459602
01 structure_starts 10 35 895 1429405411481672
01 structure_starts 11 35 895 1429405411503742
01 structure_starts 12 35 895 1429405420667492
01 structure_starts 13 35 895 1429405456113677
02 structure_references -1 27 895 1429405456254198
02 structure_references 0 27 895 1429405456285207
02 structure_references 1 27 895 1429405456314820
02 structure_references 2 27 895 1429405456344433
02 structure_references 3 27 895 1429405456373766
02 structure_references 4 27 895 1429405456402820
02 structure_references 5 27 895 1429405456496408
03 biomes -1 27 895 1429405459634801
03 biomes 0 27 895 1429405462593282
03 biomes 1 27 895 1429405465528018
03 biomes 2 27 895 1429405468485382
03 biomes 3 27 895 1429405471451127
03 biomes 4 27 895 1429405474503475
03 biomes 5 27 895 1429405477673995
01 structure_starts -11 35 895 1429405477834072
01 structure_starts -10 35 895 1429405477863405
02 structure_references -3 27 895 1429405478112879
02 structure_references -2 27 895 1429405478147800
03 biomes -3 27 895 1429405481512479
03 biomes -2 27 895 1429405484538008
04 noise -2 26 895 1429405494978179
04 noise -1 26 895 1429405505382592
04 noise 0 26 895 1429405515104794
04 noise 1 26 895 1429405524787885
04 noise 2 26 895 1429405534290226
05 surface -2 26 895 1429405537863870
05 surface -1 26 895 1429405541400918
05 surface 0 26 895 1429405544896061
05 surface 1 26 895 1429405548350137
05 surface 2 26 895 1429405551745826
06 carvers -2 26 895 1429405552641751
06 carvers -1 26 895 1429405552905193
06 carvers 0 26 895 1429405553266692
06 carvers 1 26 895 1429405553425651
06 carvers 2 26 895 1429405553578185
07 features -1 25 896 1429405558676327
07 features 0 25 897 1429405563228590
07 features 1 25 898 1429405568069716
04 noise 3 26 898 1429405578573303
01 structure_starts -12 35 898 1429405578657672
02 structure_references -4 27 898 1429405578851272
03 biomes -4 27 898 1429405582828600
05 surface 3 26 898 1429405586798105
06 carvers 3 26 898 1429405587184189
07 features 2 25 899 1429405592226458
04 noise -3 26 899 1429405602875874
05 surface -3 26 899 1429405607847744
06 carvers -3 26 899 1429405608459834
07 features -2 25 900 1429405614539388
01 structure_starts -13 35 900 1429405614725445
02 structure_references -5 27 900 1429405615076328
03 biomes -5 27 900 1429405619610153
10 spawn -2 21 900 1429405619656807
10 spawn -2 22 900 1429405619690051
10 spawn -2 23 900 1429405619717708
10 spawn 2 21 900 1429405619756261
11 full -2 21 900 1429405619782521
10 spawn 2 22 900 1429405619785315
10 spawn 2 23 900 1429405619820236
11 full -2 22 900 1429405619894547
11 full -2 23 900 1429405619993442
11 full 2 21 900 1429405620128934
11 full 2 22 900 1429405620237328
08 initialize_light -1 25 900 1429405620309405
08 initialize_light 0 25 900 1429405620327005
08 initialize_light 1 25 900 1429405620341532
11 full 2 23 900 1429405620522281
08 initialize_light 2 25 900 1429405623276826
08 initialize_light -2 25 900 1429405623297220
09 light 0 24 900 1429405623312585
10 spawn 0 24 900 1429405623342197
11 full 0 24 900 1429405623503671
04 noise 4 26 900 1429405633602457
04 noise -4 26 900 1429405644940230
05 surface 4 26 900 1429405649635528
06 carvers 4 26 900 1429405650195097
07 features 3 25 901 1429405656112619
05 surface -4 26 901 1429405660143306
06 carvers -4 26 901 1429405661141479
07 features -3 25 902 1429405666855902
09 light 1 24 902 1429405671314018
09 light -1 24 902 1429405671337485
10 spawn 1 24 902 1429405671390006
10 spawn -1 24 902 1429405671431352
11 full 1 24 902 1429405671597574
11 full -1 24 902 1429405671729994
08 initialize_light 3 25 902 1429405671819391
08 initialize_light -3 25 902 1429405671837270
09 light 2 24 902 1429405673672981
01 structure_starts -11 36 902 1429405673736956
01 structure_starts -10 36 902 1429405673761540
01 structure_starts -9 36 902 1429405673784169
01 structure_starts -8 36 902 1429405673806518
01 structure_starts -7 36 902 1429405673829705
01 structure_starts -6 36 902 1429405673853172
01 structure_starts -5 36 902 1429405673876359
01 structure_starts -4 36 902 1429405673898150
01 structure_starts -3 36 902 1429405673920499
01 structure_starts -2 36 902 1429405673941731
01 structure_starts -1 36 902 1429405673965198
01 structure_starts 0 36 902 1429405673986709
01 structure_starts 1 36 902 1429405674050963
01 structure_starts 2 36 902 1429405674076944
01 structure_starts 3 36 902 1429405674099293
01 structure_starts 4 36 902 1429405674122480
01 structure_starts 5 36 902 1429405674143992
01 structure_starts 6 36 902 1429405674176677
01 structure_starts 7 36 902 1429405674198747
01 structure_starts 8 36 902 1429405674229198
01 structure_starts 9 36 902 1429405674250709
01 structure_starts 10 36 902 1429405674272500
01 structure_starts 11 36 902 1429405674295408
02 structure_references -3 28 902 1429405674364132
02 structure_references -2 28 902 1429405674399332
02 structure_references -1 28 902 1429405674433694
02 structure_references 0 28 902 1429405674460233
02 structure_references 1 28 902 1429405674487891
02 structure_references 2 28 902 1429405674514710
02 structure_references 3 28 902 1429405674542367
03 biomes -3 28 902 1429405677780494
03 biomes -2 28 902 1429405681208309
03 biomes -1 28 902 1429405684574665
03 biomes 0 28 902 1429405687700207
03 biomes 1 28 902 1429405690822955
03 biomes 2 28 902 1429405693867202
03 biomes 3 28 902 1429405697087449
04 noise -2 27 902 1429405707829056
04 noise -1 27 902 1429405718649444
04 noise 0 27 902 1429405728519430
04 noise 1 27 902 1429405739594600
04 noise 2 27 902 1429405749224611
05 surface -2 27 902 1429405753572378
05 surface -1 27 902 1429405757398569
05 surface 0 27 902 1429405761106309
05 surface 1 27 902 1429405766182102
05 surface 2 27 902 1429405771547877
06 carvers -2 27 902 1429405772779041
06 carvers -1 27 902 1429405773405100
06 carvers 0 27 902 1429405774243476
06 carvers 1 27 902 1429405774586257
06 carvers 2 27 902 1429405774777343
07 features -1 26 903 1429405781540784
07 features 0 26 904 1429405785793287
07 features 1 26 905 1429405792113654
01 structure_starts -11 37 905 1429405792449731
01 structure_starts -10 37 905 1429405792477388
01 structure_starts -9 37 905 1429405792504487
01 structure_starts -8 37 905 1429405792529071
01 structure_starts -7 37 905 1429405792553934
01 structure_starts -6 37 905 1429405792579077
01 structure_starts -5 37 905 1429405792604500
01 structure_starts -4 37 905 1429405792632436
01 structure_starts -3 37 905 1429405792657579
01 structure_starts -2 37 905 1429405792691103
01 structure_starts -1 37 905 1429405792716246
01 structure_starts 0 37 905 1429405792741389
01 structure_starts 1 37 905 1429405792768487
01 structure_starts 2 37 905 1429405792793909
01 structure_starts 3 37 905 1429405792818773
01 structure_starts 4 37 905 1429405792843916
01 structure_starts 5 37 905 1429405792877160
01 structure_starts 6 37 905 1429405792902583
01 structure_starts 7 37 905 1429405792936945
01 structure_starts 8 37 905 1429405792961249
01 structure_starts 9 37 905 1429405793048691
01 structure_starts 10 37 905 1429405793086685
01 structure_starts 11 37 905 1429405793114062
02 structure_references -3 29 905 1429405793204577
02 structure_references -2 29 905 1429405793250393
02 structure_references -1 29 905 1429405793295371
02 structure_references 0 29 905 1429405793342304
02 structure_references 1 29 905 1429405793379460
02 structure_references 2 29 905 1429405793408793
02 structure_references 3 29 905 1429405793437288
03 biomes -3 29 905 1429405796782412
03 biomes -2 29 905 1429405801141074
03 biomes -1 29 905 1429405805708143
03 biomes 0 29 905 1429405808825583
03 biomes 1 29 905 1429405812152827
03 biomes 2 29 905 1429405816076238
03 biomes 3 29 905 1429405819295088
01 structure_starts -12 36 905 1429405819384764
02 structure_references -4 28 905 1429405819623622
03 biomes -4 28 905 1429405822732402
01 structure_starts -12 37 905 1429405822781850
02 structure_references -4 29 905 1429405822931031
03 biomes -4 29 905 1429405826051545
01 structure_starts 12 36 905 1429405826225869
01 structure_starts 12 37 905 1429405826246263
02 structure_references 4 28 905 1429405826311355
02 structure_references 4 29 905 1429405826340688
03 biomes 4 28 905 1429405829462040
03 biomes 4 29 905 1429405832542604
04 noise 3 27 905 1429405842193288
04 noise -2 28 905 1429405853363163
04 noise -1 28 905 1429405864446713
04 noise 0 28 905 1429405877792566
04 noise 1 28 905 1429405890928057
04 noise 2 28 905 1429405902646046
04 noise -3 27 905 1429405913663108
04 noise -3 28 905 1429405924712296
04 noise 3 28 905 1429405934657432
05 surface 3 27 905 1429405938562683
06 carvers 3 27 905 1429405939195446
07 features 2 26 906 1429405947810802
05 surface -2 28 906 1429405952241819
05 surface -1 28 906 1429405956806094
05 surface 0 28 906 1429405960267713
05 surface 1 28 906 1429405963544113
05 surface 2 28 906 1429405966920246
06 carvers -2 28 906 1429405967889086
06 carvers -1 28 906 1429405968381049
06 carvers 0 28 906 1429405969326142
06 carvers 1 28 906 1429405970987250
06 carvers 2 28 906 1429405971542350
07 features -1 27 907 1429405979786987
07 features 0 27 908 1429405985098006
07 features 1 27 909 1429405991336240
05 surface -3 27 909 1429405996707881
06 carvers -3 27 909 1429405997289241
07 features -2 26 910 1429406002286812
05 surface -3 28 910 1429406005907949
06 carvers -3 28 910 1429406006635417
07 features -2 27 911 1429406012441751
05 surface 3 28 911 1429406016546470
06 carvers 3 28 911 1429406018497000
07 features 2 27 912 1429406023192018
01 structure_starts -12 38 912 1429406023338406
01 structure_starts -11 38 912 1429406023364946
01 structure_starts -10 38 912 1429406023392044
01 structure_starts -9 38 912 1429406023417466
01 structure_starts -8 38 912 1429406023443727
01 structure_starts -7 38 912 1429406023834000
01 structure_starts -6 38 912 1429406023863334
01 structure_starts -5 38 912 1429406023897975
01 structure_starts -4 38 912 1429406023922001
01 structure_starts -3 38 912 1429406023956083
01 structure_starts -2 38 912 1429406023980947
01 structure_starts -1 38 912 1429406024058610
01 structure_starts 0 38 912 1429406024101353
01 structure_starts 1 38 912 1429406024127334
01 structure_starts 2 38 912 1429406024168401
01 structure_starts 3 38 912 1429406024192147
01 structure_starts 4 38 912 1429406024215055
01 structure_starts 5 38 912 1429406024238242
01 structure_starts 6 38 912 1429406024264223
01 structure_starts 7 38 912 1429406024288528
01 structure_starts 8 38 912 1429406024313671
01 structure_starts 9 38 912 1429406024337417
01 structure_starts 10 38 912 1429406024363398
02 structure_references -4 30 912 1429406024458941
02 structure_references -3 30 912 1429406024491068
02 structure_references -2 30 912 1429406024519843
02 structure_references -1 30 912 1429406024547779
02 structure_references 0 30 912 1429406024576275
02 structure_references 1 30 912 1429406024605329
02 structure_references 2 30 912 1429406024633545
03 biomes -4 30 912 1429406029315991
03 biomes -3 30 912 1429406032708328
03 biomes -2 30 912 1429406036134467
03 biomes -1 30 912 1429406039276492
03 biomes 0 30 912 1429406042654860
03 biomes 1 30 912 1429406046183247
03 biomes 2 30 912 1429406050596106
01 structure_starts -13 36 912 1429406050688018
01 structure_starts -13 37 912 1429406050709249
01 structure_starts -13 38 912 1429406050737465
02 structure_references -5 28 912 1429406050964869
02 structure_references -5 29 912 1429406051058456
02 structure_references -5 30 912 1429406051106228
03 biomes -5 28 912 1429406055191112
03 biomes -5 29 912 1429406058721454
03 biomes -5 30 912 1429406062214362
01 structure_starts 11 38 912 1429406062435341
02 structure_references 3 30 912 1429406062515519
03 biomes 3 30 912 1429406066155093
01 structure_starts 13 36 912 1429406066317405
02 structure_references 5 28 912 1429406066383894
03 biomes 5 28 912 1429406069549944
04 noise -4 27 912 1429406080139017
04 noise -4 28 912 1429406094150319
01 structure_starts 13 37 912 1429406094519082
02 structure_references 5 29 912 1429406094643958
03 biomes 5 29 912 1429406099813898
01 structure_starts 12 38 912 1429406100094660
01 structure_starts 13 38 912 1429406100145505
02 structure_references 4 30 912 1429406100243003
02 structure_references 5 30 912 1429406100280997
03 biomes 4 30 912 1429406104404992
03 biomes 5 30 912 1429406107746204
04 noise -1 29 912 1429406119987166
04 noise 0 29 912 1429406131974744
04 noise 1 29 912 1429406142270483
04 noise 2 29 912 1429406151869764
04 noise 3 29 912 1429406161469045
05 surface -4 27 912 1429406165437433
06 carvers -4 27 912 1429406166326374
07 features -3 26 913 1429406171674549
10 spawn 2 24 913 1429406171852226
11 full 2 24 913 1429406172039121
04 noise -3 29 913 1429406182784639
04 noise -2 29 913 1429406195560028
04 noise -4 29 913 1429406206823489
05 surface -2 29 913 1429406211531079
05 surface -1 29 913 1429406215657029
05 surface 0 29 913 1429406219772923
05 surface 1 29 913 1429406224490849
05 surface 2 29 913 1429406228873536
06 carvers -2 29 913 1429406229917246
06 carvers -1 29 913 1429406230517323
06 carvers 0 29 913 1429406230921844
06 carvers 1 29 913 1429406231229705
06 carvers 2 29 913 1429406231959967
07 features -1 28 914 1429406240385354
07 features 0 28 915 1429406245455280
07 features 1 28 916 1429406253480057
04 noise 4 27 916 1429406265986975
05 surface -4 28 916 1429406270312951
06 carvers -4 28 916 1429406271140432
07 features -3 27 917 1429406277453815
04 noise 4 28 917 1429406289200021
04 noise 4 29 917 1429406298845397
05 surface 3 29 917 1429406302851779
06 carvers 3 29 917 1429406304707884
07 features 2 28 918 1429406311927808
05 surface -3 29 918 1429406315916031
06 carvers -3 29 918 1429406317099982
07 features -2 28 919 1429406322635891
05 surface -4 29 919 1429406326173218
06 carvers -4 29 919 1429406326851238
07 features -3 28 920 1429406333577244
05 surface 4 27 920 1429406337498420
06 carvers 4 27 920 1429406338191526
07 features 3 26 921 1429406343895612
05 surface 4 28 921 1429406347412266
06 carvers 4 28 921 1429406349321171
07 features 3 27 922 1429406355280598
05 surface 4 29 922 1429406359744301
06 carvers 4 29 922 1429406361369650
07 features 3 28 923 1429406367878310
09 light -2 24 923 1429406370708842
10 spawn -2 24 923 1429406370787064
11 full -2 24 923 1429406371051903
08 initialize_light -1 26 923 1429406372049238
08 initialize_light 0 26 923 1429406372074381
08 initialize_light 1 26 923 1429406372090584
08 initialize_light 2 26 923 1429406372108743
08 initialize_light -1 27 923 1429406372123829
08 initialize_light 0 27 923 1429406372138076
08 initialize_light 1 27 923 1429406372152603
08 initialize_light -2 26 923 1429406372174953
08 initialize_light -2 27 923 1429406372189480
08 initialize_light 2 27 923 1429406372203169
08 initialize_light -3 26 923 1429406372217696
08 initialize_light -1 28 923 1429406372232502
08 initialize_light 0 28 923 1429406372247029
08 initialize_light 1 28 923 1429406372262673
08 initialize_light -3 27 923 1429406372278039
08 initialize_light 2 28 923 1429406372292566
08 initialize_light -2 28 923 1429406372306813
08 initialize_light -3 28 923 1429406372321340
08 initialize_light 3 26 923 1429406372335029
08 initialize_light 3 27 923 1429406372349836
08 initialize_light 3 28 923 1429406372364921
09 light 0 25 923 1429406376116801
09 light -1 25 923 1429406376140827
09 light 1 25 923 1429406376155354
10 spawn 0 25 923 1429406376212344
10 spawn -1 25 923 1429406376267100
10 spawn 1 25 923 1429406376300344
11 full 0 25 923 1429406376380802
11 full -1 25 923 1429406376923050
11 full 1 25 923 1429406377096536
09 light -1 26 923 1429406379994954
09 light 0 26 923 1429406380069265
09 light 1 26 923 1429406380082954
10 spawn 0 26 923 1429406380198891
10 spawn -1 26 923 1429406380250853
10 spawn 1 26 923 1429406380279069
11 full 0 26 923 1429406380330193
11 full -1 26 923 1429406380813216
11 full 1 26 923 1429406380904289
09 light -2 25 923 1429406382072596
10 spawn -2 25 923 1429406382941702
11 full -2 25 923 1429406383129715
09 light -2 26 923 1429406392591549
09 light -2 27 923 1429406392632615
09 light -1 27 923 1429406392647701
09 light 0 27 923 1429406392663625
09 light 1 27 923 1429406392677314
09 light 2 25 923 1429406392692679
09 light 2 26 923 1429406392708044
09 light 2 27 923 1429406392723409
10 spawn 0 27 923 1429406392806381
01 structure_starts -11 39 923 1429406392875663
01 structure_starts -10 39 923 1429406392903879
01 structure_starts -9 39 923 1429406392931257
01 structure_starts -8 39 923 1429406392958356
11 full 0 27 923 1429406392968133
01 structure_starts -7 39 923 1429406392982660
01 structure_starts -6 39 923 1429406393068146
01 structure_starts -5 39 923 1429406393101391
01 structure_starts -4 39 923 1429406393125975
01 structure_starts -3 39 923 1429406393150559
01 structure_starts -2 39 923 1429406393189391
01 structure_starts -1 39 923 1429406393216769
01 structure_starts 0 39 923 1429406393243309
01 structure_starts 1 39 923 1429406393268451
01 structure_starts 2 39 923 1429406393293594
01 structure_starts 3 39 923 1429406393318458
01 structure_starts 4 39 923 1429406393344718
01 structure_starts 5 39 923 1429406393370420
01 structure_starts 6 39 923 1429406393396401
01 structure_starts 7 39 923 1429406393421823
01 structure_starts 8 39 923 1429406393445290
01 structure_starts 9 39 923 1429406393472109
01 structure_starts 10 39 923 1429406393497531
01 structure_starts 11 39 923 1429406393523512
02 structure_references -3 31 923 1429406393620731
02 structure_references -2 31 923 1429406393654535
02 structure_references -1 31 923 1429406393685824
02 structure_references 0 31 923 1429406393715995
02 structure_references 1 31 923 1429406393745887
02 structure_references 2 31 923 1429406393775779
02 structure_references 3 31 923 1429406393806789
03 biomes -3 31 923 1429406397643037
03 biomes -2 31 923 1429406401143488
03 biomes -1 31 923 1429406404921349
03 biomes 0 31 923 1429406409975352
03 biomes 1 31 923 1429406414536833
03 biomes 2 31 923 1429406418562212
03 biomes 3 31 923 1429406422051767
04 noise -2 30 923 1429406434829111
04 noise -1 30 923 1429406446422504
04 noise 0 30 923 1429406456661532
04 noise 1 30 923 1429406467887838
04 noise 2 30 923 1429406477570929
05 surface -2 30 923 1429406480893982
05 surface -1 30 923 1429406484340516
05 surface 0 30 923 1429406487885386
05 surface 1 30 923 1429406491286103
05 surface 2 30 923 1429406494680115
06 carvers -2 30 923 1429406496236741
06 carvers -1 30 923 1429406496870900
06 carvers 0 30 923 1429406497283244
06 carvers 1 30 923 1429406497561492
06 carvers 2 30 923 1429406497929975
07 features -1 29 924 1429406502677235
07 features 0 29 925 1429406507406335
07 features 1 29 926 1429406511811093
01 structure_starts 12 39 926 1429406512396084
02 structure_references 4 31 926 1429406512494700
03 biomes 4 31 926 1429406515938440
01 structure_starts -12 39 926 1429406516059405
02 structure_references -4 31 926 1429406516289044
03 biomes -4 31 926 1429406519844809
10 spawn -1 27 926 1429406519903476
10 spawn 1 27 926 1429406519951806
01 structure_starts -10 40 926 1429406520050701
01 structure_starts -9 40 926 1429406520078917
01 structure_starts -8 40 926 1429406520103222
01 structure_starts -7 40 926 1429406520126968
01 structure_starts -6 40 926 1429406520151273
11 full -1 27 926 1429406520159095
01 structure_starts -5 40 926 1429406520182841
01 structure_starts -4 40 926 1429406520206867
01 structure_starts -3 40 926 1429406520229775
01 structure_starts -2 40 926 1429406520255197
11 full 1 27 926 1429406520277546
01 structure_starts -1 40 926 1429406520278664
01 structure_starts 0 40 926 1429406520309115
01 structure_starts 1 40 926 1429406520333140
01 structure_starts 2 40 926 1429406520356327
01 structure_starts 3 40 926 1429406520379515
01 structure_starts 4 40 926 1429406520411642
01 structure_starts 5 40 926 1429406520435108
01 structure_starts 6 40 926 1429406520467235
01 structure_starts 7 40 926 1429406520491820
01 structure_starts 8 40 926 1429406520516683
01 structure_starts 9 40 926 1429406520540988
01 structure_starts 10 40 926 1429406520567248
01 structure_starts 11 40 926 1429406520592671
01 structure_starts 12 40 926 1429406520627591
02 structure_references -2 32 926 1429406520705534
02 structure_references -1 32 926 1429406520736544
02 structure_references 0 32 926 1429406520766436
02 structure_references 1 32 926 1429406520796049
02 structure_references 2 32 926 1429406520825103
02 structure_references 3 32 926 1429406520853877
02 structure_references 4 32 926 1429406520882652
03 biomes -2 32 926 1429406524107090
03 biomes -1 32 926 1429406527182905
03 biomes 0 32 926 1429406530232739
03 biomes 1 32 926 1429406533943552
03 biomes 2 32 926 1429406537323596
03 biomes 3 32 926 1429406540375107
03 biomes 4 32 926 1429406543417118
01 structure_starts -12 40 926 1429406543576636
01 structure_starts -11 40 926 1429406543606249
02 structure_references -4 32 926 1429406543837564
02 structure_references -3 32 926 1429406543870808
03 biomes -4 32 926 1429406547102789
03 biomes -3 32 926 1429406550238109
04 noise -2 31 926 1429406559817275
04 noise -1 31 926 1429406569265978
04 noise 0 31 926 1429406578817488
04 noise 1 31 926 1429406588238813
04 noise 2 31 926 1429406597219578
04 noise 3 30 926 1429406605881588
04 noise -3 30 926 1429406616086533
04 noise 3 31 926 1429406624760835
04 noise -3 31 926 1429406635532893
05 surface -2 31 926 1429406639897421
05 surface -1 31 926 1429406644056057
05 surface 0 31 926 1429406647647861
05 surface 1 31 926 1429406651296655
05 surface 2 31 926 1429406654723912
06 carvers -2 31 926 1429406656861058
06 carvers -1 31 926 1429406657613949
06 carvers 0 31 926 1429406657961759
06 carvers 1 31 926 1429406658543677
06 carvers 2 31 926 1429406660191655
07 features -1 30 927 1429406665125531
07 features 0 30 928 1429406670136232
07 features 1 30 929 1429406675695607
05 surface 3 30 929 1429406680754359
06 carvers 3 30 929 1429406683324802
07 features 2 29 930 1429406689649918
05 surface -3 30 930 1429406693078572
06 carvers -3 30 930 1429406693616071
07 features -2 29 931 1429406697810187
05 surface 3 31 931 1429406701381038
06 carvers 3 31 931 1429406703368445
07 features 2 30 932 1429406710055619
05 surface -3 31 932 1429406713752464
06 carvers -3 31 932 1429406714657049
07 features -2 30 933 1429406719785084
01 structure_starts -13 39 933 1429406719922253
02 structure_references -5 31 933 1429406720157758
03 biomes -5 31 933 1429406723723021
01 structure_starts -13 40 933 1429406723769955
02 structure_references -5 32 933 1429406723864939
03 biomes -5 32 933 1429406727245821
01 structure_starts 13 39 933 1429406727357568
02 structure_references 5 31 933 1429406727424895
03 biomes 5 31 933 1429406730937638
01 structure_starts 13 40 933 1429406731066425
02 structure_references 5 32 933 1429406731116990
03 biomes 5 32 933 1429406734561009
10 spawn -2 26 933 1429406734657670
10 spawn -2 27 933 1429406734713264
10 spawn 2 25 933 1429406734759359
10 spawn 2 26 933 1429406734796235
10 spawn 2 27 933 1429406734834508
11 full -2 26 933 1429406734869429
11 full -2 27 933 1429406735050458
11 full 2 25 933 1429406735189303
11 full 2 26 933 1429406735339043
11 full 2 27 933 1429406735496884
08 initialize_light -1 29 933 1429406735765075
08 initialize_light 0 29 933 1429406735789939
08 initialize_light 1 29 933 1429406735809494
08 initialize_light -1 30 933 1429406740072892
08 initialize_light 0 30 933 1429406740110607
08 initialize_light 1 30 933 1429406740128207
08 initialize_light 2 29 933 1429406740144410
08 initialize_light -2 29 933 1429406740159775
08 initialize_light 2 30 933 1429406740184359
08 initialize_light -2 30 933 1429406740199166
09 light 0 28 933 1429406740213972
10 spawn 0 28 933 1429406740269007
11 full 0 28 933 1429406740455065
04 noise -4 30 933 1429406753637489
04 noise -4 31 933 1429406767473349
04 noise 4 30 933 1429406777091347
04 noise 4 31 933 1429406786494234
05 surface -4 30 933 1429406791128351
06 carvers -4 30 933 1429406792349737
07 features -3 29 934 1429406798187360
05 surface -4 31 934 1429406801890910
06 carvers -4 31 934 1429406802669502
07 features -3 30 935 1429406809208612
05 surface 4 30 935 1429406814429396
06 carvers 4 30 935 1429406815819799
07 features 3 29 936 1429406822350249
05 surface 4 31 936 1429406827760722
06 carvers 4 31 936 1429406829776903
07 features 3 30 937 1429406837956728
09 light -1 29 937 1429406847629482
09 light 0 29 937 1429406847685355
09 light 1 28 937 1429406847703235
09 light -1 28 937 1429406847718600
09 light 1 29 937 1429406847734523
10 spawn 0 29 937 1429406847816378
10 spawn -1 29 937 1429406847875603
10 spawn 1 28 937 1429406847921419
10 spawn -1 28 937 1429406847958295
10 spawn 1 29 937 1429406847993216
11 full 0 29 937 1429406848098816
11 full -1 29 937 1429406848779630
11 full 1 28 937 1429406848931884
11 full -1 28 937 1429406849148113
11 full 1 29 937 1429406849291428
08 initialize_light -3 29 937 1429406849675835
08 initialize_light -3 30 937 1429406849698464
08 initialize_light 3 29 937 1429406849717740
08 initialize_light 3 30 937 1429406849737295
01 structure_starts -11 41 937 1429406849961067
01 structure_starts -10 41 937 1429406849987607
01 structure_starts -9 41 937 1429406850063594
01 structure_starts -8 41 937 1429406850105499
01 structure_starts -7 41 937 1429406850128407
01 structure_starts -6 41 937 1429406850152153
01 structure_starts -5 41 937 1429406850189868
01 structure_starts -4 41 937 1429406850218363
01 structure_starts -3 41 937 1429406850245741
01 structure_starts -2 41 937 1429406850273677
01 structure_starts -1 41 937 1429406850303011
01 structure_starts 0 41 937 1429406850332065
01 structure_starts 1 41 937 1429406863703060
01 structure_starts 2 41 937 1429406863805308
01 structure_starts 3 41 937 1429406863841067
01 structure_starts 4 41 937 1429406863886324
01 structure_starts 5 41 937 1429406863921804
01 structure_starts 6 41 937 1429406863968178
01 structure_starts 7 41 937 1429406864051150
01 structure_starts 8 41 937 1429406864101436
01 structure_starts 9 41 937 1429406864135239
01 structure_starts 10 41 937 1429406864188039
01 structure_starts 11 41 937 1429406864236369
02 structure_references -3 33 937 1429406864449525
02 structure_references -2 33 937 1429406864512383
02 structure_references -1 33 937 1429406864563506
02 structure_references 0 33 937 1429406864617424
02 structure_references 1 33 937 1429406864665196
02 structure_references 2 33 937 1429406864719672
02 structure_references 3 33 937 1429406864777501
03 biomes -3 33 937 1429406868847298
03 biomes -2 33 937 1429406872265616
03 biomes -1 33 937 1429406875985927
03 biomes 0 33 937 1429406879491407
03 biomes 1 33 937 1429406883268150
03 biomes 2 33 937 1429406887451929
03 biomes 3 33 937 1429406891620622
04 noise -2 32 937 1429406901257338
04 noise -1 32 937 1429406910931769
04 noise 0 32 937 1429406922515383
04 noise 1 32 937 1429406935787763
04 noise 2 32 937 1429406949376943
05 surface -2 32 937 1429406955710441
05 surface -1 32 937 1429406961189638
05 surface 0 32 937 1429406966783375
05 surface 1 32 937 1429406971639308
05 surface 2 32 937 1429406976259456
06 carvers -2 32 937 1429406978302736
06 carvers -1 32 937 1429406978739664
06 carvers 0 32 937 1429406979373823
06 carvers 1 32 937 1429406979814942
06 carvers 2 32 937 1429406984527280
07 features -1 31 938 1429406992937302
07 features 0 31 939 1429406997332002
07 features 1 31 940 1429407003129956
01 structure_starts -12 41 940 1429407003422731
01 structure_starts -12 42 940 1429407003442845
01 structure_starts -11 42 940 1429407003470782
01 structure_starts -10 42 940 1429407003508217
01 structure_starts -9 42 940 1429407003534477
01 structure_starts -8 42 940 1429407003559899
01 structure_starts -7 42 940 1429407003585880
01 structure_starts -6 42 940 1429407003612979
01 structure_starts -5 42 940 1429407003642312
01 structure_starts -4 42 940 1429407003666617
01 structure_starts -3 42 940 1429407003694274
01 structure_starts -2 42 940 1429407003721373
01 structure_starts -1 42 940 1429407003748192
01 structure_starts 0 42 940 1429407003774452
01 structure_starts 1 42 940 1429407003809652
01 structure_starts 2 42 940 1429407003835912
01 structure_starts 3 42 940 1429407003861893
01 structure_starts 4 42 940 1429407003887874
01 structure_starts 5 42 940 1429407017500801
01 structure_starts 6 42 940 1429407017574833
01 structure_starts 7 42 940 1429407017603049
01 structure_starts 8 42 940 1429407017631265
01 structure_starts 9 42 940 1429407017658922
01 structure_starts 10 42 940 1429407017686020
02 structure_references -4 33 940 1429407017820674
02 structure_references -4 34 940 1429407017862300
02 structure_references -3 34 940 1429407017937170
02 structure_references -2 34 940 1429407017975443
02 structure_references -1 34 940 1429407018053945
02 structure_references 0 34 940 1429407018091100
02 structure_references 1 34 940 1429407018123786
02 structure_references 2 34 940 1429407018178821
03 biomes -4 33 940 1429407022208949
03 biomes -4 34 940 1429407025549603
03 biomes -3 34 940 1429407029174651
03 biomes -2 34 940 1429407032995534
03 biomes -1 34 940 1429407036829547
03 biomes 0 34 940 1429407040898786
03 biomes 1 34 940 1429407044731682
03 biomes 2 34 940 1429407048264260
01 structure_starts 11 42 940 1429407048493619
01 structure_starts 12 41 940 1429407048525188
01 structure_starts 12 42 940 1429407048546978
02 structure_references 3 34 940 1429407048671575
02 structure_references 4 33 940 1429407048712642
02 structure_references 4 34 940 1429407048740858
03 biomes 3 34 940 1429407051982057
03 biomes 4 33 940 1429407056124490
03 biomes 4 34 940 1429407060654403
04 noise -3 32 940 1429407072488050
04 noise 3 32 940 1429407081728346
04 noise -2 33 940 1429407092178016
04 noise -1 33 940 1429407104052451
04 noise 0 33 940 1429407113709281
04 noise 1 33 940 1429407123399635
04 noise 2 33 940 1429407133188046
04 noise -3 33 940 1429407143053563
04 noise 3 33 940 1429407152201389
05 surface -3 32 940 1429407155597078
06 carvers -3 32 940 1429407159464615
07 features -2 31 941 1429407164585945
05 surface 3 32 941 1429407168138078
06 carvers 3 32 941 1429407169892774
07 features 2 31 942 1429407175709724
05 surface -2 33 942 1429407179538709
05 surface -1 33 942 1429407183240861
05 surface 0 33 942 1429407186665604
05 surface 1 33 942 1429407191133498
05 surface 2 33 942 1429407195678776
06 carvers -2 33 942 1429407196974474
06 carvers -1 33 942 1429407198773029
06 carvers 0 33 942 1429407202994802
06 carvers 1 33 942 1429407204564557
06 carvers 2 33 942 1429407205758566
07 features -1 32 943 1429407211286093
07 features 0 32 944 1429407216221087
07 features 1 32 945 1429407221811751
05 surface -3 33 945 1429407225709180
06 carvers -3 33 945 1429407226744788
07 features -2 32 946 1429407231865559
05 surface 3 33 946 1429407236525377
06 carvers 3 33 946 1429407237908516
07 features 2 32 947 1429407243595282
01 structure_starts 13 41 947 1429407244130268
02 structure_references 5 33 947 1429407244241734
03 biomes 5 33 947 1429407248205373
01 structure_starts -13 41 947 1429407248325501
02 structure_references -5 33 947 1429407248547596
03 biomes -5 33 947 1429407252365965
01 structure_starts -13 42 947 1429407252514867
02 structure_references -5 34 947 1429407252769928
03 biomes -5 34 947 1429407256355864
01 structure_starts 13 42 947 1429407256546112
02 structure_references 5 34 947 1429407256634392
03 biomes 5 34 947 1429407259871680
04 noise 4 32 947 1429407269259482
04 noise -4 32 947 1429407282138514
04 noise -4 33 947 1429407291583027
04 noise 4 33 947 1429407300303982
05 surface 4 32 947 1429407303923443
06 carvers 4 32 947 1429407304678568
07 features 3 31 948 1429407310608662
05 surface -4 32 948 1429407314073633
06 carvers -4 32 948 1429407318353234
07 features -3 31 949 1429407323930768
05 surface -4 33 949 1429407327801658
06 carvers -4 33 949 1429407330928597
07 features -3 32 950 1429407337415745
05 surface 4 33 950 1429407341080463
06 carvers 4 33 950 1429407341791449
07 features 3 32 951 1429407347943917
08 initialize_light -1 31 951 1429407355045669
08 initialize_light 0 31 951 1429407355085898
08 initialize_light 1 31 951 1429407355102101
08 initialize_light -2 31 951 1429407355117187
08 initialize_light 2 31 951 1429407355130876
08 initialize_light -1 32 951 1429407355144565
08 initialize_light 0 32 951 1429407355159092
08 initialize_light 1 32 951 1429407355184794
08 initialize_light -2 32 951 1429407355200159
08 initialize_light 2 32 951 1429407355213568
09 light -2 28 951 1429407355228375
09 light -2 29 951 1429407355241505
09 light 2 28 951 1429407355254076
09 light 2 29 951 1429407355266927
08 initialize_light 3 31 951 1429407355280057
08 initialize_light -3 31 951 1429407355294025
08 initialize_light -3 32 951 1429407355307994
08 initialize_light 3 32 951 1429407355321403
01 structure_starts -11 43 951 1429407355448515
01 structure_starts -10 43 951 1429407355478127
01 structure_starts -9 43 951 1429407355502712
01 structure_starts -8 43 951 1429407355528134
01 structure_starts -7 43 951 1429407355551880
01 structure_starts -6 43 951 1429407355578140
01 structure_starts -5 43 951 1429407355602166
01 structure_starts -4 43 951 1429407355628705
01 structure_starts -3 43 951 1429407355652452
01 structure_starts -2 43 951 1429407355684858
01 structure_starts -1 43 951 1429407355709721
01 structure_starts 0 43 951 1429407355736541
01 structure_starts 1 43 951 1429407355761963
01 structure_starts 2 43 951 1429407355794928
01 structure_starts 3 43 951 1429407355818953
01 structure_starts 4 43 951 1429407355843258
01 structure_starts 5 43 951 1429407355868960
01 structure_starts 6 43 951 1429407355893265
01 structure_starts 7 43 951 1429407355925671
01 structure_starts 8 43 951 1429407355950535
01 structure_starts 9 43 951 1429407355976236
01 structure_starts 10 43 951 1429407356046078
01 structure_starts 11 43 951 1429407356085468
02 structure_references -3 35 951 1429407356185760
02 structure_references -2 35 951 1429407356221799
02 structure_references -1 35 951 1429407356252249
02 structure_references 0 35 951 1429407356282421
02 structure_references 1 35 951 1429407356312034
02 structure_references 2 35 951 1429407356341926
02 structure_references 3 35 951 1429407356373215
03 biomes -3 35 951 1429407359626148
03 biomes -2 35 951 1429407363188059
03 biomes -1 35 951 1429407366633754
03 biomes 0 35 951 1429407369768795
03 biomes 1 35 951 1429407372898807
03 biomes 2 35 951 1429407376595372
03 biomes 3 35 951 1429407380128788
01 structure_starts -13 43 951 1429407380240814
01 structure_starts -12 43 951 1429407380270147
02 structure_references -5 35 951 1429407380507329
02 structure_references -4 35 951 1429407380542808
03 biomes -5 35 951 1429407383774509
03 biomes -4 35 951 1429407387221042
04 noise -3 34 951 1429407396798253
04 noise -2 34 951 1429407405377850
04 noise -1 34 951 1429407414197422
04 noise 0 34 951 1429407422612751
04 noise 1 34 951 1429407430969973
01 structure_starts 12 43 951 1429407431257999
02 structure_references 4 35 951 1429407431358570
03 biomes 4 35 951 1429407435223593
01 structure_starts 13 43 951 1429407435306565
02 structure_references 5 35 951 1429407435348749
03 biomes 5 35 951 1429407439051181
10 spawn -2 28 951 1429407439115435
10 spawn -2 29 951 1429407439157061
10 spawn 2 28 951 1429407439202877
10 spawn 2 29 951 1429407439231651
11 full -2 28 951 1429407439289201
11 full -2 29 951 1429407439401506
11 full 2 28 951 1429407439499563
11 full 2 29 951 1429407439605722
04 noise 2 34 951 1429407448212976
04 noise -4 34 951 1429407457433995
05 surface -3 34 951 1429407461228618
05 surface -2 34 951 1429407465150352
05 surface -1 34 951 1429407468898321
05 surface 0 34 951 1429407472534264
05 surface 1 34 951 1429407476246754
06 carvers -3 34 951 1429407477967925
06 carvers -2 34 951 1429407478974200
06 carvers -1 34 951 1429407482203107
06 carvers 0 34 951 1429407496729838
06 carvers 1 34 951 1429407502709659
07 features -2 33 952 1429407509588757
07 features -1 33 953 1429407515703790
07 features 0 33 954 1429407520650237
04 noise 3 34 954 1429407530832275
04 noise 4 34 954 1429407540349981
05 surface 2 34 954 1429407544309988
06 carvers 2 34 954 1429407549684144
07 features 1 33 955 1429407556051445
05 surface -4 34 955 1429407559952226
06 carvers -4 34 955 1429407561621995
07 features -3 33 956 1429407568169486
05 surface 3 34 956 1429407572233417
06 carvers 3 34 956 1429407573794233
07 features 2 33 957 1429407579629062
05 surface 4 34 957 1429407583191532
06 carvers 4 34 957 1429407584201718
07 features 3 33 958 1429407590051913
09 light 0 30 958 1429407592125923
10 spawn 0 30 958 1429407592205822
11 full 0 30 958 1429407592377911
09 light -1 30 958 1429407604921146
09 light 1 30 958 1429407604961934
09 light -1 31 958 1429407604975623
09 light 0 31 958 1429407604988473
09 light 1 31 958 1429407605053845
09 light -2 30 958 1429407605075356
09 light -2 31 958 1429407605091280
09 light 2 30 958 1429407605105528
09 light 2 31 958 1429407605118378
08 initialize_light -2 33 958 1429407605137375
08 initialize_light -1 33 958 1429407605153579
08 initialize_light 0 33 958 1429407605174810
08 initialize_light 1 33 958 1429407605189896
10 spawn 0 31 958 1429407605335725
10 spawn -1 30 958 1429407605387687
10 spawn 1 30 958 1429407605415623
10 spawn -1 31 958 1429407605442722
11 full 0 31 958 1429407605465351
10 spawn 1 31 958 1429407605469541
08 initialize_light -3 33 958 1429407605910101
10 spawn -2 30 958 1429407606267409
10 spawn 2 31 958 1429407606339485
10 spawn 2 30 958 1429407606376920
10 spawn -2 31 958 1429407606446762
11 full -1 30 958 1429407606515206
11 full 1 30 958 1429407606624997
11 full -1 31 958 1429407606825302
11 full 1 31 958 1429407606924477
11 full -2 30 958 1429407607664237
11 full 2 31 958 1429407607764529
11 full 2 30 958 1429407607859793
11 full -2 31 958 1429407608211514
09 light -1 32 958 1429407610716865
09 light 0 32 958 1429407610748992
08 initialize_light 2 33 958 1429407610763798
08 initialize_light 3 33 958 1429407610780281
10 spawn -1 32 958 1429407611664752
10 spawn 0 32 958 1429407611707216
11 full -1 32 958 1429407611788511
11 full 0 32 958 1429407611894111
09 light -2 32 958 1429407614332135
10 spawn -2 32 958 1429407615297902
11 full -2 32 958 1429407615457978
09 light 1 32 958 1429407618595254
09 light 2 32 958 1429407618624867
10 spawn 1 32 958 1429407618696663
10 spawn 2 32 958 1429407618752537
11 full 1 32 958 1429407618846124
11 full 2 32 958 1429407618936359
01 structure_starts 14 29 958 1429407619822786
02 structure_references 6 21 958 1429407619911904
03 biomes 6 21 958 1429407623055884
04 noise 5 20 958 1429407632184434
05 surface 5 20 958 1429407636476048
06 carvers 5 20 958 1429407637242348
07 features 4 19 959 1429407640995345
01 structure_starts 14 30 959 1429407641361873
01 structure_starts 14 31 959 1429407641385898
01 structure_starts 14 32 959 1429407641404057
02 structure_references 6 22 959 1429407641506026
02 structure_references 6 23 959 1429407641550165
02 structure_references 6 24 959 1429407641588159
03 biomes 6 22 959 1429407645316293
03 biomes 6 23 959 1429407649743958
03 biomes 6 24 959 1429407652957221
01 structure_starts 14 33 959 1429407653230441
01 structure_starts 14 34 959 1429407653254187
02 structure_references 6 25 959 1429407653335482
02 structure_references 6 26 959 1429407653368168
03 biomes 6 25 959 1429407656888733
03 biomes 6 26 959 1429407660771635
01 structure_starts 14 35 959 1429407661069160
01 structure_starts 14 36 959 1429407661099331
02 structure_references 6 27 959 1429407661196550
02 structure_references 6 28 959 1429407661232309
03 biomes 6 27 959 1429407664835846
03 biomes 6 28 959 1429407668641085
01 structure_starts 14 37 959 1429407669307930
01 structure_starts 14 38 959 1429407669489797
02 structure_references 6 29 959 1429407669647359
02 structure_references 6 30 959 1429407669715525
03 biomes 6 29 959 1429407673595354
03 biomes 6 30 959 1429407677540555
08 initialize_light 4 19 959 1429407677790587
04 noise 5 21 959 1429407686757384
01 structure_starts 15 29 959 1429407686886451
02 structure_references 7 21 959 1429407686966629
03 biomes 7 21 959 1429407690252248
04 noise 5 22 959 1429407699347832
04 noise 5 23 959 1429407707898934
04 noise 5 24 959 1429407716623242
04 noise 5 25 959 1429407725540591
04 noise 5 26 959 1429407734646233
04 noise 5 27 959 1429407745267154
04 noise 5 28 959 1429407757616789
01 structure_starts 14 39 959 1429407757885818
02 structure_references 6 31 959 1429407758052041
03 biomes 6 31 959 1429407762935910
01 structure_starts 14 40 959 1429407763170018
01 structure_starts 14 41 959 1429407763193485
02 structure_references 6 32 959 1429407763261650
02 structure_references 6 33 959 1429407763313333
03 biomes 6 32 959 1429407767881240
03 biomes 6 33 959 1429407771554618
01 structure_starts 14 42 959 1429407771703240
01 structure_starts 14 43 959 1429407771734250
02 structure_references 6 34 959 1429407771799901
02 structure_references 6 35 959 1429407771835101
03 biomes 6 34 959 1429407775575806
03 biomes 6 35 959 1429407779237451
04 noise 5 29 959 1429407789044300
04 noise 5 30 959 1429407799081906
04 noise 5 31 959 1429407810645127
04 noise 5 32 959 1429407821395953
04 noise 5 33 959 1429407830432033
01 structure_starts 15 30 959 1429407830699106
02 structure_references 7 22 959 1429407830814484
03 biomes 7 22 959 1429407834405729
05 surface 5 21 959 1429407838594257
05 surface 5 22 959 1429407843128640
05 surface 5 23 959 1429407846926615
06 carvers 5 21 959 1429407847391200
06 carvers 5 22 959 1429407847829525
06 carvers 5 23 959 1429407848423456
07 features 4 20 960 1429407852297698
07 features 4 21 961 1429407857307282
07 features 4 22 962 1429407863534061
05 surface 5 24 962 1429407867321421
05 surface 5 25 962 1429407870796170
06 carvers 5 24 962 1429407871456590
06 carvers 5 25 962 1429407871690698
07 features 4 23 963 1429407878768984
07 features 4 24 964 1429407883860143
05 surface 5 26 964 1429407887586880
05 surface 5 27 964 1429407891385134
06 carvers 5 26 964 1429407891862570
06 carvers 5 27 964 1429407893249341
07 features 4 25 965 1429407897229183
07 features 4 26 966 1429407901374968
05 surface 5 28 966 1429407904828486
05 surface 5 29 966 1429407908241216
06 carvers 5 28 966 1429407911168967
06 carvers 5 29 966 1429407912093108
07 features 4 27 967 1429407920459828
07 features 4 28 968 1429407927502356
04 noise 6 20 968 1429407938787608
05 surface 5 30 968 1429407941802242
06 carvers 5 30 968 1429407943888544
07 features 4 29 969 1429407952336559
05 surface 5 31 969 1429407956118052
05 surface 5 32 969 1429407959603976
06 carvers 5 31 969 1429407960331723
06 carvers 5 32 969 1429407960716410
07 features 4 30 970 1429407966551239
07 features 4 31 971 1429407971237318
04 noise 5 34 971 1429407981510987
05 surface 5 33 971 1429407985336340
06 carvers 5 33 971 1429407986335910
07 features 4 32 972 1429407992936760
04 noise 6 21 972 1429408003880348
05 surface 6 20 972 1429408007532774
06 carvers 6 20 972 1429408008322261
07 features 5 19 973 1429408010734024
05 surface 5 34 973 1429408014237548
06 carvers 5 34 973 1429408014531720
07 features 4 33 974 1429408019916213
05 surface 6 21 974 1429408024657047
06 carvers 6 21 974 1429408025151803
07 features 5 20 975 1429408028654209
01 structure_starts 15 31 975 1429408028869042
01 structure_starts 15 32 975 1429408028888877
01 structure_starts 15 33 975 1429408028907035
01 structure_starts 15 34 975 1429408028926591
01 structure_starts 15 35 975 1429408028944750
02 structure_references 7 23 975 1429408029075493
02 structure_references 7 24 975 1429408029114045
02 structure_references 7 25 975 1429408029144775
02 structure_references 7 26 975 1429408029187239
02 structure_references 7 27 975 1429408029218807
03 biomes 7 23 975 1429408032439613
03 biomes 7 24 975 1429408036145956
03 biomes 7 25 975 1429408039535778
03 biomes 7 26 975 1429408043453601
03 biomes 7 27 975 1429408047131729
01 structure_starts -9 44 975 1429408047219170
01 structure_starts -8 44 975 1429408047247665
01 structure_starts -7 44 975 1429408047273088
01 structure_starts -6 44 975 1429408047300745
01 structure_starts -5 44 975 1429408047326447
01 structure_starts -4 44 975 1429408047354383
01 structure_starts -3 44 975 1429408047379526
01 structure_starts -2 44 975 1429408047410815
01 structure_starts -1 44 975 1429408047436517
01 structure_starts 0 44 975 1429408047465012
01 structure_starts 1 44 975 1429408047490714
01 structure_starts 2 44 975 1429408047518091
01 structure_starts 3 44 975 1429408047541837
01 structure_starts 4 44 975 1429408047565025
01 structure_starts 5 44 975 1429408047595476
01 structure_starts 6 44 975 1429408047627323
01 structure_starts 7 44 975 1429408047657215
01 structure_starts 8 44 975 1429408047698841
01 structure_starts 9 44 975 1429408047730130
01 structure_starts 10 44 975 1429408050318173
01 structure_starts 11 44 975 1429408050352535
01 structure_starts 12 44 975 1429408050381030
01 structure_starts 13 44 975 1429408050418186
02 structure_references -1 36 975 1429408050514846
02 structure_references 0 36 975 1429408050550046
02 structure_references 1 36 975 1429408050582452
02 structure_references 2 36 975 1429408050613462
02 structure_references 3 36 975 1429408050644472
02 structure_references 4 36 975 1429408050676040
02 structure_references 5 36 975 1429408050709005
03 biomes -1 36 975 1429408054196046
03 biomes 0 36 975 1429408058043190
03 biomes 1 36 975 1429408061600631
03 biomes 2 36 975 1429408065436600
03 biomes 3 36 975 1429408068585330
03 biomes 4 36 975 1429408071658631
03 biomes 5 36 975 1429408074805125
04 noise 6 22 975 1429408084668965
04 noise 6 23 975 1429408093888588
04 noise 6 24 975 1429408103742930
01 structure_starts 15 36 975 1429408103972848
02 structure_references 7 28 975 1429408104115045
03 biomes 7 28 975 1429408107700982
01 structure_starts 14 44 975 1429408107861058
01 structure_starts 15 37 975 1429408107883408
01 structure_starts 15 38 975 1429408108270608
01 structure_starts 15 39 975 1429408108308323
01 structure_starts 15 40 975 1429408108327040
01 structure_starts 15 41 975 1429408108344640
01 structure_starts 15 42 975 1429408108367548
01 structure_starts 15 43 975 1429408108389339
01 structure_starts 15 44 975 1429408108407777
02 structure_references 6 36 975 1429408108507790
02 structure_references 7 30 975 1429408108583498
02 structure_references 7 31 975 1429408108621212
02 structure_references 7 32 975 1429408108652501
02 structure_references 7 33 975 1429408108694685
02 structure_references 7 34 975 1429408108727371
02 structure_references 7 35 975 1429408108776819
02 structure_references 7 36 975 1429408108810063
03 biomes 6 36 975 1429408112251568
03 biomes 7 30 975 1429408115687765
03 biomes 7 31 975 1429408119298844
03 biomes 7 32 975 1429408123196274
03 biomes 7 33 975 1429408127139239
03 biomes 7 34 975 1429408131297876
03 biomes 7 35 975 1429408134378161
03 biomes 7 36 975 1429408137876656
01 structure_starts 16 29 975 1429408138148199
02 structure_references 8 21 975 1429408138244580
03 biomes 8 21 975 1429408141196078
01 structure_starts 16 30 975 1429408141328776
01 structure_starts 16 31 975 1429408141350846
02 structure_references 8 22 975 1429408141428510
02 structure_references 8 23 975 1429408141462313
03 biomes 8 22 975 1429408144893761
03 biomes 8 23 975 1429408148278554
01 structure_starts -13 44 975 1429408148338618
01 structure_starts -12 44 975 1429408148368230
01 structure_starts -11 44 975 1429408148394770
01 structure_starts -10 44 975 1429408148421869
02 structure_references -5 36 975 1429408148599266
02 structure_references -4 36 975 1429408148634466
02 structure_references -3 36 975 1429408148666872
02 structure_references -2 36 975 1429408148697882
03 biomes -5 36 975 1429408151856389
03 biomes -4 36 975 1429408155566644
03 biomes -3 36 975 1429408158808681
03 biomes -2 36 975 1429408162448535
04 noise -2 35 975 1429408171262240
04 noise -1 35 975 1429408180333800
04 noise 0 35 975 1429408189424635
04 noise 1 35 975 1429408199398266
04 noise 2 35 975 1429408207887628
02 structure_references 7 29 975 1429408208249406
03 biomes 7 29 975 1429408212412233
04 noise 6 28 975 1429408222830614
04 noise 6 29 975 1429408232177069
04 noise 6 30 975 1429408241745340
04 noise 6 31 975 1429408252524941
04 noise 6 32 975 1429408263295881
04 noise 6 33 975 1429408272121040
04 noise -3 35 975 1429408280821043
04 noise 3 35 975 1429408289528589
05 surface 6 22 975 1429408294139797
05 surface 6 23 975 1429408298645405
06 carvers 6 22 975 1429408300093357
06 carvers 6 23 975 1429408301136508
07 features 5 21 976 1429408306046638
07 features 5 22 977 1429408311564667
04 noise 6 25 977 1429408322675316
04 noise 6 26 977 1429408332643918
04 noise 6 27 977 1429408343703722
05 surface 6 25 977 1429408348966411
05 surface 6 26 977 1429408352214874
05 surface 6 27 977 1429408355308848
05 surface 6 28 977 1429408358797286
05 surface 6 29 977 1429408362891389
06 carvers 6 25 977 1429408363694565
06 carvers 6 26 977 1429408364448014
06 carvers 6 27 977 1429408365053958
06 carvers 6 28 977 1429408365841490
06 carvers 6 29 977 1429408366355243
07 features 5 26 978 1429408374903551
07 features 5 27 979 1429408381701633
07 features 5 28 980 1429408387425554
05 surface 6 30 980 1429408391867467
05 surface 6 31 980 1429408394650786
06 carvers 6 30 980 1429408395212032
06 carvers 6 31 980 1429408395629125
07 features 5 29 981 1429408401600005
07 features 5 30 982 1429408408982241
04 noise 6 34 982 1429408419094996
04 noise 4 35 982 1429408429375370
04 noise 5 35 982 1429408442551927
04 noise 7 20 982 1429408454313777
04 noise 7 21 982 1429408464509783
05 surface 6 24 982 1429408469586135
06 carvers 6 24 982 1429408470427026
07 features 5 23 983 1429408477688575
07 features 5 24 984 1429408482445333
07 features 5 25 985 1429408488154169
05 surface 0 35 985 1429408492909251
05 surface 1 35 985 1429408497282998
05 surface 2 35 985 1429408501233507
05 surface 3 35 985 1429408504885095
05 surface 4 35 985 1429408508742295
06 carvers 0 35 985 1429408510638629
06 carvers 1 35 985 1429408515350968
06 carvers 2 35 985 1429408516148557
06 carvers 3 35 985 1429408516609510
06 carvers 4 35 985 1429408516856748
07 features 1 34 986 1429408520848044
07 features 2 34 987 1429408525697831
07 features 3 34 988 1429408531549702
04 noise 6 35 988 1429408541252348
05 surface 7 20 988 1429408545514629
06 carvers 7 20 988 1429408546741603
07 features 6 19 989 1429408550104606
04 noise 7 22 989 1429408558911326
04 noise -4 35 989 1429408569851003
05 surface -2 35 989 1429408575303661
05 surface -1 35 989 1429408579642488
06 carvers -2 35 989 1429408581512282
06 carvers -1 35 989 1429408582307356
07 features -1 34 990 1429408588186605
07 features 0 34 991 1429408591456579
05 surface 6 32 991 1429408595830886
06 carvers 6 32 991 1429408596625681
07 features 5 31 992 1429408604942953
05 surface 6 33 992 1429408609109411
06 carvers 6 33 992 1429408609723736
07 features 5 32 993 1429408616272066
05 surface -3 35 993 1429408620644416
06 carvers -3 35 993 1429408622456661
07 features -2 34 994 1429408629686084
05 surface 6 34 994 1429408633822091
06 carvers 6 34 994 1429408634321876
07 features 5 33 995 1429408639423092
05 surface 5 35 995 1429408643199276
06 carvers 5 35 995 1429408643647658
07 features 4 34 996 1429408650213867
05 surface 7 21 996 1429408655808722
06 carvers 7 21 996 1429408656989600
07 features 6 20 997 1429408660410152
05 surface 6 35 997 1429408664758477
06 carvers 6 35 997 1429408665206859
07 features 5 34 998 1429408670610069
05 surface 7 22 998 1429408675777215
06 carvers 7 22 998 1429408676644366
07 features 6 21 999 1429408681424311
05 surface -4 35 999 1429408687160245
06 carvers -4 35 999 1429408688803474
07 features -3 34 1000 1429408693367469
09 light 3 18 1000 1429408695394546
10 spawn 3 18 1000 1429408695447067
11 full 3 18 1000 1429408695604908
08 initialize_light 4 20 1000 1429408697264340
08 initialize_light 4 21 1000 1429408697286968
08 initialize_light 4 22 1000 1429408697301775
08 initialize_light 4 23 1000 1429408697317140
08 initialize_light 4 24 1000 1429408697331667
08 initialize_light 4 25 1000 1429408697346194
08 initialize_light 4 26 1000 1429408697360721
08 initialize_light 4 27 1000 1429408697374969
08 initialize_light 4 28 1000 1429408697389216
08 initialize_light 4 29 1000 1429408697403184
08 initialize_light 4 30 1000 1429408697417432
08 initialize_light 4 31 1000 1429408697431959
08 initialize_light 4 32 1000 1429408697446486
08 initialize_light 5 19 1000 1429408697460454
08 initialize_light 4 33 1000 1429408697474702
08 initialize_light 5 20 1000 1429408697488950
08 initialize_light 5 21 1000 1429408697504035
08 initialize_light 5 22 1000 1429408697518283
08 initialize_light 5 26 1000 1429408697532251
08 initialize_light 5 27 1000 1429408697545940
08 initialize_light 5 28 1000 1429408697559629
08 initialize_light 5 29 1000 1429408697573039
08 initialize_light 5 30 1000 1429408697587007
08 initialize_light 5 23 1000 1429408697600696
08 initialize_light 5 24 1000 1429408697614385
08 initialize_light 5 25 1000 1429408697628353
08 initialize_light 1 34 1000 1429408697642042
08 initialize_light 2 34 1000 1429408697656569
08 initialize_light 3 34 1000 1429408697670537
08 initialize_light 6 19 1000 1429408697684226
08 initialize_light -1 34 1000 1429408697698195
08 initialize_light 0 34 1000 1429408697712442
08 initialize_light 5 31 1000 1429408697726131
08 initialize_light 5 32 1000 1429408697739541
08 initialize_light -2 34 1000 1429408697753230
08 initialize_light 5 33 1000 1429408697766639
08 initialize_light 4 34 1000 1429408697780328
08 initialize_light 6 20 1000 1429408697793738
08 initialize_light 5 34 1000 1429408697807426
08 initialize_light 6 21 1000 1429408697820557
08 initialize_light -3 34 1000 1429408697833687
09 light 3 19 1000 1429408699091111
10 spawn 3 19 1000 1429408699130781
11 full 3 19 1000 1429408699246997
09 light 3 20 1000 1429408737712007
09 light 3 21 1000 1429408737748604
09 light 3 22 1000 1429408737763131
09 light 3 23 1000 1429408737775982
09 light 3 24 1000 1429408737789671
09 light 3 25 1000 1429408737802521
09 light 3 26 1000 1429408737815931
09 light 3 27 1000 1429408737832972
09 light 3 28 1000 1429408737848617
09 light 3 29 1000 1429408737864261
09 light 3 30 1000 1429408737879906
09 light 3 31 1000 1429408737894712
09 light 4 18 1000 1429408737910915
09 light 3 32 1000 1429408737926560
09 light 4 19 1000 1429408737942204
09 light 4 20 1000 1429408737957290
09 light 4 21 1000 1429408737972655
09 light 4 25 1000 1429408737987741
09 light 4 26 1000 1429408738052833
09 light 4 27 1000 1429408738072947
09 light 4 28 1000 1429408738089430
09 light 4 29 1000 1429408738104795
09 light 4 22 1000 1429408738129938
09 light 4 23 1000 1429408738146420
09 light 4 24 1000 1429408738160947
09 light 0 33 1000 1429408738181062
09 light 1 33 1000 1429408738195030
09 light 2 33 1000 1429408738207881
09 light 5 18 1000 1429408738220732
09 light -2 33 1000 1429408738233862
09 light -1 33 1000 1429408738246992
09 light 4 30 1000 1429408738260402
09 light 4 31 1000 1429408738272973
09 light 4 32 1000 1429408738285824
09 light 3 33 1000 1429408738298954
09 light 5 19 1000 1429408738312643
09 light 4 33 1000 1429408738325494
09 light 5 20 1000 1429408738338624
10 spawn 3 20 1000 1429408738444504
10 spawn 3 21 1000 1429408738488923
10 spawn 3 22 1000 1429408738517139
10 spawn 3 23 1000 1429408738544796
10 spawn 3 24 1000 1429408738572732
10 spawn 3 25 1000 1429408738603183
11 full 3 20 1000 1429408738605139
10 spawn 3 26 1000 1429408738630840
10 spawn 3 27 1000 1429408738661571
10 spawn 3 28 1000 1429408738702917
10 spawn 3 29 1000 1429408738734764
10 spawn 3 30 1000 1429408738763818
10 spawn 3 31 1000 1429408738793152
10 spawn 4 18 1000 1429408738822485
10 spawn 3 32 1000 1429408738856009
10 spawn 4 19 1000 1429408738887298
10 spawn 4 20 1000 1429408738916073
10 spawn 4 21 1000 1429408738942612
11 full 3 21 1000 1429408738995412
10 spawn 4 23 1000 1429408739227007
11 full 3 22 1000 1429408739321432
01 structure_starts 16 32 1000 1429408739353838
02 structure_references 8 24 1000 1429408739449102
11 full 3 23 1000 1429408739612810
11 full 3 24 1000 1429408739838538
11 full 3 25 1000 1429408740115668
11 full 3 26 1000 1429408740343910
11 full 3 27 1000 1429408740860457
11 full 3 28 1000 1429408741094845
11 full 3 29 1000 1429408741277271
11 full 3 30 1000 1429408741454947
11 full 3 31 1000 1429408741681233
11 full 4 18 1000 1429408742091901
11 full 3 32 1000 1429408742337184
11 full 4 19 1000 1429408742418200
11 full 4 20 1000 1429408742607609
11 full 4 21 1000 1429408742804283
11 full 4 23 1000 1429408743226404
03 biomes 8 24 1000 1429408743536500
10 spawn 4 24 1000 1429408743768653
10 spawn 4 25 1000 1429408743801059
10 spawn 4 26 1000 1429408743828716
10 spawn 4 27 1000 1429408743858329
10 spawn 4 28 1000 1429408743885707
10 spawn 4 29 1000 1429408743914482
10 spawn 4 30 1000 1429408743943536
10 spawn 4 31 1000 1429408743973148
10 spawn 4 32 1000 1429408744045784
10 spawn 5 19 1000 1429408744078749
10 spawn 5 18 1000 1429408744108082
10 spawn 5 20 1000 1429408744135739
04 noise 7 23 1000 1429408752805571
05 surface 7 23 1000 1429408757539979
06 carvers 7 23 1000 1429408758535918
11 full 4 24 1001 1429408759604212
11 full 4 25 1001 1429408759710091
11 full 4 26 1001 1429408759797812
11 full 4 27 1001 1429408759906485
11 full 4 28 1001 1429408760040860
11 full 4 29 1001 1429408760154003
11 full 4 30 1001 1429408760259324
11 full 4 31 1001 1429408760346766
11 full 4 32 1001 1429408760449572
11 full 5 19 1001 1429408760487007
11 full 5 18 1001 1429408760529191
11 full 5 20 1001 1429408760572214
07 features 6 22 1001 1429408765964808
10 spawn 4 22 1001 1429408766391399
10 spawn 0 33 1001 1429408766444478
10 spawn 1 33 1001 1429408766477443
10 spawn 2 33 1001 1429408766509850
10 spawn -2 33 1001 1429408766544491
10 spawn -1 33 1001 1429408766574663
10 spawn 3 33 1001 1429408766610701
11 full 4 22 1001 1429408766618523
10 spawn 4 33 1001 1429408766646739
08 initialize_light 6 22 1001 1429408767365267
11 full 0 33 1001 1429408767685700
11 full 1 33 1001 1429408767825103
11 full 2 33 1001 1429408767901370
11 full -2 33 1001 1429408768057814
11 full -1 33 1001 1429408768177104
11 full 3 33 1001 1429408768276558
11 full 4 33 1001 1429408768382158
09 light 5 21 1001 1429408769397093
10 spawn 5 21 1001 1429408769437880
11 full 5 21 1001 1429408774965687
01 structure_starts 16 33 1001 1429408775612698
02 structure_references 8 25 1001 1429408775697905
03 biomes 8 25 1001 1429408778970952
04 noise 7 24 1001 1429408790312636
05 surface 7 24 1001 1429408794708453
06 carvers 7 24 1001 1429408796650603
07 features 6 23 1002 1429408803448126
01 structure_starts 17 29 1002 1429408803788673
01 structure_starts 17 30 1002 1429408803809626
01 structure_starts 17 31 1002 1429408803837283
01 structure_starts 17 32 1002 1429408803856280
02 structure_references 9 21 1002 1429408803935061
02 structure_references 9 22 1002 1429408803967746
02 structure_references 9 23 1002 1429408804044572
02 structure_references 9 24 1002 1429408804080051
03 biomes 9 21 1002 1429408807043841
03 biomes 9 22 1002 1429408836101214
03 biomes 9 23 1002 1429408839550821
03 biomes 9 24 1002 1429408843263310
01 structure_starts 16 34 1002 1429408843505799
01 structure_starts 16 35 1002 1429408843528149
01 structure_starts 16 36 1002 1429408843546587
01 structure_starts 16 37 1002 1429408843565584
01 structure_starts 16 38 1002 1429408843582904
01 structure_starts 16 39 1002 1429408843601622
02 structure_references 8 26 1002 1429408843672301
02 structure_references 8 27 1002 1429408843701076
02 structure_references 8 28 1002 1429408843727336
02 structure_references 8 29 1002 1429408843753038
02 structure_references 8 30 1002 1429408843778181
02 structure_references 8 31 1002 1429408843808073
03 biomes 8 26 1002 1429408847194822
03 biomes 8 27 1002 1429408851276632
03 biomes 8 28 1002 1429408855488069
03 biomes 8 29 1002 1429408859799518
03 biomes 8 30 1002 1429408862982609
03 biomes 8 31 1002 1429408866671911
04 noise 7 25 1002 1429408876532399
04 noise 8 20 1002 1429408887234057
04 noise 8 21 1002 1429408896809033
01 structure_starts 16 40 1002 1429408899599616
01 structure_starts 16 41 1002 1429408899628670
02 structure_references 8 32 1002 1429408899725889
02 structure_references 8 33 1002 1429408899757736
03 biomes 8 32 1002 1429408903146720
03 biomes 8 33 1002 1429408906289583
01 structure_starts 17 33 1002 1429408906461672
02 structure_references 9 25 1002 1429408906523692
03 biomes 9 25 1002 1429408909814618
04 noise 7 26 1002 1429408923347925
04 noise 7 27 1002 1429408935077648
04 noise 7 28 1002 1429408946938673
05 surface 8 20 1002 1429408951852155
06 carvers 8 20 1002 1429408953621377
07 features 7 19 1003 1429408957285257
04 noise 8 22 1003 1429408971258844
04 noise 7 29 1003 1429408982887716
04 noise 7 30 1003 1429408994247559
04 noise 7 31 1003 1429409005666907
01 structure_starts 16 42 1003 1429409005900456
02 structure_references 8 34 1003 1429409005980355
03 biomes 8 34 1003 1429409009340006
01 structure_starts 16 43 1003 1429409009471028
02 structure_references 8 35 1003 1429409009524387
03 biomes 8 35 1003 1429409012732342
01 structure_starts 17 34 1003 1429409012869790
02 structure_references 9 26 1003 1429409012928736
03 biomes 9 26 1003 1429409016450139
04 noise 8 23 1003 1429409025770334
05 surface 7 26 1003 1429409029223851
05 surface 7 27 1003 1429409032613953
05 surface 7 28 1003 1429409036147089
05 surface 7 29 1003 1429409040052899
05 surface 7 30 1003 1429409043549998
06 carvers 7 26 1003 1429409045886332
06 carvers 7 27 1003 1429409046498981
06 carvers 7 28 1003 1429409047111350
06 carvers 7 29 1003 1429409047636558
06 carvers 7 30 1003 1429409048162324
07 features 6 27 1004 1429409055414375
07 features 6 28 1005 1429409060765902
07 features 6 29 1006 1429409066829812
05 surface 7 25 1006 1429409073110509
06 carvers 7 25 1006 1429409074826372
07 features 6 24 1007 1429409080298027
05 surface 8 21 1007 1429409083816357
06 carvers 8 21 1007 1429409084775139
07 features 7 20 1008 1429409087571868
04 noise 7 32 1008 1429409097348826
04 noise 8 24 1008 1429409108566192
07 features 6 25 1009 1429409113762113
07 features 6 26 1010 1429409118571391
05 surface 8 22 1010 1429409123327311
06 carvers 8 22 1010 1429409124274081
07 features 7 21 1011 1429409127458290
05 surface 7 31 1011 1429409131071884
06 carvers 7 31 1011 1429409131940990
07 features 6 30 1012 1429409138087033
04 noise 7 33 1012 1429409149178126
04 noise 7 34 1012 1429409160459747
04 noise 8 25 1012 1429409169206125
05 surface 8 23 1012 1429409175283444
06 carvers 8 23 1012 1429409176357604
07 features 7 22 1013 1429409180324316
05 surface 7 32 1013 1429409185072693
06 carvers 7 32 1013 1429409185873634
07 features 6 31 1014 1429409192163271
05 surface 8 24 1014 1429409199443818
06 carvers 8 24 1014 1429409200817179
07 features 7 23 1015 1429409206777164
05 surface 7 33 1015 1429409210812042
06 carvers 7 33 1015 1429409211433351
07 features 6 32 1016 1429409216467798
05 surface 7 34 1016 1429409220129163
06 carvers 7 34 1016 1429409220433951
07 features 6 33 1017 1429409227763107
05 surface 8 25 1017 1429409233566369
06 carvers 8 25 1017 1429409235496226
07 features 7 24 1018 1429409247458381
01 structure_starts 17 35 1018 1429409247720706
01 structure_starts 17 36 1018 1429409247744172
01 structure_starts 17 37 1018 1429409247762331
01 structure_starts 17 38 1018 1429409247781607
01 structure_starts 17 39 1018 1429409247800883
02 structure_references 9 27 1018 1429409247871842
02 structure_references 9 28 1018 1429409247900896
02 structure_references 9 29 1018 1429409247927995
02 structure_references 9 30 1018 1429409247953976
02 structure_references 9 31 1018 1429409247982750
03 biomes 9 27 1018 1429409251315861
03 biomes 9 28 1018 1429409254783906
03 biomes 9 29 1018 1429409258311734
03 biomes 9 30 1018 1429409262767895
03 biomes 9 31 1018 1429409266837972
04 noise 8 26 1018 1429409277114994
01 structure_starts 16 44 1018 1429409315318238
02 structure_references 8 36 1018 1429409315452892
03 biomes 8 36 1018 1429409318732924
04 noise 8 27 1018 1429409330155344
04 noise 8 28 1018 1429409339262662
01 structure_starts 18 29 1018 1429409339510180
01 structure_starts 18 30 1018 1429409339536441
02 structure_references 10 21 1018 1429409339614663
02 structure_references 10 22 1018 1429409339655450
03 biomes 10 21 1018 1429409342857539
03 biomes 10 22 1018 1429409345655385
01 structure_starts 18 31 1018 1429409345798979
01 structure_starts 18 32 1018 1429409345818814
01 structure_starts 18 33 1018 1429409345836414
01 structure_starts 18 34 1018 1429409345854014
02 structure_references 10 23 1018 1429409345896757
02 structure_references 10 24 1018 1429409345925811
02 structure_references 10 25 1018 1429409345952630
02 structure_references 10 26 1018 1429409345982802
03 biomes 10 23 1018 1429409350292575
03 biomes 10 24 1018 1429409354703198
03 biomes 10 25 1018 1429409358753999
03 biomes 10 26 1018 1429409362398324
04 noise 9 20 1018 1429409371280473
04 noise 9 21 1018 1429409382873586
04 noise 9 22 1018 1429409393139992
04 noise 9 23 1018 1429409402119920
01 structure_starts 18 35 1018 1429409402369952
02 structure_references 10 27 1018 1429409402447895
03 biomes 10 27 1018 1429409405880739
05 surface 8 26 1018 1429409409774816
05 surface 8 27 1018 1429409413189222
06 carvers 8 26 1018 1429409415278039
06 carvers 8 27 1018 1429409416274536
07 features 7 25 1019 1429409421696184
07 features 7 26 1020 1429409425433257
04 noise 8 29 1020 1429409434207292
01 structure_starts 17 40 1020 1429409434304232
02 structure_references 9 32 1020 1429409434377705
03 biomes 9 32 1020 1429409437736238
01 structure_starts 17 41 1020 1429409437819489
01 structure_starts 17 42 1020 1429409437839603
02 structure_references 9 33 1020 1429409437876200
02 structure_references 9 34 1020 1429409437904696
03 biomes 9 33 1020 1429409441231660
03 biomes 9 34 1020 1429409444330663
04 noise 8 30 1020 1429409452469979
04 noise 8 31 1020 1429409462856233
04 noise 8 32 1020 1429409472409698
01 structure_starts 17 43 1020 1429409472626206
02 structure_references 9 35 1020 1429409472698562
03 biomes 9 35 1020 1429409475985298
05 surface 9 20 1020 1429409479584086
06 carvers 9 20 1020 1429409480530297
07 features 8 19 1021 1429409483555547
05 surface 9 21 1021 1429409487120531
05 surface 9 22 1021 1429409491394545
06 carvers 9 21 1021 1429409492100223
06 carvers 9 22 1021 1429409492832440
07 features 8 20 1022 1429409495402603
07 features 8 21 1023 1429409498222799
04 noise 9 24 1023 1429409507636860
01 structure_starts 17 44 1023 1429409507848340
02 structure_references 9 36 1023 1429409507925724
03 biomes 9 36 1023 1429409512151129
05 surface 8 28 1023 1429409516525994
05 surface 8 29 1023 1429409520242394
05 surface 8 30 1023 1429409523717423
06 carvers 8 28 1023 1429409524857793
06 carvers 8 29 1023 1429409525496702
06 carvers 8 30 1023 1429409526105161
07 features 7 27 1024 1429409529390500
07 features 7 28 1025 1429409534605417
07 features 7 29 1026 1429409538597552
04 noise 7 35 1026 1429409548789646
04 noise 9 25 1026 1429409558783671
05 surface 9 23 1026 1429409565362451
06 carvers 9 23 1026 1429409566570428
07 features 8 22 1027 1429409570178155
04 noise 9 26 1027 1429409579960141
05 surface 8 31 1027 1429409583758116
06 carvers 8 31 1027 1429409585156620
07 features 7 30 1028 1429409593335048
04 noise 8 33 1028 1429409602145400
05 surface 8 32 1028 1429409605815985
06 carvers 8 32 1028 1429409607194095
07 features 7 31 1029 1429409613773434
04 noise 8 34 1029 1429409624191256
05 surface 9 24 1029 1429409628831798
06 carvers 9 24 1029 1429409630091178
07 features 8 23 1030 1429409633486587
04 noise 8 35 1030 1429409644747256
05 surface 7 35 1030 1429409648542158
06 carvers 7 35 1030 1429409649210680
07 features 6 34 1031 1429409653659018
05 surface 9 25 1031 1429409658794875
06 carvers 9 25 1031 1429409659595536
07 features 8 24 1032 1429409664100027
05 surface 9 26 1032 1429409668176809
06 carvers 9 26 1032 1429409669231135
07 features 8 25 1033 1429409673147002
05 surface 8 33 1033 1429409676767580
06 carvers 8 33 1033 1429409677340280
07 features 7 32 1034 1429409682086701
05 surface 8 34 1034 1429409685705324
06 carvers 8 34 1034 1429409686352334
07 features 7 33 1035 1429409691501880
05 surface 8 35 1035 1429409694966852
06 carvers 8 35 1035 1429409695432833
07 features 7 34 1036 1429409701512387
08 initialize_light 6 23 1036 1429409702629570
09 light 5 22 1036 1429409705339975
08 initialize_light 7 19 1036 1429409705368470
08 initialize_light 6 27 1036 1429409705383836
08 initialize_light 6 28 1036 1429409705399201
08 initialize_light 6 29 1036 1429409705413448
08 initialize_light 6 24 1036 1429409705428255
08 initialize_light 7 20 1036 1429409705442782
08 initialize_light 6 25 1036 1429409705457029
08 initialize_light 6 26 1036 1429409705470998
08 initialize_light 7 21 1036 1429409705484686
08 initialize_light 6 30 1036 1429409705498375
08 initialize_light 7 22 1036 1429409705512344
08 initialize_light 6 31 1036 1429409705526591
08 initialize_light 7 23 1036 1429409705540280
08 initialize_light 6 32 1036 1429409705554528
08 initialize_light 6 33 1036 1429409705567937
08 initialize_light 7 24 1036 1429409705581068
08 initialize_light 7 25 1036 1429409705594477
08 initialize_light 7 26 1036 1429409705608445
08 initialize_light 8 19 1036 1429409705622414
08 initialize_light 8 20 1036 1429409705636382
08 initialize_light 8 21 1036 1429409705650350
08 initialize_light 7 27 1036 1429409705664039
08 initialize_light 7 28 1036 1429409705677449
08 initialize_light 7 29 1036 1429409705691138
08 initialize_light 8 22 1036 1429409705705385
08 initialize_light 7 30 1036 1429409705719074
08 initialize_light 7 31 1036 1429409705732204
08 initialize_light 8 23 1036 1429409705745614
08 initialize_light 6 34 1036 1429409705760141
08 initialize_light 8 24 1036 1429409705773551
08 initialize_light 8 25 1036 1429409705787798
08 initialize_light 7 32 1036 1429409705802046
08 initialize_light 7 33 1036 1429409705815455
08 initialize_light 7 34 1036 1429409705828865
10 spawn 5 22 1036 1429409705881106
11 full 5 22 1036 1429409706142313
09 light 6 18 1036 1429409738574143
09 light 5 26 1036 1429409738606270
09 light 5 27 1036 1429409738620239
09 light 5 28 1036 1429409738633648
09 light 5 23 1036 1429409738646220
09 light 6 19 1036 1429409738659071
09 light 5 24 1036 1429409738672201
09 light 5 25 1036 1429409738685052
09 light 6 20 1036 1429409738697902
09 light 5 29 1036 1429409738710753
09 light 6 21 1036 1429409738724163
09 light 5 30 1036 1429409738737293
09 light 6 22 1036 1429409738749864
09 light 5 31 1036 1429409738762715
09 light 5 32 1036 1429409738775007
09 light 6 23 1036 1429409738788137
09 light 6 24 1036 1429409738800709
09 light 6 25 1036 1429409738813560
09 light 7 18 1036 1429409738825852
09 light 7 19 1036 1429409738839261
09 light 7 20 1036 1429409738851553
09 light 6 26 1036 1429409738864125
09 light 6 27 1036 1429409738876976
09 light 6 28 1036 1429409738889827
09 light 7 21 1036 1429409738918322
09 light 6 29 1036 1429409738933687
09 light 6 30 1036 1429409738949611
09 light 7 22 1036 1429409738963579
09 light 5 33 1036 1429409738977547
09 light 7 23 1036 1429409738990119
09 light 7 24 1036 1429409739054932
09 light 6 31 1036 1429409739073370
09 light 6 32 1036 1429409739088176
09 light 6 33 1036 1429409739101027
10 spawn 5 23 1036 1429409739158297
10 spawn 6 18 1036 1429409739211935
10 spawn 5 26 1036 1429409739239313
10 spawn 5 27 1036 1429409739266411
10 spawn 5 28 1036 1429409739292951
10 spawn 6 19 1036 1429409739322843
10 spawn 5 24 1036 1429409739351897
10 spawn 5 25 1036 1429409739379834
10 spawn 6 20 1036 1429409739407212
11 full 5 23 1036 1429409739429002
10 spawn 5 29 1036 1429409739438780
10 spawn 6 21 1036 1429409739492977
10 spawn 5 30 1036 1429409739564494
10 spawn 6 22 1036 1429409739595225
10 spawn 5 31 1036 1429409739628469
10 spawn 5 32 1036 1429409739664228
10 spawn 6 23 1036 1429409739699987
10 spawn 6 24 1036 1429409739731834
10 spawn 6 25 1036 1429409739763123
10 spawn 7 18 1036 1429409739793854
10 spawn 7 19 1036 1429409739832685
10 spawn 7 20 1036 1429409739870120
11 full 6 18 1036 1429409739877943
10 spawn 6 26 1036 1429409739903924
11 full 5 26 1036 1429409740053105
10 spawn 6 27 1036 1429409740202565
11 full 5 27 1036 1429409740213740
10 spawn 6 28 1036 1429409740236648
10 spawn 7 21 1036 1429409740285537
11 full 5 28 1036 1429409740304813
10 spawn 6 29 1036 1429409740325207
11 full 6 19 1036 1429409740361804
10 spawn 6 30 1036 1429409740373537
10 spawn 7 22 1036 1429409740407061
10 spawn 5 33 1036 1429409740442820
10 spawn 7 23 1036 1429409740471594
11 full 5 24 1036 1429409740478020
10 spawn 7 24 1036 1429409740504560
10 spawn 6 31 1036 1429409740554007
10 spawn 6 32 1036 1429409740591722
10 spawn 6 33 1036 1429409740620776
11 full 5 25 1036 1429409740760179
11 full 6 20 1036 1429409741475634
11 full 5 29 1036 1429409741578441
11 full 6 21 1036 1429409743494610
11 full 5 30 1036 1429409743592667
11 full 6 22 1036 1429409743820070
11 full 5 31 1036 1429409743913379
11 full 5 32 1036 1429409744733875
11 full 6 23 1036 1429409744824110
11 full 6 24 1036 1429409745138676
11 full 6 25 1036 1429409745424746
11 full 7 18 1036 1429409745598512
11 full 7 19 1036 1429409745651312
11 full 7 20 1036 1429409745699642
11 full 6 26 1036 1429409745821445
11 full 6 27 1036 1429409746108633
11 full 6 28 1036 1429409746355872
11 full 7 21 1036 1429409746555339
11 full 6 29 1036 1429409746734133
11 full 6 30 1036 1429409746981651
11 full 7 22 1036 1429409747293143
11 full 5 33 1036 1429409747364102
11 full 7 23 1036 1429409747429753
11 full 7 24 1036 1429409747598211
11 full 6 31 1036 1429409747689843
11 full 6 32 1036 1429409748482961
11 full 6 33 1036 1429409748575431
01 structure_starts 18 36 1036 1429409752887439
02 structure_references 10 28 1036 1429409753058690
03 biomes 10 28 1036 1429409757179053
04 noise 9 27 1036 1429409767768127
05 surface 9 27 1036 1429409771640692
06 carvers 9 27 1036 1429409773492886
07 features 8 26 1037 1429409777258734
01 structure_starts 18 37 1037 1429409777574417
01 structure_starts 19 29 1037 1429409777611294
01 structure_starts 19 30 1037 1429409777631129
01 structure_starts 19 31 1037 1429409777650964
01 structure_starts 19 32 1037 1429409777669960
01 structure_starts 19 33 1037 1429409777689516
01 structure_starts 19 34 1037 1429409777708792
01 structure_starts 19 35 1037 1429409777728627
01 structure_starts 19 36 1037 1429409777749300
01 structure_starts 19 37 1037 1429409777770811
02 structure_references 10 29 1037 1429409777862164
02 structure_references 11 23 1037 1429409777910494
02 structure_references 11 24 1037 1429409777937872
02 structure_references 11 25 1037 1429409777963853
02 structure_references 11 26 1037 1429409777988437
02 structure_references 11 27 1037 1429409778075879
02 structure_references 11 28 1037 1429409778123930
02 structure_references 11 29 1037 1429409778174774
03 biomes 10 29 1037 1429409781877765
03 biomes 11 23 1037 1429409785060298
03 biomes 11 24 1037 1429409788241713
03 biomes 11 25 1037 1429409792088857
03 biomes 11 26 1037 1429409795485663
03 biomes 11 27 1037 1429409799487295
03 biomes 11 28 1037 1429409803602071
03 biomes 11 29 1037 1429409807117608
08 initialize_light 8 26 1037 1429409807476872
04 noise 9 28 1037 1429409816853219
01 structure_starts 18 38 1037 1429409817124204
02 structure_references 10 30 1037 1429409817211924
03 biomes 10 30 1037 1429409820575207
01 structure_starts 18 39 1037 1429409820751766
02 structure_references 10 31 1037 1429409820830267
03 biomes 10 31 1037 1429409824317309
01 structure_starts 18 40 1037 1429409824401956
02 structure_references 10 32 1037 1429409824442744
03 biomes 10 32 1037 1429409827688972
01 structure_starts 18 41 1037 1429409827770826
02 structure_references 10 33 1037 1429409827809937
03 biomes 10 33 1037 1429409831269601
01 structure_starts 18 42 1037 1429409831351455
02 structure_references 10 34 1037 1429409831401182
03 biomes 10 34 1037 1429409835050814
01 structure_starts 18 43 1037 1429409835144122
02 structure_references 10 35 1037 1429409835195246
03 biomes 10 35 1037 1429409838623900
02 structure_references 11 21 1037 1429409838803252
02 structure_references 11 22 1037 1429409838839291
03 biomes 11 21 1037 1429409841936058
03 biomes 11 22 1037 1429409844843136
04 noise 10 20 1037 1429409853350377
04 noise 10 21 1037 1429409862762204
04 noise 10 22 1037 1429409871173343
04 noise 10 23 1037 1429409879419936
04 noise 10 24 1037 1429409887226807
04 noise 10 25 1037 1429409895356346
04 noise 10 26 1037 1429409903519967
05 surface 10 20 1037 1429409906939960
05 surface 10 21 1037 1429409910119141
06 carvers 10 20 1037 1429409910892704
06 carvers 10 21 1037 1429409911495575
07 features 9 19 1038 1429409914242018
07 features 9 20 1039 1429409916961363
05 surface 10 22 1039 1429409921273650
06 carvers 10 22 1039 1429409922200026
07 features 9 21 1040 1429409924643637
05 surface 10 23 1040 1429409929903812
05 surface 10 24 1040 1429409934838246
05 surface 10 25 1040 1429409939681887
06 carvers 10 23 1040 1429409940240059
06 carvers 10 24 1040 1429409940724758
06 carvers 10 25 1040 1429409941271477
07 features 9 22 1041 1429409944541451
07 features 9 23 1042 1429409947109938
07 features 9 24 1043 1429409949894096
04 noise 10 27 1043 1429409961270142
04 noise 10 28 1043 1429409970365447
05 surface 9 28 1043 1429409974818255
06 carvers 9 28 1043 1429409975919235
07 features 8 27 1044 1429409978861513
04 noise 9 29 1044 1429409988393188
04 noise 9 30 1044 1429409999953894
04 noise 9 31 1044 1429410008855879
04 noise 9 32 1044 1429410017837482
04 noise 9 33 1044 1429410027600472
04 noise 9 34 1044 1429410036901669
05 surface 10 26 1044 1429410042810810
06 carvers 10 26 1044 1429410044397328
07 features 9 25 1045 1429410046818868
05 surface 10 27 1045 1429410051300451
06 carvers 10 27 1045 1429410052088542
07 features 9 26 1046 1429410054628254
05 surface 10 28 1046 1429410058144908
06 carvers 10 28 1046 1429410058486572
07 features 9 27 1047 1429410060791897
05 surface 9 29 1047 1429410063880842
06 carvers 9 29 1047 1429410064709999
07 features 8 28 1048 1429410067277648
05 surface 9 30 1048 1429410070427216
06 carvers 9 30 1048 1429410071125630
07 features 8 29 1049 1429410074286372
05 surface 9 31 1049 1429410077725363
06 carvers 9 31 1049 1429410078441935
07 features 8 30 1050 1429410083415202
05 surface 9 32 1050 1429410086918446
06 carvers 9 32 1050 1429410087700390
07 features 8 31 1051 1429410091926633
05 surface 9 33 1051 1429410095389369
06 carvers 9 33 1051 1429410095959834
07 features 8 32 1052 1429410100471588
05 surface 9 34 1052 1429410103877334
06 carvers 9 34 1052 1429410104457576
07 features 8 33 1053 1429410108392441
01 structure_starts 19 38 1053 1429410108634930
02 structure_references 11 30 1053 1429410108707565
03 biomes 11 30 1053 1429410111905183
01 structure_starts 19 39 1053 1429410112052689
02 structure_references 11 31 1053 1429410112120016
03 biomes 11 31 1053 1429410115947883
01 structure_starts 19 40 1053 1429410116076391
02 structure_references 11 32 1053 1429410116118855
03 biomes 11 32 1053 1429410119481578
01 structure_starts 19 41 1053 1429410122547616
02 structure_references 11 33 1053 1429410122600136
03 biomes 11 33 1053 1429410125835748
01 structure_starts 19 42 1053 1429410125918720
02 structure_references 11 34 1053 1429410125958669
03 biomes 11 34 1053 1429410129228085
01 structure_starts 19 43 1053 1429410129307983
02 structure_references 11 35 1053 1429410129346256
03 biomes 11 35 1053 1429410132449729
01 structure_starts 18 44 1053 1429410132517894
01 structure_starts 19 44 1053 1429410132540802
02 structure_references 10 36 1053 1429410132578516
02 structure_references 11 36 1053 1429410132606732
03 biomes 10 36 1053 1429410135713278
03 biomes 11 36 1053 1429410138819264
04 noise 9 35 1053 1429410154650074
01 structure_starts 20 29 1053 1429410154790874
01 structure_starts 20 30 1053 1429410154811547
01 structure_starts 20 31 1053 1429410154829147
01 structure_starts 20 32 1053 1429410154847585
01 structure_starts 20 33 1053 1429410154865185
02 structure_references 12 21 1053 1429410154928601
02 structure_references 12 22 1053 1429410154956817
02 structure_references 12 23 1053 1429410154983357
02 structure_references 12 24 1053 1429410155044817
02 structure_references 12 25 1053 1429410155074430
03 biomes 12 21 1053 1429410157734270
03 biomes 12 22 1053 1429410160426795
03 biomes 12 23 1053 1429410163131054
03 biomes 12 24 1053 1429410165824418
03 biomes 12 25 1053 1429410168934036
04 noise 11 20 1053 1429410176728057
04 noise 11 21 1053 1429410184688579
01 structure_starts 20 34 1053 1429410184781887
02 structure_references 12 26 1053 1429410184829379
03 biomes 12 26 1053 1429410187826693
01 structure_starts 20 35 1053 1429410187918325
01 structure_starts 20 36 1053 1429410187938998
02 structure_references 12 27 1053 1429410187979226
02 structure_references 12 28 1053 1429410188053258
03 biomes 12 27 1053 1429410191302559
03 biomes 12 28 1053 1429410194324178
04 noise 11 22 1053 1429410202397005
04 noise 11 23 1053 1429410211405428
04 noise 11 24 1053 1429410219864059
04 noise 11 25 1053 1429410228295312
04 noise 11 26 1053 1429410237286414
01 structure_starts 20 37 1053 1429410237474148
02 structure_references 12 29 1053 1429410237547901
03 biomes 12 29 1053 1429410240975716
01 structure_starts 20 38 1053 1429410241118752
02 structure_references 12 30 1053 1429410241161494
03 biomes 12 30 1053 1429410244453818
05 surface 11 20 1053 1429410248242574
06 carvers 11 20 1053 1429410248617203
07 features 10 19 1054 1429410250988458
04 noise 10 29 1054 1429410260965162
04 noise 10 30 1054 1429410270664456
04 noise 10 31 1054 1429410281696044
04 noise 10 32 1054 1429410294583458
04 noise 10 33 1054 1429410305892736
04 noise 10 34 1054 1429410315829211
04 noise 10 35 1054 1429410338256401
05 surface 9 35 1054 1429410341679468
06 carvers 9 35 1054 1429410342704181
07 features 8 34 1055 1429410347696164
05 surface 11 21 1055 1429410350994354
05 surface 11 22 1055 1429410354328024
05 surface 11 23 1055 1429410358485543
05 surface 11 24 1055 1429410363282808
06 carvers 11 21 1055 1429410363817793
06 carvers 11 22 1055 1429410364185997
06 carvers 11 23 1055 1429410365051751
06 carvers 11 24 1055 1429410365507676
07 features 10 21 1056 1429410368118347
07 features 10 22 1057 1429410370583749
07 features 10 23 1058 1429410372647143
07 features 10 20 1059 1429410374908328
05 surface 11 25 1059 1429410379791918
06 carvers 11 25 1059 1429410380292820
07 features 10 24 1060 1429410382688939
04 noise 11 27 1060 1429410391478060
05 surface 11 26 1060 1429410396179224
06 carvers 11 26 1060 1429410397098895
07 features 10 25 1061 1429410399609274
04 noise 11 28 1061 1429410410214551
04 noise 11 29 1061 1429410420812005
05 surface 10 29 1061 1429410424460519
06 carvers 10 29 1061 1429410425230730
07 features 9 28 1062 1429410427742506
05 surface 10 30 1062 1429410431180100
06 carvers 10 30 1062 1429410431697485
07 features 9 29 1063 1429410434094162
05 surface 10 31 1063 1429410437468619
06 carvers 10 31 1063 1429410437880683
07 features 9 30 1064 1429410440529349
05 surface 10 32 1064 1429410444350232
06 carvers 10 32 1064 1429410444856163
07 features 9 31 1065 1429410449313999
05 surface 10 33 1065 1429410452682869
06 carvers 10 33 1065 1429410453449169
07 features 9 32 1066 1429410457736593
05 surface 10 34 1066 1429410461144573
06 carvers 10 34 1066 1429410461663355
07 features 9 33 1067 1429410465775058
05 surface 10 35 1067 1429410469107889
06 carvers 10 35 1067 1429410469704335
07 features 9 34 1068 1429410473359834
05 surface 11 27 1068 1429410477922991
06 carvers 11 27 1068 1429410478564694
07 features 10 26 1069 1429410481741919
05 surface 11 28 1069 1429410486234676
06 carvers 11 28 1069 1429410486607629
07 features 10 27 1070 1429410489675343
05 surface 11 29 1070 1429410493953827
06 carvers 11 29 1070 1429410494464786
07 features 10 28 1071 1429410496774301
09 light 7 25 1071 1429410499323512
10 spawn 7 25 1071 1429410499373240
11 full 7 25 1071 1429410499531360
08 initialize_light 9 19 1071 1429410500966741
08 initialize_light 9 20 1071 1429410500988811
08 initialize_light 9 21 1071 1429410501048316
08 initialize_light 9 22 1071 1429410501066754
08 initialize_light 9 23 1071 1429410501082678
08 initialize_light 9 24 1071 1429410501096925
08 initialize_light 8 27 1071 1429410501111173
08 initialize_light 9 25 1071 1429410501125979
08 initialize_light 9 26 1071 1429410501139668
08 initialize_light 9 27 1071 1429410501153636
08 initialize_light 8 28 1071 1429410501173192
08 initialize_light 8 29 1071 1429410501188557
08 initialize_light 8 30 1071 1429410501202525
08 initialize_light 8 31 1071 1429410501216214
08 initialize_light 8 32 1071 1429410501230462
08 initialize_light 8 33 1071 1429410501244430
08 initialize_light 10 19 1071 1429410501257840
08 initialize_light 8 34 1071 1429410501272926
08 initialize_light 10 21 1071 1429410501286614
08 initialize_light 10 22 1071 1429410501301421
08 initialize_light 10 23 1071 1429410501316227
08 initialize_light 10 20 1071 1429410501330195
08 initialize_light 10 24 1071 1429410501344164
08 initialize_light 10 25 1071 1429410501357573
08 initialize_light 9 28 1071 1429410501371262
08 initialize_light 9 29 1071 1429410501385789
08 initialize_light 9 30 1071 1429410501400037
08 initialize_light 9 31 1071 1429410501413446
08 initialize_light 9 32 1071 1429410501426856
08 initialize_light 9 33 1071 1429410501440545
08 initialize_light 9 34 1071 1429410501454234
08 initialize_light 10 26 1071 1429410501467364
08 initialize_light 10 27 1071 1429410501481332
08 initialize_light 10 28 1071 1429410501494742
09 light 7 26 1071 1429410524406072
09 light 8 18 1071 1429410524445183
09 light 8 19 1071 1429410524465018
09 light 8 20 1071 1429410524480384
09 light 8 21 1071 1429410524495749
09 light 8 22 1071 1429410524510555
09 light 8 23 1071 1429410524525082
09 light 8 24 1071 1429410524539888
09 light 8 25 1071 1429410524591012
09 light 8 26 1071 1429410524604422
09 light 7 27 1071 1429410524618111
09 light 7 28 1071 1429410524630962
09 light 7 29 1071 1429410524643812
09 light 7 30 1071 1429410524656943
09 light 7 31 1071 1429410524669514
09 light 7 32 1071 1429410524682085
09 light 8 27 1071 1429410524694657
09 light 9 18 1071 1429410524707787
09 light 7 33 1071 1429410524720638
09 light 9 20 1071 1429410524733768
09 light 9 21 1071 1429410524746340
09 light 9 22 1071 1429410524758911
09 light 9 19 1071 1429410524772600
09 light 9 23 1071 1429410524785171
09 light 9 24 1071 1429410524798022
09 light 8 28 1071 1429410524810594
09 light 8 29 1071 1429410524823444
09 light 8 30 1071 1429410524835737
09 light 8 31 1071 1429410524848308
09 light 8 32 1071 1429410524861159
09 light 8 33 1071 1429410524874010
09 light 9 25 1071 1429410524886581
09 light 9 26 1071 1429410524899432
09 light 9 27 1071 1429410524912003
10 spawn 7 26 1071 1429410524980448
10 spawn 8 18 1071 1429410525081020
10 spawn 8 19 1071 1429410525114264
10 spawn 8 20 1071 1429410525143597
11 full 7 26 1071 1429410525145832
10 spawn 8 21 1071 1429410525179356
10 spawn 8 22 1071 1429410525209528
10 spawn 8 23 1071 1429410525264283
10 spawn 8 24 1071 1429410525297528
10 spawn 8 25 1071 1429410525326302
10 spawn 8 26 1071 1429410525353960
10 spawn 7 27 1071 1429410525383293
11 full 8 18 1071 1429410525444474
10 spawn 7 28 1071 1429410525445871
10 spawn 7 29 1071 1429410525484982
11 full 8 19 1071 1429410525493922
10 spawn 7 30 1071 1429410525513757
11 full 8 20 1071 1429410525534150
10 spawn 7 31 1071 1429410525541693
10 spawn 7 32 1071 1429410525571027
11 full 8 21 1071 1429410525573541
10 spawn 8 27 1071 1429410525599243
11 full 8 22 1071 1429410525737808
01 structure_starts 20 39 1071 1429410525791726
11 full 8 23 1071 1429410525792005
02 structure_references 12 31 1071 1429410525871624
11 full 8 24 1071 1429410525883916
11 full 8 25 1071 1429410525966888
11 full 8 26 1071 1429410526067739
11 full 7 27 1071 1429410526129758
11 full 7 28 1071 1429410526317771
11 full 7 29 1071 1429410526710838
11 full 7 30 1071 1429410527182687
11 full 7 31 1071 1429410527474344
11 full 7 32 1071 1429410528275286
11 full 8 27 1071 1429410528762779
03 biomes 12 31 1071 1429410529329611
10 spawn 8 29 1071 1429410529509523
10 spawn 8 30 1071 1429410529539694
10 spawn 8 31 1071 1429410529566513
10 spawn 8 32 1071 1429410529596964
10 spawn 9 22 1071 1429410529625739
10 spawn 9 20 1071 1429410529651720
10 spawn 9 19 1071 1429410529679936
10 spawn 9 25 1071 1429410529709269
10 spawn 9 23 1071 1429410529738323
10 spawn 9 24 1071 1429410529766260
10 spawn 9 26 1071 1429410529800063
10 spawn 9 27 1071 1429410529834704
10 spawn 9 21 1071 1429410529864317
10 spawn 9 18 1071 1429410529895885
11 full 8 29 1071 1429410531741933
11 full 8 30 1071 1429410531843064
11 full 8 31 1071 1429410531947546
11 full 8 32 1071 1429410532105947
11 full 9 22 1071 1429410532152321
11 full 9 20 1071 1429410532204842
11 full 9 19 1071 1429410532251775
11 full 9 25 1071 1429410532296195
11 full 9 23 1071 1429410532344525
11 full 9 24 1071 1429410532395649
11 full 9 26 1071 1429410532445655
11 full 9 27 1071 1429410532500690
11 full 9 21 1071 1429410532554887
11 full 9 18 1071 1429410532652386
04 noise 11 30 1071 1429410541316351
05 surface 11 30 1071 1429410544759531
06 carvers 11 30 1071 1429410545611876
07 features 10 29 1072 1429410548074483
10 spawn 7 33 1072 1429410548131195
10 spawn 8 28 1072 1429410548179804
10 spawn 8 33 1072 1429410548208300
11 full 7 33 1072 1429410548363068
11 full 8 28 1072 1429410548436821
11 full 8 33 1072 1429410549713242
08 initialize_light 10 29 1072 1429410550119160
09 light 9 28 1072 1429410551662096
10 spawn 9 28 1072 1429410551701766
11 full 9 28 1072 1429410551779989
01 structure_starts 20 40 1072 1429410551785297
01 structure_starts 21 29 1072 1429410552461082
01 structure_starts 21 30 1072 1429410552489577
01 structure_starts 21 31 1072 1429410552508853
01 structure_starts 21 32 1072 1429410552526174
01 structure_starts 21 33 1072 1429410552544612
01 structure_starts 21 34 1072 1429410552561933
01 structure_starts 21 35 1072 1429410552582885
01 structure_starts 21 36 1072 1429410552600206
01 structure_starts 21 37 1072 1429410552617247
01 structure_starts 21 38 1072 1429410552635406
01 structure_starts 21 39 1072 1429410552653844
01 structure_starts 21 40 1072 1429410552671165
02 structure_references 12 32 1072 1429410552744079
02 structure_references 13 26 1072 1429410552789616
02 structure_references 13 27 1072 1429410552817832
02 structure_references 13 28 1072 1429410552845210
02 structure_references 13 29 1072 1429410552871749
02 structure_references 13 30 1072 1429410552898568
02 structure_references 13 31 1072 1429410552925946
02 structure_references 13 32 1072 1429410552953324
03 biomes 12 32 1072 1429410556302359
03 biomes 13 26 1072 1429410559246034
03 biomes 13 27 1072 1429410562624961
03 biomes 13 28 1072 1429410566696155
03 biomes 13 29 1072 1429410570249127
03 biomes 13 30 1072 1429410573333882
03 biomes 13 31 1072 1429410576461100
03 biomes 13 32 1072 1429410579676877
04 noise 11 31 1072 1429410593330591
05 surface 11 31 1072 1429410597426370
06 carvers 11 31 1072 1429410599129382
07 features 10 30 1073 1429410602198772
02 structure_references 13 21 1073 1429410602521439
02 structure_references 13 22 1073 1429410602568932
03 biomes 13 21 1073 1429410607445817
03 biomes 13 22 1073 1429410611942485
02 structure_references 13 23 1073 1429410612291413
02 structure_references 13 24 1073 1429410612351756
02 structure_references 13 25 1073 1429410612402041
03 biomes 13 23 1073 1429410616229350
03 biomes 13 24 1073 1429410619182244
03 biomes 13 25 1073 1429410622265323
04 noise 12 23 1073 1429410630880399
04 noise 12 24 1073 1429410639517824
04 noise 12 25 1073 1429410648530996
04 noise 12 26 1073 1429410657888067
04 noise 12 27 1073 1429410667386497
04 noise 12 28 1073 1429410677679443
04 noise 12 29 1073 1429410687829912
04 noise 12 20 1073 1429410696297483
04 noise 12 21 1073 1429410704121116
04 noise 12 22 1073 1429410711972127
01 structure_starts 20 41 1073 1429410712222439
01 structure_starts 20 42 1073 1429410712245626
01 structure_starts 20 43 1073 1429410712263785
02 structure_references 12 33 1073 1429410712342286
02 structure_references 12 34 1073 1429410712374972
02 structure_references 12 35 1073 1429410712404306
03 biomes 12 33 1073 1429410715617848
03 biomes 12 34 1073 1429410718776635
03 biomes 12 35 1073 1429410721964755
05 surface 12 20 1073 1429410725836482
06 carvers 12 20 1073 1429410726511150
07 features 11 19 1074 1429410729067345
05 surface 12 21 1074 1429410733070375
05 surface 12 22 1074 1429410736738166
06 carvers 12 21 1074 1429410737211132
06 carvers 12 22 1074 1429410737967933
07 features 11 20 1075 1429410740622185
07 features 11 21 1076 1429410743082558
05 surface 12 23 1076 1429410747228343
05 surface 12 24 1076 1429410752199375
06 carvers 12 23 1076 1429410753265434
06 carvers 12 24 1076 1429410754110794
07 features 11 22 1077 1429410756868412
07 features 11 23 1078 1429410759836950
05 surface 12 25 1078 1429410765089303
05 surface 12 26 1078 1429410769862543
06 carvers 12 25 1078 1429410770508995
06 carvers 12 26 1078 1429410770962685
07 features 11 24 1079 1429410774274843
07 features 11 25 1080 1429410776910378
05 surface 12 27 1080 1429410781865765
05 surface 12 28 1080 1429410785962661
06 carvers 12 27 1080 1429410786324160
06 carvers 12 28 1080 1429410786625875
07 features 11 26 1081 1429410789534350
07 features 11 27 1082 1429410792335828
04 noise 12 30 1082 1429410804373692
04 noise 11 32 1082 1429410822396962
04 noise 11 33 1082 1429410839943635
05 surface 11 32 1082 1429410843383743
06 carvers 11 32 1082 1429410844091935
07 features 10 31 1083 1429410846687800
01 structure_starts 21 41 1083 1429410846848715
02 structure_references 13 33 1083 1429410846926378
03 biomes 13 33 1083 1429410850213394
04 noise 12 31 1083 1429410862634826
05 surface 12 29 1083 1429410866137232
06 carvers 12 29 1083 1429410866718592
07 features 11 28 1084 1429410869428718
04 noise 11 34 1084 1429410885985878
05 surface 12 30 1084 1429410889269541
06 carvers 12 30 1084 1429410889785529
07 features 11 29 1085 1429410892994602
05 surface 11 33 1085 1429410896426049
06 carvers 11 33 1085 1429410897201289
07 features 10 32 1086 1429410899504658
04 noise 12 32 1086 1429410917399420
05 surface 12 31 1086 1429410920511553
06 carvers 12 31 1086 1429410921767581
07 features 11 30 1087 1429410924572411
05 surface 11 34 1087 1429410927940722
06 carvers 11 34 1087 1429410928804521
07 features 10 33 1088 1429410931678913
05 surface 12 32 1088 1429410935682501
06 carvers 12 32 1088 1429410937289133
07 features 11 31 1089 1429410940266052
01 structure_starts 20 44 1089 1429410940540948
02 structure_references 12 36 1089 1429410940640123
03 biomes 12 36 1089 1429410944261260
04 noise 11 35 1089 1429410981437556
05 surface 11 35 1089 1429410985468242
06 carvers 11 35 1089 1429410987850393
07 features 10 34 1090 1429410991781346
08 initialize_light 10 30 1090 1429410993496092
08 initialize_light 11 19 1090 1429410993518162
08 initialize_light 11 20 1090 1429410993533806
08 initialize_light 11 21 1090 1429410993549730
08 initialize_light 11 22 1090 1429410993564257
08 initialize_light 11 23 1090 1429410993578784
08 initialize_light 11 24 1090 1429410993593870
08 initialize_light 11 25 1090 1429410993608676
08 initialize_light 11 26 1090 1429410993622645
08 initialize_light 11 27 1090 1429410993636613
08 initialize_light 10 31 1090 1429410993660918
08 initialize_light 11 28 1090 1429410993677121
08 initialize_light 11 29 1090 1429410993691089
08 initialize_light 10 32 1090 1429410993706175
08 initialize_light 11 30 1090 1429410993720422
08 initialize_light 10 33 1090 1429410993735508
08 initialize_light 11 31 1090 1429410993750035
08 initialize_light 10 34 1090 1429410993764004
01 structure_starts 22 29 1090 1429410993939445
01 structure_starts 22 30 1090 1429410993963191
02 structure_references 14 21 1090 1429410994112652
02 structure_references 14 22 1090 1429410994162099
03 biomes 14 21 1090 1429410997428442
03 biomes 14 22 1090 1429411000381336
01 structure_starts 22 31 1090 1429411000460117
02 structure_references 14 23 1090 1429411000500905
03 biomes 14 23 1090 1429411003267183
01 structure_starts 21 42 1090 1429411003362446
01 structure_starts 21 43 1090 1429411003385913
01 structure_starts 21 44 1090 1429411003410497
02 structure_references 13 34 1090 1429411003475589
02 structure_references 13 35 1090 1429411003507716
02 structure_references 13 36 1090 1429411003537609
03 biomes 13 34 1090 1429411007551813
03 biomes 13 35 1090 1429411010852796
03 biomes 13 36 1090 1429411015848412
01 structure_starts 22 32 1090 1429411015938926
01 structure_starts 22 33 1090 1429411015958482
01 structure_starts 22 34 1090 1429411015975803
01 structure_starts 22 35 1090 1429411015993123
01 structure_starts 22 36 1090 1429411016063803
01 structure_starts 22 37 1090 1429411016086711
01 structure_starts 22 38 1090 1429411016105987
01 structure_starts 22 39 1090 1429411016128057
02 structure_references 14 25 1090 1429411016178901
02 structure_references 14 26 1090 1429411016212705
02 structure_references 14 27 1090 1429411016241759
02 structure_references 14 28 1090 1429411016268857
02 structure_references 14 29 1090 1429411016295117
02 structure_references 14 30 1090 1429411016333111
02 structure_references 14 31 1090 1429411016363562
03 biomes 14 25 1090 1429411020210985
03 biomes 14 26 1090 1429411024103386
03 biomes 14 27 1090 1429411027571989
03 biomes 14 28 1090 1429411031310738
03 biomes 14 29 1090 1429411034647481
03 biomes 14 30 1090 1429411038285380
03 biomes 14 31 1090 1429411041426846
01 structure_starts 22 40 1090 1429411041528535
02 structure_references 14 32 1090 1429411041573513
03 biomes 14 32 1090 1429411045459208
02 structure_references 14 24 1090 1429411045568720
03 biomes 14 24 1090 1429411048969437
04 noise 12 33 1090 1429411068314666
04 noise 12 34 1090 1429411089582768
04 noise 13 25 1090 1429411099944438
04 noise 13 26 1090 1429411109592607
04 noise 13 27 1090 1429411120429199
04 noise 13 28 1090 1429411131272774
04 noise 13 29 1090 1429411142566407
04 noise 13 24 1090 1429411153356065
01 structure_starts 22 41 1090 1429411153486249
02 structure_references 14 33 1090 1429411153562795
03 biomes 14 33 1090 1429411156829138
04 noise 13 20 1090 1429411165923884
04 noise 13 21 1090 1429411174876434
04 noise 13 22 1090 1429411183429211
04 noise 13 23 1090 1429411192181176
05 surface 13 21 1090 1429411196133920
05 surface 13 22 1090 1429411199944467
05 surface 13 23 1090 1429411203915090
05 surface 13 24 1090 1429411208624076
05 surface 13 25 1090 1429411212694433
06 carvers 13 21 1090 1429411213400669
06 carvers 13 22 1090 1429411214109978
06 carvers 13 23 1090 1429411214965395
06 carvers 13 24 1090 1429411215762984
06 carvers 13 25 1090 1429411216178122
07 features 12 22 1091 1429411218813098
07 features 12 23 1092 1429411221395553
07 features 12 24 1093 1429411224118809
05 surface 13 26 1093 1429411228687833
06 carvers 13 26 1093 1429411229220025
07 features 12 25 1094 1429411231740740
05 surface 12 33 1094 1429411235830932
06 carvers 12 33 1094 1429411237299836
07 features 11 32 1095 1429411242475363
05 surface 13 27 1095 1429411247705925
06 carvers 13 27 1095 1429411248746003
07 features 12 26 1096 1429411251621513
01 structure_starts 22 42 1096 1429411251845564
02 structure_references 14 34 1096 1429411251933564
03 biomes 14 34 1096 1429411255159957
05 surface 13 20 1096 1429411258480217
06 carvers 13 20 1096 1429411258753437
07 features 12 19 1097 1429411261063790
07 features 12 20 1098 1429411263352633
07 features 12 21 1099 1429411265622478
04 noise 12 35 1099 1429411300799075
04 noise 13 30 1099 1429411312164505
04 noise 13 31 1099 1429411326138372
05 surface 12 34 1099 1429411329815382
06 carvers 12 34 1099 1429411330928933
07 features 11 33 1100 1429411335488738
05 surface 13 28 1100 1429411339952721
05 surface 13 29 1100 1429411343457362
06 carvers 13 28 1100 1429411344098506
06 carvers 13 29 1100 1429411344460843
07 features 12 27 1101 1429411347135210
07 features 12 28 1102 1429411349877183
04 noise 13 32 1102 1429411364971306
04 noise 13 33 1102 1429411381987743
05 surface 12 35 1102 1429411385733756
06 carvers 12 35 1102 1429411386701758
07 features 11 34 1103 1429411390103034
05 surface 13 30 1103 1429411393305681
06 carvers 13 30 1103 1429411394245746
07 features 12 29 1104 1429411397878616
05 surface 13 31 1104 1429411401974954
06 carvers 13 31 1104 1429411406735902
07 features 12 30 1105 1429411409359704
05 surface 13 32 1105 1429411412804281
06 carvers 13 32 1105 1429411414051649
07 features 12 31 1106 1429411416797533
05 surface 13 33 1106 1429411420343521
06 carvers 13 33 1106 1429411421459027
07 features 12 32 1107 1429411426741551
09 light 9 29 1107 1429411428684539
10 spawn 9 29 1107 1429411428729796
11 full 9 29 1107 1429411428953568
09 light 10 18 1107 1429411441077755
09 light 10 19 1107 1429411441102898
09 light 10 20 1107 1429411441118263
09 light 10 21 1107 1429411441133628
09 light 10 22 1107 1429411441148434
09 light 10 23 1107 1429411441163800
09 light 10 24 1107 1429411441187266
09 light 10 25 1107 1429411441200955
09 light 10 26 1107 1429411441213806
09 light 9 30 1107 1429411441226377
09 light 10 27 1107 1429411441242860
09 light 10 28 1107 1429411441255711
09 light 9 31 1107 1429411441268282
09 light 10 29 1107 1429411441280854
09 light 9 32 1107 1429411441293705
09 light 10 30 1107 1429411441308511
09 light 9 33 1107 1429411441325273
08 initialize_light 12 22 1107 1429411441344270
08 initialize_light 12 23 1107 1429411441362708
08 initialize_light 12 24 1107 1429411441380308
08 initialize_light 12 25 1107 1429411441397070
08 initialize_light 11 32 1107 1429411441411876
08 initialize_light 12 26 1107 1429411441426683
08 initialize_light 12 19 1107 1429411441440651
08 initialize_light 12 20 1107 1429411441455457
08 initialize_light 12 21 1107 1429411441469984
08 initialize_light 11 33 1107 1429411441483673
08 initialize_light 12 27 1107 1429411441498759
08 initialize_light 12 28 1107 1429411441513007
08 initialize_light 11 34 1107 1429411441530048
08 initialize_light 12 29 1107 1429411441546530
08 initialize_light 12 30 1107 1429411441564130
08 initialize_light 12 31 1107 1429411441580613
08 initialize_light 12 32 1107 1429411441598213
10 spawn 9 30 1107 1429411441669731
10 spawn 10 18 1107 1429411441718340
10 spawn 10 19 1107 1429411441750467
10 spawn 10 20 1107 1429411441784550
10 spawn 10 21 1107 1429411441818633
11 full 9 30 1107 1429411441847407
10 spawn 10 22 1107 1429411441851877
10 spawn 10 23 1107 1429411441892944
10 spawn 10 24 1107 1429411441951052
10 spawn 10 25 1107 1429411441987928
10 spawn 10 26 1107 1429411442076487
10 spawn 9 31 1107 1429411442121185
11 full 10 18 1107 1429411442148563
10 spawn 10 27 1107 1429411442158620
10 spawn 10 28 1107 1429411442198011
11 full 10 19 1107 1429411442229579
10 spawn 10 29 1107 1429411442239636
10 spawn 9 32 1107 1429411442272043
11 full 10 20 1107 1429411442292995
10 spawn 10 30 1107 1429411442310875
11 full 10 21 1107 1429411442357529
11 full 10 22 1107 1429411442417872
10 spawn 9 33 1107 1429411442553364
11 full 10 23 1107 1429411442777695
11 full 10 24 1107 1429411442840831
11 full 10 25 1107 1429411442902850
11 full 10 26 1107 1429411442960120
11 full 9 31 1107 1429411443117962
09 light 10 31 1107 1429411444237938
09 light 10 32 1107 1429411444260008
10 spawn 10 31 1107 1429411444371755
10 spawn 10 32 1107 1429411444417012
11 full 10 27 1107 1429411444583793
11 full 10 28 1107 1429411444772365
11 full 10 29 1107 1429411445050613
11 full 9 32 1107 1429411445370766
11 full 10 30 1107 1429411445503465
11 full 9 33 1107 1429411446487111
11 full 10 31 1107 1429411449284119
11 full 10 32 1107 1429411449501186
09 light 11 21 1107 1429411453601155
09 light 11 22 1107 1429411453620711
09 light 11 23 1107 1429411453633841
09 light 11 24 1107 1429411453646692
09 light 11 25 1107 1429411453659264
09 light 11 18 1107 1429411453672394
09 light 11 19 1107 1429411453684965
09 light 11 20 1107 1429411453697257
09 light 11 26 1107 1429411453709829
09 light 11 27 1107 1429411453722400
09 light 10 33 1107 1429411453735251
09 light 11 28 1107 1429411453747822
09 light 11 29 1107 1429411453760114
09 light 11 30 1107 1429411453773245
09 light 11 31 1107 1429411453785537
10 spawn 11 18 1107 1429411453893093
11 full 11 18 1107 1429411454067417
01 structure_starts 22 43 1107 1429411454162960
02 structure_references 14 35 1107 1429411454250960
03 biomes 14 35 1107 1429411457672350
10 spawn 11 21 1107 1429411457738839
10 spawn 11 22 1107 1429411457777112
10 spawn 11 23 1107 1429411457803652
11 full 11 21 1107 1429411457813709
10 spawn 11 24 1107 1429411457830471
11 full 11 22 1107 1429411457859246
10 spawn 11 25 1107 1429411457863436
10 spawn 11 19 1107 1429411457898357
11 full 11 23 1107 1429411457904224
10 spawn 11 20 1107 1429411457925735
10 spawn 11 26 1107 1429411457956186
10 spawn 11 27 1107 1429411457984960
11 full 11 24 1107 1429411457985240
10 spawn 11 28 1107 1429411458054243
10 spawn 11 29 1107 1429411458086649
11 full 11 25 1107 1429411458106484
10 spawn 11 30 1107 1429411458113748
10 spawn 11 31 1107 1429411458140288
11 full 11 19 1107 1429411458157329
11 full 11 20 1107 1429411458871667
11 full 11 26 1107 1429411459363909
11 full 11 27 1107 1429411459543541
11 full 11 28 1107 1429411460609041
11 full 11 29 1107 1429411460749003
11 full 11 30 1107 1429411460880305
11 full 11 31 1107 1429411461475075
04 noise 13 34 1107 1429411476937680
05 surface 13 34 1107 1429411482774466
06 carvers 13 34 1107 1429411483777947
07 features 12 33 1108 1429411489582605
01 structure_starts 22 44 1108 1429411490070936
02 structure_references 14 36 1108 1429411490160333
03 biomes 14 36 1108 1429411493512161
10 spawn 10 33 1108 1429411493550434
11 full 10 33 1108 1429411493678104
04 noise 13 35 1108 1429411515400175
05 surface 13 35 1108 1429411518809832
06 carvers 13 35 1108 1429411519559929
07 features 12 34 1109 1429411525298936
08 initialize_light 12 33 1109 1429411526195141
08 initialize_light 12 34 1109 1429411526353821
09 light 11 32 1109 1429411528314408
09 light 11 33 1109 1429411528333405
01 structure_starts 23 29 1109 1429411528468618
02 structure_references 15 21 1109 1429411528548796
03 biomes 15 21 1109 1429411531343290
04 noise 14 20 1109 1429411539200447
05 surface 14 20 1109 1429411542454777
06 carvers 14 20 1109 1429411543335617
07 features 13 19 1110 1429411545581716
01 structure_starts 23 30 1110 1429411549955184
01 structure_starts 23 31 1110 1429411549982562
01 structure_starts 23 32 1110 1429411550049889
01 structure_starts 23 33 1110 1429411550071959
01 structure_starts 23 34 1110 1429411550099616
01 structure_starts 23 35 1110 1429411550118054
01 structure_starts 23 36 1110 1429411550135654
02 structure_references 15 22 1110 1429411550236505
02 structure_references 15 23 1110 1429411550273661
02 structure_references 15 24 1110 1429411550308023
02 structure_references 15 25 1110 1429411550343223
02 structure_references 15 26 1110 1429411550378423
02 structure_references 15 27 1110 1429411550411388
02 structure_references 15 28 1110 1429411550441839
03 biomes 15 22 1110 1429411553666556
03 biomes 15 23 1110 1429411558290615
03 biomes 15 24 1110 1429411561448284
03 biomes 15 25 1110 1429411564367655
03 biomes 15 26 1110 1429411567349603
03 biomes 15 27 1110 1429411570358650
03 biomes 15 28 1110 1429411573377754
01 structure_starts 23 37 1110 1429411573586440
01 structure_starts 23 38 1110 1429411573607392
02 structure_references 15 29 1110 1429411573676395
02 structure_references 15 30 1110 1429411573711037
03 biomes 15 29 1110 1429411576826522
03 biomes 15 30 1110 1429411579913791
01 structure_starts 23 39 1110 1429411580107112
01 structure_starts 23 40 1110 1429411580130020
02 structure_references 15 31 1110 1429411580190083
02 structure_references 15 32 1110 1429411580229195
03 biomes 15 31 1110 1429411583224273
03 biomes 15 32 1110 1429411586182755
04 noise 14 24 1110 1429411595144803
04 noise 14 25 1110 1429411604770344
04 noise 14 26 1110 1429411613865370
04 noise 14 27 1110 1429411623745693
04 noise 14 28 1110 1429411634279172
04 noise 14 21 1110 1429411642233269
04 noise 14 22 1110 1429411650153563
04 noise 14 23 1110 1429411658184765
01 structure_starts 24 29 1110 1429411658426975
02 structure_references 16 21 1110 1429411658507152
03 biomes 16 21 1110 1429411661229849
05 surface 14 21 1110 1429411664873056
06 carvers 14 21 1110 1429411665533197
07 features 13 20 1111 1429411667824833
05 surface 14 22 1111 1429411671636497
06 carvers 14 22 1111 1429411672209196
07 features 13 21 1112 1429411674670407
05 surface 14 23 1112 1429411678918440
06 carvers 14 23 1112 1429411679566568
07 features 13 22 1113 1429411682340110
05 surface 14 24 1113 1429411687165871
06 carvers 14 24 1113 1429411688219079
07 features 13 23 1114 1429411690837573
05 surface 14 25 1114 1429411695905823
05 surface 14 26 1114 1429411700192968
06 carvers 14 25 1114 1429411700895572
06 carvers 14 26 1114 1429411701311827
07 features 13 24 1115 1429411703788962
07 features 13 25 1116 1429411706104623
04 noise 14 29 1116 1429411716709620
04 noise 14 30 1116 1429411728897782
01 structure_starts 23 41 1116 1429411729248386
02 structure_references 15 33 1116 1429411729380805
03 biomes 15 33 1116 1429411733621854
01 structure_starts 23 42 1116 1429411733792826
02 structure_references 15 34 1116 1429411733895632
03 biomes 15 34 1116 1429411737343562
01 structure_starts 23 43 1116 1429411737466483
02 structure_references 15 35 1116 1429411737529340
03 biomes 15 35 1116 1429411741779608
01 structure_starts 24 30 1116 1429411742072663
02 structure_references 16 22 1116 1429411742183571
03 biomes 16 22 1116 1429411745756657
10 spawn 11 32 1116 1429411745830968
11 full 11 32 1116 1429411746115642
05 surface 14 27 1116 1429411751723906
06 carvers 14 27 1116 1429411752983286
07 features 13 26 1117 1429411755798732
08 initialize_light 13 19 1117 1429411756143749
05 surface 14 28 1117 1429411761333523
05 surface 14 29 1117 1429411764621377
06 carvers 14 28 1117 1429411765272019
06 carvers 14 29 1117 1429411765714814
07 features 13 27 1118 1429411768621054
07 features 13 28 1119 1429411771430075
04 noise 14 31 1119 1429411783742275
04 noise 15 20 1119 1429411793601366
05 surface 14 30 1119 1429411797730948
06 carvers 14 30 1119 1429411798715432
07 features 13 29 1120 1429411802554474
04 noise 14 32 1120 1429411812938214
04 noise 14 33 1120 1429411822955984
04 noise 14 34 1120 1429411834442100
04 noise 15 21 1120 1429411842288083
05 surface 14 31 1120 1429411845872064
06 carvers 14 31 1120 1429411850657876
07 features 13 30 1121 1429411854049094
05 surface 15 20 1121 1429411857398129
06 carvers 15 20 1121 1429411857882270
07 features 14 19 1122 1429411860273918
05 surface 14 32 1122 1429411863756490
06 carvers 14 32 1122 1429411865502525
07 features 13 31 1123 1429411868248130
05 surface 14 33 1123 1429411872406207
06 carvers 14 33 1123 1429411873492660
07 features 13 32 1124 1429411877070216
05 surface 14 34 1124 1429411880745270
06 carvers 14 34 1124 1429411881478604
07 features 13 33 1125 1429411884958662
05 surface 15 21 1125 1429411888386757
06 carvers 15 21 1125 1429411888894085
07 features 14 20 1126 1429411891251371
01 structure_starts 24 31 1126 1429411891449162
01 structure_starts 24 32 1126 1429411891469277
02 structure_references 16 23 1126 1429411891546102
02 structure_references 16 24 1126 1429411891577950
03 biomes 16 23 1126 1429411894678349
03 biomes 16 24 1126 1429411898751779
01 structure_starts 24 33 1126 1429411898877214
01 structure_starts 24 34 1126 1429411898899842
01 structure_starts 24 35 1126 1429411898918001
01 structure_starts 24 36 1126 1429411898937557
01 structure_starts 24 37 1126 1429411898954877
02 structure_references 16 25 1126 1429411899050700
02 structure_references 16 26 1126 1429411899085062
02 structure_references 16 27 1126 1429411899116071
02 structure_references 16 28 1126 1429411899145405
02 structure_references 16 29 1126 1429411899184516
03 biomes 16 25 1126 1429411902779113
03 biomes 16 26 1126 1429411905994890
03 biomes 16 27 1126 1429411909344204
03 biomes 16 28 1126 1429411914491515
03 biomes 16 29 1126 1429411917674048
01 structure_starts 24 38 1126 1429411917821553
01 structure_starts 24 39 1126 1429411917841667
02 structure_references 16 30 1126 1429411917893909
02 structure_references 16 31 1126 1429411917926594
03 biomes 16 30 1126 1429411921552480
03 biomes 16 31 1126 1429411924600359
01 structure_starts 24 40 1126 1429411924706238
01 structure_starts 24 41 1126 1429411924726632
02 structure_references 16 32 1126 1429411924773286
02 structure_references 16 33 1126 1429411924809324
03 biomes 16 32 1126 1429411927857203
03 biomes 16 33 1126 1429411931101755
01 structure_starts 23 44 1126 1429411931224955
02 structure_references 15 36 1126 1429411931276358
03 biomes 15 36 1126 1429411934362231
04 noise 15 22 1126 1429411942587312
04 noise 15 23 1126 1429411951841577
04 noise 15 24 1126 1429411962799971
04 noise 15 25 1126 1429411971822641
04 noise 15 26 1126 1429411983926993
04 noise 15 27 1126 1429411995406125
04 noise 15 28 1126 1429412006529625
04 noise 15 29 1126 1429412017577696
04 noise 15 30 1126 1429412028215658
04 noise 15 31 1126 1429412038753887
01 structure_starts 24 42 1126 1429412039052249
02 structure_references 16 34 1126 1429412039156452
03 biomes 16 34 1126 1429412042665284
05 surface 15 22 1126 1429412046540085
06 carvers 15 22 1126 1429412047465064
07 features 14 21 1127 1429412050462936
05 surface 15 23 1127 1429412054913789
05 surface 15 24 1127 1429412059523880
06 carvers 15 23 1127 1429412060567869
06 carvers 15 24 1127 1429412061128276
07 features 14 22 1128 1429412063783646
07 features 14 23 1129 1429412066203790
05 surface 15 25 1129 1429412070865005
06 carvers 15 25 1129 1429412071497768
07 features 14 24 1130 1429412073686039
05 surface 15 26 1130 1429412077714211
05 surface 15 27 1130 1429412082932760
06 carvers 15 26 1130 1429412084185715
06 carvers 15 27 1130 1429412084992523
07 features 14 25 1131 1429412088284287
07 features 14 26 1132 1429412091457881
05 surface 15 28 1132 1429412095904822
05 surface 15 29 1132 1429412101208857
06 carvers 15 28 1132 1429412102445050
06 carvers 15 29 1132 1429412103349077
07 features 14 27 1133 1429412107711370
07 features 14 28 1134 1429412110916252
01 structure_starts 24 43 1134 1429412111286691
02 structure_references 16 35 1134 1429412111383631
03 biomes 16 35 1134 1429412114645783
01 structure_starts 24 44 1134 1429412114776805
02 structure_references 16 36 1134 1429412114839104
03 biomes 16 36 1134 1429412118240101
01 structure_starts 25 29 1134 1429412118450183
02 structure_references 17 21 1134 1429412118529244
03 biomes 17 21 1134 1429412121675459
01 structure_starts 25 30 1134 1429412121798101
02 structure_references 17 22 1134 1429412121854812
03 biomes 17 22 1134 1429412124644836
01 structure_starts 25 31 1134 1429412124750157
02 structure_references 17 23 1134 1429412124799325
03 biomes 17 23 1134 1429412127506378
10 spawn 11 33 1134 1429412127560295
11 full 11 33 1134 1429412127793286
05 surface 15 30 1134 1429412131263286
06 carvers 15 30 1134 1429412132809295
07 features 14 29 1135 1429412137188071
08 initialize_light 13 20 1135 1429412137459894
04 noise 15 32 1135 1429412148889858
04 noise 14 35 1135 1429412161492319
05 surface 15 31 1135 1429412165720796
06 carvers 15 31 1135 1429412168928751
07 features 14 30 1136 1429412172989889
04 noise 15 33 1136 1429412186291602
04 noise 15 34 1136 1429412198768907
04 noise 15 35 1136 1429412211807458
04 noise 16 20 1136 1429412221488313
04 noise 16 21 1136 1429412230627758
04 noise 16 22 1136 1429412239418276
05 surface 15 32 1136 1429412243419070
06 carvers 15 32 1136 1429412245248077
07 features 14 31 1137 1429412248238127
05 surface 14 35 1137 1429412252324966
06 carvers 14 35 1137 1429412253135964
07 features 13 34 1138 1429412257368353
05 surface 15 33 1138 1429412261274442
06 carvers 15 33 1138 1429412262636629
07 features 14 32 1139 1429412266489080
05 surface 15 34 1139 1429412270571450
06 carvers 15 34 1139 1429412272343745
07 features 14 33 1140 1429412276161835
05 surface 15 35 1140 1429412280323544
06 carvers 15 35 1140 1429412281702213
07 features 14 34 1141 1429412285683172
05 surface 16 20 1141 1429412289395103
06 carvers 16 20 1141 1429412290294660
07 features 15 19 1142 1429412292693572
05 surface 16 21 1142 1429412296365833
06 carvers 16 21 1142 1429412297109225
07 features 15 20 1143 1429412299270956
05 surface 16 22 1143 1429412302632283
06 carvers 16 22 1143 1429412303585757
07 features 15 21 1144 1429412305962600
09 light 12 18 1144 1429412308990643
09 light 12 19 1144 1429412309064396
08 initialize_light 13 21 1144 1429412309085907
10 spawn 12 18 1144 1429412309129488
10 spawn 12 19 1144 1429412309182009
11 full 12 18 1144 1429412309439863
11 full 12 19 1144 1429412309802480
08 initialize_light 13 22 1144 1429412310917707
08 initialize_light 13 23 1144 1429412310938660
08 initialize_light 13 24 1144 1429412310954304
09 light 12 20 1144 1429412310969110
08 initialize_light 13 25 1144 1429412310982799
08 initialize_light 13 26 1144 1429412311053199
08 initialize_light 13 27 1144 1429412311075549
08 initialize_light 13 28 1144 1429412311092590
08 initialize_light 13 29 1144 1429412311107396
08 initialize_light 13 30 1144 1429412311122203
08 initialize_light 14 19 1144 1429412311137288
08 initialize_light 13 31 1144 1429412311152374
08 initialize_light 13 32 1144 1429412311166622
08 initialize_light 13 33 1144 1429412311217746
08 initialize_light 14 20 1144 1429412311240374
08 initialize_light 14 21 1144 1429412311259092
08 initialize_light 14 22 1144 1429412311278368
08 initialize_light 14 23 1144 1429412311296247
08 initialize_light 14 24 1144 1429412311313847
08 initialize_light 14 25 1144 1429412311331448
08 initialize_light 14 26 1144 1429412311349606
08 initialize_light 14 27 1144 1429412311366927
08 initialize_light 14 28 1144 1429412311384248
08 initialize_light 14 29 1144 1429412311401568
08 initialize_light 14 30 1144 1429412311418330
08 initialize_light 14 31 1144 1429412311435092
08 initialize_light 13 34 1144 1429412311452133
08 initialize_light 14 32 1144 1429412311469733
08 initialize_light 14 33 1144 1429412311486495
08 initialize_light 14 34 1144 1429412311504095
08 initialize_light 15 19 1144 1429412311520578
08 initialize_light 15 20 1144 1429412311537899
08 initialize_light 15 21 1144 1429412311554940
10 spawn 12 20 1144 1429412311647131
11 full 12 20 1144 1429412311808045
09 light 12 21 1144 1429412329555023
09 light 12 22 1144 1429412329600001
09 light 12 23 1144 1429412329613411
09 light 12 24 1144 1429412329626541
09 light 12 25 1144 1429412329641068
09 light 12 26 1144 1429412329657551
09 light 12 27 1144 1429412329671798
09 light 12 28 1144 1429412329685208
09 light 12 29 1144 1429412329698338
09 light 13 18 1144 1429412329712027
09 light 12 30 1144 1429412329726833
09 light 12 31 1144 1429412329740243
09 light 12 32 1144 1429412329753652
09 light 13 19 1144 1429412329766783
09 light 13 20 1144 1429412329779913
09 light 13 21 1144 1429412329792764
09 light 13 22 1144 1429412329805894
09 light 13 23 1144 1429412329819024
09 light 13 24 1144 1429412329832433
09 light 13 25 1144 1429412329848357
09 light 13 26 1144 1429412329864281
09 light 13 27 1144 1429412329877411
09 light 13 28 1144 1429412329890262
09 light 13 29 1144 1429412329903672
09 light 13 30 1144 1429412329916523
09 light 12 33 1144 1429412329929653
09 light 13 31 1144 1429412329943342
09 light 13 32 1144 1429412329957869
09 light 13 33 1144 1429412329971278
09 light 14 18 1144 1429412329983850
09 light 14 19 1144 1429412329996421
09 light 14 20 1144 1429412330056764
10 spawn 12 21 1144 1429412330129399
10 spawn 12 22 1144 1429412330169628
10 spawn 12 23 1144 1429412330202872
10 spawn 12 24 1144 1429412330235837
10 spawn 12 25 1144 1429412330307914
10 spawn 12 26 1144 1429412330345907
10 spawn 12 27 1144 1429412330385857
10 spawn 12 28 1144 1429412330413793
10 spawn 12 29 1144 1429412330442289
10 spawn 13 18 1144 1429412330471901
10 spawn 12 30 1144 1429412330498162
10 spawn 12 31 1144 1429412330524981
10 spawn 12 32 1144 1429412330558225
10 spawn 13 19 1144 1429412330585044
10 spawn 13 20 1144 1429412330612981
10 spawn 13 21 1144 1429412330639241
10 spawn 13 22 1144 1429412330665222
10 spawn 13 23 1144 1429412330690924
10 spawn 13 24 1144 1429412330718302
10 spawn 13 25 1144 1429412330750149
10 spawn 13 26 1144 1429412330777248
10 spawn 13 27 1144 1429412330814403
10 spawn 13 28 1144 1429412330840943
10 spawn 13 29 1144 1429412330867204
10 spawn 13 30 1144 1429412330893464
10 spawn 12 33 1144 1429412330927826
10 spawn 13 31 1144 1429412330956321
10 spawn 13 32 1144 1429412330983420
10 spawn 13 33 1144 1429412331056334
10 spawn 14 18 1144 1429412331089020
10 spawn 14 19 1144 1429412331115560
10 spawn 14 20 1144 1429412331142658
11 full 12 21 1144 1429412332231904
11 full 12 22 1144 1429412332565467
11 full 12 23 1144 1429412332720515
11 full 12 24 1144 1429412332864668
11 full 12 25 1144 1429412333059944
11 full 12 26 1144 1429412333217227
11 full 12 27 1144 1429412333364173
11 full 12 28 1144 1429412333508326
11 full 12 29 1144 1429412333664491
11 full 13 18 1144 1429412333817584
11 full 12 30 1144 1429412333877927
11 full 12 31 1144 1429412334069013
11 full 12 32 1144 1429412334399502
11 full 13 19 1144 1429412334448950
11 full 13 20 1144 1429412334576620
11 full 13 21 1144 1429412334754855
11 full 13 22 1144 1429412334892024
11 full 13 23 1144 1429412335073891
11 full 13 24 1144 1429412335217484
11 full 13 25 1144 1429412335349345
11 full 13 26 1144 1429412335478412
11 full 13 27 1144 1429412335611669
11 full 13 28 1144 1429412335747441
11 full 13 29 1144 1429412335936851
11 full 13 30 1144 1429412336127937
11 full 12 33 1144 1429412336314274
11 full 13 31 1144 1429412336371823
11 full 13 32 1144 1429412336607049
11 full 13 33 1144 1429412337246796
11 full 14 18 1144 1429412337309933
11 full 14 19 1144 1429412337439279
11 full 14 20 1144 1429412337606898
01 structure_starts 25 32 1144 1429412347545888
02 structure_references 17 24 1144 1429412347723285
03 biomes 17 24 1144 1429412351642784
04 noise 16 23 1144 1429412363623657
05 surface 16 23 1144 1429412367156234
06 carvers 16 23 1144 1429412368427907
07 features 15 22 1145 1429412371697881
01 structure_starts 25 33 1145 1429412371985348
01 structure_starts 26 29 1145 1429412372083405
01 structure_starts 26 30 1145 1429412372110783
01 structure_starts 26 31 1145 1429412372130618
01 structure_starts 26 32 1145 1429412372148218
01 structure_starts 26 33 1145 1429412372176155
02 structure_references 17 25 1145 1429412372308574
02 structure_references 18 21 1145 1429412372363330
02 structure_references 18 22 1145 1429412372394619
02 structure_references 18 23 1145 1429412372423673
02 structure_references 18 24 1145 1429412372452447
02 structure_references 18 25 1145 1429412372481222
03 biomes 17 25 1145 1429412376414410
03 biomes 18 21 1145 1429412379641082
03 biomes 18 22 1145 1429412382391995
03 biomes 18 23 1145 1429412385343213
03 biomes 18 24 1145 1429412388249733
03 biomes 18 25 1145 1429412392689690
08 initialize_light 15 22 1145 1429412392931341
04 noise 16 24 1145 1429412403086839
01 structure_starts 25 34 1145 1429412403365367
02 structure_references 17 26 1145 1429412403450853
03 biomes 17 26 1145 1429412408725554
01 structure_starts 25 35 1145 1429412408945694
02 structure_references 17 27 1145 1429412409097669
03 biomes 17 27 1145 1429412414147202
01 structure_starts 25 36 1145 1429412414359799
01 structure_starts 25 37 1145 1429412414383545
02 structure_references 17 28 1145 1429412414481603
02 structure_references 17 29 1145 1429412414533006
03 biomes 17 28 1145 1429412418588836
03 biomes 17 29 1145 1429412422724284
04 noise 16 25 1145 1429412432047552
04 noise 16 26 1145 1429412442871851
04 noise 16 27 1145 1429412455060851
01 structure_starts 25 38 1145 1429412455336864
02 structure_references 17 30 1145 1429412455422350
03 biomes 17 30 1145 1429412458591194
01 structure_starts 25 39 1145 1429412458708248
01 structure_starts 25 40 1145 1429412458728362
02 structure_references 17 31 1145 1429412458781162
02 structure_references 17 32 1145 1429412458820553
03 biomes 17 31 1145 1429412462584166
03 biomes 17 32 1145 1429412466871031
04 noise 16 28 1145 1429412480486472
04 noise 16 29 1145 1429412492629655
04 noise 16 30 1145 1429412503880825
01 structure_starts 25 41 1145 1429412504273892
01 structure_starts 25 42 1145 1429412504310210
02 structure_references 17 33 1145 1429412504410223
02 structure_references 17 34 1145 1429412504459671
03 biomes 17 33 1145 1429412507756184
03 biomes 17 34 1145 1429412510940952
04 noise 16 31 1145 1429412521296196
04 noise 16 32 1145 1429412531260329
01 structure_starts 25 43 1145 1429412531504215
02 structure_references 17 35 1145 1429412531598082
03 biomes 17 35 1145 1429412535096298
04 noise 17 20 1145 1429412543301265
04 noise 17 21 1145 1429412551378562
04 noise 17 22 1145 1429412559521510
04 noise 17 23 1145 1429412567739607
04 noise 17 24 1145 1429412576413909
05 surface 16 24 1145 1429412579838093
06 carvers 16 24 1145 1429412580688202
07 features 15 23 1146 1429412583232105
05 surface 16 25 1146 1429412586618296
06 carvers 16 25 1146 1429412587308608
07 features 15 24 1147 1429412589710593
05 surface 16 26 1147 1429412592776072
06 carvers 16 26 1147 1429412593347933
07 features 15 25 1148 1429412596247189
05 surface 16 27 1148 1429412599961913
05 surface 16 28 1148 1429412603740892
06 carvers 16 27 1148 1429412604569769
06 carvers 16 28 1148 1429412605080170
07 features 15 26 1149 1429412614314879
07 features 15 27 1150 1429412617187037
05 surface 16 29 1150 1429412620823539
06 carvers 16 29 1150 1429412621700747
07 features 15 28 1151 1429412624544968
05 surface 16 30 1151 1429412628534587
05 surface 16 31 1151 1429412632615839
06 carvers 16 30 1151 1429412633947296
06 carvers 16 31 1151 1429412636487008
07 features 15 29 1152 1429412639183445
07 features 15 30 1153 1429412641796910
04 noise 16 33 1153 1429412652596345
05 surface 16 32 1153 1429412656602448
06 carvers 16 32 1153 1429412657371262
07 features 15 31 1154 1429412660180562
04 noise 16 34 1154 1429412670880823
05 surface 17 20 1154 1429412674665109
06 carvers 17 20 1154 1429412675276640
07 features 16 19 1155 1429412678130081
05 surface 17 21 1155 1429412682506342
06 carvers 17 21 1155 1429412683158661
07 features 16 20 1156 1429412685614285
05 surface 17 22 1156 1429412689245199
06 carvers 17 22 1156 1429412690579728
07 features 16 21 1157 1429412692839796
05 surface 17 23 1157 1429412696575473
06 carvers 17 23 1157 1429412697269696
07 features 16 22 1158 1429412708129754
05 surface 17 24 1158 1429412711401125
06 carvers 17 24 1158 1429412712047856
07 features 16 23 1159 1429412714514096
05 surface 16 33 1159 1429412718154229
06 carvers 16 33 1159 1429412719493508
07 features 15 32 1160 1429412723112130
05 surface 16 34 1160 1429412727279706
06 carvers 16 34 1160 1429412729081614
07 features 15 33 1161 1429412732131448
01 structure_starts 26 34 1161 1429412732416122
02 structure_references 18 26 1161 1429412732492668
03 biomes 18 26 1161 1429412735762642
01 structure_starts 26 35 1161 1429412735868801
02 structure_references 18 27 1161 1429412735919646
03 biomes 18 27 1161 1429412739730472
01 structure_starts 26 36 1161 1429412739851716
02 structure_references 18 28 1161 1429412739916529
03 biomes 18 28 1161 1429412743958670
01 structure_starts 26 37 1161 1429412744121260
01 structure_starts 26 38 1161 1429412744144168
02 structure_references 18 29 1161 1429412744198365
02 structure_references 18 30 1161 1429412744232727
03 biomes 18 29 1161 1429412747369723
03 biomes 18 30 1161 1429412750703952
04 noise 17 25 1161 1429412759854571
04 noise 17 26 1161 1429412769927936
04 noise 17 27 1161 1429412780434037
04 noise 17 28 1161 1429412791711747
01 structure_starts 26 39 1161 1429412791988598
02 structure_references 18 31 1161 1429412792135265
03 biomes 18 31 1161 1429412795536820
01 structure_starts 26 40 1161 1429412795730700
01 structure_starts 26 41 1161 1429412795780986
02 structure_references 18 32 1161 1429412795888821
02 structure_references 18 33 1161 1429412795929329
03 biomes 18 32 1161 1429412799105716
03 biomes 18 33 1161 1429412802135156
04 noise 17 29 1161 1429412813275976
04 noise 17 30 1161 1429412823810014
04 noise 17 31 1161 1429412834696891
01 structure_starts 26 42 1161 1429412834947203
01 structure_starts 26 43 1161 1429412834967596
02 structure_references 18 34 1161 1429412835105603
02 structure_references 18 35 1161 1429412835165108
03 biomes 18 34 1161 1429412838507717
03 biomes 18 35 1161 1429412841793895
01 structure_starts 25 44 1161 1429412841911787
02 structure_references 17 36 1161 1429412841958720
03 biomes 17 36 1161 1429412845472022
04 noise 17 32 1161 1429412855163773
04 noise 17 33 1161 1429412865058902
01 structure_starts 26 44 1161 1429412865170369
02 structure_references 18 36 1161 1429412865231550
03 biomes 18 36 1161 1429412869225360
01 structure_starts 27 29 1161 1429412869450808
01 structure_starts 27 30 1161 1429412869473437
02 structure_references 19 21 1161 1429412869556967
02 structure_references 19 22 1161 1429412869587418
03 biomes 19 21 1161 1429412872326039
03 biomes 19 22 1161 1429412874859885
01 structure_starts 27 31 1161 1429412874979174
02 structure_references 19 23 1161 1429412875061866
03 biomes 19 23 1161 1429412878237135
01 structure_starts 27 32 1161 1429412878354189
02 structure_references 19 24 1161 1429412878402799
03 biomes 19 24 1161 1429412881147007
01 structure_starts 27 33 1161 1429412881271604
02 structure_references 19 25 1161 1429412881318258
03 biomes 19 25 1161 1429412884345184
01 structure_starts 27 34 1161 1429412884444639
02 structure_references 19 26 1161 1429412884506378
03 biomes 19 26 1161 1429412888101534
04 noise 18 20 1161 1429412896561562
05 surface 17 25 1161 1429412900168172
06 carvers 17 25 1161 1429412900859602
07 features 16 24 1162 1429412903489829
05 surface 17 26 1162 1429412906910381
06 carvers 17 26 1162 1429412907514649
07 features 16 25 1163 1429412910804178
05 surface 17 27 1163 1429412914817265
06 carvers 17 27 1163 1429412915620162
07 features 16 26 1164 1429412918568865
05 surface 17 28 1164 1429412923164988
05 surface 17 29 1164 1429412927636793
06 carvers 17 28 1164 1429412930325687
06 carvers 17 29 1164 1429412930954259
07 features 16 27 1165 1429412934856717
07 features 16 28 1166 1429412938345155
05 surface 17 30 1166 1429412943656174
06 carvers 17 30 1166 1429412944340061
07 features 16 29 1167 1429412948464056
05 surface 17 31 1167 1429412953564713
05 surface 17 32 1167 1429412957160986
06 carvers 17 31 1167 1429412957833698
06 carvers 17 32 1167 1429412958746106
07 features 16 30 1168 1429412961804880
07 features 16 31 1169 1429412964109646
04 noise 17 34 1169 1429412976169021
04 noise 16 35 1169 1429412990325592
05 surface 17 33 1169 1429412993498906
06 carvers 17 33 1169 1429412995257792
07 features 16 32 1170 1429412997869860
04 noise 17 35 1170 1429413009236966
04 noise 18 21 1170 1429413017158936
04 noise 18 22 1170 1429413025301884
04 noise 18 23 1170 1429413033488693
04 noise 18 24 1170 1429413042923707
04 noise 18 25 1170 1429413051744954
05 surface 18 20 1170 1429413054981684
06 carvers 18 20 1170 1429413055749381
07 features 17 19 1171 1429413057640965
05 surface 17 34 1171 1429413060712869
06 carvers 17 34 1171 1429413061740376
07 features 16 33 1172 1429413063913002
05 surface 16 35 1172 1429413067168728
06 carvers 16 35 1172 1429413069854549
07 features 15 34 1173 1429413073209171
05 surface 17 35 1173 1429413076384440
06 carvers 17 35 1173 1429413077328417
07 features 16 34 1174 1429413080367635
05 surface 18 21 1174 1429413083612187
06 carvers 18 21 1174 1429413084149686
07 features 17 20 1175 1429413085930362
05 surface 18 22 1175 1429413089072946
06 carvers 18 22 1175 1429413089512667
07 features 17 21 1176 1429413091605674
05 surface 18 23 1176 1429413094744905
06 carvers 18 23 1176 1429413095211446
07 features 17 22 1177 1429413097505317
05 surface 18 24 1177 1429413101179253
06 carvers 18 24 1177 1429413101614784
07 features 17 23 1178 1429413104210929
05 surface 18 25 1178 1429413107761107
06 carvers 18 25 1178 1429413108389400
07 features 17 24 1179 1429413110727969
09 light 14 21 1179 1429413112660062
10 spawn 14 21 1179 1429413112714538
11 full 14 21 1179 1429413112920989
08 initialize_light 15 23 1179 1429413112944456
08 initialize_light 15 24 1179 1429413115196142
09 light 14 22 1179 1429413115221285
08 initialize_light 15 25 1179 1429413115235812
08 initialize_light 15 26 1179 1429413115250898
08 initialize_light 15 27 1179 1429413115266263
08 initialize_light 15 28 1179 1429413115280511
08 initialize_light 15 29 1179 1429413115298390
08 initialize_light 15 30 1179 1429413115316828
08 initialize_light 15 31 1179 1429413115333311
08 initialize_light 16 19 1179 1429413115347559
08 initialize_light 16 20 1179 1429413115362644
08 initialize_light 16 21 1179 1429413115376892
08 initialize_light 16 22 1179 1429413115391419
08 initialize_light 16 23 1179 1429413115407063
08 initialize_light 15 32 1179 1429413115424384
08 initialize_light 15 33 1179 1429413115439749
08 initialize_light 16 24 1179 1429413115454276
08 initialize_light 16 25 1179 1429413115468244
08 initialize_light 16 26 1179 1429413115482492
08 initialize_light 16 27 1179 1429413115497298
08 initialize_light 16 28 1179 1429413115515457
08 initialize_light 16 29 1179 1429413115531940
08 initialize_light 16 30 1179 1429413115546746
08 initialize_light 16 31 1179 1429413115560435
08 initialize_light 16 32 1179 1429413115574124
08 initialize_light 17 19 1179 1429413115591165
08 initialize_light 16 33 1179 1429413115608486
08 initialize_light 15 34 1179 1429413115623292
08 initialize_light 16 34 1179 1429413115636702
08 initialize_light 17 20 1179 1429413115650111
08 initialize_light 17 21 1179 1429413115664080
08 initialize_light 17 22 1179 1429413115680283
08 initialize_light 17 23 1179 1429413115697324
08 initialize_light 17 24 1179 1429413115712689
10 spawn 14 22 1179 1429413115790912
11 full 14 22 1179 1429413116067204
09 light 14 23 1179 1429413134415936
09 light 14 24 1179 1429413134459796
09 light 14 25 1179 1429413134474882
09 light 14 26 1179 1429413134488012
09 light 14 27 1179 1429413134502539
09 light 14 28 1179 1429413134519022
09 light 14 29 1179 1429413134534387
09 light 14 30 1179 1429413134550311
09 light 15 18 1179 1429413134572939
09 light 15 19 1179 1429413134588304
09 light 15 20 1179 1429413134601155
09 light 15 21 1179 1429413134614006
09 light 15 22 1179 1429413134627136
09 light 14 31 1179 1429413134639708
09 light 14 32 1179 1429413134652559
09 light 15 23 1179 1429413134665130
09 light 15 24 1179 1429413134677981
09 light 15 25 1179 1429413134690273
09 light 15 26 1179 1429413134703124
09 light 15 27 1179 1429413134719327
09 light 15 28 1179 1429413134734692
09 light 15 29 1179 1429413134750057
09 light 15 30 1179 1429413134765143
09 light 15 31 1179 1429413134779949
09 light 16 18 1179 1429413134795035
09 light 15 32 1179 1429413134809562
09 light 14 33 1179 1429413134824368
09 light 15 33 1179 1429413134839175
09 light 16 19 1179 1429413134853702
09 light 16 20 1179 1429413134869626
09 light 16 21 1179 1429413134884711
09 light 16 22 1179 1429413134899797
09 light 16 23 1179 1429413134914324
10 spawn 14 23 1179 1429413134987797
10 spawn 14 24 1179 1429413135092559
10 spawn 14 25 1179 1429413135135582
11 full 14 23 1179 1429413135157931
10 spawn 14 26 1179 1429413135171061
10 spawn 14 27 1179 1429413135212687
10 spawn 14 28 1179 1429413135285880
10 spawn 14 29 1179 1429413135326109
10 spawn 14 30 1179 1429413135362147
10 spawn 15 18 1179 1429413135395950
10 spawn 15 19 1179 1429413135433106
10 spawn 15 20 1179 1429413135471658
11 full 14 24 1179 1429413135485347
10 spawn 15 21 1179 1429413135503227
10 spawn 15 22 1179 1429413135546528
10 spawn 14 31 1179 1429413135585081
10 spawn 14 32 1179 1429413135625310
10 spawn 15 23 1179 1429413135657716
10 spawn 15 24 1179 1429413135695710
11 full 14 25 1179 1429413135703253
10 spawn 15 26 1179 1429413135731189
11 full 14 26 1179 1429413135862770
01 structure_starts 27 35 1179 1429413135995190
02 structure_references 19 27 1179 1429413136164764
11 full 14 27 1179 1429413136454746
11 full 14 28 1179 1429413136596664
11 full 14 29 1179 1429413136742772
11 full 14 30 1179 1429413136877426
11 full 15 18 1179 1429413137040855
11 full 15 19 1179 1429413137086112
11 full 15 20 1179 1429413137123547
11 full 15 21 1179 1429413137322735
11 full 15 22 1179 1429413137361287
11 full 14 31 1179 1429413137402354
11 full 14 32 1179 1429413137808831
11 full 15 23 1179 1429413137846825
11 full 15 24 1179 1429413137966673
11 full 15 26 1179 1429413138890535
03 biomes 19 27 1179 1429413140099908
04 noise 18 26 1179 1429413148916686
05 surface 18 26 1179 1429413152324108
06 carvers 18 26 1179 1429413153465037
07 features 17 25 1180 1429413163114604
10 spawn 15 25 1180 1429413163238083
10 spawn 15 27 1180 1429413163273842
10 spawn 15 28 1180 1429413163301779
11 full 15 25 1180 1429413163306807
10 spawn 15 29 1180 1429413163328877
10 spawn 15 30 1180 1429413163356255
10 spawn 15 31 1180 1429413163385030
10 spawn 16 18 1180 1429413163438947
10 spawn 15 32 1180 1429413163468281
10 spawn 14 33 1180 1429413163499290
10 spawn 15 33 1180 1429413163539239
10 spawn 16 19 1180 1429413163571367
10 spawn 16 20 1180 1429413163598186
10 spawn 16 21 1180 1429413163625843
10 spawn 16 22 1180 1429413163652941
10 spawn 16 23 1180 1429413163684789
11 full 15 27 1180 1429413163816650
11 full 15 28 1180 1429413163993488
11 full 15 29 1180 1429413164205526
08 initialize_light 17 25 1180 1429413164211114
11 full 15 30 1180 1429413164798340
11 full 15 31 1180 1429413164970988
11 full 16 18 1180 1429413165872501
11 full 15 32 1180 1429413166067777
09 light 16 24 1180 1429413166100184
11 full 14 33 1180 1429413166117784
11 full 15 33 1180 1429413166178965
11 full 16 19 1180 1429413166212209
10 spawn 16 24 1180 1429413166331778
11 full 16 20 1180 1429413166392959
11 full 16 21 1180 1429413166567842
11 full 16 22 1180 1429413166802230
11 full 16 23 1180 1429413167068744
11 full 16 24 1180 1429413169227402
01 structure_starts 27 36 1180 1429413169955150
02 structure_references 19 28 1180 1429413170088407
03 biomes 19 28 1180 1429413173785531
04 noise 18 27 1180 1429413182369039
05 surface 18 27 1180 1429413185989896
06 carvers 18 27 1180 1429413187514115
07 features 17 26 1181 1429413190507238
01 structure_starts 28 29 1181 1429413190747492
01 structure_starts 28 30 1181 1429413190769282
01 structure_starts 28 31 1181 1429413190787441
01 structure_starts 28 32 1181 1429413190806438
01 structure_starts 28 33 1181 1429413190824318
02 structure_references 20 21 1181 1429413190903378
02 structure_references 20 22 1181 1429413190937461
02 structure_references 20 23 1181 1429413190970426
02 structure_references 20 24 1181 1429413191047810
02 structure_references 20 25 1181 1429413191084407
03 biomes 20 21 1181 1429413193762685
03 biomes 20 22 1181 1429413196407159
03 biomes 20 23 1181 1429413199066161
03 biomes 20 24 1181 1429413201751144
03 biomes 20 25 1181 1429413204489206
01 structure_starts 28 34 1181 1429413204657663
01 structure_starts 28 35 1181 1429413204677778
02 structure_references 20 26 1181 1429413204735606
02 structure_references 20 27 1181 1429413204772482
03 biomes 20 26 1181 1429413208104755
03 biomes 20 27 1181 1429413211106818
01 structure_starts 27 37 1181 1429413211260748
01 structure_starts 28 36 1181 1429413211284774
01 structure_starts 28 37 1181 1429413211302374
02 structure_references 19 29 1181 1429413211354894
02 structure_references 20 28 1181 1429413211389536
02 structure_references 20 29 1181 1429413211420266
03 biomes 19 29 1181 1429413214446913
03 biomes 20 28 1181 1429413217426626
03 biomes 20 29 1181 1429413220467520
04 noise 19 20 1181 1429413228700424
04 noise 19 21 1181 1429413236584121
04 noise 19 22 1181 1429413245354524
01 structure_starts 27 38 1181 1429413245644506
02 structure_references 19 30 1181 1429413245761839
03 biomes 19 30 1181 1429413249946736
01 structure_starts 27 39 1181 1429413250163244
02 structure_references 19 31 1181 1429413250242863
03 biomes 19 31 1181 1429413254250363
04 noise 19 23 1181 1429413263481998
04 noise 19 24 1181 1429413273914068
04 noise 19 25 1181 1429413282446172
04 noise 19 26 1181 1429413291308208
04 noise 19 27 1181 1429413300120516
04 noise 18 28 1181 1429413309676215
01 structure_starts 27 40 1181 1429413309944686
02 structure_references 19 32 1181 1429413310125994
03 biomes 19 32 1181 1429413313427816
01 structure_starts 27 41 1181 1429413313523638
02 structure_references 19 33 1181 1429413313575880
03 biomes 19 33 1181 1429413316889714
01 structure_starts 27 42 1181 1429413316983022
02 structure_references 19 34 1181 1429413317089461
03 biomes 19 34 1181 1429413320574546
01 structure_starts 27 43 1181 1429413320664781
02 structure_references 19 35 1181 1429413320713112
03 biomes 19 35 1181 1429413324451861
05 surface 19 20 1181 1429413327714572
06 carvers 19 20 1181 1429413328722244
07 features 18 19 1182 1429413330863581
05 surface 19 21 1182 1429413334184679
06 carvers 19 21 1182 1429413334643397
07 features 18 20 1183 1429413336438880
05 surface 19 22 1183 1429413340253617
05 surface 19 23 1183 1429413343856595
05 surface 19 24 1183 1429413347492817
06 carvers 19 22 1183 1429413347983663
06 carvers 19 23 1183 1429413348386228
06 carvers 19 24 1183 1429413348894674
07 features 18 21 1184 1429413358322145
07 features 18 22 1185 1429413360531089
07 features 18 23 1186 1429413362802051
05 surface 19 25 1186 1429413366460344
05 surface 19 26 1186 1429413371394778
06 carvers 19 25 1186 1429413372443796
06 carvers 19 26 1186 1429413373345309
07 features 18 24 1187 1429413375479662
07 features 18 25 1188 1429413379332392
04 noise 19 28 1188 1429413390266203
04 noise 18 29 1188 1429413400565294
04 noise 18 30 1188 1429413410836170
05 surface 19 27 1188 1429413415711938
06 carvers 19 27 1188 1429413418103307
07 features 18 26 1189 1429413420948925
05 surface 18 28 1189 1429413425170977
06 carvers 18 28 1189 1429413426154064
07 features 17 27 1190 1429413428585383
04 noise 18 31 1190 1429413438170975
04 noise 18 32 1190 1429413447718294
04 noise 18 33 1190 1429413458328878
04 noise 18 34 1190 1429413469215755
05 surface 19 28 1190 1429413473096702
06 carvers 19 28 1190 1429413473915802
07 features 18 27 1191 1429413476967312
05 surface 18 29 1191 1429413481138240
06 carvers 18 29 1191 1429413481685238
07 features 17 28 1192 1429413511715642
05 surface 18 30 1192 1429413516205047
06 carvers 18 30 1192 1429413516812667
07 features 17 29 1193 1429413519870323
05 surface 18 31 1193 1429413524855043
06 carvers 18 31 1193 1429413525824442
07 features 17 30 1194 1429413528140382
05 surface 18 32 1194 1429413531553392
06 carvers 18 32 1194 1429413532423895
07 features 17 31 1195 1429413534840687
05 surface 18 33 1195 1429413537969302
06 carvers 18 33 1195 1429413538782814
07 features 17 32 1196 1429413540952926
05 surface 18 34 1196 1429413544926902
06 carvers 18 34 1196 1429413545590395
07 features 17 33 1197 1429413547930082
01 structure_starts 28 38 1197 1429413548254425
01 structure_starts 29 29 1197 1429413548292140
01 structure_starts 29 30 1197 1429413548313371
01 structure_starts 29 31 1197 1429413548331810
01 structure_starts 29 32 1197 1429413550794697
01 structure_starts 29 33 1197 1429413550818722
01 structure_starts 29 34 1197 1429413553443920
01 structure_starts 29 35 1197 1429413553468225
01 structure_starts 29 36 1197 1429413553488619
01 structure_starts 29 37 1197 1429413553506778
01 structure_starts 29 38 1197 1429413553529127
02 structure_references 20 30 1197 1429413553629978
02 structure_references 21 24 1197 1429413553769940
02 structure_references 21 25 1197 1429413553825254
02 structure_references 21 26 1197 1429413553874143
02 structure_references 21 27 1197 1429413553922753
02 structure_references 21 28 1197 1429413553968010
02 structure_references 21 29 1197 1429413554052379
02 structure_references 21 30 1197 1429413554100429
03 biomes 20 30 1197 1429413558203751
03 biomes 21 24 1197 1429413561834386
03 biomes 21 25 1197 1429413565458037
03 biomes 21 26 1197 1429413568541954
03 biomes 21 27 1197 1429413571839865
03 biomes 21 28 1197 1429413575038601
03 biomes 21 29 1197 1429413578857808
03 biomes 21 30 1197 1429413582244557
01 structure_starts 28 39 1197 1429413582454081
02 structure_references 20 31 1197 1429413582521129
03 biomes 20 31 1197 1429413585720703
02 structure_references 21 21 1197 1429413585873516
02 structure_references 21 22 1197 1429413585903687
02 structure_references 21 23 1197 1429413585931624
03 biomes 21 21 1197 1429413588727235
03 biomes 21 22 1197 1429413591525361
03 biomes 21 23 1197 1429413594117594
04 noise 20 22 1197 1429413602320047
04 noise 20 23 1197 1429413610632011
04 noise 20 24 1197 1429413619137296
04 noise 20 25 1197 1429413627832830
04 noise 20 26 1197 1429413637424568
01 structure_starts 27 44 1197 1429413637629343
02 structure_references 19 36 1197 1429413637704771
03 biomes 19 36 1197 1429413642316259
01 structure_starts 28 40 1197 1429413642475777
01 structure_starts 28 41 1197 1429413642495891
01 structure_starts 28 42 1197 1429413642514329
01 structure_starts 28 43 1197 1429413642541148
02 structure_references 20 32 1197 1429413642595345
02 structure_references 20 33 1197 1429413642620768
02 structure_references 20 34 1197 1429413642644793
02 structure_references 20 35 1197 1429413642668260
03 biomes 20 32 1197 1429413646280177
03 biomes 20 33 1197 1429413650852554
03 biomes 20 34 1197 1429413655431076
03 biomes 20 35 1197 1429413659964901
04 noise 20 20 1197 1429413668890352
04 noise 20 21 1197 1429413677057325
04 noise 19 29 1197 1429413685685811
04 noise 19 30 1197 1429413695109370
04 noise 19 31 1197 1429413704739940
04 noise 19 32 1197 1429413714740390
04 noise 19 33 1197 1429413727304019
01 structure_starts 28 44 1197 1429413727489797
02 structure_references 20 36 1197 1429413727579474
03 biomes 20 36 1197 1429413731662681
05 surface 20 20 1197 1429413735402269
06 carvers 20 20 1197 1429413736245674
07 features 19 19 1198 1429413738610783
05 surface 20 21 1198 1429413742831438
05 surface 20 22 1198 1429413746918556
06 carvers 20 21 1198 1429413747363865
06 carvers 20 22 1198 1429413747651332
07 features 19 20 1199 1429413749730092
07 features 19 21 1200 1429413758517815
04 noise 20 27 1200 1429413769251041
04 noise 20 28 1200 1429413778083184
05 surface 20 23 1200 1429413781410149
06 carvers 20 23 1200 1429413781796791
07 features 19 22 1201 1429413784142624
05 surface 20 24 1201 1429413787705932
06 carvers 20 24 1201 1429413788098720
07 features 19 23 1202 1429413789841402
04 noise 20 29 1202 1429413798515145
05 surface 19 29 1202 1429413802191317
05 surface 19 30 1202 1429413805756580
06 carvers 19 29 1202 1429413806264188
06 carvers 19 30 1202 1429413806710055
07 features 18 28 1203 1429413808887151
07 features 18 29 1204 1429413810833771
05 surface 20 25 1204 1429413814082513
06 carvers 20 25 1204 1429413814413561
07 features 19 24 1205 1429413816299558
05 surface 20 26 1205 1429413819846942
06 carvers 20 26 1205 1429413820430816
07 features 19 25 1206 1429413822643113
04 noise 18 35 1206 1429413832676248
04 noise 19 34 1206 1429413842901308
05 surface 19 31 1206 1429413846461822
06 carvers 19 31 1206 1429413847884911
07 features 18 30 1207 1429413850349194
05 surface 19 32 1207 1429413853855512
06 carvers 19 32 1207 1429413854337697
07 features 18 31 1208 1429413856307783
05 surface 19 33 1208 1429413859807396
06 carvers 19 33 1208 1429413860632921
07 features 18 32 1209 1429413863209230
04 noise 19 35 1209 1429413874255066
05 surface 20 27 1209 1429413879372764
06 carvers 20 27 1209 1429413880394684
07 features 19 26 1210 1429413882852542
05 surface 20 28 1210 1429413886365006
06 carvers 20 28 1210 1429413887168461
07 features 19 27 1211 1429413890066041
05 surface 20 29 1211 1429413893721819
06 carvers 20 29 1211 1429413894678087
07 features 19 28 1212 1429413897122816
05 surface 18 35 1212 1429413900602314
06 carvers 18 35 1212 1429413901487065
07 features 17 34 1213 1429413904633280
05 surface 19 34 1213 1429413908559484
06 carvers 19 34 1213 1429413909639232
07 features 18 33 1214 1429413912962286
05 surface 19 35 1214 1429413916937658
06 carvers 19 35 1214 1429413917795590
07 features 18 34 1215 1429413920349829
08 initialize_light 17 26 1215 1429413921402479
09 light 16 25 1215 1429413923583206
08 initialize_light 18 19 1215 1429413923604438
08 initialize_light 18 20 1215 1429413923620083
08 initialize_light 18 21 1215 1429413923634889
08 initialize_light 18 22 1215 1429413923649416
08 initialize_light 18 23 1215 1429413923663943
08 initialize_light 18 24 1215 1429413923677353
08 initialize_light 18 25 1215 1429413923691880
08 initialize_light 18 26 1215 1429413923705289
08 initialize_light 17 27 1215 1429413923718699
08 initialize_light 18 27 1215 1429413923732667
08 initialize_light 17 28 1215 1429413923746356
08 initialize_light 17 29 1215 1429413923761162
08 initialize_light 17 30 1215 1429413923775969
08 initialize_light 17 31 1215 1429413923790775
08 initialize_light 17 32 1215 1429413923804464
08 initialize_light 17 33 1215 1429413923818153
08 initialize_light 19 19 1215 1429413923833518
08 initialize_light 19 20 1215 1429413923851118
08 initialize_light 19 21 1215 1429413923869277
08 initialize_light 19 22 1215 1429413923887156
08 initialize_light 19 23 1215 1429413923903639
08 initialize_light 18 28 1215 1429413923920121
08 initialize_light 18 29 1215 1429413923937163
08 initialize_light 19 24 1215 1429413923953366
08 initialize_light 19 25 1215 1429413923967893
08 initialize_light 18 30 1215 1429413923981861
08 initialize_light 18 31 1215 1429413923995829
08 initialize_light 18 32 1215 1429413924060922
08 initialize_light 19 26 1215 1429413924079639
08 initialize_light 19 27 1215 1429413924096401
08 initialize_light 19 28 1215 1429413924110928
08 initialize_light 17 34 1215 1429413924124617
08 initialize_light 18 33 1215 1429413924138306
08 initialize_light 18 34 1215 1429413924152274
10 spawn 16 25 1215 1429413924211779
11 full 16 25 1215 1429413924362916
09 light 17 18 1215 1429413943498900
09 light 17 19 1215 1429413943536614
09 light 17 20 1215 1429413943551979
09 light 17 21 1215 1429413943565389
09 light 17 22 1215 1429413943577960
09 light 17 23 1215 1429413943591090
09 light 17 24 1215 1429413943605059
09 light 17 25 1215 1429413943617909
09 light 16 26 1215 1429413943630760
09 light 17 26 1215 1429413943643890
09 light 16 27 1215 1429413943656741
09 light 16 28 1215 1429413943703675
09 light 16 29 1215 1429413943723789
09 light 16 30 1215 1429413943736640
09 light 16 31 1215 1429413943750049
09 light 16 32 1215 1429413943763459
09 light 18 18 1215 1429413943778545
09 light 18 19 1215 1429413943794189
09 light 18 20 1215 1429413943809554
09 light 18 21 1215 1429413943824919
09 light 18 22 1215 1429413943840284
09 light 17 27 1215 1429413943856488
09 light 17 28 1215 1429413943872132
09 light 18 23 1215 1429413943885262
09 light 18 24 1215 1429413943898392
09 light 17 29 1215 1429413943911243
09 light 17 30 1215 1429413943924094
09 light 17 31 1215 1429413943939459
09 light 18 25 1215 1429413943956221
09 light 18 26 1215 1429413943971586
09 light 18 27 1215 1429413943986672
09 light 16 33 1215 1429413944056513
09 light 17 32 1215 1429413944077745
09 light 17 33 1215 1429413944094786
10 spawn 16 26 1215 1429413944166025
10 spawn 17 18 1215 1429413944255142
10 spawn 17 19 1215 1429413944287549
10 spawn 17 20 1215 1429413944314926
10 spawn 17 21 1215 1429413944341746
11 full 16 26 1215 1429413944350127
10 spawn 17 22 1215 1429413944369961
10 spawn 17 23 1215 1429413944400971
10 spawn 17 24 1215 1429413944475562
10 spawn 17 25 1215 1429413944506571
10 spawn 17 26 1215 1429413944533111
10 spawn 16 27 1215 1429413944559930
10 spawn 16 28 1215 1429413944592057
10 spawn 16 29 1215 1429413944619156
10 spawn 16 30 1215 1429413944649606
11 full 17 18 1215 1429413944676146
10 spawn 16 31 1215 1429413944678102
10 spawn 16 32 1215 1429413944712743
11 full 17 19 1215 1429413944732578
10 spawn 17 27 1215 1429413944742076
10 spawn 17 28 1215 1429413944768057
11 full 17 20 1215 1429413944779232
10 spawn 18 18 1215 1429413944816388
11 full 17 21 1215 1429413944824769
10 spawn 18 19 1215 1429413944850750
10 spawn 18 20 1215 1429413944883994
10 spawn 18 21 1215 1429413944911372
10 spawn 18 22 1215 1429413944943778
10 spawn 18 23 1215 1429413944976744
10 spawn 18 24 1215 1429413945062788
10 spawn 17 29 1215 1429413945108883
10 spawn 17 30 1215 1429413945140172
10 spawn 17 31 1215 1429413945167830
10 spawn 18 25 1215 1429413945203868
10 spawn 18 26 1215 1429413945230687
11 full 17 22 1215 1429413945235157
10 spawn 18 27 1215 1429413945257785
10 spawn 16 33 1215 1429413945296058
11 full 17 23 1215 1429413945323436
10 spawn 17 32 1215 1429413945330420
10 spawn 17 33 1215 1429413945365062
11 full 17 24 1215 1429413945373443
11 full 17 25 1215 1429413945429316
11 full 17 26 1215 1429413945483513
11 full 16 27 1215 1429413945558383
11 full 16 28 1215 1429413945747513
11 full 16 29 1215 1429413945968771
11 full 16 30 1215 1429413946201762
11 full 16 31 1215 1429413946387819
11 full 16 32 1215 1429413947573726
11 full 17 27 1215 1429413947686590
11 full 17 28 1215 1429413947883822
11 full 18 18 1215 1429413948153968
11 full 18 19 1215 1429413948318794
11 full 18 20 1215 1429413948358743
11 full 18 21 1215 1429413948398134
11 full 18 22 1215 1429413948439759
11 full 18 23 1215 1429413948472445
11 full 18 24 1215 1429413948503734
11 full 17 29 1215 1429413948540610
11 full 17 30 1215 1429413948706833
11 full 17 31 1215 1429413948838414
11 full 18 25 1215 1429413949682377
11 full 18 26 1215 1429413949815076
11 full 18 27 1215 1429413950151153
11 full 16 33 1215 1429413950307877
11 full 17 32 1215 1429413950349502
11 full 17 33 1215 1429413950647027
01 structure_starts 29 39 1215 1429413954398907
02 structure_references 21 31 1215 1429413954501713
03 biomes 21 31 1215 1429413958330698
04 noise 20 30 1215 1429413968264938
05 surface 20 30 1215 1429413974367679
06 carvers 20 30 1215 1429413976169308
07 features 19 29 1216 1429413979222494
01 structure_starts 29 40 1216 1429413979482304
01 structure_starts 30 29 1216 1429413979538457
01 structure_starts 30 30 1216 1429413979564997
01 structure_starts 30 31 1216 1429413979587346
01 structure_starts 30 32 1216 1429413984918759
01 structure_starts 30 33 1216 1429413984946695
01 structure_starts 30 34 1216 1429413984966810
01 structure_starts 30 35 1216 1429413984987762
01 structure_starts 30 36 1216 1429413985074645
01 structure_starts 30 37 1216 1429413985098950
01 structure_starts 30 38 1216 1429413985120461
01 structure_starts 30 39 1216 1429413985141692
01 structure_starts 30 40 1216 1429413985159851
02 structure_references 21 32 1216 1429413985254556
02 structure_references 22 26 1216 1429413985310150
02 structure_references 22 27 1216 1429413985337528
02 structure_references 22 28 1216 1429413985363229
02 structure_references 22 29 1216 1429413985388652
02 structure_references 22 30 1216 1429413985414633
02 structure_references 22 31 1216 1429413985440055
02 structure_references 22 32 1216 1429413985465198
03 biomes 21 32 1216 1429413989829168
03 biomes 22 26 1216 1429413994545138
03 biomes 22 27 1216 1429413998230529
03 biomes 22 28 1216 1429414002869394
03 biomes 22 29 1216 1429414007583968
03 biomes 22 30 1216 1429414012321729
03 biomes 22 31 1216 1429414017448087
03 biomes 22 32 1216 1429414020645985
08 initialize_light 19 29 1216 1429414020917808
04 noise 20 31 1216 1429414033192014
01 structure_starts 29 41 1216 1429414033469145
02 structure_references 21 33 1216 1429414033556028
03 biomes 21 33 1216 1429414037678626
01 structure_starts 29 42 1216 1429414037803223
02 structure_references 21 34 1216 1429414037855185
03 biomes 21 34 1216 1429414042528412
01 structure_starts 29 43 1216 1429414045144950
02 structure_references 21 35 1216 1429414045202500
03 biomes 21 35 1216 1429414049513111
02 structure_references 22 23 1216 1429414049710063
02 structure_references 22 24 1216 1429414049742749
02 structure_references 22 25 1216 1429414049770406
03 biomes 22 23 1216 1429414053700801
03 biomes 22 24 1216 1429414057273607
03 biomes 22 25 1216 1429414059947695
02 structure_references 22 21 1216 1429414060253879
03 biomes 22 21 1216 1429414062874328
02 structure_references 22 22 1216 1429414063060665
03 biomes 22 22 1216 1429414065698715
04 noise 21 21 1216 1429414075855888
04 noise 21 22 1216 1429414084938064
04 noise 21 23 1216 1429414097586340
04 noise 21 24 1216 1429414106613481
04 noise 21 25 1216 1429414116531518
04 noise 21 26 1216 1429414125427915
04 noise 21 27 1216 1429414134529087
04 noise 21 28 1216 1429414144882096
04 noise 21 29 1216 1429414154377173
04 noise 21 30 1216 1429414162644439
04 noise 21 20 1216 1429414171351426
05 surface 21 20 1216 1429414175367027
05 surface 21 21 1216 1429414178801548
05 surface 21 22 1216 1429414182762393
05 surface 21 23 1216 1429414187254033
06 carvers 21 20 1216 1429414187973120
06 carvers 21 21 1216 1429414188500562
06 carvers 21 22 1216 1429414188860944
06 carvers 21 23 1216 1429414189198417
07 features 20 20 1217 1429414191690638
07 features 20 21 1218 1429414194327290
07 features 20 22 1219 1429414196608031
05 surface 21 24 1219 1429414201204433
06 carvers 21 24 1219 1429414201646948
07 features 20 23 1220 1429414203869301
05 surface 21 25 1220 1429414207984077
05 surface 21 26 1220 1429414212272618
05 surface 21 27 1220 1429414217113185
06 carvers 21 25 1220 1429414217703485
06 carvers 21 26 1220 1429414218129238
06 carvers 21 27 1220 1429414218564769
07 features 20 24 1221 1429414221248355
07 features 20 25 1222 1429414223330746
07 features 20 26 1223 1429414225791677
05 surface 21 28 1223 1429414230259571
05 surface 21 29 1223 1429414233970943
06 carvers 21 28 1223 1429414234779427
06 carvers 21 29 1223 1429414236816840
07 features 20 27 1224 1429414239869747
07 features 20 28 1225 1429414244241819
04 noise 21 31 1225 1429414256423834
05 surface 20 31 1225 1429414261625622
06 carvers 20 31 1225 1429414263270247
07 features 19 30 1226 1429414266876577
04 noise 20 32 1226 1429414277622374
04 noise 20 33 1226 1429414289986536
04 noise 20 34 1226 1429414301202227
07 features 20 19 1227 1429414303428491
05 surface 21 30 1227 1429414307385704
06 carvers 21 30 1227 1429414310687806
07 features 20 29 1228 1429414313051518
05 surface 21 31 1228 1429414316622089
06 carvers 21 31 1228 1429414319228570
07 features 20 30 1229 1429414322271420
05 surface 20 32 1229 1429414325903732
06 carvers 20 32 1229 1429414326849384
07 features 19 31 1230 1429414329432398
05 surface 20 33 1230 1429414332845687
06 carvers 20 33 1230 1429414333976000
07 features 19 32 1231 1429414336465148
05 surface 20 34 1231 1429414339722271
06 carvers 20 34 1231 1429414341342033
07 features 19 33 1232 1429414343787040
01 structure_starts 30 41 1232 1429414344046850
02 structure_references 22 33 1232 1429414344120882
03 biomes 22 33 1232 1429414348069715
01 structure_starts 30 42 1232 1429414348360255
02 structure_references 22 34 1232 1429414348454960
03 biomes 22 34 1232 1429414351983627
01 structure_starts 30 43 1232 1429414352394573
02 structure_references 22 35 1232 1429414352547107
03 biomes 22 35 1232 1429414356264345
01 structure_starts 29 44 1232 1429414356460739
01 structure_starts 30 44 1232 1429414356486441
02 structure_references 21 36 1232 1429414356583101
02 structure_references 22 36 1232 1429414356619419
03 biomes 21 36 1232 1429414360803198
03 biomes 22 36 1232 1429414366547234
04 noise 20 35 1232 1429414378506036
01 structure_starts 31 29 1232 1429414378883739
01 structure_starts 31 30 1232 1429414378908043
01 structure_starts 31 31 1232 1429414379044653
01 structure_starts 31 32 1232 1429414379068120
01 structure_starts 31 33 1232 1429414379086558
01 structure_starts 31 34 1232 1429414379111142
01 structure_starts 31 35 1232 1429414379128742
01 structure_starts 31 36 1232 1429414379146342
01 structure_starts 31 37 1232 1429414379165060
01 structure_starts 31 38 1232 1429414379194114
02 structure_references 23 24 1232 1429414379292451
02 structure_references 23 25 1232 1429414379326254
02 structure_references 23 26 1232 1429414379354749
02 structure_references 23 27 1232 1429414379382686
02 structure_references 23 28 1232 1429414379410622
02 structure_references 23 29 1232 1429414379453365
02 structure_references 23 30 1232 1429414379485492
03 biomes 23 24 1232 1429414382739263
03 biomes 23 25 1232 1429414385695230
03 biomes 23 26 1232 1429414388681648
03 biomes 23 27 1232 1429414392302226
03 biomes 23 28 1232 1429414395221317
03 biomes 23 29 1232 1429414398644384
03 biomes 23 30 1232 1429414401948161
02 structure_references 23 21 1232 1429414402343743
02 structure_references 23 22 1232 1429414402382575
03 biomes 23 21 1232 1429414405596117
03 biomes 23 22 1232 1429414409268378
02 structure_references 23 23 1232 1429414409541318
03 biomes 23 23 1232 1429414413644919
04 noise 22 22 1232 1429414423371311
04 noise 22 23 1232 1429414431877993
04 noise 22 24 1232 1429414440432726
04 noise 22 25 1232 1429414448513376
04 noise 22 26 1232 1429414457110572
04 noise 22 27 1232 1429414468653679
01 structure_starts 31 39 1232 1429414468916003
01 structure_starts 31 40 1232 1429414468937794
02 structure_references 23 31 1232 1429414469054010
02 structure_references 23 32 1232 1429414469250124
03 biomes 23 31 1232 1429414472461432
03 biomes 23 32 1232 1429414476318912
04 noise 22 20 1232 1429414485228439
04 noise 22 21 1232 1429414494229319
05 surface 22 20 1232 1429414497685071
05 surface 22 21 1232 1429414500875426
05 surface 22 22 1232 1429414504146238
05 surface 22 23 1232 1429414507518460
05 surface 22 24 1232 1429414511128143
06 carvers 22 20 1232 1429414511981884
06 carvers 22 21 1232 1429414512546761
06 carvers 22 22 1232 1429414513413633
06 carvers 22 23 1232 1429414513833240
06 carvers 22 24 1232 1429414514264860
07 features 21 21 1233 1429414517127240
07 features 21 22 1234 1429414519402114
07 features 21 23 1235 1429414521481432
05 surface 22 25 1235 1429414525981452
06 carvers 22 25 1235 1429414526648019
07 features 21 24 1236 1429414528779578
04 noise 22 28 1236 1429414538835622
04 noise 22 29 1236 1429414547586190
04 noise 22 30 1236 1429414555931399
01 structure_starts 31 41 1236 1429414556238980
02 structure_references 23 33 1236 1429414556326422
03 biomes 23 33 1236 1429414560157082
07 features 21 19 1237 1429414562461010
04 noise 21 32 1237 1429414572217854
04 noise 21 33 1237 1429414582396539
04 noise 21 34 1237 1429414593455225
04 noise 21 35 1237 1429414604445188
05 surface 20 35 1237 1429414608100128
06 carvers 20 35 1237 1429414609879407
07 features 19 34 1238 1429414612628365
05 surface 22 26 1238 1429414616043330
05 surface 22 27 1238 1429414618995106
05 surface 22 28 1238 1429414622142718
05 surface 22 29 1238 1429414625748211
06 carvers 22 26 1238 1429414626290459
06 carvers 22 27 1238 1429414626607819
06 carvers 22 28 1238 1429414627124086
06 carvers 22 29 1238 1429414629199493
07 features 21 26 1239 1429414631623828
07 features 21 27 1240 1429414634847427
07 features 21 28 1241 1429414637314225
07 features 21 20 1242 1429414639525124
07 features 21 25 1243 1429414641621484
04 noise 22 31 1243 1429414651678924
05 surface 22 30 1243 1429414656390425
06 carvers 22 30 1243 1429414662052886
07 features 21 29 1244 1429414665439914
04 noise 22 32 1244 1429414674528235
05 surface 21 32 1244 1429414679344219
06 carvers 21 32 1244 1429414680837987
07 features 20 31 1245 1429414683410385
05 surface 21 33 1245 1429414687577961
06 carvers 21 33 1245 1429414688780909
07 features 20 32 1246 1429414691247148
05 surface 21 34 1246 1429414694710723
06 carvers 21 34 1246 1429414695534013
07 features 20 33 1247 1429414698060037
05 surface 21 35 1247 1429414701314087
06 carvers 21 35 1247 1429414703690929
07 features 20 34 1248 1429414706126439
05 surface 22 31 1248 1429414710834587
06 carvers 22 31 1248 1429414713453639
07 features 21 30 1249 1429414715973796
05 surface 22 32 1249 1429414720769944
06 carvers 22 32 1249 1429414722143026
07 features 21 31 1250 1429414724490535
09 light 18 28 1250 1429414725765839
10 spawn 18 28 1250 1429414725813611
11 full 18 28 1250 1429414725912786
08 initialize_light 20 20 1250 1429414726759543
08 initialize_light 20 21 1250 1429414726785524
08 initialize_light 20 22 1250 1429414726801447
08 initialize_light 20 23 1250 1429414726818209
08 initialize_light 20 24 1250 1429414726834133
08 initialize_light 20 25 1250 1429414726852571
08 initialize_light 20 26 1250 1429414726870730
08 initialize_light 20 27 1250 1429414726886375
08 initialize_light 20 28 1250 1429414726900343
08 initialize_light 19 30 1250 1429414726913752
08 initialize_light 20 19 1250 1429414726944762
08 initialize_light 20 29 1250 1429414726963759
08 initialize_light 20 30 1250 1429414726979962
08 initialize_light 19 31 1250 1429414726993930
08 initialize_light 19 32 1250 1429414727062934
08 initialize_light 19 33 1250 1429414727079696
08 initialize_light 21 21 1250 1429414727096458
08 initialize_light 21 22 1250 1429414727114616
08 initialize_light 21 23 1250 1429414727132496
08 initialize_light 21 24 1250 1429414727147861
08 initialize_light 21 19 1250 1429414727169372
08 initialize_light 19 34 1250 1429414727195632
08 initialize_light 21 26 1250 1429414727213232
08 initialize_light 21 27 1250 1429414727229994
08 initialize_light 21 28 1250 1429414727245080
08 initialize_light 21 20 1250 1429414727259607
08 initialize_light 21 25 1250 1429414727273296
08 initialize_light 21 29 1250 1429414727287544
08 initialize_light 20 31 1250 1429414727303467
08 initialize_light 20 32 1250 1429414727321906
08 initialize_light 20 33 1250 1429414727337550
08 initialize_light 20 34 1250 1429414727351518
08 initialize_light 21 30 1250 1429414727365207
08 initialize_light 21 31 1250 1429414727863595
09 light 18 29 1250 1429414751347625
09 light 19 19 1250 1429414751386457
09 light 19 20 1250 1429414751400425
09 light 19 21 1250 1429414751412997
09 light 19 22 1250 1429414751425848
09 light 19 23 1250 1429414751438698
09 light 19 24 1250 1429414751450990
09 light 19 25 1250 1429414751463283
09 light 19 26 1250 1429414751475575
09 light 19 27 1250 1429414751488146
09 light 19 18 1250 1429414751500438
09 light 19 28 1250 1429414751512451
09 light 19 29 1250 1429414751525022
09 light 18 30 1250 1429414751537594
09 light 18 31 1250 1429414751550165
09 light 18 32 1250 1429414751562457
09 light 19 30 1250 1429414751575588
09 light 20 20 1250 1429414751588159
09 light 20 21 1250 1429414751601569
09 light 20 22 1250 1429414751614419
09 light 20 23 1250 1429414751627270
09 light 20 18 1250 1429414751640121
09 light 18 33 1250 1429414751652413
09 light 20 25 1250 1429414751664985
09 light 20 26 1250 1429414751677835
09 light 20 27 1250 1429414751690966
09 light 20 19 1250 1429414751703537
09 light 20 24 1250 1429414751715829
09 light 20 28 1250 1429414751728680
09 light 19 31 1250 1429414751742089
09 light 19 32 1250 1429414751754661
09 light 19 33 1250 1429414751766674
09 light 20 29 1250 1429414751778966
09 light 20 30 1250 1429414751791816
10 spawn 18 29 1250 1429414751858026
10 spawn 19 19 1250 1429414751909709
10 spawn 19 20 1250 1429414751942953
10 spawn 19 21 1250 1429414751972007
11 full 18 29 1250 1429414751989328
10 spawn 19 22 1250 1429414752046598
10 spawn 19 23 1250 1429414752084312
10 spawn 19 24 1250 1429414752111411
10 spawn 19 25 1250 1429414752605888
10 spawn 19 26 1250 1429414752644999
10 spawn 19 27 1250 1429414752683272
10 spawn 19 18 1250 1429414752719031
10 spawn 19 28 1250 1429414752755348
10 spawn 19 29 1250 1429414752788593
10 spawn 18 30 1250 1429414752821837
10 spawn 18 31 1250 1429414752864022
11 full 19 19 1250 1429414752865139
10 spawn 18 32 1250 1429414752897545
11 full 19 20 1250 1429414752923247
10 spawn 19 30 1250 1429414752934142
11 full 19 21 1250 1429414752967108
10 spawn 19 31 1250 1429414752967946
11 full 19 22 1250 1429414753060136
11 full 19 23 1250 1429414753306816
11 full 19 24 1250 1429414753369394
11 full 19 25 1250 1429414753428061
11 full 19 26 1250 1429414753482258
01 structure_starts 31 42 1250 1429414753510474
11 full 19 27 1250 1429414753546232
11 full 19 18 1250 1429414753595121
02 structure_references 23 34 1250 1429414753610207
11 full 19 28 1250 1429414753669153
11 full 19 29 1250 1429414753720836
11 full 18 30 1250 1429414753775033
11 full 18 31 1250 1429414754082614
11 full 18 32 1250 1429414755048660
11 full 19 30 1250 1429414755110959
11 full 19 31 1250 1429414755342274
03 biomes 23 34 1250 1429414758647169
10 spawn 20 18 1250 1429414758817302
11 full 20 18 1250 1429414758934636
10 spawn 19 32 1250 1429414759089125
10 spawn 20 22 1250 1429414759128795
10 spawn 20 30 1250 1429414759185227
10 spawn 20 19 1250 1429414759217074
10 spawn 20 26 1250 1429414759244452
10 spawn 20 24 1250 1429414759300605
10 spawn 20 21 1250 1429414759332173
10 spawn 20 27 1250 1429414759359271
10 spawn 20 28 1250 1429414759386649
10 spawn 20 29 1250 1429414759414027
11 full 19 32 1250 1429414759436376
10 spawn 20 23 1250 1429414759446992
11 full 20 22 1250 1429414759488897
10 spawn 20 20 1250 1429414759489176
11 full 20 30 1250 1429414759539742
10 spawn 20 25 1250 1429414759572148
11 full 20 19 1250 1429414759579691
11 full 20 26 1250 1429414759770777
11 full 20 24 1250 1429414759814637
11 full 20 21 1250 1429414759857939
11 full 20 27 1250 1429414759905711
11 full 20 28 1250 1429414759951526
11 full 20 29 1250 1429414759987565
11 full 20 23 1250 1429414760121381
11 full 20 20 1250 1429414760187590
11 full 20 25 1250 1429414760600493
04 noise 22 33 1250 1429414771429262
05 surface 22 33 1250 1429414776403925
06 carvers 22 33 1250 1429414778265617
07 features 21 32 1251 1429414780470649
10 spawn 18 33 1251 1429414781426638
10 spawn 19 33 1251 1429414781476086
11 full 18 33 1251 1429414781535870
11 full 19 33 1251 1429414781617166
08 initialize_light 21 32 1251 1429414783431645
09 light 20 31 1251 1429414783937576
10 spawn 20 31 1251 1429414783978922
11 full 20 31 1251 1429414784110224
01 structure_starts 32 29 1251 1429414784159393
01 structure_starts 32 30 1251 1429414784194313
01 structure_starts 32 31 1251 1429414784215824
01 structure_starts 32 32 1251 1429414784233704
01 structure_starts 32 33 1251 1429414784251024
01 structure_starts 32 34 1251 1429414784268345
01 structure_starts 32 35 1251 1429414784291532
02 structure_references 24 21 1251 1429414784393501
02 structure_references 24 22 1251 1429414784428701
02 structure_references 24 23 1251 1429414784472561
02 structure_references 24 24 1251 1429414784506923
02 structure_references 24 25 1251 1429414784536815
02 structure_references 24 26 1251 1429414784567825
02 structure_references 24 27 1251 1429414784597717
03 biomes 24 21 1251 1429414788193432
03 biomes 24 22 1251 1429414791734111
03 biomes 24 23 1251 1429414794607386
03 biomes 24 24 1251 1429414797639899
03 biomes 24 25 1251 1429414800452273
03 biomes 24 26 1251 1429414803469421
03 biomes 24 27 1251 1429414806537973
04 noise 23 20 1251 1429414817426805
05 surface 23 20 1251 1429414821697746
06 carvers 23 20 1251 1429414823245431
07 features 22 19 1252 1429414826156700
04 noise 23 21 1252 1429414836876796
04 noise 23 22 1252 1429414846509601
04 noise 23 23 1252 1429414854921298
04 noise 23 24 1252 1429414863455079
01 structure_starts 32 36 1252 1429414863749530
02 structure_references 24 28 1252 1429414863844235
03 biomes 24 28 1252 1429414867206679
01 structure_starts 32 37 1252 1429414867409499
01 structure_starts 32 38 1252 1429414867431010
02 structure_references 24 29 1252 1429414867511188
02 structure_references 24 30 1252 1429414867545270
03 biomes 24 29 1252 1429414871056616
03 biomes 24 30 1252 1429414874474654
01 structure_starts 32 39 1252 1429414874741169
01 structure_starts 32 40 1252 1429414874771341
02 structure_references 24 31 1252 1429414874843976
02 structure_references 24 32 1252 1429414874875265
03 biomes 24 31 1252 1429414879463565
03 biomes 24 32 1252 1429414883704893
01 structure_starts 32 41 1252 1429414884059688
01 structure_starts 32 42 1252 1429414884086227
02 structure_references 24 33 1252 1429414884187358
02 structure_references 24 34 1252 1429414884220323
03 biomes 24 33 1252 1429414888321689
03 biomes 24 34 1252 1429414892469430
01 structure_starts 31 43 1252 1429414892762484
02 structure_references 23 35 1252 1429414892860821
03 biomes 23 35 1252 1429414897382912
05 surface 23 21 1252 1429414903471685
05 surface 23 22 1252 1429414908782983
05 surface 23 23 1252 1429414914205748
06 carvers 23 21 1252 1429414915323211
06 carvers 23 22 1252 1429414916254057
06 carvers 23 23 1252 1429414916820610
07 features 22 20 1253 1429414925913960
07 features 22 21 1254 1429414928489990
07 features 22 22 1255 1429414931147595
04 noise 23 25 1255 1429414940585682
04 noise 23 26 1255 1429414951808077
04 noise 23 27 1255 1429414962682941
04 noise 23 28 1255 1429414972954375
04 noise 23 29 1255 1429414983449023
04 noise 23 30 1255 1429414995682721
04 noise 23 31 1255 1429415009584511
04 noise 23 32 1255 1429415021727975
01 structure_starts 32 43 1255 1429415022184179
02 structure_references 24 35 1255 1429415022323861
03 biomes 24 35 1255 1429415029052940
01 structure_starts 33 29 1255 1429415029472827
02 structure_references 25 21 1255 1429415029602732
03 biomes 25 21 1255 1429415032850077
01 structure_starts 33 30 1255 1429415033129722
02 structure_references 25 22 1255 1429415033242027
03 biomes 25 22 1255 1429415036459760
05 surface 23 24 1255 1429415040975146
05 surface 23 25 1255 1429415045163115
05 surface 23 26 1255 1429415048430017
06 carvers 23 24 1255 1429415049572063
06 carvers 23 25 1255 1429415050134426
06 carvers 23 26 1255 1429415050363506
07 features 22 23 1256 1429415053527880
07 features 22 24 1257 1429415056425180
07 features 22 25 1258 1429415058925502
05 surface 23 27 1258 1429415063607111
06 carvers 23 27 1258 1429415064697475
07 features 22 26 1259 1429415067056158
05 surface 23 28 1259 1429415071705360
05 surface 23 29 1259 1429415076554868
06 carvers 23 28 1259 1429415078288610
06 carvers 23 29 1259 1429415079740753
07 features 22 27 1260 1429415082569888
07 features 22 28 1261 1429415085843773
05 surface 23 30 1261 1429415093052243
05 surface 23 31 1261 1429415099406972
06 carvers 23 30 1261 1429415102715220
06 carvers 23 31 1261 1429415104667426
07 features 22 29 1262 1429415107112155
07 features 22 30 1263 1429415109134203
04 noise 23 33 1263 1429415120475049
04 noise 22 34 1263 1429415138421494
05 surface 23 32 1263 1429415144332031
06 carvers 23 32 1263 1429415145965482
07 features 22 31 1264 1429415149573489
04 noise 23 34 1264 1429415163258770
04 noise 24 20 1264 1429415173778561
04 noise 24 21 1264 1429415186145517
05 surface 23 33 1264 1429415192819281
06 carvers 23 33 1264 1429415195875541
07 features 22 32 1265 1429415199064499
05 surface 22 34 1265 1429415204668852
06 carvers 22 34 1265 1429415206168207
07 features 21 33 1266 1429415208739208
05 surface 23 34 1266 1429415215300109
06 carvers 23 34 1266 1429415217297014
07 features 22 33 1267 1429415219602339
05 surface 24 20 1267 1429415224254893
06 carvers 24 20 1267 1429415225301397
07 features 23 19 1268 1429415227396918
05 surface 24 21 1268 1429415231837714
06 carvers 24 21 1268 1429415232959366
07 features 23 20 1269 1429415235635968
01 structure_starts 33 31 1269 1429415235905835
01 structure_starts 33 32 1269 1429415235934330
01 structure_starts 33 33 1269 1429415235957238
01 structure_starts 33 34 1269 1429415235984058
01 structure_starts 33 35 1269 1429415236058369
01 structure_starts 33 36 1269 1429415236089937
01 structure_starts 33 37 1269 1429415236108934
01 structure_starts 33 38 1269 1429415236128490
01 structure_starts 33 39 1269 1429415236146648
01 structure_starts 33 40 1269 1429415236165366
01 structure_starts 33 41 1269 1429415236193023
01 structure_starts 33 42 1269 1429415236217887
01 structure_starts 33 43 1269 1429415236236604
02 structure_references 25 29 1269 1429415236324604
02 structure_references 25 30 1269 1429415236364833
02 structure_references 25 31 1269 1429415236402547
02 structure_references 25 32 1269 1429415236443335
02 structure_references 25 33 1269 1429415236474623
02 structure_references 25 34 1269 1429415236506471
02 structure_references 25 35 1269 1429415236544465
08 initialize_light 22 19 1269 1429415237641534
08 initialize_light 22 20 1269 1429415237692099
08 initialize_light 22 21 1269 1429415237710257
08 initialize_light 22 22 1269 1429415237738194
08 initialize_light 22 23 1269 1429415237754397
08 initialize_light 22 24 1269 1429415237769204
08 initialize_light 22 25 1269 1429415237785407
08 initialize_light 22 26 1269 1429415237801889
08 initialize_light 22 27 1269 1429415237816696
08 initialize_light 22 28 1269 1429415237830664
08 initialize_light 22 29 1269 1429415237845191
08 initialize_light 22 30 1269 1429415237860836
08 initialize_light 22 31 1269 1429415237875083
08 initialize_light 22 32 1269 1429415237889331
08 initialize_light 21 33 1269 1429415237904696
08 initialize_light 22 33 1269 1429415237934588
08 initialize_light 23 19 1269 1429415237949394
08 initialize_light 23 20 1269 1429415237963642
03 biomes 25 29 1269 1429415305121452
03 biomes 25 30 1269 1429415309195441
03 biomes 25 31 1269 1429415313366648
03 biomes 25 32 1269 1429415316858439
03 biomes 25 33 1269 1429415320567855
03 biomes 25 34 1269 1429415325391381
03 biomes 25 35 1269 1429415328904124
02 structure_references 25 25 1269 1429415329332950
02 structure_references 25 26 1269 1429415329374017
02 structure_references 25 27 1269 1429415329404188
02 structure_references 25 28 1269 1429415329442182
03 biomes 25 25 1269 1429415332962468
03 biomes 25 26 1269 1429415335899718
03 biomes 25 27 1269 1429415339284790
03 biomes 25 28 1269 1429415342598904
01 structure_starts 31 44 1269 1429415342939730
02 structure_references 23 36 1269 1429415343326093
03 biomes 23 36 1269 1429415347764095
02 structure_references 25 23 1269 1429415348203257
02 structure_references 25 24 1269 1429415348266394
03 biomes 25 23 1269 1429415352497106
03 biomes 25 24 1269 1429415356108465
04 noise 24 22 1269 1429415366522656
04 noise 24 23 1269 1429415376109924
04 noise 24 24 1269 1429415385102702
04 noise 24 25 1269 1429415394456141
04 noise 24 26 1269 1429415403532729
04 noise 24 27 1269 1429415413164137
04 noise 24 28 1269 1429415422138197
05 surface 24 22 1269 1429415426051551
05 surface 24 23 1269 1429415429514846
05 surface 24 24 1269 1429415433497202
05 surface 24 25 1269 1429415437139012
06 carvers 24 22 1269 1429415438427725
06 carvers 24 23 1269 1429415438839510
06 carvers 24 24 1269 1429415439270571
06 carvers 24 25 1269 1429415439552730
07 features 23 22 1270 1429415441633725
07 features 23 23 1271 1429415443701309
07 features 23 24 1272 1429415445830075
05 surface 24 26 1272 1429415449857130
05 surface 24 27 1272 1429415453414292
06 carvers 24 26 1272 1429415453965480
06 carvers 24 27 1272 1429415454594612
07 features 23 25 1273 1429415457082083
07 features 23 26 1274 1429415465863940
04 noise 24 29 1274 1429415474860909
04 noise 24 30 1274 1429415483821280
04 noise 24 31 1274 1429415491956406
04 noise 24 32 1274 1429415500496333
04 noise 24 33 1274 1429415508836513
01 structure_starts 32 44 1274 1429415509138786
01 structure_starts 33 44 1274 1429415509168958
02 structure_references 24 36 1274 1429415509260590
02 structure_references 25 36 1274 1429415509304730
03 biomes 24 36 1274 1429415513327594
03 biomes 25 36 1274 1429415517202115
04 noise 22 35 1274 1429415529530519
04 noise 23 35 1274 1429415542789768
07 features 23 21 1275 1429415545378649
04 noise 24 34 1275 1429415555465981
05 surface 24 28 1275 1429415559571817
05 surface 24 29 1275 1429415562974769
05 surface 24 30 1275 1429415566637811
06 carvers 24 28 1275 1429415568238855
06 carvers 24 29 1275 1429415570065068
06 carvers 24 30 1275 1429415571323889
07 features 23 27 1276 1429415573727830
07 features 23 28 1277 1429415575992368
07 features 23 29 1278 1429415578313057
05 surface 22 35 1278 1429415582410233
06 carvers 22 35 1278 1429415583954287
07 features 21 34 1279 1429415586653238
05 surface 24 31 1279 1429415592257591
06 carvers 24 31 1279 1429415594160070
07 features 23 30 1280 1429415597405460
05 surface 24 32 1280 1429415601827817
06 carvers 24 32 1280 1429415603004785
07 features 23 31 1281 1429415604920953
05 surface 24 33 1281 1429415609811806
06 carvers 24 33 1281 1429415612484218
07 features 23 32 1282 1429415620793668
04 noise 24 35 1282 1429415634419445
05 surface 23 35 1282 1429415640453741
06 carvers 23 35 1282 1429415644137176
07 features 22 34 1283 1429415647222490
05 surface 24 34 1283 1429415652556976
06 carvers 24 34 1283 1429415654327316
07 features 23 33 1284 1429415657268476
05 surface 24 35 1284 1429415662826175
06 carvers 24 35 1284 1429415663805352
07 features 23 34 1285 1429415666858259
09 light 21 18 1285 1429415670686964
10 spawn 21 18 1285 1429415670767701
11 full 21 18 1285 1429415670893974
09 light 21 19 1285 1429415684858342
09 light 21 20 1285 1429415684908628
09 light 21 21 1285 1429415684925669
09 light 21 22 1285 1429415684953047
09 light 21 23 1285 1429415684969809
09 light 21 24 1285 1429415684986012
09 light 21 25 1285 1429415685002774
09 light 21 26 1285 1429415685056133
09 light 21 27 1285 1429415685074571
09 light 21 28 1285 1429415685089936
09 light 21 29 1285 1429415685106419
09 light 21 30 1285 1429415685122343
09 light 21 31 1285 1429415685137708
09 light 20 32 1285 1429415685153352
09 light 21 32 1285 1429415685169276
09 light 22 18 1285 1429415685193860
09 light 22 19 1285 1429415685220679
08 initialize_light 23 22 1285 1429415685240794
08 initialize_light 23 23 1285 1429415685259511
08 initialize_light 23 24 1285 1429415685275994
08 initialize_light 23 25 1285 1429415685292756
08 initialize_light 23 26 1285 1429415685309238
08 initialize_light 23 21 1285 1429415685326279
08 initialize_light 23 27 1285 1429415685344438
08 initialize_light 23 28 1285 1429415685361759
08 initialize_light 23 29 1285 1429415685379080
08 initialize_light 21 34 1285 1429415685396680
08 initialize_light 23 30 1285 1429415685413721
08 initialize_light 23 31 1285 1429415685431321
08 initialize_light 23 32 1285 1429415685447804
08 initialize_light 22 34 1285 1429415685465404
08 initialize_light 23 33 1285 1429415685481607
08 initialize_light 23 34 1285 1429415685498927
10 spawn 21 19 1285 1429415685637772
10 spawn 21 20 1285 1429415685682191
11 full 21 19 1285 1429415685713480
10 spawn 21 21 1285 1429415685715715
10 spawn 21 22 1285 1429415685757899
10 spawn 21 23 1285 1429415685816845
10 spawn 21 24 1285 1429415685857074
10 spawn 21 25 1285 1429415685892554
10 spawn 21 26 1285 1429415685930268
10 spawn 21 27 1285 1429415685974408
11 full 21 20 1285 1429415685974687
10 spawn 21 28 1285 1429415686049557
10 spawn 21 29 1285 1429415686105430
10 spawn 21 30 1285 1429415686144541
10 spawn 21 31 1285 1429415686189799
10 spawn 20 32 1285 1429415686224999
11 full 21 21 1285 1429415686234776
10 spawn 21 32 1285 1429415686259640
10 spawn 22 18 1285 1429415686313837
10 spawn 22 19 1285 1429415686345685
11 full 21 22 1285 1429415686620301
01 structure_starts 34 29 1285 1429415686675336
02 structure_references 26 21 1285 1429415686766130
11 full 21 23 1285 1429415686803565
11 full 21 24 1285 1429415686962524
11 full 21 25 1285 1429415687204734
11 full 21 26 1285 1429415687347490
11 full 21 27 1285 1429415687542766
11 full 21 28 1285 1429415687808163
11 full 21 29 1285 1429415688092837
11 full 21 30 1285 1429415688263809
11 full 21 31 1285 1429415688405447
11 full 20 32 1285 1429415688665257
11 full 21 32 1285 1429415688838743
11 full 22 18 1285 1429415688886235
11 full 22 19 1285 1429415689088216
03 biomes 26 21 1285 1429415690464371
09 light 22 20 1285 1429415691919028
10 spawn 22 20 1285 1429415692277454
01 structure_starts 34 30 1285 1429415692538381
02 structure_references 26 22 1285 1429415692645937
11 full 22 20 1285 1429415692847639
03 biomes 26 22 1285 1429415696741995
01 structure_starts 34 31 1285 1429415696985882
02 structure_references 26 23 1285 1429415697124167
03 biomes 26 23 1285 1429415701785103
04 noise 25 20 1285 1429415713745023
04 noise 25 21 1285 1429415726089629
04 noise 25 22 1285 1429415734276438
05 surface 25 20 1285 1429415738687620
06 carvers 25 20 1285 1429415739481857
07 features 24 19 1286 1429415741695550
05 surface 25 21 1286 1429415746172663
06 carvers 25 21 1286 1429415747365833
07 features 24 20 1287 1429415750231006
05 surface 25 22 1287 1429415754523459
06 carvers 25 22 1287 1429415755550686
07 features 24 21 1288 1429415758136214
09 light 22 21 1288 1429415773794376
09 light 22 24 1288 1429415773831252
09 light 22 25 1288 1429415773846059
09 light 22 26 1288 1429415773861144
09 light 22 27 1288 1429415773887963
09 light 22 28 1288 1429415773903329
09 light 22 29 1288 1429415773919252
09 light 22 30 1288 1429415773933221
09 light 22 31 1288 1429415773948865
09 light 22 32 1288 1429415773963671
09 light 22 22 1288 1429415773979037
09 light 22 23 1288 1429415773993564
08 initialize_light 24 19 1288 1429415774063684
08 initialize_light 24 20 1288 1429415774083799
08 initialize_light 24 21 1288 1429415774101678
09 light 20 33 1288 1429415774128777
09 light 21 33 1288 1429415774143583
09 light 22 33 1288 1429415774158948
10 spawn 22 21 1288 1429415774247228
11 full 22 21 1288 1429415774374898
01 structure_starts 34 32 1288 1429415774535533
02 structure_references 26 24 1288 1429415774653704
03 biomes 26 24 1288 1429415778512023
10 spawn 22 22 1288 1429415778560912
11 full 22 22 1288 1429415778698918
01 structure_starts 34 33 1288 1429415778714283
02 structure_references 26 25 1288 1429415778799490
03 biomes 26 25 1288 1429415782931865
10 spawn 22 24 1288 1429415784096261
10 spawn 22 25 1288 1429415784147385
10 spawn 22 26 1288 1429415784186776
11 full 22 24 1288 1429415784197392
10 spawn 22 27 1288 1429415784218623
11 full 22 25 1288 1429415784252427
10 spawn 22 28 1288 1429415784254941
10 spawn 22 29 1288 1429415784291258
11 full 22 26 1288 1429415784293214
10 spawn 22 30 1288 1429415784323944
11 full 22 27 1288 1429415784338471
10 spawn 22 31 1288 1429415784354954
11 full 22 28 1288 1429415784381214
10 spawn 22 32 1288 1429415784385405
10 spawn 22 23 1288 1429415784416414
11 full 22 29 1288 1429415784423678
11 full 22 30 1288 1429415784536821
01 structure_starts 34 34 1288 1429415784570903
02 structure_references 26 26 1288 1429415784641583
11 full 22 31 1288 1429415784665329
11 full 22 32 1288 1429415784706675
11 full 22 23 1288 1429415784880161
03 biomes 26 26 1288 1429415789450861
04 noise 25 23 1288 1429415800588050
04 noise 25 24 1288 1429415813374613
01 structure_starts 34 35 1288 1429415813750080
01 structure_starts 34 36 1288 1429415813778296
01 structure_starts 34 37 1288 1429415813801204
01 structure_starts 34 38 1288 1429415813822715
01 structure_starts 34 39 1288 1429415813844505
01 structure_starts 34 40 1288 1429415813866855
01 structure_starts 34 41 1288 1429415813887528
02 structure_references 26 27 1288 1429415813969661
02 structure_references 26 28 1288 1429415814056823
02 structure_references 26 29 1288 1429415814101522
02 structure_references 26 30 1288 1429415814135604
02 structure_references 26 31 1288 1429415814166893
02 structure_references 26 32 1288 1429415814205166
02 structure_references 26 33 1288 1429415814236455
03 biomes 26 27 1288 1429415818687029
03 biomes 26 28 1288 1429415821936888
03 biomes 26 29 1288 1429415825661670
03 biomes 26 30 1288 1429415830619571
03 biomes 26 31 1288 1429415834402181
03 biomes 26 32 1288 1429415837940905
03 biomes 26 33 1288 1429415842931771
04 noise 25 25 1288 1429415854236858
04 noise 25 26 1288 1429415864471416
04 noise 25 27 1288 1429415874782800
04 noise 25 28 1288 1429415885144749
04 noise 25 29 1288 1429415895524856
04 noise 25 30 1288 1429415904841699
04 noise 25 31 1288 1429415913856826
01 structure_starts 34 42 1288 1429415914311354
01 structure_starts 34 43 1288 1429415914344598
02 structure_references 26 34 1288 1429415914472268
02 structure_references 26 35 1288 1429415914529259
03 biomes 26 34 1288 1429415920053713
03 biomes 26 35 1288 1429415925212758
01 structure_starts 35 29 1288 1429415925523971
01 structure_starts 35 30 1288 1429415925562803
02 structure_references 27 21 1288 1429415925675946
02 structure_references 27 22 1288 1429415925727908
03 biomes 27 21 1288 1429415930806774
03 biomes 27 22 1288 1429415934767061
05 surface 25 26 1288 1429415939401456
05 surface 25 27 1288 1429415944104576
05 surface 25 28 1288 1429415948795403
05 surface 25 29 1288 1429415953093443
05 surface 25 30 1288 1429415957668892
06 carvers 25 26 1288 1429415958693047
06 carvers 25 27 1288 1429415958968501
06 carvers 25 28 1288 1429415959703512
06 carvers 25 29 1288 1429415961121851
06 carvers 25 30 1288 1429415962119466
07 features 24 27 1289 1429415965132423
07 features 24 28 1290 1429415967174306
07 features 24 29 1291 1429415970090045
04 noise 25 32 1291 1429415980087981
04 noise 25 33 1291 1429415988408326
04 noise 26 20 1291 1429415999712854
05 surface 25 23 1291 1429416004536939
05 surface 25 24 1291 1429416008361454
05 surface 25 25 1291 1429416012503328
06 carvers 25 23 1291 1429416013301476
06 carvers 25 24 1291 1429416013681133
06 carvers 25 25 1291 1429416014251319
07 features 24 24 1292 1429416016911717
07 features 24 25 1293 1429416019417347
07 features 24 26 1294 1429416021688589
07 features 24 22 1295 1429416024969179
07 features 24 23 1296 1429416026991786
05 surface 25 31 1296 1429416031877331
05 surface 25 32 1296 1429416036561454
06 carvers 25 31 1296 1429416037616897
06 carvers 25 32 1296 1429416038230943
07 features 24 30 1297 1429416041075443
07 features 24 31 1298 1429416043399765
04 noise 25 34 1298 1429416054925551
04 noise 26 21 1298 1429416063822227
05 surface 25 33 1298 1429416068492102
06 carvers 25 33 1298 1429416069598390
07 features 24 32 1299 1429416078187206
05 surface 26 20 1299 1429416081689612
06 carvers 26 20 1299 1429416082294718
07 features 25 19 1300 1429416085272475
05 surface 25 34 1300 1429416091232181
06 carvers 25 34 1300 1429416092257174
07 features 24 33 1301 1429416101530714
05 surface 26 21 1301 1429416105709744
06 carvers 26 21 1301 1429416106378266
07 features 25 20 1302 1429416109137839
01 structure_starts 34 44 1302 1429416109551580
02 structure_references 26 36 1302 1429416109648799
03 biomes 26 36 1302 1429416114208325
01 structure_starts 35 31 1302 1429416114361138
01 structure_starts 35 32 1302 1429416114385163
02 structure_references 27 23 1302 1429416114460312
02 structure_references 27 24 1302 1429416114499982
03 biomes 27 23 1302 1429416118319189
03 biomes 27 24 1302 1429416121819640
01 structure_starts 35 33 1302 1429416122092580
01 structure_starts 35 34 1302 1429416122130574
02 structure_references 27 25 1302 1429416122225279
02 structure_references 27 26 1302 1429416122269977
03 biomes 27 25 1302 1429416125873793
03 biomes 27 26 1302 1429416129209698
04 noise 26 22 1302 1429416139884257
04 noise 26 23 1302 1429416148386190
04 noise 26 24 1302 1429416158606221
10 spawn 20 33 1302 1429416158686678
10 spawn 21 33 1302 1429416158745065
10 spawn 22 33 1302 1429416158775516
11 full 20 33 1302 1429416158814348
11 full 21 33 1302 1429416158922183
11 full 22 33 1302 1429416158970513
09 light 23 18 1302 1429416160270402
10 spawn 23 18 1302 1429416160319849
11 full 23 18 1302 1429416160390529
09 light 23 19 1302 1429416162774355
09 light 23 20 1302 1429416162799219
08 initialize_light 24 27 1302 1429416162818216
08 initialize_light 24 28 1302 1429416162836654
08 initialize_light 24 29 1302 1429416162855930
08 initialize_light 24 24 1302 1429416162874089
08 initialize_light 24 25 1302 1429416162889733
08 initialize_light 24 26 1302 1429416162908451
08 initialize_light 24 22 1302 1429416162926330
08 initialize_light 24 23 1302 1429416162941695
08 initialize_light 24 30 1302 1429416162960413
08 initialize_light 24 31 1302 1429416162975498
08 initialize_light 24 32 1302 1429416162994216
08 initialize_light 25 19 1302 1429416163052603
08 initialize_light 24 33 1302 1429416163068527
08 initialize_light 25 20 1302 1429416163082775
10 spawn 23 19 1302 1429416163150102
11 full 23 19 1302 1429416163282521
05 surface 26 22 1302 1429416166806997
06 carvers 26 22 1302 1429416167430821
07 features 25 21 1303 1429416169745365
10 spawn 23 20 1303 1429416169835600
11 full 23 20 1303 1429416169947625
08 initialize_light 25 21 1303 1429416170291524
05 surface 26 23 1303 1429416174270808
05 surface 26 24 1303 1429416177911221
06 carvers 26 23 1303 1429416178408491
06 carvers 26 24 1303 1429416179082880
07 features 25 22 1304 1429416181984650
07 features 25 23 1305 1429416184557049
04 noise 25 35 1305 1429416196698277
04 noise 26 25 1305 1429416205674852
05 surface 25 35 1305 1429416210894798
06 carvers 25 35 1305 1429416212109759
07 features 24 34 1306 1429416214863745
05 surface 26 25 1306 1429416218565339
06 carvers 26 25 1306 1429416219386115
07 features 25 24 1307 1429416221798157
09 light 23 26 1307 1429416224275012
10 spawn 23 26 1307 1429416224325578
11 full 23 26 1307 1429416224451572
09 light 23 27 1307 1429416234714904
09 light 23 28 1307 1429416234759603
09 light 23 23 1307 1429416234773292
09 light 23 24 1307 1429416234786981
09 light 23 25 1307 1429416234799552
09 light 23 21 1307 1429416234812682
09 light 23 22 1307 1429416234825254
09 light 23 29 1307 1429416234850397
09 light 23 30 1307 1429416234863527
09 light 23 31 1307 1429416234876098
09 light 24 18 1307 1429416234889228
09 light 23 32 1307 1429416234901800
09 light 24 19 1307 1429416234914930
09 light 24 20 1307 1429416234927502
08 initialize_light 25 22 1307 1429416234943705
08 initialize_light 25 23 1307 1429416234964098
08 initialize_light 24 34 1307 1429416234981419
08 initialize_light 25 24 1307 1429416235049584
10 spawn 23 21 1307 1429416235132835
10 spawn 23 27 1307 1429416235229496
11 full 23 21 1307 1429416235242067
10 spawn 23 28 1307 1429416235265534
10 spawn 23 23 1307 1429416235298220
10 spawn 23 24 1307 1429416235348226
10 spawn 23 25 1307 1429416235382029
10 spawn 23 22 1307 1429416235412201
10 spawn 23 29 1307 1429416235441814
10 spawn 23 30 1307 1429416235478690
11 full 23 27 1307 1429416235503274
10 spawn 23 31 1307 1429416235515007
10 spawn 24 18 1307 1429416235544620
10 spawn 23 32 1307 1429416235571998
10 spawn 24 19 1307 1429416235599376
11 full 23 28 1307 1429416235607198
10 spawn 24 20 1307 1429416235632341
11 full 23 23 1307 1429416235689052
11 full 23 24 1307 1429416235730119
11 full 23 25 1307 1429416235766716
11 full 23 22 1307 1429416235819516
01 structure_starts 35 35 1307 1429416235866449
01 structure_starts 35 36 1307 1429416235887122
01 structure_starts 35 37 1307 1429416235904722
01 structure_starts 35 38 1307 1429416235923440
01 structure_starts 35 39 1307 1429416235940761
01 structure_starts 35 40 1307 1429416235958081
01 structure_starts 35 41 1307 1429416235975402
01 structure_starts 35 42 1307 1429416235992723
02 structure_references 27 28 1307 1429416236124583
02 structure_references 27 29 1307 1429416236158107
02 structure_references 27 30 1307 1429416236196939
02 structure_references 27 31 1307 1429416236240240
02 structure_references 27 32 1307 1429416236272647
02 structure_references 27 33 1307 1429416236303656
02 structure_references 27 34 1307 1429416236333549
11 full 23 29 1307 1429416236434400
11 full 23 30 1307 1429416236589447
11 full 23 31 1307 1429416236746730
11 full 24 18 1307 1429416237119963
11 full 23 32 1307 1429416237288141
11 full 24 19 1307 1429416237338985
11 full 24 20 1307 1429416237566948
03 biomes 27 28 1307 1429416239821149
03 biomes 27 29 1307 1429416242986640
03 biomes 27 30 1307 1429416247547004
03 biomes 27 31 1307 1429416251141601
03 biomes 27 32 1307 1429416255281799
03 biomes 27 33 1307 1429416260355357
03 biomes 27 34 1307 1429416265217715
09 light 24 21 1307 1429416267742901
09 light 24 22 1307 1429416267767205
10 spawn 24 21 1307 1429416268121441
11 full 24 21 1307 1429416268276209
02 structure_references 27 27 1307 1429416268408349
03 biomes 27 27 1307 1429416271719111
04 noise 26 26 1307 1429416282972236
04 noise 26 27 1307 1429416292437421
04 noise 26 28 1307 1429416301522949
04 noise 26 29 1307 1429416312414296
04 noise 26 30 1307 1429416323409566
05 surface 26 26 1307 1429416328061003
05 surface 26 27 1307 1429416332445087
05 surface 26 28 1307 1429416337245706
06 carvers 26 26 1307 1429416338310368
06 carvers 26 27 1307 1429416338754559
06 carvers 26 28 1307 1429416339487335
07 features 25 25 1308 1429416341504355
07 features 25 26 1309 1429416343376383
07 features 25 27 1310 1429416345165441
04 noise 26 31 1310 1429416354536480
04 noise 26 32 1310 1429416363584013
05 surface 26 29 1310 1429416366131828
05 surface 26 30 1310 1429416368592480
05 surface 26 31 1310 1429416372893313
06 carvers 26 29 1310 1429416373831981
06 carvers 26 30 1310 1429416374451893
06 carvers 26 31 1310 1429416375295857
07 features 25 28 1311 1429416377453397
07 features 25 29 1312 1429416379534671
07 features 25 30 1313 1429416382088072
01 structure_starts 35 43 1313 1429416382518295
02 structure_references 27 35 1313 1429416382600988
03 biomes 27 35 1313 1429416386383039
01 structure_starts 36 29 1313 1429416386544791
02 structure_references 28 21 1313 1429416386624969
03 biomes 28 21 1313 1429416391219136
01 structure_starts 36 30 1313 1429416391350718
02 structure_references 28 22 1313 1429416391415251
03 biomes 28 22 1313 1429416394502241
01 structure_starts 36 31 1313 1429416394622647
02 structure_references 28 23 1313 1429416394680197
03 biomes 28 23 1313 1429416397883682
01 structure_starts 36 32 1313 1429416397991238
02 structure_references 28 24 1313 1429416398117511
03 biomes 28 24 1313 1429416401382736
01 structure_starts 36 33 1313 1429416401481072
02 structure_references 28 25 1313 1429416401534990
03 biomes 28 25 1313 1429416404605776
04 noise 26 33 1313 1429416412728890
10 spawn 24 22 1313 1429416412812699
11 full 24 22 1313 1429416412965233
05 surface 26 32 1313 1429416417788480
06 carvers 26 32 1313 1429416418932761
07 features 25 31 1314 1429416421288092
04 noise 26 34 1314 1429416431592771
04 noise 27 20 1314 1429416441754415
04 noise 27 21 1314 1429416451352299
04 noise 27 22 1314 1429416461459746
04 noise 27 23 1314 1429416469781488
04 noise 27 24 1314 1429416478260233
05 surface 26 33 1314 1429416482468038
06 carvers 26 33 1314 1429416483277919
07 features 25 32 1315 1429416484980652
05 surface 26 34 1315 1429416489388203
06 carvers 26 34 1315 1429416490111759
07 features 25 33 1316 1429416491851648
05 surface 27 20 1316 1429416495173026
06 carvers 27 20 1316 1429416495732036
07 features 26 19 1317 1429416497563278
05 surface 27 21 1317 1429416500786318
06 carvers 27 21 1317 1429416501199500
07 features 26 20 1318 1429416502776519
05 surface 27 22 1318 1429416505919940
06 carvers 27 22 1318 1429416506280881
07 features 26 21 1319 1429416508190065
05 surface 27 23 1319 1429416511660344
06 carvers 27 23 1319 1429416512343952
07 features 26 22 1320 1429416514152565
05 surface 27 24 1320 1429416517301294
06 carvers 27 24 1320 1429416517984343
07 features 26 23 1321 1429416519732892
01 structure_starts 35 44 1321 1429416519928728
02 structure_references 27 36 1321 1429416520047737
03 biomes 27 36 1321 1429416523284188
01 structure_starts 36 34 1321 1429416523450969
02 structure_references 28 26 1321 1429416523513267
03 biomes 28 26 1321 1429416526788270
04 noise 27 25 1321 1429416536729494
05 surface 27 25 1321 1429416540418238
06 carvers 27 25 1321 1429416541038709
07 features 26 24 1322 1429416543414713
04 noise 26 35 1322 1429416553563785
05 surface 26 35 1322 1429416556644349
06 carvers 26 35 1322 1429416557189392
07 features 25 34 1323 1429416559227084
08 initialize_light 25 25 1323 1429416559986959
09 light 24 23 1323 1429416560990440
10 spawn 24 23 1323 1429416561069221
11 full 24 23 1323 1429416561141018
09 light 24 24 1323 1429416562077451
10 spawn 24 24 1323 1429416562131648
11 full 24 24 1323 1429416562216296
08 initialize_light 25 26 1323 1429416562386988
08 initialize_light 25 27 1323 1429416562705745
09 light 24 25 1323 1429416564590904
09 light 24 26 1323 1429416564609900
08 initialize_light 25 28 1323 1429416564624707
08 initialize_light 25 29 1323 1429416564642027
08 initialize_light 25 30 1323 1429416564657951
10 spawn 24 25 1323 1429416564692872
10 spawn 24 26 1323 1429416564737291
11 full 24 25 1323 1429416564787018
11 full 24 26 1323 1429416565050181
08 initialize_light 25 31 1323 1429416567548826
08 initialize_light 25 32 1323 1429416567572293
08 initialize_light 25 33 1323 1429416567587658
08 initialize_light 26 19 1323 1429416567602744
09 light 24 27 1323 1429416567618109
09 light 24 28 1323 1429416567630960
09 light 24 29 1323 1429416567643811
08 initialize_light 26 20 1323 1429416567657220
08 initialize_light 26 21 1323 1429416567672585
08 initialize_light 26 22 1323 1429416567690465
10 spawn 24 27 1323 1429416567758630
10 spawn 24 28 1323 1429416567812827
10 spawn 24 29 1323 1429416567842719
11 full 24 27 1323 1429416567847748
08 initialize_light 26 23 1323 1429416567975418
11 full 24 28 1323 1429416568091913
11 full 24 29 1323 1429416568324066
09 light 24 30 1323 1429416574471226
09 light 24 31 1323 1429416574496090
09 light 24 32 1323 1429416574512293
09 light 25 18 1323 1429416574527658
09 light 25 19 1323 1429416574542744
09 light 25 20 1323 1429416574557829
09 light 25 21 1323 1429416574572915
09 light 25 22 1323 1429416574586604
08 initialize_light 26 24 1323 1429416574600293
09 light 23 33 1323 1429416574616496
08 initialize_light 25 34 1323 1429416574640801
10 spawn 24 30 1323 1429416574706452
10 spawn 24 31 1323 1429416574743887
11 full 24 30 1323 1429416574761487
10 spawn 24 32 1323 1429416574777411
10 spawn 25 18 1323 1429416574807024
10 spawn 25 19 1323 1429416574851443
10 spawn 25 20 1323 1429416574883849
10 spawn 25 21 1323 1429416574921005
10 spawn 25 22 1323 1429416574959837
11 full 24 31 1323 1429416574962071
10 spawn 23 33 1323 1429416575199532
11 full 24 32 1323 1429416575516053
11 full 25 18 1323 1429416575578352
11 full 25 19 1323 1429416575717755
11 full 25 20 1323 1429416575843191
11 full 25 21 1323 1429416575971699
11 full 25 22 1323 1429416576162505
11 full 23 33 1323 1429416576405274
09 light 25 23 1323 1429416577275498
09 light 24 33 1323 1429416577294774
10 spawn 25 23 1323 1429416577385009
11 full 25 23 1323 1429416577473289
10 spawn 24 33 1323 1429416577767740
11 full 24 33 1323 1429416577867474
01 structure_starts 36 35 1323 1429416578427881
02 structure_references 28 27 1323 1429416578506941
03 biomes 28 27 1323 1429416581589182
04 noise 27 26 1323 1429416590441160
05 surface 27 26 1323 1429416594322945
06 carvers 27 26 1323 1429416595450464
07 features 26 25 1324 1429416598090748
01 structure_starts 36 36 1324 1429416598382685
02 structure_references 28 28 1324 1429416598489962
03 biomes 28 28 1324 1429416602560318
01 structure_starts 36 37 1324 1429416602715087
01 structure_starts 36 38 1324 1429416602739950
02 structure_references 28 29 1324 1429416602823201
02 structure_references 28 30 1324 1429416602872928
03 biomes 28 29 1324 1429416606650510
03 biomes 28 30 1324 1429416609917970
04 noise 27 27 1324 1429416620231588
04 noise 27 28 1324 1429416629721637
01 structure_starts 36 39 1324 1429416629984241
02 structure_references 28 31 1324 1429416630110514
03 biomes 28 31 1324 1429416633268183
01 structure_starts 36 40 1324 1429416633414291
01 structure_starts 36 41 1324 1429416633434406
02 structure_references 28 32 1324 1429416633493352
02 structure_references 28 33 1324 1429416633526317
03 biomes 28 32 1324 1429416636830932
03 biomes 28 33 1324 1429416640471345
04 noise 27 29 1324 1429416653433629
04 noise 27 30 1324 1429416665806172
04 noise 27 31 1324 1429416674560931
01 structure_starts 36 42 1324 1429416674804817
02 structure_references 28 34 1324 1429416674887788
03 biomes 28 34 1324 1429416679381384
01 structure_starts 36 43 1324 1429416679479721
02 structure_references 28 35 1324 1429416679530006
03 biomes 28 35 1324 1429416682734330
01 structure_starts 37 29 1324 1429416682906419
02 structure_references 29 21 1324 1429416682980451
03 biomes 29 21 1324 1429416686156279
01 structure_starts 37 30 1324 1429416686262717
02 structure_references 29 22 1324 1429416686311047
03 biomes 29 22 1324 1429416689228741
01 structure_starts 37 31 1324 1429416689308081
01 structure_starts 37 32 1324 1429416689332107
02 structure_references 29 23 1324 1429416689387700
02 structure_references 29 24 1324 1429416689431002
03 biomes 29 23 1324 1429416692584760
03 biomes 29 24 1324 1429416695589616
04 noise 28 20 1324 1429416704587982
04 noise 28 21 1324 1429416714091161
04 noise 28 22 1324 1429416724133795
01 structure_starts 37 33 1324 1429416724482443
02 structure_references 29 25 1324 1429416724598380
03 biomes 29 25 1324 1429416727966691
01 structure_starts 37 34 1324 1429416728135986
02 structure_references 29 26 1324 1429416728199961
03 biomes 29 26 1324 1429416732378153
01 structure_starts 37 35 1324 1429416732486546
01 structure_starts 37 36 1324 1429416732506661
02 structure_references 29 27 1324 1429416732552756
02 structure_references 29 28 1324 1429416732585163
03 biomes 29 27 1324 1429416736136737
03 biomes 29 28 1324 1429416739213390
04 noise 28 23 1324 1429416748299197
04 noise 28 24 1324 1429416757634198
04 noise 28 25 1324 1429416766890418
04 noise 28 26 1324 1429416775731780
05 surface 27 27 1324 1429416778876878
06 carvers 27 27 1324 1429416779934835
07 features 26 26 1325 1429416782061087
05 surface 27 28 1325 1429416786714479
05 surface 27 29 1325 1429416788781505
06 carvers 27 28 1325 1429416789553951
06 carvers 27 29 1325 1429416790228898
07 features 26 27 1326 1429416792173003
07 features 26 28 1327 1429416794140575
05 surface 27 30 1327 1429416796230509
06 carvers 27 30 1327 1429416796656262
07 features 26 29 1328 1429416799190667
04 noise 27 32 1328 1429416808480131
05 surface 27 31 1328 1429416812340126
06 carvers 27 31 1328 1429416813273486
07 features 26 30 1329 1429416815534392
04 noise 27 33 1329 1429416823770368
04 noise 27 34 1329 1429416833571072
05 surface 28 20 1329 1429416837227688
06 carvers 28 20 1329 1429416837893137
07 features 27 19 1330 1429416840257687
05 surface 28 21 1330 1429416843506150
06 carvers 28 21 1330 1429416844553771
07 features 27 20 1331 1429416846620797
05 surface 28 22 1331 1429416850882519
05 surface 28 23 1331 1429416854255300
06 carvers 28 22 1331 1429416855150108
06 carvers 28 23 1331 1429416856063074
07 features 27 21 1332 1429416858140437
07 features 27 22 1333 1429416860073926
05 surface 28 24 1333 1429416863314567
06 carvers 28 24 1333 1429416863923025
07 features 27 23 1334 1429416865746444
05 surface 28 25 1334 1429416869735785
06 carvers 28 25 1334 1429416870321894
07 features 27 24 1335 1429416872325224
04 noise 28 27 1335 1429416880837214
05 surface 28 26 1335 1429416885237222
06 carvers 28 26 1335 1429416885760195
07 features 27 25 1336 1429416887547576
05 surface 27 32 1336 1429416891521551
06 carvers 27 32 1336 1429416892107940
07 features 26 31 1337 1429416893753962
05 surface 27 33 1337 1429416897858401
06 carvers 27 33 1337 1429416898363773
07 features 26 32 1338 1429416907810241
05 surface 27 34 1338 1429416912341271
06 carvers 27 34 1338 1429416912919558
07 features 26 33 1339 1429416914917581
05 surface 28 27 1339 1429416919531303
06 carvers 28 27 1339 1429416920106517
07 features 27 26 1340 1429416922352058
01 structure_starts 36 44 1340 1429416922552642
02 structure_references 28 36 1340 1429416922638966
03 biomes 28 36 1340 1429416925853067
01 structure_starts 38 29 1340 1429416926054210
01 structure_starts 38 30 1340 1429416926081029
01 structure_starts 38 31 1340 1429416926099747
01 structure_starts 38 32 1340 1429416926117347
01 structure_starts 38 33 1340 1429416926134668
02 structure_references 30 21 1340 1429416926207303
02 structure_references 30 22 1340 1429416926236357
02 structure_references 30 23 1340 1429416926264014
02 structure_references 30 24 1340 1429416926291392
02 structure_references 30 25 1340 1429416926319608
03 biomes 30 21 1340 1429416929527842
03 biomes 30 22 1340 1429416932584940
03 biomes 30 23 1340 1429416936828223
03 biomes 30 24 1340 1429416940276433
03 biomes 30 25 1340 1429416943488020
01 structure_starts 37 37 1340 1429416943640553
01 structure_starts 37 38 1340 1429416943660947
02 structure_references 29 29 1340 1429416943717658
02 structure_references 29 30 1340 1429416943748947
03 biomes 29 29 1340 1429416946798502
03 biomes 29 30 1340 1429416950326889
04 noise 28 28 1340 1429416960689397
01 structure_starts 37 39 1340 1429416960818184
01 structure_starts 37 40 1340 1429416960839975
01 structure_starts 37 41 1340 1429416960857854
01 structure_starts 37 42 1340 1429416960885232
01 structure_starts 37 43 1340 1429416960903111
02 structure_references 29 31 1340 1429416960957588
02 structure_references 29 32 1340 1429416960994464
02 structure_references 29 33 1340 1429416961080788
02 structure_references 29 34 1340 1429416961113474
02 structure_references 29 35 1340 1429416961144763
03 biomes 29 31 1340 1429416964225886
03 biomes 29 32 1340 1429416967388025
03 biomes 29 33 1340 1429416970783434
03 biomes 29 34 1340 1429416974660190
03 biomes 29 35 1340 1429416978141923
04 noise 29 20 1340 1429416987516036
04 noise 29 21 1340 1429416995953156
04 noise 29 22 1340 1429417004839775
04 noise 29 23 1340 1429417012864551
05 surface 29 20 1340 1429417017127670
05 surface 29 21 1340 1429417021572656
05 surface 29 22 1340 1429417025451368
06 carvers 29 20 1340 1429417026464627
06 carvers 29 21 1340 1429417027984934
06 carvers 29 22 1340 1429417030196671
07 features 28 19 1341 1429417032119265
07 features 28 20 1342 1429417033832335
07 features 28 21 1343 1429417035691234
01 structure_starts 38 34 1343 1429417035918079
02 structure_references 30 26 1343 1429417035994345
03 biomes 30 26 1343 1429417039773324
01 structure_starts 38 35 1343 1429417039911330
02 structure_references 30 27 1343 1429417039984245
03 biomes 30 27 1343 1429417044808050
01 structure_starts 38 36 1343 1429417044947733
02 structure_references 30 28 1343 1429417045068140
03 biomes 30 28 1343 1429417049529887
04 noise 28 29 1343 1429417060708701
04 noise 28 30 1343 1429417071541660
04 noise 28 31 1343 1429417081396840
04 noise 28 32 1343 1429417090156069
04 noise 28 33 1343 1429417099444136
05 surface 28 28 1343 1429417103488232
05 surface 28 29 1343 1429417106737813
05 surface 28 30 1343 1429417109498224
05 surface 28 31 1343 1429417114253306
05 surface 28 32 1343 1429417119073200
06 carvers 28 28 1343 1429417119868554
06 carvers 28 29 1343 1429417120212174
06 carvers 28 30 1343 1429417120647425
06 carvers 28 31 1343 1429417121082956
06 carvers 28 32 1343 1429417121578271
07 features 27 29 1344 1429417124713871
07 features 27 30 1345 1429417127230396
07 features 27 31 1346 1429417128920558
01 structure_starts 37 44 1346 1429417129254400
02 structure_references 29 36 1346 1429417129348825
03 biomes 29 36 1346 1429417133046787
01 structure_starts 38 37 1346 1429417133550204
02 structure_references 30 29 1346 1429417133648262
03 biomes 30 29 1346 1429417137608269
04 noise 27 35 1346 1429417149965447
04 noise 29 24 1346 1429417159133108
07 features 27 27 1347 1429417161299029
07 features 27 28 1348 1429417163406563
04 noise 28 34 1348 1429417176581723
05 surface 29 23 1348 1429417181544373
06 carvers 29 23 1348 1429417182590877
07 features 28 22 1349 1429417184885865
04 noise 29 25 1349 1429417195320728
04 noise 29 26 1349 1429417203840261
04 noise 29 27 1349 1429417212848684
05 surface 28 33 1349 1429417217614102
06 carvers 28 33 1349 1429417218249100
07 features 27 32 1350 1429417220157167
04 noise 28 35 1350 1429417229231520
04 noise 29 28 1350 1429417239582573
05 surface 27 35 1350 1429417243481400
06 carvers 27 35 1350 1429417244487395
07 features 26 34 1351 1429417247665458
05 surface 29 24 1351 1429417253588846
06 carvers 29 24 1351 1429417254390067
07 features 28 23 1352 1429417256889271
05 surface 28 34 1352 1429417261356886
06 carvers 28 34 1352 1429417261811414
07 features 27 33 1353 1429417263838490
05 surface 29 25 1353 1429417268887465
06 carvers 29 25 1353 1429417269481116
07 features 28 24 1354 1429417271667711
05 surface 29 26 1354 1429417276270259
06 carvers 29 26 1354 1429417276866146
07 features 28 25 1355 1429417279789706
05 surface 29 27 1355 1429417285662250
06 carvers 29 27 1355 1429417286372677
07 features 28 26 1356 1429417288553964
05 surface 28 35 1356 1429417293311559
06 carvers 28 35 1356 1429417294061377
07 features 27 34 1357 1429417296121139
05 surface 29 28 1357 1429417300519750
06 carvers 29 28 1357 1429417301244704
07 features 28 27 1358 1429417303203057
08 initialize_light 26 25 1358 1429417304629218
08 initialize_light 26 26 1358 1429417305819595
09 light 25 24 1358 1429417305840826
10 spawn 25 24 1358 1429417305881334
11 full 25 24 1358 1429417305984979
08 initialize_light 26 27 1358 1429417308471612
08 initialize_light 26 28 1358 1429417308502342
09 light 25 25 1358 1429417308523854
08 initialize_light 26 29 1358 1429417308542292
08 initialize_light 26 30 1358 1429417308561568
08 initialize_light 27 19 1358 1429417308581682
08 initialize_light 27 20 1358 1429417308601797
08 initialize_light 27 21 1358 1429417308621352
08 initialize_light 27 22 1358 1429417308640908
08 initialize_light 27 23 1358 1429417308659905
08 initialize_light 27 24 1358 1429417308679181
08 initialize_light 27 25 1358 1429417308699295
08 initialize_light 26 31 1358 1429417308718013
08 initialize_light 26 32 1358 1429417308737289
08 initialize_light 26 33 1358 1429417308756006
08 initialize_light 27 26 1358 1429417308774724
08 initialize_light 28 19 1358 1429417308793721
08 initialize_light 28 20 1358 1429417308811879
08 initialize_light 28 21 1358 1429417308830038
08 initialize_light 27 29 1358 1429417308859651
08 initialize_light 27 30 1358 1429417308880603
08 initialize_light 27 31 1358 1429417308899880
08 initialize_light 27 27 1358 1429417308919715
08 initialize_light 27 28 1358 1429417308935918
08 initialize_light 28 22 1358 1429417308952680
08 initialize_light 27 32 1358 1429417308970280
08 initialize_light 26 34 1358 1429417308986483
08 initialize_light 28 23 1358 1429417309051296
08 initialize_light 27 33 1358 1429417309072807
08 initialize_light 28 24 1358 1429417309091524
08 initialize_light 28 25 1358 1429417309109404
08 initialize_light 28 26 1358 1429417309125886
08 initialize_light 27 34 1358 1429417309142369
08 initialize_light 28 27 1358 1429417309156337
10 spawn 25 25 1358 1429417309239029
11 full 25 25 1358 1429417309301607
09 light 25 26 1358 1429417321699014
09 light 25 27 1358 1429417321738404
09 light 25 28 1358 1429417321751814
09 light 25 29 1358 1429417321764944
09 light 26 18 1358 1429417321778074
09 light 26 19 1358 1429417321791205
09 light 26 20 1358 1429417321803497
09 light 26 21 1358 1429417321816347
09 light 26 22 1358 1429417321828919
09 light 26 23 1358 1429417321842049
09 light 26 24 1358 1429417321854620
09 light 25 30 1358 1429417321867192
09 light 25 31 1358 1429417321879763
09 light 25 32 1358 1429417321892335
09 light 26 25 1358 1429417321905465
09 light 26 26 1358 1429417321918036
10 spawn 25 26 1358 1429417321989833
10 spawn 25 27 1358 1429417322075599
10 spawn 25 28 1358 1429417322112196
11 full 25 26 1358 1429417322130354
10 spawn 25 29 1358 1429417322142926
10 spawn 26 18 1358 1429417322171142
11 full 25 27 1358 1429417322773175
11 full 25 28 1358 1429417322982140
11 full 25 29 1358 1429417323199766
11 full 26 18 1358 1429417323413760
09 light 26 27 1358 1429417327919927
09 light 27 18 1358 1429417327947025
09 light 27 19 1358 1429417327959876
09 light 27 20 1358 1429417327973006
09 light 26 28 1358 1429417327985857
09 light 26 29 1358 1429417328049832
10 spawn 25 30 1358 1429417328126378
10 spawn 26 19 1358 1429417328215216
11 full 25 30 1358 1429417328243153
10 spawn 26 20 1358 1429417328245108
10 spawn 26 21 1358 1429417328280029
11 full 26 19 1358 1429417328492067
11 full 26 20 1358 1429417328551852
11 full 26 21 1358 1429417329051357
09 light 26 30 1358 1429417329936387
10 spawn 25 31 1358 1429417329975219
10 spawn 26 22 1358 1429417330078305
11 full 25 31 1358 1429417330105683
10 spawn 26 23 1358 1429417330116020
10 spawn 26 24 1358 1429417330145353
11 full 26 22 1358 1429417330511322
11 full 26 23 1358 1429417330692071
11 full 26 24 1358 1429417331075361
09 light 27 21 1358 1429417331303603
10 spawn 26 25 1358 1429417331373723
10 spawn 25 32 1358 1429417331424009
10 spawn 26 26 1358 1429417331459209
10 spawn 26 27 1358 1429417331488263
10 spawn 26 28 1358 1429417331518435
10 spawn 26 29 1358 1429417331546371
10 spawn 26 30 1358 1429417331573749
10 spawn 27 19 1358 1429417331600289
10 spawn 27 20 1358 1429417331628225
10 spawn 27 18 1358 1429417331662867
10 spawn 27 21 1358 1429417331690524
11 full 26 25 1358 1429417331770423
11 full 25 32 1358 1429417331938601
11 full 26 26 1358 1429417331990004
11 full 26 27 1358 1429417332217687
11 full 26 28 1358 1429417332357928
11 full 26 29 1358 1429417332504037
11 full 26 30 1358 1429417332669700
09 light 26 31 1358 1429417332717472
11 full 27 19 1358 1429417332856317
11 full 27 20 1358 1429417332895148
11 full 27 18 1358 1429417332930907
11 full 27 21 1358 1429417333086514
09 light 25 33 1358 1429417333766210
10 spawn 26 31 1358 1429417333817055
11 full 26 31 1358 1429417334531951
09 light 27 22 1358 1429417339282284
09 light 26 32 1358 1429417339305192
09 light 27 23 1358 1429417339318322
09 light 27 24 1358 1429417339330614
09 light 27 25 1358 1429417339343185
09 light 26 33 1358 1429417339356036
09 light 27 26 1358 1429417339368328
10 spawn 27 22 1358 1429417339453535
10 spawn 26 32 1358 1429417339494602
10 spawn 27 23 1358 1429417339521700
10 spawn 27 24 1358 1429417339548798
10 spawn 27 25 1358 1429417339574779
11 full 27 22 1358 1429417339592659
10 spawn 27 26 1358 1429417339601599
11 full 26 32 1358 1429417339801624
11 full 27 23 1358 1429417339851631
11 full 27 24 1358 1429417340053891
11 full 27 25 1358 1429417340239111
10 spawn 25 33 1358 1429417340382705
11 full 27 26 1358 1429417340511492
10 spawn 26 33 1358 1429417340892826
11 full 25 33 1358 1429417341483126
11 full 26 33 1358 1429417341754110
01 structure_starts 38 38 1358 1429417342324016
02 structure_references 30 30 1358 1429417342413134
03 biomes 30 30 1358 1429417345939007
04 noise 29 29 1358 1429417356167419
05 surface 29 29 1358 1429417360245039
06 carvers 29 29 1358 1429417361479276
07 features 28 28 1359 1429417363844665
01 structure_starts 39 29 1359 1429417364229351
01 structure_starts 39 30 1359 1429417364255332
01 structure_starts 39 31 1359 1429417364275167
01 structure_starts 39 32 1359 1429417364293326
02 structure_references 31 21 1359 1429417364370710
02 structure_references 31 22 1359 1429417364404513
02 structure_references 31 23 1359 1429417364435802
02 structure_references 31 24 1359 1429417364466532
03 biomes 31 21 1359 1429417367940164
03 biomes 31 22 1359 1429417371149795
03 biomes 31 23 1359 1429417374382614
03 biomes 31 24 1359 1429417378062417
01 structure_starts 39 33 1359 1429417378425872
01 structure_starts 39 34 1359 1429417378450735
02 structure_references 31 25 1359 1429417378544882
02 structure_references 31 26 1359 1429417378597682
03 biomes 31 25 1359 1429417383654478
03 biomes 31 26 1359 1429417387152973
01 structure_starts 39 35 1359 1429417387404682
02 structure_references 31 27 1359 1429417387483742
03 biomes 31 27 1359 1429417390534414
01 structure_starts 39 36 1359 1429417390657335
01 structure_starts 39 37 1359 1429417390683316
01 structure_starts 39 38 1359 1429417390701475
02 structure_references 31 28 1359 1429417390751202
02 structure_references 31 29 1359 1429417390784726
02 structure_references 31 30 1359 1429417390816853
03 biomes 31 28 1359 1429417393883449
03 biomes 31 29 1359 1429417396965410
03 biomes 31 30 1359 1429417400445467
01 structure_starts 38 39 1359 1429417400581798
01 structure_starts 39 39 1359 1429417403044685
02 structure_references 30 31 1359 1429417403110056
02 structure_references 31 31 1359 1429417403144139
03 biomes 30 31 1359 1429417406326951
03 biomes 31 31 1359 1429417409526804
04 noise 30 23 1359 1429417418550313
04 noise 30 24 1359 1429417428345987
04 noise 30 25 1359 1429417437340162
04 noise 30 26 1359 1429417446272597
04 noise 30 27 1359 1429417454986289
04 noise 30 28 1359 1429417464670497
04 noise 29 30 1359 1429417474760065
01 structure_starts 38 40 1359 1429417475083011
01 structure_starts 38 41 1359 1429417475106478
02 structure_references 30 32 1359 1429417475203977
02 structure_references 30 33 1359 1429417475241970
03 biomes 30 32 1359 1429417478919818
03 biomes 30 33 1359 1429417482540117
04 noise 30 20 1359 1429417491122507
04 noise 30 21 1359 1429417501191681
04 noise 29 31 1359 1429417509933868
01 structure_starts 38 42 1359 1429417510281119
02 structure_references 30 34 1359 1429417510376104
03 biomes 30 34 1359 1429417514069875
01 structure_starts 38 43 1359 1429417514272136
02 structure_references 30 35 1359 1429417514357622
03 biomes 30 35 1359 1429417517743253
05 surface 30 20 1359 1429417522053864
06 carvers 30 20 1359 1429417522819885
07 features 29 19 1360 1429417524689679
04 noise 30 22 1360 1429417533857619
05 surface 30 21 1360 1429417538207621
05 surface 30 22 1360 1429417541499665
05 surface 30 23 1360 1429417544816293
05 surface 30 24 1360 1429417548979678
06 carvers 30 21 1360 1429417550460036
06 carvers 30 22 1360 1429417552065271
06 carvers 30 23 1360 1429417553639217
06 carvers 30 24 1360 1429417554166100
07 features 29 21 1361 1429417557788913
07 features 29 22 1362 1429417560362708
07 features 29 23 1363 1429417562472198
07 features 29 20 1364 1429417564540062
05 surface 30 25 1364 1429417568715180
06 carvers 30 25 1364 1429417569302686
07 features 29 24 1365 1429417571362449
05 surface 30 26 1365 1429417575760501
06 carvers 30 26 1365 1429417576330407
07 features 29 25 1366 1429417578388214
04 noise 30 29 1366 1429417587303608
04 noise 30 30 1366 1429417595934607
05 surface 30 27 1366 1429417600584927
06 carvers 30 27 1366 1429417601221880
07 features 29 26 1367 1429417603277173
05 surface 30 28 1367 1429417608098743
06 carvers 30 28 1367 1429417608605792
07 features 29 27 1368 1429417610666393
05 surface 29 30 1368 1429417614813575
06 carvers 29 30 1368 1429417615682681
07 features 28 29 1369 1429417617892183
04 noise 29 32 1369 1429417626851438
05 surface 29 31 1369 1429417631557351
06 carvers 29 31 1369 1429417632500489
07 features 28 30 1370 1429417634797154
04 noise 29 33 1370 1429417644186910
04 noise 29 34 1370 1429417655194752
05 surface 30 29 1370 1429417659902621
06 carvers 30 29 1370 1429417660593492
07 features 29 28 1371 1429417662553521
05 surface 30 30 1371 1429417668309849
06 carvers 30 30 1371 1429417668823602
07 features 29 29 1372 1429417670887835
05 surface 29 32 1372 1429417675706612
06 carvers 29 32 1372 1429417676273724
07 features 28 31 1373 1429417677937346
05 surface 29 33 1373 1429417682686561
06 carvers 29 33 1373 1429417682905583
07 features 28 32 1374 1429417684799682
05 surface 29 34 1374 1429417689581303
06 carvers 29 34 1374 1429417689839716
07 features 28 33 1375 1429417691715656
01 structure_starts 39 40 1375 1429417691955911
01 structure_starts 39 41 1375 1429417691976025
02 structure_references 31 32 1375 1429417692098387
02 structure_references 31 33 1375 1429417692136660
03 biomes 31 32 1375 1429417695774279
03 biomes 31 33 1375 1429417699971468
01 structure_starts 38 44 1375 1429417700175684
01 structure_starts 39 42 1375 1429417700208649
01 structure_starts 39 43 1375 1429417700226808
01 structure_starts 39 44 1375 1429417700245805
02 structure_references 30 36 1375 1429417700306707
02 structure_references 31 34 1375 1429417700342186
02 structure_references 31 35 1375 1429417700374034
02 structure_references 31 36 1375 1429417700406440
03 biomes 30 36 1375 1429417703653786
03 biomes 31 34 1375 1429417706863417
03 biomes 31 35 1375 1429417710191220
03 biomes 31 36 1375 1429417713386603
01 structure_starts 40 29 1375 1429417713602553
01 structure_starts 40 30 1375 1429417713625182
01 structure_starts 40 31 1375 1429417713643620
02 structure_references 32 21 1375 1429417713718210
02 structure_references 32 22 1375 1429417713748382
02 structure_references 32 23 1375 1429417713776598
03 biomes 32 21 1375 1429417716916387
03 biomes 32 22 1375 1429417720609880
03 biomes 32 23 1375 1429417724346115
04 noise 30 31 1375 1429417736409959
01 structure_starts 40 32 1375 1429417736705249
02 structure_references 32 24 1375 1429417736795763
03 biomes 32 24 1375 1429417740566081
04 noise 29 35 1375 1429417751786241
04 noise 30 32 1375 1429417761859605
04 noise 30 33 1375 1429417773207714
04 noise 30 34 1375 1429417785345870
04 noise 31 20 1375 1429417794420223
04 noise 31 21 1375 1429417803471947
01 structure_starts 40 33 1375 1429417803673090
01 structure_starts 40 34 1375 1429417803695998
02 structure_references 32 25 1375 1429417803778132
02 structure_references 32 26 1375 1429417803813890
03 biomes 32 25 1375 1429417807406811
03 biomes 32 26 1375 1429417810676227
04 noise 31 22 1375 1429417820313780
04 noise 31 23 1375 1429417828836666
04 noise 31 24 1375 1429417839635822
01 structure_starts 40 35 1375 1429417839919098
01 structure_starts 40 36 1375 1429417839944241
01 structure_starts 40 37 1375 1429417839979441
01 structure_starts 40 38 1375 1429417840053753
01 structure_starts 40 39 1375 1429417840081130
02 structure_references 32 27 1375 1429417840199861
02 structure_references 32 28 1375 1429417840237575
02 structure_references 32 29 1375 1429417840271658
02 structure_references 32 30 1375 1429417840303785
02 structure_references 32 31 1375 1429417840337029
03 biomes 32 27 1375 1429417843506991
03 biomes 32 28 1375 1429417846613536
03 biomes 32 29 1375 1429417850712667
03 biomes 32 30 1375 1429417855415787
03 biomes 32 31 1375 1429417859467146
04 noise 31 25 1375 1429417869745286
04 noise 31 26 1375 1429417878804832
04 noise 31 27 1375 1429417887825267
04 noise 31 28 1375 1429417897624015
04 noise 31 29 1375 1429417907280566
01 structure_starts 40 40 1375 1429417907476681
02 structure_references 32 32 1375 1429417907564681
03 biomes 32 32 1375 1429417911219621
05 surface 30 31 1375 1429417915876366
05 surface 30 32 1375 1429417919617350
06 carvers 30 31 1375 1429417920295929
06 carvers 30 32 1375 1429417920630609
07 features 29 30 1376 1429417922490905
07 features 29 31 1377 1429417924272698
04 noise 30 35 1377 1429417937200620
05 surface 31 20 1377 1429417942456325
05 surface 31 21 1377 1429417946692624
05 surface 31 22 1377 1429417951372277
06 carvers 31 20 1377 1429417952450908
06 carvers 31 21 1377 1429417954250022
06 carvers 31 22 1377 1429417955373351
07 features 30 19 1378 1429417957277507
07 features 30 20 1379 1429417959156520
07 features 30 21 1380 1429417961098390
05 surface 31 23 1380 1429417964749140
06 carvers 31 23 1380 1429417965534157
07 features 30 22 1381 1429417968254619
05 surface 29 35 1381 1429417972913040
06 carvers 29 35 1381 1429417973652241
07 features 28 34 1382 1429417976324652
05 surface 30 33 1382 1429417980303656
06 carvers 30 33 1382 1429417980703149
07 features 29 32 1383 1429417983816399
05 surface 30 34 1383 1429417990161071
06 carvers 30 34 1383 1429417990744945
07 features 29 33 1384 1429417992834879
05 surface 31 24 1384 1429417997427649
05 surface 31 25 1384 1429418001886883
06 carvers 31 24 1384 1429418002581944
06 carvers 31 25 1384 1429418002756548
07 features 30 23 1385 1429418005213289
07 features 30 24 1386 1429418006898701
04 noise 31 30 1386 1429418018654964
05 surface 31 26 1386 1429418024315749
06 carvers 31 26 1386 1429418024771394
07 features 30 25 1387 1429418027944149
05 surface 31 27 1387 1429418033546267
06 carvers 31 27 1387 1429418033949112
07 features 30 26 1388 1429418036522069
05 surface 31 28 1388 1429418041098636
06 carvers 31 28 1388 1429418041613507
07 features 30 27 1389 1429418043870501
05 surface 31 29 1389 1429418050105662
06 carvers 31 29 1389 1429418052521895
07 features 30 28 1390 1429418054951817
04 noise 31 31 1390 1429418064668152
05 surface 30 35 1390 1429418068551333
06 carvers 30 35 1390 1429418069388312
07 features 29 34 1391 1429418071278221
05 surface 31 30 1391 1429418075528768
06 carvers 31 30 1391 1429418076166839
07 features 30 29 1392 1429418078135808
05 surface 31 31 1392 1429418082598393
06 carvers 31 31 1392 1429418083090077
07 features 30 30 1393 1429418085283097
08 initialize_light 28 28 1393 1429418086419556
08 initialize_light 29 19 1393 1429418088261693
09 light 27 27 1393 1429418088281807
08 initialize_light 29 21 1393 1429418088295496
08 initialize_light 29 22 1393 1429418088310302
08 initialize_light 29 23 1393 1429418088325109
08 initialize_light 29 20 1393 1429418088338797
08 initialize_light 29 24 1393 1429418088352766
08 initialize_light 29 25 1393 1429418088367013
08 initialize_light 29 26 1393 1429418088380702
08 initialize_light 29 27 1393 1429418088394950
08 initialize_light 28 29 1393 1429418088408639
08 initialize_light 28 30 1393 1429418088423445
08 initialize_light 29 28 1393 1429418088438252
08 initialize_light 29 29 1393 1429418088452220
08 initialize_light 28 31 1393 1429418088465350
08 initialize_light 28 32 1393 1429418088479318
08 initialize_light 28 33 1393 1429418088493566
08 initialize_light 29 30 1393 1429418088507814
08 initialize_light 29 31 1393 1429418088521503
08 initialize_light 30 19 1393 1429418088535471
08 initialize_light 30 20 1393 1429418088549439
08 initialize_light 30 21 1393 1429418088562849
08 initialize_light 30 22 1393 1429418088576258
08 initialize_light 28 34 1393 1429418088589668
08 initialize_light 29 32 1393 1429418088603915
08 initialize_light 29 33 1393 1429418088617325
08 initialize_light 30 23 1393 1429418088631293
08 initialize_light 30 24 1393 1429418088644982
08 initialize_light 30 25 1393 1429418088658950
08 initialize_light 30 26 1393 1429418088672081
08 initialize_light 30 27 1393 1429418088685490
08 initialize_light 30 28 1393 1429418088698900
08 initialize_light 29 34 1393 1429418088713147
08 initialize_light 30 29 1393 1429418088725998
08 initialize_light 30 30 1393 1429418088739408
10 spawn 27 27 1393 1429418088970443
11 full 27 27 1393 1429418089133872
09 light 28 18 1393 1429418106217357
09 light 28 20 1393 1429418106257306
09 light 28 21 1393 1429418106270995
09 light 28 22 1393 1429418106284125
09 light 28 19 1393 1429418106296697
09 light 28 23 1393 1429418106309547
09 light 28 24 1393 1429418106322119
09 light 28 25 1393 1429418106334970
09 light 28 26 1393 1429418106348100
09 light 27 28 1393 1429418106360671
09 light 27 29 1393 1429418106373801
09 light 28 27 1393 1429418106386373
09 light 28 28 1393 1429418106398665
09 light 27 30 1393 1429418106411516
09 light 27 31 1393 1429418106424367
09 light 27 32 1393 1429418106436938
09 light 28 29 1393 1429418106449510
09 light 28 30 1393 1429418106462081
09 light 29 18 1393 1429418106474373
09 light 29 19 1393 1429418106486945
09 light 29 20 1393 1429418106499237
09 light 29 21 1393 1429418106512087
09 light 27 33 1393 1429418106524100
09 light 28 31 1393 1429418106536392
09 light 28 32 1393 1429418106548684
09 light 29 22 1393 1429418106569078
09 light 29 23 1393 1429418106582208
09 light 29 24 1393 1429418106595059
09 light 29 25 1393 1429418106607910
09 light 29 26 1393 1429418106620202
09 light 29 27 1393 1429418106633332
09 light 28 33 1393 1429418106645904
09 light 29 28 1393 1429418106658754
09 light 29 29 1393 1429418106671046
10 spawn 27 28 1393 1429418106733345
10 spawn 28 18 1393 1429418106779161
10 spawn 28 20 1393 1429418106806818
11 full 27 28 1393 1429418106831402
10 spawn 28 21 1393 1429418106833078
10 spawn 28 22 1393 1429418106865485
10 spawn 28 19 1393 1429418106918564
10 spawn 28 23 1393 1429418106947339
10 spawn 28 24 1393 1429418106973599
10 spawn 28 25 1393 1429418107048190
10 spawn 28 26 1393 1429418107083390
11 full 28 18 1393 1429418107113282
10 spawn 27 29 1393 1429418107117752
10 spawn 28 27 1393 1429418107147365
11 full 28 20 1393 1429418107157981
10 spawn 28 28 1393 1429418107178095
11 full 28 21 1393 1429418107197092
10 spawn 27 30 1393 1429418107213016
10 spawn 27 31 1393 1429418107240114
10 spawn 27 32 1393 1429418107266375
10 spawn 28 29 1393 1429418107291797
10 spawn 28 30 1393 1429418107318337
10 spawn 29 18 1393 1429418107370578
11 full 28 22 1393 1429418107377562
10 spawn 29 19 1393 1429418107397956
11 full 28 19 1393 1429418107411924
10 spawn 29 20 1393 1429418107431200
11 full 28 23 1393 1429418107455505
10 spawn 29 21 1393 1429418107464445
10 spawn 27 33 1393 1429418107491543
11 full 28 24 1393 1429418107499365
10 spawn 28 31 1393 1429418107523670
11 full 28 25 1393 1429418107542946
10 spawn 28 32 1393 1429418107556915
11 full 28 26 1393 1429418107580381
10 spawn 29 22 1393 1429418107590159
11 full 27 29 1393 1429418107615302
10 spawn 29 23 1393 1429418107623124
10 spawn 29 24 1393 1429418107650223
10 spawn 29 25 1393 1429418107686261
10 spawn 29 26 1393 1429418107715315
10 spawn 29 27 1393 1429418107743252
10 spawn 28 33 1393 1429418107776496
10 spawn 29 28 1393 1429418107803036
10 spawn 29 29 1393 1429418107829017
11 full 28 27 1393 1429418108276840
11 full 28 28 1393 1429418108326846
11 full 27 30 1393 1429418108361488
11 full 27 31 1393 1429418108553691
11 full 27 32 1393 1429418109445985
11 full 28 29 1393 1429418109494036
11 full 28 30 1393 1429418109651039
11 full 29 18 1393 1429418109852741
11 full 29 19 1393 1429418109951078
11 full 29 20 1393 1429418110358393
11 full 29 21 1393 1429418110403371
11 full 27 33 1393 1429418110958470
11 full 28 31 1393 1429418111211855
11 full 28 32 1393 1429418111667221
11 full 29 22 1393 1429418111795729
11 full 29 23 1393 1429418111986256
11 full 29 24 1393 1429418112217291
11 full 29 25 1393 1429418112345800
11 full 29 26 1393 1429418112467044
11 full 29 27 1393 1429418112579629
11 full 28 33 1393 1429418112694727
11 full 29 28 1393 1429418112730207
11 full 29 29 1393 1429418112845585
01 structure_starts 40 41 1393 1429418118154927
02 structure_references 32 33 1393 1429418118255499
03 biomes 32 33 1393 1429418122326414
04 noise 31 32 1393 1429418132924986
05 surface 31 32 1393 1429418137414111
06 carvers 31 32 1393 1429418138343281
07 features 30 31 1394 1429418140475400
01 structure_starts 40 42 1394 1429418140839413
02 structure_references 32 34 1394 1429418140949204
03 biomes 32 34 1394 1429418145821060
01 structure_starts 41 29 1394 1429418146168870
01 structure_starts 41 30 1394 1429418146202673
01 structure_starts 41 31 1394 1429418146222788
01 structure_starts 41 32 1394 1429418146240388
01 structure_starts 41 33 1394 1429418146259385
01 structure_starts 41 34 1394 1429418146278381
01 structure_starts 41 35 1394 1429418146296540
01 structure_starts 41 36 1394 1429418146316375
01 structure_starts 41 37 1394 1429418146335651
01 structure_starts 41 38 1394 1429418146353251
01 structure_starts 41 39 1394 1429418146371969
01 structure_starts 41 40 1394 1429418146389569
01 structure_starts 41 41 1394 1429418146408286
01 structure_starts 41 42 1394 1429418146427283
02 structure_references 33 28 1394 1429418146517518
02 structure_references 33 29 1394 1429418146553557
02 structure_references 33 30 1394 1429418146590153
02 structure_references 33 31 1394 1429418146626471
02 structure_references 33 32 1394 1429418146662509
02 structure_references 33 33 1394 1429418146700503
02 structure_references 33 34 1394 1429418146737379
03 biomes 33 28 1394 1429418150390922
03 biomes 33 29 1394 1429418153654471
03 biomes 33 30 1394 1429418157741310
03 biomes 33 31 1394 1429418161666117
03 biomes 33 32 1394 1429418165373298
03 biomes 33 33 1394 1429418168776251
03 biomes 33 34 1394 1429418172788499
01 structure_starts 40 43 1394 1429418173199167
02 structure_references 32 35 1394 1429418173439421
03 biomes 32 35 1394 1429418176875338
02 structure_references 33 21 1394 1429418177162247
03 biomes 33 21 1394 1429418180247560
02 structure_references 33 22 1394 1429418180451497
02 structure_references 33 23 1394 1429418180485300
02 structure_references 33 24 1394 1429418180516869
03 biomes 33 22 1394 1429418183728735
03 biomes 33 23 1394 1429418186886683
03 biomes 33 24 1394 1429418190801433
02 structure_references 33 25 1394 1429418191153154
02 structure_references 33 26 1394 1429418191200088
03 biomes 33 25 1394 1429418194325909
03 biomes 33 26 1394 1429418197545039
04 noise 32 20 1394 1429418205788559
04 noise 32 21 1394 1429418213889881
04 noise 32 22 1394 1429418222068867
02 structure_references 33 27 1394 1429418222427573
03 biomes 33 27 1394 1429418226542907
04 noise 32 25 1394 1429418236629402
04 noise 32 26 1394 1429418245712135
04 noise 32 27 1394 1429418254319668
04 noise 32 28 1394 1429418263074427
04 noise 32 29 1394 1429418271808792
05 surface 32 20 1394 1429418276257689
05 surface 32 21 1394 1429418279858153
06 carvers 32 20 1394 1429418280837608
06 carvers 32 21 1394 1429418281283196
07 features 31 19 1395 1429418283472305
07 features 31 20 1396 1429418285566430
04 noise 32 23 1396 1429418295325228
04 noise 32 24 1396 1429418304525016
05 surface 32 22 1396 1429418308846522
05 surface 32 23 1396 1429418313309388
05 surface 32 24 1396 1429418317975631
05 surface 32 25 1396 1429418322910903
05 surface 32 26 1396 1429418327287445
06 carvers 32 22 1396 1429418327850366
06 carvers 32 23 1396 1429418328249021
06 carvers 32 24 1396 1429418328545428
06 carvers 32 25 1396 1429418328807193
06 carvers 32 26 1396 1429418329119524
07 features 31 23 1397 1429418331372049
07 features 31 24 1398 1429418333092382
07 features 31 25 1399 1429418334764385
05 surface 32 27 1399 1429418338654271
05 surface 32 28 1399 1429418342241046
06 carvers 32 27 1399 1429418342656183
06 carvers 32 28 1399 1429418342949797
07 features 31 26 1400 1429418344956200
07 features 31 27 1401 1429418346773194
04 noise 32 30 1401 1429418355957058
04 noise 32 31 1401 1429418366424887
04 noise 32 32 1401 1429418377052512
05 surface 32 29 1401 1429418381393295
05 surface 32 30 1401 1429418385096565
05 surface 32 31 1401 1429418390422949
06 carvers 32 29 1401 1429418391589859
06 carvers 32 30 1401 1429418392468464
06 carvers 32 31 1401 1429418394163375
07 features 31 28 1402 1429418396098540
07 features 31 29 1403 1429418397794569
07 features 31 30 1404 1429418400353837
04 noise 31 33 1404 1429418411352180
04 noise 32 33 1404 1429418423932013
04 noise 31 34 1404 1429418434072145
07 features 31 21 1405 1429418436061507
07 features 31 22 1406 1429418437911746
05 surface 32 32 1406 1429418442554243
06 carvers 32 32 1406 1429418443335349
07 features 31 31 1407 1429418445643747
05 surface 31 33 1407 1429418450546892
06 carvers 31 33 1407 1429418451167084
07 features 30 32 1408 1429418452908090
05 surface 32 33 1408 1429418457495273
06 carvers 32 33 1408 1429418457953712
07 features 31 32 1409 1429418462319637
05 surface 31 34 1409 1429418467710276
06 carvers 31 34 1409 1429418468740297
07 features 30 33 1410 1429418470955666
01 structure_starts 41 43 1410 1429418471304593
02 structure_references 33 35 1410 1429418471407400
03 biomes 33 35 1410 1429418475607382
01 structure_starts 40 44 1410 1429418475801262
01 structure_starts 41 44 1410 1429418475828639
02 structure_references 32 36 1410 1429418475922506
02 structure_references 33 36 1410 1429418475964132
03 biomes 32 36 1410 1429418479704278
03 biomes 33 36 1410 1429418483512590
04 noise 31 35 1410 1429418495201246
01 structure_starts 42 29 1410 1429418495399316
01 structure_starts 42 30 1410 1429418495424180
02 structure_references 34 21 1410 1429418495494580
02 structure_references 34 22 1410 1429418495541513
03 biomes 34 21 1410 1429418498987767
03 biomes 34 22 1410 1429418502525373
01 structure_starts 42 31 1410 1429418502647177
01 structure_starts 42 32 1410 1429418502670364
01 structure_starts 42 33 1410 1429418502692993
02 structure_references 34 23 1410 1429418502735736
02 structure_references 34 24 1410 1429418502768701
02 structure_references 34 25 1410 1429418502799710
03 biomes 34 23 1410 1429418506285913
03 biomes 34 24 1410 1429418509486884
03 biomes 34 25 1410 1429418513059411
01 structure_starts 42 34 1410 1429418513192669
01 structure_starts 42 35 1410 1429418513213062
02 structure_references 34 26 1410 1429418513261393
02 structure_references 34 27 1410 1429418513295475
03 biomes 34 26 1410 1429418516889234
03 biomes 34 27 1410 1429418520250840
04 noise 33 20 1410 1429418528522296
04 noise 33 21 1410 1429418536626971
04 noise 33 22 1410 1429418545473641
04 noise 33 23 1410 1429418554150178
01 structure_starts 42 36 1410 1429418554396019
01 structure_starts 42 37 1410 1429418554416692
02 structure_references 34 28 1410 1429418554497988
02 structure_references 34 29 1410 1429418554533746
03 biomes 34 28 1410 1429418557772990
03 biomes 34 29 1410 1429418562143106
01 structure_starts 42 38 1410 1429418562259602
01 structure_starts 42 39 1410 1429418562280554
02 structure_references 34 30 1410 1429418562324973
02 structure_references 34 31 1410 1429418562362408
03 biomes 34 30 1410 1429418565803354
03 biomes 34 31 1410 1429418569665863
05 surface 33 20 1410 1429418573731470
05 surface 33 21 1410 1429418577888430
05 surface 33 22 1410 1429418582666419
06 carvers 33 20 1410 1429418583468757
06 carvers 33 21 1410 1429418583805114
06 carvers 33 22 1410 1429418583961838
07 features 32 19 1411 1429418586118819
07 features 32 20 1412 1429418588144220
07 features 32 21 1413 1429418590324389
04 noise 33 24 1413 1429418600242426
04 noise 33 25 1413 1429418610528667
04 noise 33 26 1413 1429418620530234
04 noise 33 27 1413 1429418630075038
04 noise 33 28 1413 1429418640308758
04 noise 33 29 1413 1429418649937373
01 structure_starts 42 40 1413 1429418650321221
02 structure_references 34 32 1413 1429418650429894
03 biomes 34 32 1413 1429418655137763
01 structure_starts 42 41 1413 1429418655354551
01 structure_starts 42 42 1413 1429418655376062
02 structure_references 34 33 1413 1429418655478868
02 structure_references 34 34 1413 1429418655518817
03 biomes 34 33 1413 1429418660299880
03 biomes 34 34 1413 1429418664842644
04 noise 33 30 1413 1429418674995627
04 noise 33 31 1413 1429418685208115
04 noise 33 32 1413 1429418696398942
01 structure_starts 42 43 1413 1429418696667692
02 structure_references 34 35 1413 1429418696765190
03 biomes 34 35 1413 1429418700101095
04 noise 32 34 1413 1429418710781520
04 noise 32 35 1413 1429418721457755
05 surface 31 35 1413 1429418726211720
06 carvers 31 35 1413 1429418727756053
07 features 30 34 1414 1429418729769720
05 surface 33 23 1414 1429418734064686
05 surface 33 24 1414 1429418738161582
06 carvers 33 23 1414 1429418738563589
06 carvers 33 24 1414 1429418738873406
07 features 32 22 1415 1429418740743479
07 features 32 23 1416 1429418742600981
05 surface 33 25 1416 1429418746776658
05 surface 33 26 1416 1429418750562621
06 carvers 33 25 1416 1429418751145657
06 carvers 33 26 1416 1429418751951347
07 features 32 24 1417 1429418753962500
07 features 32 25 1418 1429418755792903
05 surface 33 27 1418 1429418759684745
05 surface 33 28 1418 1429418763731635
06 carvers 33 27 1418 1429418764485363
06 carvers 33 28 1418 1429418765207803
07 features 32 26 1419 1429418767130397
07 features 32 27 1420 1429418768893193
05 surface 33 29 1420 1429418772564895
05 surface 33 30 1420 1429418776252521
06 carvers 33 29 1420 1429418777192586
06 carvers 33 30 1420 1429418777882060
07 features 32 28 1421 1429418779733416
07 features 32 29 1422 1429418781479172
05 surface 33 31 1422 1429418786290964
06 carvers 33 31 1422 1429418787552021
07 features 32 30 1423 1429418789755377
04 noise 33 33 1423 1429418800207561
05 surface 33 32 1423 1429418805262402
06 carvers 33 32 1423 1429418806106086
07 features 32 31 1424 1429418809198942
04 noise 33 34 1424 1429418820140016
05 surface 32 34 1424 1429418824610145
06 carvers 32 34 1424 1429418824978069
07 features 31 33 1425 1429418827256016
05 surface 32 35 1425 1429418832325943
06 carvers 32 35 1425 1429418833060674
07 features 31 34 1426 1429418834995001
05 surface 33 33 1426 1429418840894923
06 carvers 33 33 1426 1429418841360905
07 features 32 32 1427 1429418843919335
05 surface 33 34 1427 1429418848462657
06 carvers 33 34 1427 1429418848787001
07 features 32 33 1428 1429418850659588
08 initialize_light 30 31 1428 1429418851832086
08 initialize_light 31 19 1428 1429418853837093
09 light 29 30 1428 1429418853865588
08 initialize_light 31 20 1428 1429418853882350
08 initialize_light 31 23 1428 1429418853899670
08 initialize_light 31 24 1428 1429418853914756
08 initialize_light 31 25 1428 1429418853929004
08 initialize_light 31 26 1428 1429418853946604
08 initialize_light 31 27 1428 1429418853965042
08 initialize_light 31 28 1428 1429418853981245
08 initialize_light 31 29 1428 1429418854051366
08 initialize_light 31 30 1428 1429418854072039
08 initialize_light 31 21 1428 1429418854089080
08 initialize_light 31 22 1428 1429418854106401
08 initialize_light 31 31 1428 1429418854121487
08 initialize_light 30 32 1428 1429418854135455
08 initialize_light 31 32 1428 1429418854149423
08 initialize_light 30 33 1428 1429418854162833
08 initialize_light 32 19 1428 1429418854176242
08 initialize_light 32 20 1428 1429418854198033
08 initialize_light 32 21 1428 1429418854212281
08 initialize_light 30 34 1428 1429418854227646
08 initialize_light 32 22 1428 1429418854245246
08 initialize_light 32 23 1428 1429418854262008
08 initialize_light 32 24 1428 1429418854277373
08 initialize_light 32 25 1428 1429418854292738
08 initialize_light 32 26 1428 1429418854308103
08 initialize_light 32 27 1428 1429418854324306
08 initialize_light 32 28 1428 1429418854338274
08 initialize_light 32 29 1428 1429418854353081
08 initialize_light 32 30 1428 1429418854367887
08 initialize_light 32 31 1428 1429418854382414
08 initialize_light 31 33 1428 1429418854397779
08 initialize_light 31 34 1428 1429418854414821
08 initialize_light 32 32 1428 1429418854430465
08 initialize_light 32 33 1428 1429418854446668
10 spawn 29 30 1428 1429418854496954
11 full 29 30 1428 1429418854544446
09 light 30 18 1428 1429418868301525
09 light 30 19 1428 1429418868327506
09 light 30 22 1428 1429418868342871
09 light 30 23 1428 1429418868357119
09 light 30 24 1428 1429418868371366
09 light 30 25 1428 1429418868386452
09 light 30 26 1428 1429418868401817
09 light 30 27 1428 1429418868416903
09 light 30 28 1428 1429418868431989
09 light 30 29 1428 1429418868445678
09 light 30 20 1428 1429418868459087
09 light 30 21 1428 1429418868471938
09 light 30 30 1428 1429418868485627
09 light 29 31 1428 1429418868499875
09 light 30 31 1428 1429418868523341
09 light 29 32 1428 1429418868538427
09 light 31 18 1428 1429418868552395
09 light 31 19 1428 1429418868566084
09 light 31 20 1428 1429418868579773
09 light 29 33 1428 1429418868593183
09 light 31 21 1428 1429418868606872
09 light 31 22 1428 1429418868620840
09 light 31 23 1428 1429418868635367
09 light 31 24 1428 1429418868649615
09 light 31 25 1428 1429418868663583
09 light 31 26 1428 1429418868678110
09 light 31 27 1428 1429418868692916
09 light 31 28 1428 1429418868707443
09 light 31 29 1428 1429418868720573
09 light 31 30 1428 1429418868732865
09 light 30 32 1428 1429418868744878
09 light 30 33 1428 1429418868757170
09 light 31 31 1428 1429418868769462
09 light 31 32 1428 1429418868781754
10 spawn 29 31 1428 1429418868839304
10 spawn 30 18 1428 1429418868890707
10 spawn 30 19 1428 1429418868923672
10 spawn 30 22 1428 1429418868956358
11 full 29 31 1428 1429418868977590
10 spawn 30 23 1428 1429418868983736
10 spawn 30 24 1428 1429418869064193
10 spawn 30 25 1428 1429418869096041
10 spawn 30 26 1428 1429418869146885
10 spawn 30 27 1428 1429418869211698
10 spawn 30 28 1428 1429418869250251
10 spawn 30 29 1428 1429418869283774
10 spawn 30 20 1428 1429418869313108
10 spawn 30 21 1428 1429418869342441
10 spawn 30 30 1428 1429418869370657
10 spawn 30 31 1428 1429418869402784
10 spawn 29 32 1428 1429418869436308
10 spawn 30 32 1428 1429418869477654
11 full 30 18 1428 1429418869501959
10 spawn 31 18 1428 1429418869515089
10 spawn 31 19 1428 1429418869544981
10 spawn 31 20 1428 1429418869593311
10 spawn 29 33 1428 1429418869626556
10 spawn 31 21 1428 1429418869658404
11 full 30 19 1428 1429418869660918
10 spawn 31 22 1428 1429418869688575
10 spawn 31 23 1428 1429418869735788
10 spawn 31 24 1428 1429418869765401
10 spawn 31 25 1428 1429418869798086
11 full 30 22 1428 1429418869804791
10 spawn 31 26 1428 1429418869829375
11 full 30 23 1428 1429418869843623
10 spawn 31 27 1428 1429418869869045
10 spawn 31 28 1428 1429418869905642
10 spawn 31 29 1428 1429418869934696
10 spawn 31 30 1428 1429418869962353
10 spawn 30 33 1428 1429418869990290
10 spawn 31 31 1428 1429418870064042
10 spawn 31 32 1428 1429418870097566
11 full 30 24 1428 1429418870557681
11 full 30 25 1428 1429418870669428
11 full 30 26 1428 1429418870712450
11 full 30 27 1428 1429418870751841
11 full 30 28 1428 1429418870790672
11 full 30 29 1428 1429418870830063
11 full 30 20 1428 1429418870911079
11 full 30 21 1428 1429418871266991
11 full 30 30 1428 1429418871969316
11 full 30 31 1428 1429418872226332
11 full 29 32 1428 1429418872591742
11 full 30 32 1428 1429418872649012
11 full 31 18 1428 1429418872782549
11 full 31 19 1428 1429418872925584
11 full 31 20 1428 1429418873118346
11 full 29 33 1428 1429418873259147
11 full 31 21 1428 1429418873296861
11 full 31 22 1428 1429418873637128
11 full 31 23 1428 1429418873779046
11 full 31 24 1428 1429418873908392
11 full 31 25 1428 1429418874078526
11 full 31 26 1428 1429418874236647
11 full 31 27 1428 1429418874356495
11 full 31 28 1428 1429418874480812
11 full 31 29 1428 1429418874600381
11 full 31 30 1428 1429418874717994
11 full 30 33 1428 1429418874837283
11 full 31 31 1428 1429418874872483
11 full 31 32 1428 1429418915884747
01 structure_starts 43 29 1428 1429418949760339
01 structure_starts 43 30 1428 1429418949798612
01 structure_starts 43 31 1428 1429418949816491
01 structure_starts 43 32 1428 1429418950209838
01 structure_starts 43 33 1428 1429418950238054
02 structure_references 35 21 1428 1429418950336949
02 structure_references 35 22 1428 1429418950372429
02 structure_references 35 23 1428 1429418950404835
02 structure_references 35 24 1428 1429418950486410
02 structure_references 35 25 1428 1429418950524403
03 biomes 35 21 1428 1429418955173047
03 biomes 35 22 1428 1429418958313395
03 biomes 35 23 1428 1429418961595382
03 biomes 35 24 1428 1429418964982131
03 biomes 35 25 1428 1429418968552144
04 noise 34 20 1428 1429418977410827
04 noise 34 21 1428 1429418986228442
04 noise 34 22 1428 1429418995552548
05 surface 34 20 1428 1429419001260825
05 surface 34 21 1428 1429419006472390
06 carvers 34 20 1428 1429419007569738
06 carvers 34 21 1428 1429419008120647
07 features 33 19 1429 1429419010332384
07 features 33 20 1430 1429419012322585
04 noise 34 23 1430 1429419022057917
01 structure_starts 43 34 1430 1429419022235593
02 structure_references 35 26 1430 1429419022307390
03 biomes 35 26 1430 1429419025886342
01 structure_starts 43 35 1430 1429419026052286
01 structure_starts 43 36 1430 1429419026074914
02 structure_references 35 27 1430 1429419026135816
02 structure_references 35 28 1430 1429419026164591
03 biomes 35 27 1430 1429419029416127
03 biomes 35 28 1430 1429419033193149
08 initialize_light 33 19 1430 1429419033425302
08 initialize_light 33 20 1430 1429419033440667
01 structure_starts 43 37 1430 1429419033541518
01 structure_starts 43 38 1430 1429419033561074
02 structure_references 35 29 1430 1429419033605493
02 structure_references 35 30 1430 1429419033632312
03 biomes 35 29 1430 1429419036779924
03 biomes 35 30 1430 1429419039970000
01 structure_starts 43 39 1430 1429419040132590
01 structure_starts 43 40 1430 1429419040154660
01 structure_starts 43 41 1430 1429419040172540
01 structure_starts 43 42 1430 1429419040200756
02 structure_references 35 31 1430 1429419040239029
02 structure_references 35 32 1430 1429419040266127
02 structure_references 35 33 1430 1429419040291549
02 structure_references 35 34 1430 1429419040316413
03 biomes 35 31 1430 1429419043474082
03 biomes 35 32 1430 1429419046925923
03 biomes 35 33 1430 1429419050385866
03 biomes 35 34 1430 1429419055136478
04 noise 34 24 1430 1429419064428736
04 noise 34 25 1430 1429419072569170
04 noise 34 26 1430 1429419081452436
04 noise 34 27 1430 1429419090323690
04 noise 34 28 1430 1429419098901890
04 noise 34 29 1430 1429419108101957
04 noise 34 30 1430 1429419117500095
04 noise 34 31 1430 1429419129293513
01 structure_starts 43 43 1430 1429419129464485
02 structure_references 35 35 1430 1429419129530136
03 biomes 35 35 1430 1429419134355059
05 surface 34 22 1430 1429419139523881
05 surface 34 23 1430 1429419143675812
05 surface 34 24 1430 1429419149055834
05 surface 34 25 1430 1429419153622344
05 surface 34 26 1430 1429419157845514
06 carvers 34 22 1430 1429419158395026
06 carvers 34 23 1430 1429419158638633
06 carvers 34 24 1430 1429419158866036
06 carvers 34 25 1430 1429419159212170
06 carvers 34 26 1430 1429419159666977
07 features 33 23 1431 1429419161619463
07 features 33 24 1432 1429419163461879
07 features 33 25 1433 1429419165293400
04 noise 34 32 1433 1429419176633129
07 features 33 21 1434 1429419178511024
07 features 33 22 1435 1429419180279408
05 surface 34 27 1435 1429419184175161
06 carvers 34 27 1435 1429419185385094
07 features 33 26 1436 1429419187130290
05 surface 34 28 1436 1429419191046996
05 surface 34 29 1436 1429419194595498
06 carvers 34 28 1436 1429419195740058
06 carvers 34 29 1436 1429419196823159
07 features 33 27 1437 1429419198932369
07 features 33 28 1438 1429419200770594
04 noise 34 33 1438 1429419210966879
05 surface 34 30 1438 1429419214578797
06 carvers 34 30 1438 1429419215455726
07 features 33 29 1439 1429419217555717
05 surface 34 31 1439 1429419222677885
06 carvers 34 31 1439 1429419223521848
07 features 33 30 1440 1429419225655084
04 noise 34 34 1440 1429419236201973
05 surface 34 32 1440 1429419240854806
06 carvers 34 32 1440 1429419241364090
07 features 33 31 1441 1429419243735065
05 surface 34 33 1441 1429419249064243
06 carvers 34 33 1441 1429419249469323
07 features 33 32 1442 1429419251779397
05 surface 34 34 1442 1429419256248688
06 carvers 34 34 1442 1429419256827534
07 features 33 33 1443 1429419258581391
01 structure_starts 44 29 1443 1429419258803207
01 structure_starts 44 30 1443 1429419258824718
01 structure_starts 44 31 1443 1429419258842877
01 structure_starts 44 32 1443 1429419258860198
01 structure_starts 44 33 1443 1429419258877239
01 structure_starts 44 34 1443 1429419258894839
02 structure_references 36 21 1443 1429419258963004
02 structure_references 36 22 1443 1429419258992896
02 structure_references 36 23 1443 1429419259071119
02 structure_references 36 24 1443 1429419259102407
02 structure_references 36 25 1443 1429419259152414
02 structure_references 36 26 1443 1429419259180630
03 biomes 36 21 1443 1429419262841157
03 biomes 36 22 1443 1429419266330433
03 biomes 36 23 1443 1429419271958253
03 biomes 36 24 1443 1429419276770884
03 biomes 36 25 1443 1429419281257774
03 biomes 36 26 1443 1429419284605692
01 structure_starts 42 44 1443 1429419284811025
02 structure_references 34 36 1443 1429419284898187
03 biomes 34 36 1443 1429419288906245
04 noise 35 20 1443 1429419296858107
04 noise 35 21 1443 1429419304745995
04 noise 35 22 1443 1429419312804295
04 noise 35 23 1443 1429419320979091
05 surface 35 20 1443 1429419325611251
05 surface 35 21 1443 1429419330212123
05 surface 35 22 1443 1429419335125046
06 carvers 35 20 1443 1429419335626228
06 carvers 35 21 1443 1429419335911181
06 carvers 35 22 1443 1429419336212337
07 features 34 19 1444 1429419338190525
07 features 34 20 1445 1429419340415951
07 features 34 21 1446 1429419341994646
04 noise 35 24 1446 1429419351564314
01 structure_starts 44 35 1446 1429419351729140
02 structure_references 36 27 1446 1429419351797864
03 biomes 36 27 1446 1429419355235457
01 structure_starts 44 36 1446 1429419355369832
01 structure_starts 44 37 1446 1429419355397489
02 structure_references 36 28 1446 1429419355475432
02 structure_references 36 29 1446 1429419355527394
03 biomes 36 28 1446 1429419359363084
03 biomes 36 29 1446 1429419363756387
01 structure_starts 44 38 1446 1429419363871206
01 structure_starts 44 39 1446 1429419363891320
02 structure_references 36 30 1446 1429419363932946
02 structure_references 36 31 1446 1429419363960324
03 biomes 36 30 1446 1429419367355453
03 biomes 36 31 1446 1429419370943625
01 structure_starts 44 40 1446 1429419371118229
01 structure_starts 44 41 1446 1429419371144210
01 structure_starts 44 42 1446 1429419434180260
01 structure_starts 44 43 1446 1429419434243676
02 structure_references 36 32 1446 1429419434380006
02 structure_references 36 33 1446 1429419434413530
02 structure_references 36 34 1446 1429419434479740
02 structure_references 36 35 1446 1429419434512146
03 biomes 36 32 1446 1429419437912584
03 biomes 36 33 1446 1429419441684019
03 biomes 36 34 1446 1429419445792649
03 biomes 36 35 1446 1429419448962610
04 noise 35 25 1446 1429419457368441
04 noise 35 26 1446 1429419465786564
04 noise 35 27 1446 1429419475120727
04 noise 35 28 1446 1429419484176362
04 noise 35 29 1446 1429419494119263
04 noise 35 30 1446 1429419505056425
04 noise 35 31 1446 1429419515496038
04 noise 35 32 1446 1429419525592869
01 structure_starts 43 44 1446 1429419525733390
01 structure_starts 44 44 1446 1429419525759929
02 structure_references 35 36 1446 1429419525819993
02 structure_references 36 36 1446 1429419525850164
03 biomes 35 36 1446 1429419529215402
03 biomes 36 36 1446 1429419532422799
05 surface 35 23 1446 1429419536687873
05 surface 35 24 1446 1429419540874445
05 surface 35 25 1446 1429419545296523
05 surface 35 26 1446 1429419549491477
05 surface 35 27 1446 1429419552987178
06 carvers 35 23 1446 1429419553406506
06 carvers 35 24 1446 1429419553591726
06 carvers 35 25 1446 1429419554052958
06 carvers 35 26 1446 1429419554347968
06 carvers 35 27 1446 1429419554832667
07 features 34 24 1447 1429419556935732
07 features 34 25 1448 1429419558917830
07 features 34 26 1449 1429419561115041
04 noise 35 33 1449 1429419571940457
04 noise 33 35 1449 1429419582799397
04 noise 34 35 1449 1429419593416686
07 features 34 22 1450 1429419595721173
07 features 34 23 1451 1429419597552973
05 surface 33 35 1451 1429419602139318
06 carvers 33 35 1451 1429419602702239
07 features 32 34 1452 1429419610613593
05 surface 35 28 1452 1429419614310997
06 carvers 35 28 1452 1429419615512828
07 features 34 27 1453 1429419617530685
05 surface 35 29 1453 1429419621129752
05 surface 35 30 1453 1429419624868502
06 carvers 35 29 1453 1429419625994066
06 carvers 35 30 1453 1429419626782715
07 features 34 28 1454 1429419628772077
07 features 34 29 1455 1429419631092767
04 noise 35 34 1455 1429419641654183
05 surface 35 31 1455 1429419646159791
06 carvers 35 31 1455 1429419646682484
07 features 34 30 1456 1429419648622957
05 surface 35 32 1456 1429419653379994
06 carvers 35 32 1456 1429419653623322
07 features 34 31 1457 1429419656433181
04 noise 35 35 1457 1429419667096844
05 surface 35 33 1457 1429419672081285
06 carvers 35 33 1457 1429419672691699
07 features 34 32 1458 1429419675363272
05 surface 34 35 1458 1429419678967088
06 carvers 34 35 1458 1429419679640638
07 features 33 34 1459 1429419681305378
05 surface 35 34 1459 1429419686630645
06 carvers 35 34 1459 1429419687238824
07 features 34 33 1460 1429419689710650
05 surface 35 35 1460 1429419694877796
06 carvers 35 35 1460 1429419695315003
07 features 34 34 1461 1429419697549369
09 light 32 18 1461 1429419699190642
10 spawn 32 18 1461 1429419699253778
11 full 32 18 1461 1429419699541804
09 light 32 19 1461 1429419700309501
10 spawn 32 19 1461 1429419700393869
11 full 32 19 1461 1429419700496117
08 initialize_light 33 23 1461 1429419701255992
08 initialize_light 33 24 1461 1429419701275827
08 initialize_light 33 25 1461 1429419701290912
08 initialize_light 33 21 1461 1429419701304601
08 initialize_light 33 22 1461 1429419701318849
08 initialize_light 33 26 1461 1429419701332258
08 initialize_light 33 27 1461 1429419701345668
08 initialize_light 33 28 1461 1429419701359357
08 initialize_light 33 29 1461 1429419701373046
08 initialize_light 33 30 1461 1429419701386455
08 initialize_light 33 31 1461 1429419701399865
08 initialize_light 33 32 1461 1429419701413274
08 initialize_light 33 33 1461 1429419701426684
08 initialize_light 34 19 1461 1429419701440373
08 initialize_light 34 20 1461 1429419701454062
08 initialize_light 34 21 1461 1429419701468030
08 initialize_light 34 24 1461 1429419701481440
08 initialize_light 34 25 1461 1429419701495129
08 initialize_light 34 26 1461 1429419701509376
08 initialize_light 34 22 1461 1429419701523065
08 initialize_light 34 23 1461 1429419701537033
08 initialize_light 32 34 1461 1429419701551840
08 initialize_light 34 27 1461 1429419701565529
08 initialize_light 34 28 1461 1429419701579497
08 initialize_light 34 29 1461 1429419701593186
08 initialize_light 34 30 1461 1429419701606595
08 initialize_light 34 31 1461 1429419701620284
08 initialize_light 34 32 1461 1429419701633973
08 initialize_light 33 34 1461 1429419701647103
08 initialize_light 34 33 1461 1429419701661072
08 initialize_light 34 34 1461 1429419701675040
09 light 32 22 1461 1429419703370789
09 light 32 23 1461 1429419703388389
10 spawn 32 22 1461 1429419703418281
10 spawn 32 23 1461 1429419703448453
09 light 32 24 1461 1429419704894728
09 light 32 20 1461 1429419704911770
10 spawn 32 24 1461 1429419704939147
10 spawn 32 20 1461 1429419704967643
09 light 32 21 1461 1429419705689803
10 spawn 32 21 1461 1429419705723327
09 light 32 25 1461 1429419706290439
10 spawn 32 25 1461 1429419706323125
09 light 32 26 1461 1429419706858110
10 spawn 32 26 1461 1429419706895265
09 light 32 27 1461 1429419707191393
10 spawn 32 27 1461 1429419707224637
09 light 32 28 1461 1429419707478860
10 spawn 32 28 1461 1429419707516574
09 light 32 29 1461 1429419708340144
10 spawn 32 29 1461 1429419708374506
09 light 32 30 1461 1429419709131866
10 spawn 32 30 1461 1429419709170977
09 light 32 31 1461 1429419709925544
10 spawn 32 31 1461 1429419709955715
09 light 32 32 1461 1429419710626193
10 spawn 32 32 1461 1429419710660555
09 light 33 18 1461 1429419711947592
10 spawn 33 18 1461 1429419711988100
09 light 33 19 1461 1429419712951073
10 spawn 33 19 1461 1429419712984597
09 light 33 20 1461 1429419713881919
10 spawn 33 20 1461 1429419713918795
09 light 33 23 1461 1429419714895737
10 spawn 33 23 1461 1429419714930937
11 full 32 22 1461 1429419715524868
11 full 32 23 1461 1429419715598341
09 light 33 24 1461 1429419715683548
10 spawn 33 24 1461 1429419715742494
11 full 32 24 1461 1429419715913466
11 full 32 20 1461 1429419715957326
11 full 32 21 1461 1429419716165453
11 full 32 25 1461 1429419716351232
11 full 32 26 1461 1429419716519130
09 light 33 25 1461 1429419716564667
11 full 32 27 1461 1429419716614673
11 full 32 28 1461 1429419716745137
11 full 32 29 1461 1429419716893480
11 full 32 30 1461 1429419717075626
11 full 32 31 1461 1429419717298281
11 full 32 32 1461 1429419717464503
11 full 33 18 1461 1429419717678777
11 full 33 19 1461 1429419717828796
11 full 33 20 1461 1429419717960936
11 full 33 23 1461 1429419718136936
11 full 33 24 1461 1429419718275502
09 light 33 21 1461 1429419719410285
09 light 33 22 1461 1429419719428723
09 light 31 33 1461 1429419719441574
09 light 33 26 1461 1429419719453866
09 light 33 27 1461 1429419719466437
10 spawn 33 25 1461 1429419719581815
10 spawn 33 21 1461 1429419719643555
10 spawn 33 22 1461 1429419719671491
10 spawn 31 33 1461 1429419719698590
10 spawn 33 26 1461 1429419719725130
10 spawn 33 27 1461 1429419719758095
09 light 33 28 1461 1429419720460420
10 spawn 33 28 1461 1429419720494223
09 light 33 29 1461 1429419721178948
10 spawn 33 29 1461 1429419721220015
09 light 33 30 1461 1429419723263853
09 light 33 31 1461 1429419723282292
09 light 32 33 1461 1429419723295701
09 light 33 32 1461 1429419723308273
09 light 33 33 1461 1429419723320565
10 spawn 33 30 1461 1429419723349060
10 spawn 33 31 1461 1429419723377276
11 full 33 25 1461 1429419723386774
10 spawn 32 33 1461 1429419723404654
10 spawn 33 32 1461 1429419723431473
11 full 33 21 1461 1429419723440133
10 spawn 33 33 1461 1429419723458571
11 full 33 22 1461 1429419723484273
11 full 31 33 1461 1429419723532044
11 full 33 26 1461 1429419723593226
11 full 33 27 1461 1429419723642673
11 full 33 28 1461 1429419723829010
11 full 33 29 1461 1429419724045798
11 full 33 30 1461 1429419724631627
11 full 33 31 1461 1429419724685824
11 full 32 33 1461 1429419725483134
11 full 33 32 1461 1429419725556327
11 full 33 33 1461 1429419725731210
